club_name,player_name,age,position,club_involved_name,fee,transfer_movement,transfer_period,fee_cleaned,league_name,year,season
Bayern Munich,Lukas Podolski,21,Second Striker,1. FC Köln,£9.00m,in,Summer,9,1 Bundesliga,2006,2006/2007
Bayern Munich,Daniel Van Buyten,28,Centre-Back,Hamburger SV,£7.20m,in,Summer,7.2,1 Bundesliga,2006,2006/2007
Bayern Munich,Mark van Bommel,29,Defensive Midfield,FC Barcelona,£5.40m,in,Summer,5.4,1 Bundesliga,2006,2006/2007
Bayern Munich,Stephan Fürstner,18,Defensive Midfield,FC Bayern II,-,in,Summer,0,1 Bundesliga,2006,2006/2007
Bayern Munich,Christian Lell,21,Right-Back,1. FC Köln,"End of loanJun 30, 2006",in,Summer,0,1 Bundesliga,2006,2006/2007
Bayern Munich,Paolo Guerrero,22,Centre-Forward,Hamburger SV,£2.25m,out,Summer,2.25,1 Bundesliga,2006,2006/2007
Bayern Munich,Michael Ballack,29,Central Midfield,Chelsea,Free transfer,out,Summer,0,1 Bundesliga,2006,2006/2007
Bayern Munich,Zé Roberto,31,Left Midfield,Nacional,Free transfer,out,Summer,0,1 Bundesliga,2006,2006/2007
Bayern Munich,Bixente Lizarazu,36,Left-Back,Retired,-,out,Summer,0,1 Bundesliga,2006,2006/2007
Bayern Munich,Jens Jeremies,32,Defensive Midfield,Retired,-,out,Summer,0,1 Bundesliga,2006,2006/2007
Bayern Munich,Jan Schlösser,23,Goalkeeper,Without Club,-,out,Summer,0,1 Bundesliga,2006,2006/2007
SV Werder Bremen,Diego,21,Attacking Midfield,FC Porto,£5.40m,in,Summer,5.4,1 Bundesliga,2006,2006/2007
SV Werder Bremen,Per Mertesacker,21,Centre-Back,Hannover 96,£4.23m,in,Summer,4.23,1 Bundesliga,2006,2006/2007
SV Werder Bremen,Hugo Almeida,22,Centre-Forward,FC Porto,Loan fee:£900Th.,in,Summer,0.9,1 Bundesliga,2006,2006/2007
SV Werder Bremen,Christian Vander,25,Goalkeeper,VfL Bochum,£180Th.,in,Summer,0.18,1 Bundesliga,2006,2006/2007
SV Werder Bremen,Clemens Fritz,25,Central Midfield,Bay. Leverkusen,Free transfer,in,Summer,0,1 Bundesliga,2006,2006/2007
SV Werder Bremen,Pierre Womé,27,Left-Back,Inter,Free transfer,in,Summer,0,1 Bundesliga,2006,2006/2007
SV Werder Bremen,John Jairo Mosquera,18,Centre-Forward,SönderjyskE,"End of loanJun 30, 2006",in,Summer,0,1 Bundesliga,2006,2006/2007
SV Werder Bremen,Mohamed Zidan,24,Second Striker,1.FSV Mainz 05,"End of loanJun 30, 2006",in,Summer,0,1 Bundesliga,2006,2006/2007
SV Werder Bremen,Nelson Haedo Valdez,22,Centre-Forward,Bor. Dortmund,£4.23m,out,Summer,4.23,1 Bundesliga,2006,2006/2007
SV Werder Bremen,Johan Micoud,32,Attacking Midfield,G. Bordeaux,£2.70m,out,Summer,2.7,1 Bundesliga,2006,2006/2007
SV Werder Bremen,Marco Stier,22,Left Winger,FC Bayern II,Free transfer,out,Summer,0,1 Bundesliga,2006,2006/2007
SV Werder Bremen,Pekka Lagerblom,23,Defensive Midfield,1. FC Köln,Free transfer,out,Summer,0,1 Bundesliga,2006,2006/2007
SV Werder Bremen,Francis Banecki,20,Centre-Back,E. Braunschweig,Loan,out,Summer,0,1 Bundesliga,2006,2006/2007
SV Werder Bremen,Frank Fahrenhorst,28,Centre-Back,Hannover 96,Free transfer,out,Summer,0,1 Bundesliga,2006,2006/2007
SV Werder Bremen,John Jairo Mosquera,18,Centre-Forward,W. Burghausen,Loan,out,Summer,0,1 Bundesliga,2006,2006/2007
SV Werder Bremen,Jelle Van Damme,22,Centre-Back,Southampton,"End of loanJun 30, 2006",out,Summer,0,1 Bundesliga,2006,2006/2007
SV Werder Bremen,Christian Vander,25,Goalkeeper,VfL Bochum,"End of loanJun 30, 2006",out,Summer,0,1 Bundesliga,2006,2006/2007
Hamburger SV,Vincent Kompany,20,Centre-Back,RSC Anderlecht,£9.45m,in,Summer,9.45,1 Bundesliga,2006,2006/2007
Hamburger SV,Joris Mathijsen,26,Centre-Back,AZ Alkmaar,£5.40m,in,Summer,5.4,1 Bundesliga,2006,2006/2007
Hamburger SV,Boubacar Sanogo,23,Centre-Forward,1.FC K'lautern,£3.42m,in,Summer,3.42,1 Bundesliga,2006,2006/2007
Hamburger SV,Juan Pablo Sorín,30,Left-Back,Villarreal,£2.70m,in,Summer,2.7,1 Bundesliga,2006,2006/2007
Hamburger SV,Paolo Guerrero,22,Centre-Forward,Bayern Munich,£2.25m,in,Summer,2.25,1 Bundesliga,2006,2006/2007
Hamburger SV,Danijel Ljuboja,27,Centre-Forward,VfB Stuttgart,Loan fee:£765Th.,in,Summer,0.765,1 Bundesliga,2006,2006/2007
Hamburger SV,Änis Ben-Hatira,18,Attacking Midfield,Hamburger SV II,-,in,Summer,0,1 Bundesliga,2006,2006/2007
Hamburger SV,Benny Feilhaber,21,Central Midfield,Hamburger SV II,-,in,Summer,0,1 Bundesliga,2006,2006/2007
Hamburger SV,Wolfgang Hesl,20,Goalkeeper,Hamburger SV II,-,in,Summer,0,1 Bundesliga,2006,2006/2007
Hamburger SV,Collin Benjamin,27,Defensive Midfield,Career break,-,in,Summer,0,1 Bundesliga,2006,2006/2007
Hamburger SV,Besart Berisha,20,Centre-Forward,AC Horsens,"End of loanJun 30, 2006",in,Summer,0,1 Bundesliga,2006,2006/2007
Hamburger SV,Miso Brecko,22,Right-Back,Hansa Rostock,"End of loanJun 30, 2006",in,Summer,0,1 Bundesliga,2006,2006/2007
Hamburger SV,Daniel Ziebig,23,Left-Back,Energie Cottbus,"End of loanJun 30, 2006",in,Summer,0,1 Bundesliga,2006,2006/2007
Hamburger SV,Khalid Boulahrouz,24,Centre-Back,Chelsea,£11.88m,out,Summer,11.88,1 Bundesliga,2006,2006/2007
Hamburger SV,Daniel Van Buyten,28,Centre-Back,Bayern Munich,£7.20m,out,Summer,7.2,1 Bundesliga,2006,2006/2007
Hamburger SV,Naohiro Takahara,27,Centre-Forward,E. Frankfurt,£675Th.,out,Summer,0.675,1 Bundesliga,2006,2006/2007
Hamburger SV,Daniel Ziebig,23,Left-Back,Energie Cottbus,£135Th.,out,Summer,0.135,1 Bundesliga,2006,2006/2007
Hamburger SV,Stefan Beinlich,34,Attacking Midfield,Hansa Rostock,Free transfer,out,Summer,0,1 Bundesliga,2006,2006/2007
Hamburger SV,Charles Takyi,21,Attacking Midfield,FC St. Pauli,Free transfer,out,Summer,0,1 Bundesliga,2006,2006/2007
Hamburger SV,Sergej Barbarez,34,Second Striker,Bay. Leverkusen,Free transfer,out,Summer,0,1 Bundesliga,2006,2006/2007
Hamburger SV,Mustafa Kucukovic,19,Centre-Forward,Greuther Fürth,Loan,out,Summer,0,1 Bundesliga,2006,2006/2007
Hamburger SV,Miso Brecko,22,Right-Back,Erzgebirge Aue,Loan fee:£27Th.,out,Summer,0.027,1 Bundesliga,2006,2006/2007
Hamburger SV,Aílton,32,Centre-Forward,Besiktas,"End of loanJun 30, 2006",out,Summer,0,1 Bundesliga,2006,2006/2007
FC Schalke 04,Mathias Abel,25,Centre-Back,1.FSV Mainz 05,Free transfer,in,Summer,0,1 Bundesliga,2006,2006/2007
FC Schalke 04,Halil Altintop,23,Attacking Midfield,1.FC K'lautern,Free transfer,in,Summer,0,1 Bundesliga,2006,2006/2007
FC Schalke 04,Peter Lövenkrands,26,Centre-Forward,Rangers,Free transfer,in,Summer,0,1 Bundesliga,2006,2006/2007
FC Schalke 04,Timo Kunert,19,Right-Back,Schalke 04 U19,-,in,Summer,0,1 Bundesliga,2006,2006/2007
FC Schalke 04,Sebastian Boenisch,19,Left-Back,Schalke 04 U19,-,in,Summer,0,1 Bundesliga,2006,2006/2007
FC Schalke 04,Mesut Özil,17,Attacking Midfield,Schalke 04 U19,-,in,Summer,0,1 Bundesliga,2006,2006/2007
FC Schalke 04,Markus Heppke,20,Defensive Midfield,Schalke 04 II,-,in,Summer,0,1 Bundesliga,2006,2006/2007
FC Schalke 04,Dennis Lamczyk,19,Goalkeeper,Schalke 04 U19,-,in,Summer,0,1 Bundesliga,2006,2006/2007
FC Schalke 04,Simon Cziommer,25,Central Midfield,Roda JC,"End of loanJun 30, 2006",in,Summer,0,1 Bundesliga,2006,2006/2007
FC Schalke 04,Michael Delura,20,Right Winger,Hannover 96,"End of loanJun 30, 2006",in,Summer,0,1 Bundesliga,2006,2006/2007
FC Schalke 04,Christofer Heimeroth,24,Goalkeeper,Bor. M'gladbach,£675Th.,out,Summer,0.675,1 Bundesliga,2006,2006/2007
FC Schalke 04,Mimoun Azaouagh,23,Attacking Midfield,1.FSV Mainz 05,Loan fee:£135Th.,out,Summer,0.135,1 Bundesliga,2006,2006/2007
FC Schalke 04,Michael Delura,21,Right Winger,Bor. M'gladbach,Loan fee:£90Th.,out,Summer,0.09,1 Bundesliga,2006,2006/2007
FC Schalke 04,Christian Poulsen,26,Defensive Midfield,Sevilla FC,Free transfer,out,Summer,0,1 Bundesliga,2006,2006/2007
FC Schalke 04,Thomas Kläsener,29,Centre-Back,RW Essen,Free transfer,out,Summer,0,1 Bundesliga,2006,2006/2007
FC Schalke 04,Simon Cziommer,25,Central Midfield,AZ Alkmaar,Free transfer,out,Summer,0,1 Bundesliga,2006,2006/2007
FC Schalke 04,Niko Bungert,19,Centre-Back,K. Offenbach,Loan fee:£14Th.,out,Summer,0.014,1 Bundesliga,2006,2006/2007
FC Schalke 04,Ebbe Sand,33,Centre-Forward,Retired,-,out,Summer,0,1 Bundesliga,2006,2006/2007
FC Schalke 04,Marco van Hoogdalem,34,Centre-Back,Retired,-,out,Summer,0,1 Bundesliga,2006,2006/2007
FC Schalke 04,Tomasz Waldoch,35,Centre-Back,Retired,-,out,Summer,0,1 Bundesliga,2006,2006/2007
Bayer 04 Leverkusen,Stefan Kießling,22,Centre-Forward,1.FC Nuremberg,£5.85m,in,Summer,5.85,1 Bundesliga,2006,2006/2007
Bayer 04 Leverkusen,Karim Haggui,22,Centre-Back,R. Strasbourg,£2.50m,in,Summer,2.5,1 Bundesliga,2006,2006/2007
Bayer 04 Leverkusen,Sergej Barbarez,34,Second Striker,Hamburger SV,Free transfer,in,Summer,0,1 Bundesliga,2006,2006/2007
Bayer 04 Leverkusen,Pierre De Wit,18,Central Midfield,Leverkusen II,-,in,Summer,0,1 Bundesliga,2006,2006/2007
Bayer 04 Leverkusen,Assimiou Touré,18,Centre-Back,Leverkusen U19,-,in,Summer,0,1 Bundesliga,2006,2006/2007
Bayer 04 Leverkusen,Benedikt Fernandez,21,Goalkeeper,Leverkusen II,-,in,Summer,0,1 Bundesliga,2006,2006/2007
Bayer 04 Leverkusen,Alexander Meyer,22,Left-Back,MSV Duisburg,"End of loanJun 30, 2006",in,Summer,0,1 Bundesliga,2006,2006/2007
Bayer 04 Leverkusen,Tom Starke,25,Goalkeeper,SC Paderborn,"End of loanJun 30, 2006",in,Summer,0,1 Bundesliga,2006,2006/2007
Bayer 04 Leverkusen,Pirmin Schwegler,19,Defensive Midfield,BSC Young Boys,"End of loanJun 30, 2006",in,Summer,0,1 Bundesliga,2006,2006/2007
Bayer 04 Leverkusen,Dimitar Berbatov,25,Centre-Forward,Spurs,£14.13m,out,Summer,14.13,1 Bundesliga,2006,2006/2007
Bayer 04 Leverkusen,Jacek Krzynowek,30,Left Midfield,VfL Wolfsburg,£1.22m,out,Summer,1.22,1 Bundesliga,2006,2006/2007
Bayer 04 Leverkusen,Clemens Fritz,25,Central Midfield,Werder Bremen,Free transfer,out,Summer,0,1 Bundesliga,2006,2006/2007
Bayer 04 Leverkusen,Jens Nowotny,32,Sweeper,Dinamo Zagreb,Free transfer,out,Summer,0,1 Bundesliga,2006,2006/2007
Bayer 04 Leverkusen,Tom Starke,25,Goalkeeper,SC Paderborn,Free transfer,out,Summer,0,1 Bundesliga,2006,2006/2007
Hertha BSC,Marko Pantelic,27,Centre-Forward,Red Star,£2.34m,in,Summer,2.34,1 Bundesliga,2006,2006/2007
Hertha BSC,Srdjan Lakic,22,Centre-Forward,Kamen Ingrad,£450Th.,in,Summer,0.45,1 Bundesliga,2006,2006/2007
Hertha BSC,Christian Giménez,31,Centre-Forward,Marseille,Loan,in,Summer,0,1 Bundesliga,2006,2006/2007
Hertha BSC,Patrick Ebert,19,Attacking Midfield,Hertha BSC II,-,in,Summer,0,1 Bundesliga,2006,2006/2007
Hertha BSC,Chinedu Ede,19,Right Winger,Hertha BSC U19,-,in,Summer,0,1 Bundesliga,2006,2006/2007
Hertha BSC,Robert Müller,19,Centre-Back,Hertha BSC II,-,in,Summer,0,1 Bundesliga,2006,2006/2007
Hertha BSC,Amadeus Wallschläger,20,Centre-Back,Hertha BSC II,-,in,Summer,0,1 Bundesliga,2006,2006/2007
Hertha BSC,Nico Pellatz,19,Goalkeeper,Hertha BSC II,-,in,Summer,0,1 Bundesliga,2006,2006/2007
Hertha BSC,Dennis Cagara,21,Left-Back,Dynamo Dresden,"End of loanJun 30, 2006",in,Summer,0,1 Bundesliga,2006,2006/2007
Hertha BSC,Alexander Ludwig,22,Central Midfield,Dynamo Dresden,"End of loanJun 30, 2006",in,Summer,0,1 Bundesliga,2006,2006/2007
Hertha BSC,Marcelinho Paraíba,31,Attacking Midfield,Trabzonspor,£2.25m,out,Summer,2.25,1 Bundesliga,2006,2006/2007
Hertha BSC,Alexander Madlung,23,Centre-Back,VfL Wolfsburg,£1.17m,out,Summer,1.17,1 Bundesliga,2006,2006/2007
Hertha BSC,Sejad Salihovic,21,Central Midfield,TSG Hoffenheim,£225Th.,out,Summer,0.225,1 Bundesliga,2006,2006/2007
Hertha BSC,Oliver Schröder,26,Defensive Midfield,VfL Bochum,Free transfer,out,Summer,0,1 Bundesliga,2006,2006/2007
Hertha BSC,Gerhard Tremmel,27,Goalkeeper,Energie Cottbus,Free transfer,out,Summer,0,1 Bundesliga,2006,2006/2007
Hertha BSC,Niko Kovac,34,Defensive Midfield,RB Salzburg,Free transfer,out,Summer,0,1 Bundesliga,2006,2006/2007
Hertha BSC,Thorben Marx,25,Defensive Midfield,Arm. Bielefeld,Free transfer,out,Summer,0,1 Bundesliga,2006,2006/2007
Hertha BSC,Alexander Ludwig,22,Central Midfield,Dynamo Dresden,Free transfer,out,Summer,0,1 Bundesliga,2006,2006/2007
Hertha BSC,Pascal Bieler,20,Left-Back,RW Essen,Loan fee:£45Th.,out,Summer,0.045,1 Bundesliga,2006,2006/2007
Hertha BSC,Marko Pantelic,27,Centre-Forward,Red Star,"End of loanJun 1, 2006",out,Summer,0,1 Bundesliga,2006,2006/2007
Hertha BSC,Vaclav Sverkos,22,Centre-Forward,Bor. M'gladbach,"End of loanJun 30, 2006",out,Summer,0,1 Bundesliga,2006,2006/2007
Borussia Dortmund,Nelson Haedo Valdez,22,Centre-Forward,Werder Bremen,£4.23m,in,Summer,4.23,1 Bundesliga,2006,2006/2007
Borussia Dortmund,Alex Frei,26,Centre-Forward,Stade Rennais,£3.69m,in,Summer,3.69,1 Bundesliga,2006,2006/2007
Borussia Dortmund,Tinga,28,Central Midfield,Internacional,£2.61m,in,Summer,2.61,1 Bundesliga,2006,2006/2007
Borussia Dortmund,Martin Amedick,23,Centre-Back,E. Braunschweig,Free transfer,in,Summer,0,1 Bundesliga,2006,2006/2007
Borussia Dortmund,Steven Pienaar,24,Left Winger,Ajax,Free transfer,in,Summer,0,1 Bundesliga,2006,2006/2007
Borussia Dortmund,Uwe Hünemeier,20,Centre-Back,B. Dortmund II,-,in,Summer,0,1 Bundesliga,2006,2006/2007
Borussia Dortmund,David Vrzogic,16,Left-Back,B. Dortmund U17,-,in,Summer,0,1 Bundesliga,2006,2006/2007
Borussia Dortmund,Sören Pirson,20,Goalkeeper,B. Dortmund II,-,in,Summer,0,1 Bundesliga,2006,2006/2007
Borussia Dortmund,Sahr Senesie,21,Centre-Forward,TSG Hoffenheim,"End of loanJun 30, 2006",in,Summer,0,1 Bundesliga,2006,2006/2007
Borussia Dortmund,Tomas Rosicky,25,Attacking Midfield,Arsenal,£9.00m,out,Summer,9,1 Bundesliga,2006,2006/2007
Borussia Dortmund,David Odonkor,22,Right Winger,Real Betis,£5.85m,out,Summer,5.85,1 Bundesliga,2006,2006/2007
Borussia Dortmund,Nizamettin Caliskan,19,Central Midfield,Manisaspor,£225Th.,out,Summer,0.225,1 Bundesliga,2006,2006/2007
Borussia Dortmund,Delron Buckley,28,Left Winger,FC Basel,Loan fee:£180Th.,out,Summer,0.18,1 Bundesliga,2006,2006/2007
Borussia Dortmund,Dennis Gentenaar,30,Goalkeeper,Ajax,Free transfer,out,Summer,0,1 Bundesliga,2006,2006/2007
Borussia Dortmund,Salvatore Gambino,22,Second Striker,1. FC Köln,Free transfer,out,Summer,0,1 Bundesliga,2006,2006/2007
Borussia Dortmund,Jan Koller,33,Centre-Forward,Monaco,Free transfer,out,Summer,0,1 Bundesliga,2006,2006/2007
Borussia Dortmund,Cedric van der Gun,27,Centre-Forward,FC Utrecht,Free transfer,out,Summer,0,1 Bundesliga,2006,2006/2007
Borussia Dortmund,Sascha Rammel,21,Attacking Midfield,B. Dortmund II,-,out,Summer,0,1 Bundesliga,2006,2006/2007
Borussia Dortmund,Sahr Senesie,21,Centre-Forward,B. Dortmund II,-,out,Summer,0,1 Bundesliga,2006,2006/2007
1.FC Nuremberg,Gláuber,22,Centre-Back,Palmeiras,£450Th.,in,Summer,0.45,1 Bundesliga,2006,2006/2007
1.FC Nuremberg,Leon Benko,22,Centre-Forward,Varteks,£360Th.,in,Summer,0.36,1 Bundesliga,2006,2006/2007
1.FC Nuremberg,Ralf Schmidt,20,Left-Back,Carl Zeiss Jena,£180Th.,in,Summer,0.18,1 Bundesliga,2006,2006/2007
1.FC Nuremberg,Petar Jelic,19,Centre-Forward,Modrica Maxima,£90Th.,in,Summer,0.09,1 Bundesliga,2006,2006/2007
1.FC Nuremberg,Joshua Kennedy,23,Centre-Forward,Dynamo Dresden,Free transfer,in,Summer,0,1 Bundesliga,2006,2006/2007
1.FC Nuremberg,Marco Engelhardt,25,Defensive Midfield,1.FC K'lautern,Free transfer,in,Summer,0,1 Bundesliga,2006,2006/2007
1.FC Nuremberg,Tomás Galásek,33,Defensive Midfield,Ajax,Free transfer,in,Summer,0,1 Bundesliga,2006,2006/2007
1.FC Nuremberg,Gerald Sibon,32,Centre-Forward,PSV Eindhoven,Free transfer,in,Summer,0,1 Bundesliga,2006,2006/2007
1.FC Nuremberg,Vratislav Gresko,29,Left-Back,Blackburn,Free transfer,in,Summer,0,1 Bundesliga,2006,2006/2007
1.FC Nuremberg,Dean Heffernan,26,Left-Back,Central Coast,Loan,in,Summer,0,1 Bundesliga,2006,2006/2007
1.FC Nuremberg,Michael Beauchamp,25,Centre-Back,Central Coast,Loan,in,Summer,0,1 Bundesliga,2006,2006/2007
1.FC Nuremberg,Christoph Weber,19,Attacking Midfield,Nuremberg II,-,in,Summer,0,1 Bundesliga,2006,2006/2007
1.FC Nuremberg,Alexander Stephan,19,Goalkeeper,Nuremberg II,-,in,Summer,0,1 Bundesliga,2006,2006/2007
1.FC Nuremberg,Sebastian Huber,23,Right Winger,Nuremberg II,-,in,Summer,0,1 Bundesliga,2006,2006/2007
1.FC Nuremberg,Sebastian Szikal,19,Defensive Midfield,Nuremberg II,-,in,Summer,0,1 Bundesliga,2006,2006/2007
1.FC Nuremberg,Maik Wagefeld,25,Defensive Midfield,Dynamo Dresden,"End of loanJun 30, 2006",in,Summer,0,1 Bundesliga,2006,2006/2007
1.FC Nuremberg,Stefan Kießling,22,Centre-Forward,Bay. Leverkusen,£5.85m,out,Summer,5.85,1 Bundesliga,2006,2006/2007
1.FC Nuremberg,Sezer Öztürk,20,Attacking Midfield,Manisaspor,£270Th.,out,Summer,0.27,1 Bundesliga,2006,2006/2007
1.FC Nuremberg,Maik Wagefeld,25,Defensive Midfield,Hansa Rostock,£180Th.,out,Summer,0.18,1 Bundesliga,2006,2006/2007
1.FC Nuremberg,Benjamin Lense,27,Right-Back,VfL Bochum,£180Th.,out,Summer,0.18,1 Bundesliga,2006,2006/2007
1.FC Nuremberg,Philipp Tschauner,20,Goalkeeper,1860 Munich,£135Th.,out,Summer,0.135,1 Bundesliga,2006,2006/2007
1.FC Nuremberg,Ralf Schmidt,20,Left-Back,Carl Zeiss Jena,Loan fee:£68Th.,out,Summer,0.068,1 Bundesliga,2006,2006/2007
1.FC Nuremberg,Sven Müller,26,Right Midfield,1.FC K'lautern,Free transfer,out,Summer,0,1 Bundesliga,2006,2006/2007
1.FC Nuremberg,Lars Müller,30,Left-Back,FC Augsburg,Free transfer,out,Summer,0,1 Bundesliga,2006,2006/2007
1.FC Nuremberg,Markus Daun,25,Centre-Forward,MSV Duisburg,Free transfer,out,Summer,0,1 Bundesliga,2006,2006/2007
1.FC Nuremberg,Mario Cantaluppi,32,Defensive Midfield,FC Luzern,Free transfer,out,Summer,0,1 Bundesliga,2006,2006/2007
1.FC Nuremberg,Adel Chedli,29,Central Midfield,FC Sion,Free transfer,out,Summer,0,1 Bundesliga,2006,2006/2007
1.FC Nuremberg,Petar Jelic,19,Centre-Forward,Carl Zeiss Jena,Loan,out,Summer,0,1 Bundesliga,2006,2006/2007
1.FC Nuremberg,Gláuber,22,Centre-Back,Palmeiras,"End of loanJun 30, 2006",out,Summer,0,1 Bundesliga,2006,2006/2007
VfB Stuttgart,Ricardo Osorio,26,Right-Back,CD Cruz Azul,£3.15m,in,Summer,3.15,1 Bundesliga,2006,2006/2007
VfB Stuttgart,Arthur Boka,23,Left-Back,R. Strasbourg,£2.70m,in,Summer,2.7,1 Bundesliga,2006,2006/2007
VfB Stuttgart,Alexander Farnerud,22,Central Midfield,R. Strasbourg,£1.80m,in,Summer,1.8,1 Bundesliga,2006,2006/2007
VfB Stuttgart,Danijel Ljuboja,27,Centre-Forward,Paris SG,£1.80m,in,Summer,1.8,1 Bundesliga,2006,2006/2007
VfB Stuttgart,Antônio da Silva,28,Attacking Midfield,1.FSV Mainz 05,£1.35m,in,Summer,1.35,1 Bundesliga,2006,2006/2007
VfB Stuttgart,Roberto Hilbert,21,Right-Back,Greuther Fürth,£1.17m,in,Summer,1.17,1 Bundesliga,2006,2006/2007
VfB Stuttgart,Pável Pardo,29,Defensive Midfield,América,£900Th.,in,Summer,0.9,1 Bundesliga,2006,2006/2007
VfB Stuttgart,Élson,25,Attacking Midfield,Cruzeiro,"End of loanApr 11, 2007",in,Summer,0,1 Bundesliga,2006,2006/2007
VfB Stuttgart,Andreas Beck,19,Right-Back,Stuttgart II,-,in,Summer,0,1 Bundesliga,2006,2006/2007
VfB Stuttgart,Bernd Nehrig,19,Central Midfield,Stuttgart II,-,in,Summer,0,1 Bundesliga,2006,2006/2007
VfB Stuttgart,Serdar Tasci,19,Centre-Back,Stuttgart II,-,in,Summer,0,1 Bundesliga,2006,2006/2007
VfB Stuttgart,Michael Langer,21,Goalkeeper,Stuttgart II,-,in,Summer,0,1 Bundesliga,2006,2006/2007
VfB Stuttgart,Tobias Weis,20,Central Midfield,Stuttgart II,-,in,Summer,0,1 Bundesliga,2006,2006/2007
VfB Stuttgart,Élson,24,Attacking Midfield,Ponte Preta,"End of loanJun 1, 2006",in,Summer,0,1 Bundesliga,2006,2006/2007
VfB Stuttgart,Marco Streller,25,Centre-Forward,1. FC Köln,"End of loanJun 30, 2006",in,Summer,0,1 Bundesliga,2006,2006/2007
VfB Stuttgart,Boris Zivkovic,30,Right-Back,1. FC Köln,"End of loanJun 30, 2006",in,Summer,0,1 Bundesliga,2006,2006/2007
VfB Stuttgart,Emanuel Centurión,23,Left Midfield,Vélez Sarsfield,"End of loanJun 30, 2006",in,Summer,0,1 Bundesliga,2006,2006/2007
VfB Stuttgart,Andreas Hinkel,24,Right-Back,Sevilla FC,£3.60m,out,Summer,3.6,1 Bundesliga,2006,2006/2007
VfB Stuttgart,Jesper Grönkjaer,28,Left Winger,FC Copenhagen,£1.80m,out,Summer,1.8,1 Bundesliga,2006,2006/2007
VfB Stuttgart,Christian Tiffert,24,Defensive Midfield,RB Salzburg,£1.17m,out,Summer,1.17,1 Bundesliga,2006,2006/2007
VfB Stuttgart,Danijel Ljuboja,27,Centre-Forward,Hamburger SV,Loan fee:£765Th.,out,Summer,0.765,1 Bundesliga,2006,2006/2007
VfB Stuttgart,Mario Carevic,24,Left Midfield,Hajduk Split,Loan,out,Summer,0,1 Bundesliga,2006,2006/2007
VfB Stuttgart,Boris Zivkovic,30,Right-Back,Hajduk Split,Free transfer,out,Summer,0,1 Bundesliga,2006,2006/2007
VfB Stuttgart,Élson,24,Attacking Midfield,Cruzeiro,Loan,out,Summer,0,1 Bundesliga,2006,2006/2007
VfB Stuttgart,Élson,25,Attacking Midfield,Goiás EC,Loan,out,Summer,0,1 Bundesliga,2006,2006/2007
VfB Stuttgart,Marcel Schuon,21,Centre-Back,Stuttgart II,-,out,Summer,0,1 Bundesliga,2006,2006/2007
VfB Stuttgart,Emanuel Centurión,23,Left Midfield,Stuttgart II,-,out,Summer,0,1 Bundesliga,2006,2006/2007
VfB Stuttgart,Zvonimir Soldo,38,Defensive Midfield,Retired,-,out,Summer,0,1 Bundesliga,2006,2006/2007
VfB Stuttgart,Danijel Ljuboja,27,Centre-Forward,Paris SG,"End of loanJun 30, 2006",out,Summer,0,1 Bundesliga,2006,2006/2007
Borussia Mönchengladbach,Federico Insúa,26,Attacking Midfield,Boca Juniors,£4.05m,in,Summer,4.05,1 Bundesliga,2006,2006/2007
Borussia Mönchengladbach,David Degen,23,Right Midfield,FC Basel,£900Th.,in,Summer,0.9,1 Bundesliga,2006,2006/2007
Borussia Mönchengladbach,Christofer Heimeroth,24,Goalkeeper,FC Schalke 04,£675Th.,in,Summer,0.675,1 Bundesliga,2006,2006/2007
Borussia Mönchengladbach,Sebastian Svärd,23,Defensive Midfield,Arsenal,£270Th.,in,Summer,0.27,1 Bundesliga,2006,2006/2007
Borussia Mönchengladbach,Michael Delura,21,Right Winger,FC Schalke 04,Loan fee:£90Th.,in,Summer,0.09,1 Bundesliga,2006,2006/2007
Borussia Mönchengladbach,Tobias Levels,19,Right-Back,M'gladbach II,-,in,Summer,0,1 Bundesliga,2006,2006/2007
Borussia Mönchengladbach,Robert Fleßers,19,Defensive Midfield,M'gladbach II,-,in,Summer,0,1 Bundesliga,2006,2006/2007
Borussia Mönchengladbach,Sead Ramovic,27,Goalkeeper,K. Offenbach,"End of loanJun 30, 2006",in,Summer,0,1 Bundesliga,2006,2006/2007
Borussia Mönchengladbach,Vaclav Sverkos,22,Centre-Forward,Hertha BSC,"End of loanJun 30, 2006",in,Summer,0,1 Bundesliga,2006,2006/2007
Borussia Mönchengladbach,Thomas Broich,25,Attacking Midfield,1. FC Köln,£450Th.,out,Summer,0.45,1 Bundesliga,2006,2006/2007
Borussia Mönchengladbach,Sead Ramovic,27,Goalkeeper,Tromsø IL,Free transfer,out,Summer,0,1 Bundesliga,2006,2006/2007
Borussia Mönchengladbach,Jörg Böhme,32,Left Midfield,Arm. Bielefeld,Free transfer,out,Summer,0,1 Bundesliga,2006,2006/2007
Borussia Mönchengladbach,Darius Kampa,29,Goalkeeper,Zalaegerszeg,Free transfer,out,Summer,0,1 Bundesliga,2006,2006/2007
Borussia Mönchengladbach,Niels Oude Kamphuis,28,Defensive Midfield,Twente FC,Free transfer,out,Summer,0,1 Bundesliga,2006,2006/2007
Borussia Mönchengladbach,Jeff Strasser,31,Centre-Back,R. Strasbourg,Free transfer,out,Summer,0,1 Bundesliga,2006,2006/2007
Borussia Mönchengladbach,Milan Fukal,31,Centre-Back,FK Jablonec,Free transfer,out,Summer,0,1 Bundesliga,2006,2006/2007
Borussia Mönchengladbach,Krisztián Lisztes,29,Attacking Midfield,Without Club,-,out,Summer,0,1 Bundesliga,2006,2006/2007
1.FSV Mainz 05,Edú,24,Centre-Forward,VfL Bochum,£900Th.,in,Summer,0.9,1 Bundesliga,2006,2006/2007
1.FSV Mainz 05,Chadli Amri,21,Right Winger,Saarbrücken,£450Th.,in,Summer,0.45,1 Bundesliga,2006,2006/2007
1.FSV Mainz 05,Imre Szabics,25,Second Striker,1. FC Köln,£225Th.,in,Summer,0.225,1 Bundesliga,2006,2006/2007
1.FSV Mainz 05,Mimoun Azaouagh,23,Attacking Midfield,FC Schalke 04,Loan fee:£135Th.,in,Summer,0.135,1 Bundesliga,2006,2006/2007
1.FSV Mainz 05,Ralph Gunesch,22,Centre-Back,FC St. Pauli,Free transfer,in,Summer,0,1 Bundesliga,2006,2006/2007
1.FSV Mainz 05,Bakary Diakité,25,Second Striker,SV Wehen,Free transfer,in,Summer,0,1 Bundesliga,2006,2006/2007
1.FSV Mainz 05,Marius Niculae,25,Centre-Forward,Standard Liège,Free transfer,in,Summer,0,1 Bundesliga,2006,2006/2007
1.FSV Mainz 05,Daniel Ischdonat,30,Goalkeeper,Eintracht Trier,Free transfer,in,Summer,0,1 Bundesliga,2006,2006/2007
1.FSV Mainz 05,Markus Feulner,24,Central Midfield,1. FC Köln,Free transfer,in,Summer,0,1 Bundesliga,2006,2006/2007
1.FSV Mainz 05,Du-ri Cha,25,Right-Back,E. Frankfurt,Free transfer,in,Summer,0,1 Bundesliga,2006,2006/2007
1.FSV Mainz 05,Damir Vrancic,20,Central Midfield,FSV Mainz 05 II,-,in,Summer,0,1 Bundesliga,2006,2006/2007
1.FSV Mainz 05,Fatmir Pupalovic,21,Right Midfield,FSV Mainz 05 II,-,in,Summer,0,1 Bundesliga,2006,2006/2007
1.FSV Mainz 05,Tobias Damm,22,Centre-Forward,FSV Mainz 05 II,-,in,Summer,0,1 Bundesliga,2006,2006/2007
1.FSV Mainz 05,Nassim Banouas,19,Centre-Back,FSV Mainz 05 II,-,in,Summer,0,1 Bundesliga,2006,2006/2007
1.FSV Mainz 05,Mario Vrancic,17,Central Midfield,Mainz 05 U19,-,in,Summer,0,1 Bundesliga,2006,2006/2007
1.FSV Mainz 05,Claudius Weber,28,Centre-Forward,SV Wehen,"End of loanJun 30, 2006",in,Summer,0,1 Bundesliga,2006,2006/2007
1.FSV Mainz 05,Ranisav Jovanovic,25,Centre-Forward,LR Ahlen,"End of loanJun 30, 2006",in,Summer,0,1 Bundesliga,2006,2006/2007
1.FSV Mainz 05,Antônio da Silva,28,Attacking Midfield,VfB Stuttgart,£1.35m,out,Summer,1.35,1 Bundesliga,2006,2006/2007
1.FSV Mainz 05,Michael Thurk,30,Centre-Forward,E. Frankfurt,£1.35m,out,Summer,1.35,1 Bundesliga,2006,2006/2007
1.FSV Mainz 05,Mathias Abel,25,Centre-Back,FC Schalke 04,Free transfer,out,Summer,0,1 Bundesliga,2006,2006/2007
1.FSV Mainz 05,Claudius Weber,28,Centre-Forward,VfB Lübeck,Free transfer,out,Summer,0,1 Bundesliga,2006,2006/2007
1.FSV Mainz 05,Benjamin Auer,25,Centre-Forward,VfL Bochum,Free transfer,out,Summer,0,1 Bundesliga,2006,2006/2007
1.FSV Mainz 05,Nassim Banouas,19,Centre-Back,Spfr. Siegen,Free transfer,out,Summer,0,1 Bundesliga,2006,2006/2007
1.FSV Mainz 05,Dennis Weiland,31,Left Midfield,E. Braunschweig,Free transfer,out,Summer,0,1 Bundesliga,2006,2006/2007
1.FSV Mainz 05,Tom Geißler,22,Central Midfield,Erzgebirge Aue,Loan fee:£23Th.,out,Summer,0.023,1 Bundesliga,2006,2006/2007
1.FSV Mainz 05,Niclas Weiland,33,Right Winger,Retired,-,out,Summer,0,1 Bundesliga,2006,2006/2007
1.FSV Mainz 05,Tamás Bódog,35,Centre-Back,Career break,-,out,Summer,0,1 Bundesliga,2006,2006/2007
1.FSV Mainz 05,Stefan Markolf,22,Left-Back,FSV Mainz 05 II,-,out,Summer,0,1 Bundesliga,2006,2006/2007
1.FSV Mainz 05,Mohamed Zidan,24,Second Striker,Werder Bremen,"End of loanJun 30, 2006",out,Summer,0,1 Bundesliga,2006,2006/2007
Hannover 96,Gunnar Heidar Thorvaldsson,24,Centre-Forward,Halmstad,£450Th.,in,Summer,0.45,1 Bundesliga,2006,2006/2007
Hannover 96,Erik Jendrisek,19,Centre-Forward,Ruzomberok,Loan fee:£450Th.,in,Summer,0.45,1 Bundesliga,2006,2006/2007
Hannover 96,Szabolcs Huszti,23,Central Midfield,FC Metz,£270Th.,in,Summer,0.27,1 Bundesliga,2006,2006/2007
Hannover 96,Christoffer Andersson,27,Right-Back,Lillestrøm SK,£180Th.,in,Summer,0.18,1 Bundesliga,2006,2006/2007
Hannover 96,Timo Nagy,23,Left-Back,W. Burghausen,Free transfer,in,Summer,0,1 Bundesliga,2006,2006/2007
Hannover 96,Arnold Bruggink,28,Attacking Midfield,Heerenveen,Free transfer,in,Summer,0,1 Bundesliga,2006,2006/2007
Hannover 96,Richard Golz,38,Goalkeeper,SC Freiburg,Free transfer,in,Summer,0,1 Bundesliga,2006,2006/2007
Hannover 96,Frank Fahrenhorst,28,Centre-Back,Werder Bremen,Free transfer,in,Summer,0,1 Bundesliga,2006,2006/2007
Hannover 96,Tobias Willers,19,Centre-Back,Hannover 96 II,-,in,Summer,0,1 Bundesliga,2006,2006/2007
Hannover 96,Denis Wolf,23,Attacking Midfield,F. Düsseldorf,"End of loanJun 30, 2006",in,Summer,0,1 Bundesliga,2006,2006/2007
Hannover 96,Roman Wallner,24,Centre-Forward,Austria Vienna,"End of loanJun 30, 2006",in,Summer,0,1 Bundesliga,2006,2006/2007
Hannover 96,Per Mertesacker,21,Centre-Back,Werder Bremen,£4.23m,out,Summer,4.23,1 Bundesliga,2006,2006/2007
Hannover 96,Daniel Stendel,32,Right Winger,FC St. Pauli,Free transfer,out,Summer,0,1 Bundesliga,2006,2006/2007
Hannover 96,Mohamadou Idrissou,26,Centre-Forward,MSV Duisburg,Free transfer,out,Summer,0,1 Bundesliga,2006,2006/2007
Hannover 96,Christoph Dabrowski,28,Defensive Midfield,VfL Bochum,Free transfer,out,Summer,0,1 Bundesliga,2006,2006/2007
Hannover 96,Denis Wolf,23,Attacking Midfield,F. Düsseldorf,£27Th.,out,Summer,0.027,1 Bundesliga,2006,2006/2007
Hannover 96,Roman Wallner,24,Centre-Forward,Austria Vienna,?,out,Summer,NA,1 Bundesliga,2006,2006/2007
Hannover 96,Ricardo Sousa,27,Attacking Midfield,Boavista,Loan,out,Summer,0,1 Bundesliga,2006,2006/2007
Hannover 96,Sezai Demircan,21,Left Winger,Kasimpasa,?,out,Summer,NA,1 Bundesliga,2006,2006/2007
Hannover 96,Thomas Christiansen,33,Centre-Forward,Retired,-,out,Summer,0,1 Bundesliga,2006,2006/2007
Hannover 96,Hendrik Hahne,20,Attacking Midfield,Hannover 96 II,-,out,Summer,0,1 Bundesliga,2006,2006/2007
Hannover 96,Michael Delura,20,Right Winger,FC Schalke 04,"End of loanJun 30, 2006",out,Summer,0,1 Bundesliga,2006,2006/2007
Arminia Bielefeld,Christian Eigler,22,Right Winger,Greuther Fürth,£900Th.,in,Summer,0.9,1 Bundesliga,2006,2006/2007
Arminia Bielefeld,Marcel Ndjeng,24,Right Midfield,SC Paderborn,£450Th.,in,Summer,0.45,1 Bundesliga,2006,2006/2007
Arminia Bielefeld,Jonas Kamper,23,Right Midfield,Bröndby IF,£360Th.,in,Summer,0.36,1 Bundesliga,2006,2006/2007
Arminia Bielefeld,Markus Bollmann,25,Centre-Back,SC Paderborn,Free transfer,in,Summer,0,1 Bundesliga,2006,2006/2007
Arminia Bielefeld,Jörg Böhme,32,Left Midfield,Bor. M'gladbach,Free transfer,in,Summer,0,1 Bundesliga,2006,2006/2007
Arminia Bielefeld,Thorben Marx,25,Defensive Midfield,Hertha BSC,Free transfer,in,Summer,0,1 Bundesliga,2006,2006/2007
Arminia Bielefeld,Abdelaziz Ahanfouf,28,Centre-Forward,MSV Duisburg,Free transfer,in,Summer,0,1 Bundesliga,2006,2006/2007
Arminia Bielefeld,Marc Ziegler,30,Goalkeeper,Saarbrücken,Loan,in,Summer,0,1 Bundesliga,2006,2006/2007
Arminia Bielefeld,Umut Kocin,18,Attacking Midfield,Hamburg U19,Free transfer,in,Summer,0,1 Bundesliga,2006,2006/2007
Arminia Bielefeld,Daniel Riemer,19,Goalkeeper,Bielefeld U19,-,in,Summer,0,1 Bundesliga,2006,2006/2007
Arminia Bielefeld,Nils-Christian Schmidt,22,Right-Back,A. Bielefeld II,-,in,Summer,0,1 Bundesliga,2006,2006/2007
Arminia Bielefeld,Nils Fischer,19,Centre-Back,A. Bielefeld II,-,in,Summer,0,1 Bundesliga,2006,2006/2007
Arminia Bielefeld,Isaac Boakye,24,Centre-Forward,VfL Wolfsburg,£1.08m,out,Summer,1.08,1 Bundesliga,2006,2006/2007
Arminia Bielefeld,Michael Fink,24,Defensive Midfield,E. Frankfurt,Free transfer,out,Summer,0,1 Bundesliga,2006,2006/2007
Arminia Bielefeld,Roberto Pinto,27,Right Midfield,Grasshoppers,Free transfer,out,Summer,0,1 Bundesliga,2006,2006/2007
Arminia Bielefeld,Marco Küntzel,30,Centre-Forward,Energie Cottbus,Free transfer,out,Summer,0,1 Bundesliga,2006,2006/2007
Arminia Bielefeld,Massimilian Porcello,26,Central Midfield,Karlsruher SC,Free transfer,out,Summer,0,1 Bundesliga,2006,2006/2007
Arminia Bielefeld,Dennis Eilhoff,23,Goalkeeper,TuS Koblenz,Loan,out,Summer,0,1 Bundesliga,2006,2006/2007
Arminia Bielefeld,Christian Wieczorek,20,Attacking Midfield,FC Vaduz,£23Th.,out,Summer,0.023,1 Bundesliga,2006,2006/2007
Arminia Bielefeld,Detlev Dammeier,37,Defensive Midfield,Retired,-,out,Summer,0,1 Bundesliga,2006,2006/2007
Arminia Bielefeld,Diego León,22,Attacking Midfield,RM Castilla,"End of loanJun 30, 2006",out,Summer,0,1 Bundesliga,2006,2006/2007
Arminia Bielefeld,Radomir Djalovic,23,Centre-Forward,NK Zagreb,"End of loanJun 30, 2006",out,Summer,0,1 Bundesliga,2006,2006/2007
Eintracht Frankfurt,Michael Thurk,30,Centre-Forward,1.FSV Mainz 05,£1.35m,in,Summer,1.35,1 Bundesliga,2006,2006/2007
Eintracht Frankfurt,Naohiro Takahara,27,Centre-Forward,Hamburger SV,£675Th.,in,Summer,0.675,1 Bundesliga,2006,2006/2007
Eintracht Frankfurt,Michael Fink,24,Defensive Midfield,Arm. Bielefeld,Free transfer,in,Summer,0,1 Bundesliga,2006,2006/2007
Eintracht Frankfurt,Albert Streit,26,Right Winger,1. FC Köln,Free transfer,in,Summer,0,1 Bundesliga,2006,2006/2007
Eintracht Frankfurt,Sotiris Kyrgiakos,26,Centre-Back,Rangers,Free transfer,in,Summer,0,1 Bundesliga,2006,2006/2007
Eintracht Frankfurt,Faton Toski,19,Attacking Midfield,Frankfurt U19,-,in,Summer,0,1 Bundesliga,2006,2006/2007
Eintracht Frankfurt,Alexander Huber,21,Right-Back,TSG Hoffenheim,"End of loanJun 30, 2006",in,Summer,0,1 Bundesliga,2006,2006/2007
Eintracht Frankfurt,Francisco Copado,32,Second Striker,TSG Hoffenheim,£270Th.,out,Summer,0.27,1 Bundesliga,2006,2006/2007
Eintracht Frankfurt,Alexander Schur,34,Defensive Midfield,SF Seligenstadt,Free transfer,out,Summer,0,1 Bundesliga,2006,2006/2007
Eintracht Frankfurt,Stefan Lexa,29,Right Winger,1.FC K'lautern,Free transfer,out,Summer,0,1 Bundesliga,2006,2006/2007
Eintracht Frankfurt,Du-ri Cha,25,Right-Back,1.FSV Mainz 05,Free transfer,out,Summer,0,1 Bundesliga,2006,2006/2007
Eintracht Frankfurt,Robert Cue,22,Goalkeeper,FSV Frankfurt,Free transfer,out,Summer,0,1 Bundesliga,2006,2006/2007
Eintracht Frankfurt,Jurica Puljiz,26,Centre-Back,Siroki Brijeg,Free transfer,out,Summer,0,1 Bundesliga,2006,2006/2007
VfL Wolfsburg,Jonathan Santana,24,Central Midfield,River Plate,£3.24m,in,Summer,3.24,1 Bundesliga,2006,2006/2007
VfL Wolfsburg,Jacek Krzynowek,30,Left Midfield,Bay. Leverkusen,£1.22m,in,Summer,1.22,1 Bundesliga,2006,2006/2007
VfL Wolfsburg,Alexander Madlung,23,Centre-Back,Hertha BSC,£1.17m,in,Summer,1.17,1 Bundesliga,2006,2006/2007
VfL Wolfsburg,Isaac Boakye,24,Centre-Forward,Arm. Bielefeld,£1.08m,in,Summer,1.08,1 Bundesliga,2006,2006/2007
VfL Wolfsburg,Michael Stegmayer,21,Left-Back,FC Bayern II,Free transfer,in,Summer,0,1 Bundesliga,2006,2006/2007
VfL Wolfsburg,Uwe Möhrle,26,Centre-Back,MSV Duisburg,Free transfer,in,Summer,0,1 Bundesliga,2006,2006/2007
VfL Wolfsburg,Emre Öztürk,20,Right Winger,Wolfsburg II,-,in,Summer,0,1 Bundesliga,2006,2006/2007
VfL Wolfsburg,Steve Müller,21,Centre-Back,Wolfsburg II,-,in,Summer,0,1 Bundesliga,2006,2006/2007
VfL Wolfsburg,Andrés D'Alessandro,25,Attacking Midfield,Real Zaragoza,Loan fee:£900Th.,out,Summer,0.9,1 Bundesliga,2006,2006/2007
VfL Wolfsburg,Maik Franz,24,Centre-Back,Karlsruher SC,£108Th.,out,Summer,0.108,1 Bundesliga,2006,2006/2007
VfL Wolfsburg,Levan Tskitishvili,29,Left Midfield,Panionios,Free transfer,out,Summer,0,1 Bundesliga,2006,2006/2007
VfL Wolfsburg,Steve Marlet,32,Centre-Forward,FC Lorient,Free transfer,out,Summer,0,1 Bundesliga,2006,2006/2007
VfL Wolfsburg,Matthias Langkamp,22,Centre-Back,Grasshoppers,Loan,out,Summer,0,1 Bundesliga,2006,2006/2007
VfL Wolfsburg,Abuda,20,Centre-Forward,Germ. Beerschot,Loan,out,Summer,0,1 Bundesliga,2006,2006/2007
VfL Wolfsburg,Stefan Schnoor,35,Centre-Back,Without Club,-,out,Summer,0,1 Bundesliga,2006,2006/2007
VfL Wolfsburg,Bojan Neziri,24,Left-Back,Metallurg D.,"End of loanJun 30, 2006",out,Summer,0,1 Bundesliga,2006,2006/2007
VfL Bochum,Ivo Ilicevic,19,Left Winger,SV Darmstadt 98,£540Th.,in,Summer,0.54,1 Bundesliga,2006,2006/2007
VfL Bochum,Theofanis Gekas,26,Centre-Forward,Panathinaikos,Loan fee:£450Th.,in,Summer,0.45,1 Bundesliga,2006,2006/2007
VfL Bochum,Benjamin Lense,27,Right-Back,1.FC Nuremberg,£180Th.,in,Summer,0.18,1 Bundesliga,2006,2006/2007
VfL Bochum,Christoph Dabrowski,28,Defensive Midfield,Hannover 96,Free transfer,in,Summer,0,1 Bundesliga,2006,2006/2007
VfL Bochum,Oliver Schröder,26,Defensive Midfield,Hertha BSC,Free transfer,in,Summer,0,1 Bundesliga,2006,2006/2007
VfL Bochum,Alexander Bade,35,Goalkeeper,1. FC Köln,Free transfer,in,Summer,0,1 Bundesliga,2006,2006/2007
VfL Bochum,Benjamin Auer,25,Centre-Forward,1.FSV Mainz 05,Free transfer,in,Summer,0,1 Bundesliga,2006,2006/2007
VfL Bochum,Sebastian Hille,25,Right Midfield,VfL Bochum II,-,in,Summer,0,1 Bundesliga,2006,2006/2007
VfL Bochum,David Zajas,23,Defensive Midfield,VfL Bochum II,-,in,Summer,0,1 Bundesliga,2006,2006/2007
VfL Bochum,Christian Vander,25,Goalkeeper,Werder Bremen,"End of loanJun 30, 2006",in,Summer,0,1 Bundesliga,2006,2006/2007
VfL Bochum,Moharram Navidkia,23,Attacking Midfield,Sepahan,"End of loanJun 30, 2006",in,Summer,0,1 Bundesliga,2006,2006/2007
VfL Bochum,Mamadou Diabang,27,Centre-Forward,K. Offenbach,"End of loanJun 30, 2006",in,Summer,0,1 Bundesliga,2006,2006/2007
VfL Bochum,Edú,24,Centre-Forward,1.FSV Mainz 05,£900Th.,out,Summer,0.9,1 Bundesliga,2006,2006/2007
VfL Bochum,Mamadou Diabang,27,Centre-Forward,FC Augsburg,£180Th.,out,Summer,0.18,1 Bundesliga,2006,2006/2007
VfL Bochum,Christian Vander,25,Goalkeeper,Werder Bremen,£180Th.,out,Summer,0.18,1 Bundesliga,2006,2006/2007
VfL Bochum,Haluk Türkeri,19,Centre-Forward,Karlsruhe II,Free transfer,out,Summer,0,1 Bundesliga,2006,2006/2007
VfL Bochum,Claus Costa,22,Defensive Midfield,F. Düsseldorf,Free transfer,out,Summer,0,1 Bundesliga,2006,2006/2007
VfL Bochum,Alexander Thamm,23,Centre-Back,Preußen Münster,Free transfer,out,Summer,0,1 Bundesliga,2006,2006/2007
VfL Bochum,Moharram Navidkia,23,Attacking Midfield,Sepahan,Free transfer,out,Summer,0,1 Bundesliga,2006,2006/2007
VfL Bochum,Sascha Höhle,23,Midfielder,Wattenscheid 09,Free transfer,out,Summer,0,1 Bundesliga,2006,2006/2007
VfL Bochum,Sören Colding,33,Right-Back,Retired,-,out,Summer,0,1 Bundesliga,2006,2006/2007
VfL Bochum,Rein van Duijnhoven,38,Goalkeeper,Retired,-,out,Summer,0,1 Bundesliga,2006,2006/2007
VfL Bochum,David Czyszczon,24,Centre-Back,VfL Bochum II,-,out,Summer,0,1 Bundesliga,2006,2006/2007
VfL Bochum,China,25,Right-Back,Flamengo,"End of loanJun 30, 2006",out,Summer,0,1 Bundesliga,2006,2006/2007
Alemannia Aachen,Matthias Lehmann,23,Defensive Midfield,1860 Munich,£810Th.,in,Summer,0.81,1 Bundesliga,2006,2006/2007
Alemannia Aachen,Nico Herzig,22,Centre-Back,W. Burghausen,Free transfer,in,Summer,0,1 Bundesliga,2006,2006/2007
Alemannia Aachen,Emmanuel Krontiris,23,Centre-Forward,1860 Munich,Free transfer,in,Summer,0,1 Bundesliga,2006,2006/2007
Alemannia Aachen,Jeffrey Leiwakabessy,25,Left-Back,NEC Nijmegen,Free transfer,in,Summer,0,1 Bundesliga,2006,2006/2007
Alemannia Aachen,Vedad Ibisevic,21,Centre-Forward,Paris SG,Free transfer,in,Summer,0,1 Bundesliga,2006,2006/2007
Alemannia Aachen,Szilard Nemeth,28,Second Striker,Middlesbrough,Free transfer,in,Summer,0,1 Bundesliga,2006,2006/2007
Alemannia Aachen,Yunus Balaban,22,Attacking Midfield,A. Aachen II,-,in,Summer,0,1 Bundesliga,2006,2006/2007
Alemannia Aachen,Willi Landgraf,37,Right-Back,Schalke 04 II,Free transfer,out,Summer,0,1 Bundesliga,2006,2006/2007
Alemannia Aachen,Florian Bruns,26,Defensive Midfield,FC St. Pauli,Free transfer,out,Summer,0,1 Bundesliga,2006,2006/2007
Alemannia Aachen,Goran Šukalo,24,Defensive Midfield,TuS Koblenz,Free transfer,out,Summer,0,1 Bundesliga,2006,2006/2007
Alemannia Aachen,Bernd Rauw,26,Centre-Back,MVV Maastricht,Free transfer,out,Summer,0,1 Bundesliga,2006,2006/2007
Alemannia Aachen,Erwin Koen,27,Left Winger,SC Paderborn,Free transfer,out,Summer,0,1 Bundesliga,2006,2006/2007
Alemannia Aachen,Erik Meijer,36,Centre-Forward,Retired,-,out,Summer,0,1 Bundesliga,2006,2006/2007
FC Energie Cottbus,Vlad Munteanu,25,Left Midfield,Dinamo Bucarest,£180Th.,in,Summer,0.18,1 Bundesliga,2006,2006/2007
FC Energie Cottbus,Daniel Ziebig,23,Left-Back,Hamburger SV,£135Th.,in,Summer,0.135,1 Bundesliga,2006,2006/2007
FC Energie Cottbus,Stiven Rivic,20,Attacking Midfield,NK Istra,£122Th.,in,Summer,0.122,1 Bundesliga,2006,2006/2007
FC Energie Cottbus,Przemyslaw Trytko,18,Centre-Forward,Gwarek Zabrze,£45Th.,in,Summer,0.045,1 Bundesliga,2006,2006/2007
FC Energie Cottbus,Igor Mitreski,27,Centre-Back,B. Jerusalem,Free transfer,in,Summer,0,1 Bundesliga,2006,2006/2007
FC Energie Cottbus,Mariusz Kukielka,29,Centre-Back,Dynamo Dresden,Free transfer,in,Summer,0,1 Bundesliga,2006,2006/2007
FC Energie Cottbus,Marco Küntzel,30,Centre-Forward,Arm. Bielefeld,Free transfer,in,Summer,0,1 Bundesliga,2006,2006/2007
FC Energie Cottbus,Jiayi Shao,26,Left Midfield,1860 Munich,Free transfer,in,Summer,0,1 Bundesliga,2006,2006/2007
FC Energie Cottbus,Gerhard Tremmel,27,Goalkeeper,Hertha BSC,Free transfer,in,Summer,0,1 Bundesliga,2006,2006/2007
FC Energie Cottbus,Lukasz Kanik,18,Centre-Back,Gornik U19,£23Th.,in,Summer,0.023,1 Bundesliga,2006,2006/2007
FC Energie Cottbus,Christof Neumann,18,Left Midfield,E. Cottbus U19,-,in,Summer,0,1 Bundesliga,2006,2006/2007
FC Energie Cottbus,Arne Feick,18,Left-Back,E. Cottbus II,-,in,Summer,0,1 Bundesliga,2006,2006/2007
FC Energie Cottbus,Youssef Mokhtari,27,Attacking Midfield,1. FC Köln,"End of loanJun 30, 2006",in,Summer,0,1 Bundesliga,2006,2006/2007
FC Energie Cottbus,Youssef Mokhtari,27,Attacking Midfield,MSV Duisburg,£180Th.,out,Summer,0.18,1 Bundesliga,2006,2006/2007
FC Energie Cottbus,Gregg Berhalter,32,Centre-Back,1860 Munich,Free transfer,out,Summer,0,1 Bundesliga,2006,2006/2007
FC Energie Cottbus,Daniel Gomez,27,Centre-Forward,FC Metz,Free transfer,out,Summer,0,1 Bundesliga,2006,2006/2007
FC Energie Cottbus,Martin Hysky,30,Centre-Back,RW Essen,Free transfer,out,Summer,0,1 Bundesliga,2006,2006/2007
FC Energie Cottbus,Daniel Frahn,19,Centre-Forward,Hertha BSC II,Free transfer,out,Summer,0,1 Bundesliga,2006,2006/2007
FC Energie Cottbus,Kenan Sahin,21,Centre-Forward,TuS Koblenz,Free transfer,out,Summer,0,1 Bundesliga,2006,2006/2007
FC Energie Cottbus,Markus Dworrak,28,Left Winger,Dynamo Dresden,Free transfer,out,Summer,0,1 Bundesliga,2006,2006/2007
FC Energie Cottbus,Gunnar Berntsen,28,Goalkeeper,Retired,-,out,Summer,0,1 Bundesliga,2006,2006/2007
FC Energie Cottbus,Daniel Ziebig,23,Left-Back,Hamburger SV,"End of loanJun 30, 2006",out,Summer,0,1 Bundesliga,2006,2006/2007
Bayern Munich,Mats Hummels,18,Centre-Back,FC Bayern II,-,in,Winter,0,1 Bundesliga,2006,2006/2007
Bayern Munich,Julio dos Santos,23,Central Midfield,VfL Wolfsburg,Loan,out,Winter,0,1 Bundesliga,2006,2006/2007
Bayern Munich,Sebastian Deisler,27,Right Midfield,Retired,-,out,Winter,0,1 Bundesliga,2006,2006/2007
SV Werder Bremen,Markus Rosenberg,24,Centre-Forward,Ajax,£2.70m,in,Winter,2.7,1 Bundesliga,2006,2006/2007
SV Werder Bremen,Peter Niemeyer,23,Defensive Midfield,Twente FC,£405Th.,in,Winter,0.405,1 Bundesliga,2006,2006/2007
SV Werder Bremen,Mohamed Zidan,25,Second Striker,1.FSV Mainz 05,£2.52m,out,Winter,2.52,1 Bundesliga,2006,2006/2007
SV Werder Bremen,Leon Andreasen,23,Central Midfield,1.FSV Mainz 05,Loan fee:£180Th.,out,Winter,0.18,1 Bundesliga,2006,2006/2007
Hamburger SV,Ivica Olic,27,Centre-Forward,CSKA Moscow,£1.80m,in,Winter,1.8,1 Bundesliga,2006,2006/2007
Hamburger SV,Frank Rost,33,Goalkeeper,FC Schalke 04,£1.35m,in,Winter,1.35,1 Bundesliga,2006,2006/2007
Hamburger SV,Mathias Abel,25,Centre-Back,FC Schalke 04,Loan fee:£135Th.,in,Winter,0.135,1 Bundesliga,2006,2006/2007
Hamburger SV,Benjamin Lauth,25,Centre-Forward,VfB Stuttgart,Loan fee:£360Th.,out,Winter,0.36,1 Bundesliga,2006,2006/2007
Hamburger SV,Markus Karl,20,Defensive Midfield,Greuther Fürth,£90Th.,out,Winter,0.09,1 Bundesliga,2006,2006/2007
FC Schalke 04,Ralf Fährmann,18,Goalkeeper,Schalke 04 U19,-,in,Winter,0,1 Bundesliga,2006,2006/2007
FC Schalke 04,Willi Landgraf,38,Right-Back,Schalke 04 II,-,in,Winter,0,1 Bundesliga,2006,2006/2007
FC Schalke 04,Frank Rost,33,Goalkeeper,Hamburger SV,£1.35m,out,Winter,1.35,1 Bundesliga,2006,2006/2007
FC Schalke 04,Alexander Baumjohann,19,Attacking Midfield,Bor. M'gladbach,£225Th.,out,Winter,0.225,1 Bundesliga,2006,2006/2007
FC Schalke 04,Mathias Abel,25,Centre-Back,Hamburger SV,Loan fee:£135Th.,out,Winter,0.135,1 Bundesliga,2006,2006/2007
Bayer 04 Leverkusen,Josip Tadic,19,Centre-Forward,Dinamo Zagreb,£450Th.,out,Winter,0.45,1 Bundesliga,2006,2006/2007
Hertha BSC,Mineiro,31,Defensive Midfield,São Paulo,Free transfer,in,Winter,0,1 Bundesliga,2006,2006/2007
Hertha BSC,Christopher Schorch,17,Centre-Back,Hertha BSC II,-,in,Winter,0,1 Bundesliga,2006,2006/2007
Hertha BSC,Jérôme Boateng,18,Centre-Back,Hertha BSC II,-,in,Winter,0,1 Bundesliga,2006,2006/2007
Hertha BSC,Christopher Samba,22,Centre-Back,Blackburn,£450Th.,out,Winter,0.45,1 Bundesliga,2006,2006/2007
Hertha BSC,Solomon Okoronkwo,19,Centre-Forward,RW Essen,Loan fee:£45Th.,out,Winter,0.045,1 Bundesliga,2006,2006/2007
Borussia Dortmund,Marcel Höttecke,19,Goalkeeper,Rot Weiss Ahlen,£450Th.,in,Winter,0.45,1 Bundesliga,2006,2006/2007
1.FC Nuremberg,Matthew Spiranovic,18,Centre-Back,A.I.S.,£45Th.,in,Winter,0.045,1 Bundesliga,2006,2006/2007
1.FC Nuremberg,Petar Jelic,20,Centre-Forward,Carl Zeiss Jena,"End of loanDec 1, 2006",in,Winter,0,1 Bundesliga,2006,2006/2007
VfB Stuttgart,Benjamin Lauth,25,Centre-Forward,Hamburger SV,Loan fee:£360Th.,in,Winter,0.36,1 Bundesliga,2006,2006/2007
VfB Stuttgart,Sami Khedira,19,Central Midfield,Stuttgart II,-,in,Winter,0,1 Bundesliga,2006,2006/2007
VfB Stuttgart,Jon Dahl Tomasson,30,Centre-Forward,Villarreal,Loan fee:£450Th.,out,Winter,0.45,1 Bundesliga,2006,2006/2007
VfB Stuttgart,Silvio Meißner,33,Defensive Midfield,1.FC K'lautern,Loan,out,Winter,0,1 Bundesliga,2006,2006/2007
VfB Stuttgart,Bernd Nehrig,20,Central Midfield,Unterhaching,Loan,out,Winter,0,1 Bundesliga,2006,2006/2007
Borussia Mönchengladbach,Mikkel Thygesen,22,Central Midfield,FC Midtjylland,£1.76m,in,Winter,1.76,1 Bundesliga,2006,2006/2007
Borussia Mönchengladbach,Steve Gohouri,25,Centre-Back,BSC Young Boys,£1.35m,in,Winter,1.35,1 Bundesliga,2006,2006/2007
Borussia Mönchengladbach,Alexander Baumjohann,19,Attacking Midfield,FC Schalke 04,£225Th.,in,Winter,0.225,1 Bundesliga,2006,2006/2007
Borussia Mönchengladbach,Thomas Helveg,35,Right-Back,Odense BK,Free transfer,out,Winter,0,1 Bundesliga,2006,2006/2007
Borussia Mönchengladbach,Vaclav Sverkos,23,Centre-Forward,Austria Vienna,Loan,out,Winter,0,1 Bundesliga,2006,2006/2007
1.FSV Mainz 05,Mohamed Zidan,25,Second Striker,Werder Bremen,£2.52m,in,Winter,2.52,1 Bundesliga,2006,2006/2007
1.FSV Mainz 05,Leon Andreasen,23,Central Midfield,Werder Bremen,Loan fee:£180Th.,in,Winter,0.18,1 Bundesliga,2006,2006/2007
1.FSV Mainz 05,Elkin Soto,26,Central Midfield,Once Caldas,Free transfer,in,Winter,0,1 Bundesliga,2006,2006/2007
1.FSV Mainz 05,Christoph Teinert,26,Centre-Forward,Unterhaching,?,in,Winter,NA,1 Bundesliga,2006,2006/2007
1.FSV Mainz 05,Edú,25,Centre-Forward,Suwon Bluewings,£1.26m,out,Winter,1.26,1 Bundesliga,2006,2006/2007
1.FSV Mainz 05,Christof Babatz,32,Defensive Midfield,TuS Koblenz,£45Th.,out,Winter,0.045,1 Bundesliga,2006,2006/2007
1.FSV Mainz 05,Tobias Damm,23,Centre-Forward,Wuppertaler SV,Loan,out,Winter,0,1 Bundesliga,2006,2006/2007
1.FSV Mainz 05,Conor Casey,25,Centre-Forward,Toronto FC,Free transfer,out,Winter,0,1 Bundesliga,2006,2006/2007
1.FSV Mainz 05,Christoph Teinert,26,Centre-Forward,FC Augsburg,Loan fee:£14Th.,out,Winter,0.014,1 Bundesliga,2006,2006/2007
1.FSV Mainz 05,Bakary Diakité,26,Second Striker,TuS Koblenz,Loan,out,Winter,0,1 Bundesliga,2006,2006/2007
Hannover 96,Jonas Troest,21,Centre-Back,Odense BK,Free transfer,out,Winter,0,1 Bundesliga,2006,2006/2007
Hannover 96,Timo Nagy,23,Left-Back,W. Burghausen,Loan,out,Winter,0,1 Bundesliga,2006,2006/2007
Eintracht Frankfurt,Marcel Heller,20,Right Midfield,Spfr. Siegen,£36Th.,in,Winter,0.036,1 Bundesliga,2006,2006/2007
Eintracht Frankfurt,Daniyel Cimen,21,Centre-Back,E. Braunschweig,Loan fee:£180Th.,out,Winter,0.18,1 Bundesliga,2006,2006/2007
Eintracht Frankfurt,Alexander Huber,21,Right-Back,E. Braunschweig,£90Th.,out,Winter,0.09,1 Bundesliga,2006,2006/2007
Eintracht Frankfurt,Dominik Stroh-Engel,21,Centre-Forward,SV Wehen,£72Th.,out,Winter,0.072,1 Bundesliga,2006,2006/2007
VfL Wolfsburg,Marcelinho Paraíba,31,Attacking Midfield,Trabzonspor,£2.48m,in,Winter,2.48,1 Bundesliga,2006,2006/2007
VfL Wolfsburg,Kamani Hill,21,Centre-Forward,UCLA Bruins,Free transfer,in,Winter,0,1 Bundesliga,2006,2006/2007
VfL Wolfsburg,Julio dos Santos,23,Central Midfield,Bayern Munich,Loan,in,Winter,0,1 Bundesliga,2006,2006/2007
VfL Wolfsburg,Karsten Fischer,22,Defensive Midfield,SC Paderborn,?,out,Winter,NA,1 Bundesliga,2006,2006/2007
VfL Wolfsburg,Rick Hoogendorp,31,Centre-Forward,ADO Den Haag,Loan,out,Winter,0,1 Bundesliga,2006,2006/2007
VfL Bochum,Joël Epalle,28,Right Winger,Iraklis,£540Th.,in,Winter,0.54,1 Bundesliga,2006,2006/2007
VfL Bochum,Anthar Yahia,24,Centre-Back,OGC Nice,Loan fee:£45Th.,in,Winter,0.045,1 Bundesliga,2006,2006/2007
VfL Bochum,Jaroslav Drobny,27,Goalkeeper,Without Club,Free transfer,in,Winter,0,1 Bundesliga,2006,2006/2007
VfL Bochum,Ersan Tekkan,22,Attacking Midfield,Antalyaspor,£90Th.,out,Winter,0.09,1 Bundesliga,2006,2006/2007
VfL Bochum,Benjamin Auer,25,Centre-Forward,1.FC K'lautern,Loan,out,Winter,0,1 Bundesliga,2006,2006/2007
VfL Bochum,Thomas Rathgeber,21,Centre-Forward,Unterhaching,Loan,out,Winter,0,1 Bundesliga,2006,2006/2007
Alemannia Aachen,Emil Noll,28,Centre-Back,TuS Koblenz,£45Th.,out,Winter,0.045,1 Bundesliga,2006,2006/2007
FC Energie Cottbus,Ervin Skela,30,Attacking Midfield,Ascoli,Free transfer,in,Winter,0,1 Bundesliga,2006,2006/2007
FC Energie Cottbus,Mario Cvitanovic,31,Centre-Back,Dinamo Zagreb,Free transfer,in,Winter,0,1 Bundesliga,2006,2006/2007
