club_name,player_name,age,position,club_involved_name,fee,transfer_movement,transfer_period,fee_cleaned,league_name,year,season
Amkar Perm,Darko Bodul,27,Centre-Forward,Dundee United,Free transfer,in,Summer,0,Premier Liga,2016,2016/2017
Amkar Perm,Stanislav Prokofjev,29,Centre-Forward,SKA Khabarovsk,Free transfer,in,Summer,0,Premier Liga,2016,2016/2017
Amkar Perm,Mikhail Kostyukov,24,Right Winger,Volga NN,Free transfer,in,Summer,0,Premier Liga,2016,2016/2017
Amkar Perm,Anton Shynder,29,Centre-Forward,Shakhtar D.,Free transfer,in,Summer,0,Premier Liga,2016,2016/2017
Amkar Perm,Aleksandr Budakov,31,Goalkeeper,Isloch,Free transfer,in,Summer,0,Premier Liga,2016,2016/2017
Amkar Perm,Sékou Condé,23,Centre-Back,Olimpik Donetsk,Free transfer,in,Summer,0,Premier Liga,2016,2016/2017
Amkar Perm,Aleksandar Miljkovic,26,Right-Back,RNK Split,?,in,Summer,NA,Premier Liga,2016,2016/2017
Amkar Perm,David Khurtsidze,22,Attacking Midfield,Amkar-Junior,-,in,Summer,0,Premier Liga,2016,2016/2017
Amkar Perm,Vasili Aleynikov,22,Defensive Midfield,Amkar Perm II,-,in,Summer,0,Premier Liga,2016,2016/2017
Amkar Perm,Dmitri Belorukov,33,Centre-Back,Dynamo Moscow,Free transfer,out,Summer,0,Premier Liga,2016,2016/2017
Amkar Perm,Roman Gerus,35,Goalkeeper,Arsenal Tula,Free transfer,out,Summer,0,Premier Liga,2016,2016/2017
Amkar Perm,Aleksandr Prudnikov,27,Centre-Forward,Orenburg,Free transfer,out,Summer,0,Premier Liga,2016,2016/2017
Amkar Perm,David Dzakhov,27,Central Midfield,Shinnik,Loan,out,Summer,0,Premier Liga,2016,2016/2017
Amkar Perm,Oleg Mishchenko,26,Right Winger,Ilyichivets,Loan,out,Summer,0,Premier Liga,2016,2016/2017
Amkar Perm,Bright Dike,29,Centre-Forward,Without Club,-,out,Summer,0,Premier Liga,2016,2016/2017
Amkar Perm,Bogdan Butko,25,Right-Back,Shakhtar D.,"End of loanJun 30, 2016",out,Summer,0,Premier Liga,2016,2016/2017
Anzhi Makhachkala,David Yurchenko,30,Goalkeeper,Ufa,Free transfer,in,Summer,0,Premier Liga,2016,2016/2017
Anzhi Makhachkala,Cédric Yambéré,25,Centre-Back,G. Bordeaux,Loan,in,Summer,0,Premier Liga,2016,2016/2017
Anzhi Makhachkala,Ivo Ilicevic,29,Left Winger,Hamburger SV,Free transfer,in,Summer,0,Premier Liga,2016,2016/2017
Anzhi Makhachkala,Xandão,28,Centre-Back,Kuban Krasnodar,Free transfer,in,Summer,0,Premier Liga,2016,2016/2017
Anzhi Makhachkala,Mohammed Rabiu,26,Defensive Midfield,Kuban Krasnodar,Free transfer,in,Summer,0,Premier Liga,2016,2016/2017
Anzhi Makhachkala,Sergey Parshivlyuk,27,Right-Back,Spartak Moscow,Free transfer,in,Summer,0,Premier Liga,2016,2016/2017
Anzhi Makhachkala,Pavel Yakovlev,25,Left Winger,Spartak Moscow,Free transfer,in,Summer,0,Premier Liga,2016,2016/2017
Anzhi Makhachkala,Aleksandr Belenov,29,Goalkeeper,Kuban Krasnodar,?,in,Summer,NA,Premier Liga,2016,2016/2017
Anzhi Makhachkala,Svyatoslav Georgievski,20,Right Winger,Kuban Krasnodar,?,in,Summer,NA,Premier Liga,2016,2016/2017
Anzhi Makhachkala,Sergey Karetnik,21,Central Midfield,Kuban Krasnodar,?,in,Summer,NA,Premier Liga,2016,2016/2017
Anzhi Makhachkala,Pylyp Budkivskyi,24,Centre-Forward,Shakhtar D.,Loan,in,Summer,0,Premier Liga,2016,2016/2017
Anzhi Makhachkala,Gabriel Obertan,27,Attacking Midfield,Without Club,-,in,Summer,0,Premier Liga,2016,2016/2017
Anzhi Makhachkala,Murad Qurbanov,24,Right-Back,Khimik,"End of loanJun 30, 2016",in,Summer,0,Premier Liga,2016,2016/2017
Anzhi Makhachkala,Aleksandr Krivoruchko,31,Goalkeeper,Tom Tomsk,"End of loanJun 30, 2016",in,Summer,0,Premier Liga,2016,2016/2017
Anzhi Makhachkala,Andrey Eshchenko,32,Right-Back,Dynamo Moscow,"End of loanJun 30, 2016",in,Summer,0,Premier Liga,2016,2016/2017
Anzhi Makhachkala,Andrey Eshchenko,32,Right-Back,Spartak Moscow,Free transfer,out,Summer,0,Premier Liga,2016,2016/2017
Anzhi Makhachkala,Aleksandr Krivoruchko,31,Goalkeeper,SKA Khabarovsk,Free transfer,out,Summer,0,Premier Liga,2016,2016/2017
Anzhi Makhachkala,Islamnur Abdulavov,22,Centre-Forward,Ufa,Free transfer,out,Summer,0,Premier Liga,2016,2016/2017
Anzhi Makhachkala,Evgeniy Pomazan,27,Goalkeeper,Kuban Krasnodar,Free transfer,out,Summer,0,Premier Liga,2016,2016/2017
Anzhi Makhachkala,Ilya Maksimov,29,Central Midfield,Arsenal Tula,Free transfer,out,Summer,0,Premier Liga,2016,2016/2017
Anzhi Makhachkala,Aleksandr Zhirov,25,Centre-Back,Tom Tomsk,Free transfer,out,Summer,0,Premier Liga,2016,2016/2017
Anzhi Makhachkala,Mekhti Dzhenetov,24,Goalkeeper,Baltika,Loan,out,Summer,0,Premier Liga,2016,2016/2017
Anzhi Makhachkala,Murad Qurbanov,24,Right-Back,Without Club,-,out,Summer,0,Premier Liga,2016,2016/2017
Anzhi Makhachkala,David Yurchenko,30,Goalkeeper,Ufa,"End of loanJun 30, 2016",out,Summer,0,Premier Liga,2016,2016/2017
Arsenal Tula,Aleksandr Sheshukov,33,Centre-Back,Loko Moscow,Free transfer,in,Summer,0,Premier Liga,2016,2016/2017
Arsenal Tula,Ruslan Mukhametshin,34,Centre-Forward,Mordovia,Free transfer,in,Summer,0,Premier Liga,2016,2016/2017
Arsenal Tula,Nikita Burmistrov,26,Right Winger,Krasnodar,Free transfer,in,Summer,0,Premier Liga,2016,2016/2017
Arsenal Tula,Oleg Vlasov,31,Attacking Midfield,Mordovia,Free transfer,in,Summer,0,Premier Liga,2016,2016/2017
Arsenal Tula,Khyzyr Appaev,26,Centre-Forward,Orenburg,Free transfer,in,Summer,0,Premier Liga,2016,2016/2017
Arsenal Tula,Igor Gorbatenko,27,Attacking Midfield,KS Samara,Free transfer,in,Summer,0,Premier Liga,2016,2016/2017
Arsenal Tula,Roman Gerus,35,Goalkeeper,Amkar Perm,Free transfer,in,Summer,0,Premier Liga,2016,2016/2017
Arsenal Tula,Aleksandr Stolyarenko,25,Centre-Back,Sokol Saratov,Free transfer,in,Summer,0,Premier Liga,2016,2016/2017
Arsenal Tula,Aleksandr Gorbatyuk,31,Centre-Back,Sokol Saratov,Free transfer,in,Summer,0,Premier Liga,2016,2016/2017
Arsenal Tula,Lukas Tesak,31,Left-Back,Kairat Almaty,Free transfer,in,Summer,0,Premier Liga,2016,2016/2017
Arsenal Tula,Ilya Maksimov,29,Central Midfield,Anzhi,Free transfer,in,Summer,0,Premier Liga,2016,2016/2017
Arsenal Tula,Jherson Vergara,22,Centre-Back,AC Milan,Loan,in,Summer,0,Premier Liga,2016,2016/2017
Arsenal Tula,Aleksandr Filtsov,26,Goalkeeper,Rubin Kazan,Loan,in,Summer,0,Premier Liga,2016,2016/2017
Arsenal Tula,Mikhail Levashov,24,Goalkeeper,Arsenal 2 Tula,-,in,Summer,0,Premier Liga,2016,2016/2017
Arsenal Tula,Emmanuel Frimpong,24,Defensive Midfield,Without Club,-,in,Summer,0,Premier Liga,2016,2016/2017
Arsenal Tula,Pavel Deobald,26,Attacking Midfield,Torpedo Armavir,"End of loanJun 30, 2016",in,Summer,0,Premier Liga,2016,2016/2017
Arsenal Tula,Aleksey Bazanov,30,Second Striker,Tekstilshchik,Free transfer,out,Summer,0,Premier Liga,2016,2016/2017
Arsenal Tula,Igor Kot,36,Goalkeeper,Mordovia,Free transfer,out,Summer,0,Premier Liga,2016,2016/2017
Arsenal Tula,Pavel Deobald,26,Attacking Midfield,Mordovia,Free transfer,out,Summer,0,Premier Liga,2016,2016/2017
Arsenal Tula,Artem Dudolev,24,Second Striker,Sokol Saratov,?,out,Summer,NA,Premier Liga,2016,2016/2017
Arsenal Tula,Maksim Mashnev,23,Defensive Midfield,Luch Vladivostok,Loan,out,Summer,0,Premier Liga,2016,2016/2017
Arsenal Tula,Goran Vujovic,29,Centre-Forward,B. Podgorica,?,out,Summer,NA,Premier Liga,2016,2016/2017
Arsenal Tula,Aleksandr Stolyarenko,25,Centre-Back,Tambov,Loan,out,Summer,0,Premier Liga,2016,2016/2017
Arsenal Tula,Vitaliy Fedotov,24,Central Midfield,Without Club,-,out,Summer,0,Premier Liga,2016,2016/2017
Arsenal Tula,Sergey Kotov,34,Goalkeeper,Retired,-,out,Summer,0,Premier Liga,2016,2016/2017
Arsenal Tula,Sergey Ignatjev,30,Left Winger,Arsenal 2 Tula,-,out,Summer,0,Premier Liga,2016,2016/2017
Arsenal Tula,Aleksey Skornyakov,23,Goalkeeper,Arsenal 2 Tula,-,out,Summer,0,Premier Liga,2016,2016/2017
Arsenal Tula,Igor Gorbatenko,27,Attacking Midfield,KS Samara,"End of loanJun 30, 2016",out,Summer,0,Premier Liga,2016,2016/2017
Arsenal Tula,Aleksandr Filtsov,26,Goalkeeper,Rubin Kazan,"End of loanJun 30, 2016",out,Summer,0,Premier Liga,2016,2016/2017
CSKA Moscow,Aleksey Ionov,27,Right Winger,Dynamo Moscow,Loan,in,Summer,0,Premier Liga,2016,2016/2017
CSKA Moscow,Lacina Traore,26,Centre-Forward,Monaco,Loan,in,Summer,0,Premier Liga,2016,2016/2017
CSKA Moscow,Carlos Strandberg,20,Centre-Forward,AIK,"End of loanJul 18, 2016",in,Summer,0,Premier Liga,2016,2016/2017
CSKA Moscow,Vyacheslav Karavaev,21,Right-Back,FK Jablonec,"End of loanJun 30, 2016",in,Summer,0,Premier Liga,2016,2016/2017
CSKA Moscow,Konstantin Bazelyuk,23,Centre-Forward,SKA-Energia,"End of loanJun 30, 2016",in,Summer,0,Premier Liga,2016,2016/2017
CSKA Moscow,Dmitri Efremov,21,Right Midfield,Slovan Liberec,"End of loanJun 30, 2016",in,Summer,0,Premier Liga,2016,2016/2017
CSKA Moscow,Georgi Milanov,24,Attacking Midfield,Grasshoppers,"End of loanJun 30, 2016",in,Summer,0,Premier Liga,2016,2016/2017
CSKA Moscow,Ahmed Musa,23,Left Winger,Leicester,£17.55m,out,Summer,17.55,Premier Liga,2016,2016/2017
CSKA Moscow,Vyacheslav Karavaev,21,Right-Back,Sparta Praha,£900Th.,out,Summer,0.9,Premier Liga,2016,2016/2017
CSKA Moscow,Dmitri Efremov,21,Right Midfield,Orenburg,Loan,out,Summer,0,Premier Liga,2016,2016/2017
CSKA Moscow,Kirill Panchenko,26,Second Striker,Dynamo Moscow,Loan,out,Summer,0,Premier Liga,2016,2016/2017
CSKA Moscow,Sergey Tkachev,27,Attacking Midfield,KS Samara,Loan,out,Summer,0,Premier Liga,2016,2016/2017
CSKA Moscow,Konstantin Bazelyuk,23,Centre-Forward,Estoril,Loan,out,Summer,0,Premier Liga,2016,2016/2017
CSKA Moscow,Viktor Vasin,27,Centre-Back,Ufa,Loan,out,Summer,0,Premier Liga,2016,2016/2017
CSKA Moscow,Roman Shirokov,34,Central Midfield,Retired,-,out,Summer,0,Premier Liga,2016,2016/2017
CSKA Moscow,Aaron Olanare,22,Centre-Forward,GZ R&F,"End of loanJun 30, 2016",out,Summer,0,Premier Liga,2016,2016/2017
FK Krasnodar,Naldo,28,Centre-Back,Sporting CP,£4.05m,in,Summer,4.05,Premier Liga,2016,2016/2017
FK Krasnodar,Stanislav Kritsyuk,25,Goalkeeper,Braga,£3.60m,in,Summer,3.6,Premier Liga,2016,2016/2017
FK Krasnodar,Tornike Okriashvili,24,Attacking Midfield,KRC Genk,Free transfer,in,Summer,0,Premier Liga,2016,2016/2017
FK Krasnodar,Ilya Abaev,35,Goalkeeper,Loko Moscow,Loan,in,Summer,0,Premier Liga,2016,2016/2017
FK Krasnodar,Charles Kaboré,28,Defensive Midfield,Kuban Krasnodar,?,in,Summer,NA,Premier Liga,2016,2016/2017
FK Krasnodar,Marat Izmailov,33,Central Midfield,Career break,-,in,Summer,0,Premier Liga,2016,2016/2017
FK Krasnodar,Eboue Kouassi,18,Defensive Midfield,Krasnodar II,-,in,Summer,0,Premier Liga,2016,2016/2017
FK Krasnodar,Ruslan Bolov,22,Centre-Forward,Volgar,"End of loanJun 30, 2016",in,Summer,0,Premier Liga,2016,2016/2017
FK Krasnodar,Aleksandr Martynovich,28,Centre-Back,Ural,"End of loanJun 30, 2016",in,Summer,0,Premier Liga,2016,2016/2017
FK Krasnodar,Nikita Burmistrov,26,Right Winger,Ural,"End of loanJun 30, 2016",in,Summer,0,Premier Liga,2016,2016/2017
FK Krasnodar,Artur Jedrzejczyk,28,Centre-Back,Legia Warszawa,"End of loanJun 30, 2016",in,Summer,0,Premier Liga,2016,2016/2017
FK Krasnodar,Ragnar Sigurdsson,30,Centre-Back,Fulham,£4.23m,out,Summer,4.23,Premier Liga,2016,2016/2017
FK Krasnodar,Nikita Burmistrov,26,Right Winger,Arsenal Tula,Free transfer,out,Summer,0,Premier Liga,2016,2016/2017
FK Krasnodar,Nikolay Markov,31,Right-Back,Kuban Krasnodar,Free transfer,out,Summer,0,Premier Liga,2016,2016/2017
FK Krasnodar,Ruslan Bolov,22,Centre-Forward,Fakel Voronezh,Loan,out,Summer,0,Premier Liga,2016,2016/2017
FK Krasnodar,Stefan Strandberg,26,Centre-Back,Hannover 96,Loan,out,Summer,0,Premier Liga,2016,2016/2017
FK Krasnodar,Andrey Dikan,38,Goalkeeper,Retired,-,out,Summer,0,Premier Liga,2016,2016/2017
FK Krasnodar,Charles Kaboré,28,Defensive Midfield,Kuban Krasnodar,"End of loanJun 30, 2016",out,Summer,0,Premier Liga,2016,2016/2017
FK Krasnodar,Stanislav Kritsyuk,25,Goalkeeper,Braga,"End of loanJun 30, 2016",out,Summer,0,Premier Liga,2016,2016/2017
Krylya Sovetov Samara,Jerry Mbakogu,23,Centre-Forward,Carpi,Loan fee:£900Th.,in,Summer,0.9,Premier Liga,2016,2016/2017
Krylya Sovetov Samara,Vyacheslav Zinkov,23,Defensive Midfield,Zenit 2 S-Pb,£450Th.,in,Summer,0.45,Premier Liga,2016,2016/2017
Krylya Sovetov Samara,Evgeniy Bashkirov,24,Central Midfield,Tom Tomsk,Free transfer,in,Summer,0,Premier Liga,2016,2016/2017
Krylya Sovetov Samara,Maksim Pavlov,27,Goalkeeper,KamAZ,Free transfer,in,Summer,0,Premier Liga,2016,2016/2017
Krylya Sovetov Samara,Timofey Margasov,24,Right-Back,Rostov,Free transfer,in,Summer,0,Premier Liga,2016,2016/2017
Krylya Sovetov Samara,Sheldon Bateau,25,Centre-Back,KV Mechelen,?,in,Summer,NA,Premier Liga,2016,2016/2017
Krylya Sovetov Samara,Sergey Tkachev,27,Attacking Midfield,CSKA Moscow,Loan,in,Summer,0,Premier Liga,2016,2016/2017
Krylya Sovetov Samara,Cristian Pasquato,27,Second Striker,Juventus,Loan,in,Summer,0,Premier Liga,2016,2016/2017
Krylya Sovetov Samara,Yohan Mollo,27,Left Winger,Saint-Étienne,?,in,Summer,NA,Premier Liga,2016,2016/2017
Krylya Sovetov Samara,Sergey Obivalin,21,Centre-Back,Lada Togliatti,"End of loanJun 30, 2016",in,Summer,0,Premier Liga,2016,2016/2017
Krylya Sovetov Samara,Emin Makhmudov,24,Central Midfield,Mordovia,"End of loanJun 30, 2016",in,Summer,0,Premier Liga,2016,2016/2017
Krylya Sovetov Samara,Igor Gorbatenko,27,Attacking Midfield,Arsenal Tula,"End of loanJun 30, 2016",in,Summer,0,Premier Liga,2016,2016/2017
Krylya Sovetov Samara,Maksim Palienko,21,Attacking Midfield,Zenit 2 S-Pb,"End of loanJun 30, 2016",in,Summer,0,Premier Liga,2016,2016/2017
Krylya Sovetov Samara,Aleksandr Eliseev,24,Right Midfield,Volgar,"End of loanJun 30, 2016",in,Summer,0,Premier Liga,2016,2016/2017
Krylya Sovetov Samara,Vitali Kalenkovich,23,Right Midfield,Baltika,Free transfer,out,Summer,0,Premier Liga,2016,2016/2017
Krylya Sovetov Samara,Georgi Gabulov,27,Central Midfield,Orenburg,Free transfer,out,Summer,0,Premier Liga,2016,2016/2017
Krylya Sovetov Samara,Maksim Palienko,21,Attacking Midfield,Tosno,Free transfer,out,Summer,0,Premier Liga,2016,2016/2017
Krylya Sovetov Samara,Emin Makhmudov,24,Central Midfield,Boavista,Free transfer,out,Summer,0,Premier Liga,2016,2016/2017
Krylya Sovetov Samara,Aleksandr Eliseev,24,Right Midfield,Baltika,Free transfer,out,Summer,0,Premier Liga,2016,2016/2017
Krylya Sovetov Samara,Junior Ahissan,19,Right Winger,Dynamo Kyiv II,Free transfer,out,Summer,0,Premier Liga,2016,2016/2017
Krylya Sovetov Samara,Jeroen Simaeys,31,Centre-Back,OH Leuven,Free transfer,out,Summer,0,Premier Liga,2016,2016/2017
Krylya Sovetov Samara,Aleksey Pomerko,26,Central Midfield,Orenburg,Free transfer,out,Summer,0,Premier Liga,2016,2016/2017
Krylya Sovetov Samara,Igor Gorbatenko,27,Attacking Midfield,Arsenal Tula,Free transfer,out,Summer,0,Premier Liga,2016,2016/2017
Krylya Sovetov Samara,Adis Jahovic,29,Centre-Forward,Göztepe,?,out,Summer,NA,Premier Liga,2016,2016/2017
Krylya Sovetov Samara,Sergey Obivalin,21,Centre-Back,Without Club,-,out,Summer,0,Premier Liga,2016,2016/2017
Krylya Sovetov Samara,Taras Burlak,26,Centre-Back,Rubin Kazan,"End of loanJun 30, 2016",out,Summer,0,Premier Liga,2016,2016/2017
Krylya Sovetov Samara,Miroslav Lobantsev,21,Goalkeeper,Loko Moscow,"End of loanJun 30, 2016",out,Summer,0,Premier Liga,2016,2016/2017
Krylya Sovetov Samara,Yohan Mollo,26,Left Winger,Saint-Étienne,"End of loanJun 30, 2016",out,Summer,0,Premier Liga,2016,2016/2017
Krylya Sovetov Samara,Sheldon Bateau,25,Centre-Back,KV Mechelen,"End of loanJun 30, 2016",out,Summer,0,Premier Liga,2016,2016/2017
Krylya Sovetov Samara,Pavel Yakovlev,25,Left Winger,Spartak Moscow,"End of loanJun 30, 2016",out,Summer,0,Premier Liga,2016,2016/2017
Lokomotiv Moscow,Igor Portnyagin,27,Centre-Forward,Rubin Kazan,£2.70m,in,Summer,2.7,Premier Liga,2016,2016/2017
Lokomotiv Moscow,Delvin N'Dinga,28,Defensive Midfield,Monaco,£2.25m,in,Summer,2.25,Premier Liga,2016,2016/2017
Lokomotiv Moscow,Boris Rotenberg,30,Right-Back,Dynamo Moscow,Free transfer,in,Summer,0,Premier Liga,2016,2016/2017
Lokomotiv Moscow,Igor Denisov,32,Defensive Midfield,Dynamo Moscow,Loan,in,Summer,0,Premier Liga,2016,2016/2017
Lokomotiv Moscow,Dmitri Barinov,19,Defensive Midfield,Loko Moscow II,-,in,Summer,0,Premier Liga,2016,2016/2017
Lokomotiv Moscow,Miroslav Lobantsev,21,Goalkeeper,KS Samara,"End of loanJun 30, 2016",in,Summer,0,Premier Liga,2016,2016/2017
Lokomotiv Moscow,Moubarak Boussoufa,31,Attacking Midfield,KAA Gent,"End of loanJun 30, 2016",in,Summer,0,Premier Liga,2016,2016/2017
Lokomotiv Moscow,Jan Durica,34,Centre-Back,Trabzonspor,Free transfer,out,Summer,0,Premier Liga,2016,2016/2017
Lokomotiv Moscow,Moubarak Boussoufa,31,Attacking Midfield,Al-Jazira,Free transfer,out,Summer,0,Premier Liga,2016,2016/2017
Lokomotiv Moscow,Aleksandr Sheshukov,33,Centre-Back,Arsenal Tula,Free transfer,out,Summer,0,Premier Liga,2016,2016/2017
Lokomotiv Moscow,Maksim Grigorjev,26,Right Winger,Rostov,Free transfer,out,Summer,0,Premier Liga,2016,2016/2017
Lokomotiv Moscow,Ilya Abaev,35,Goalkeeper,Krasnodar,Loan,out,Summer,0,Premier Liga,2016,2016/2017
Lokomotiv Moscow,Anton Kochenkov,29,Goalkeeper,Tom Tomsk,Loan,out,Summer,0,Premier Liga,2016,2016/2017
Lokomotiv Moscow,Delvin N'Dinga,28,Defensive Midfield,Monaco,"End of loanJun 30, 2016",out,Summer,0,Premier Liga,2016,2016/2017
FK Orenburg,Yacouba Bamba,24,Attacking Midfield,Zaria Balti,Free transfer,in,Summer,0,Premier Liga,2016,2016/2017
FK Orenburg,Anzor Sanaia,27,Centre-Forward,Tom Tomsk,Free transfer,in,Summer,0,Premier Liga,2016,2016/2017
FK Orenburg,Pavel Nekhajchik,27,Left Winger,Tom Tomsk,Free transfer,in,Summer,0,Premier Liga,2016,2016/2017
FK Orenburg,Aleksey Pomerko,26,Central Midfield,KS Samara,Free transfer,in,Summer,0,Premier Liga,2016,2016/2017
FK Orenburg,Aleksandr Gutor,27,Goalkeeper,Dinamo Minsk,Free transfer,in,Summer,0,Premier Liga,2016,2016/2017
FK Orenburg,Aleksandr Prudnikov,27,Centre-Forward,Amkar Perm,Free transfer,in,Summer,0,Premier Liga,2016,2016/2017
FK Orenburg,Ivica Zunic,27,Centre-Back,Volyn Lutsk,Free transfer,in,Summer,0,Premier Liga,2016,2016/2017
FK Orenburg,Aleksandr Katsalapov,30,Left-Back,Ufa,Free transfer,in,Summer,0,Premier Liga,2016,2016/2017
FK Orenburg,Georgi Gabulov,27,Central Midfield,KS Samara,Free transfer,in,Summer,0,Premier Liga,2016,2016/2017
FK Orenburg,Blagoy Georgiev,34,Central Midfield,Rubin Kazan,Free transfer,in,Summer,0,Premier Liga,2016,2016/2017
FK Orenburg,Dmitri Efremov,21,Right Midfield,CSKA Moscow,Loan,in,Summer,0,Premier Liga,2016,2016/2017
FK Orenburg,Maksim Batov,24,Central Midfield,Rubin Kazan,Loan,in,Summer,0,Premier Liga,2016,2016/2017
FK Orenburg,Anton Kobyalko,30,Centre-Forward,SKA Khabarovsk,Free transfer,out,Summer,0,Premier Liga,2016,2016/2017
FK Orenburg,Kamalutdin Akhmedov,30,Centre-Back,Tyumen,Free transfer,out,Summer,0,Premier Liga,2016,2016/2017
FK Orenburg,Arturs Zjuzins,25,Central Midfield,Tambov,Free transfer,out,Summer,0,Premier Liga,2016,2016/2017
FK Orenburg,Aleksey Druzin,29,Central Midfield,SKA Khabarovsk,Free transfer,out,Summer,0,Premier Liga,2016,2016/2017
FK Orenburg,Khyzyr Appaev,26,Centre-Forward,Arsenal Tula,Free transfer,out,Summer,0,Premier Liga,2016,2016/2017
FK Orenburg,Nikita Satalkin,28,Centre-Forward,Fakel Voronezh,Free transfer,out,Summer,0,Premier Liga,2016,2016/2017
FK Orenburg,Ivan Markelov,28,Left Winger,Dynamo Moscow,?,out,Summer,NA,Premier Liga,2016,2016/2017
FK Orenburg,Dmitri Chvanov,22,Goalkeeper,Without Club,-,out,Summer,0,Premier Liga,2016,2016/2017
FK Orenburg,Almaz Askarov,24,Centre-Back,Retired,-,out,Summer,0,Premier Liga,2016,2016/2017
FK Orenburg,Samat Sarsenov,19,Right Winger,Orenburg II,-,out,Summer,0,Premier Liga,2016,2016/2017
FK Orenburg,Inal Getigezhev,29,Left-Back,Rubin Kazan,"End of loanJun 30, 2016",out,Summer,0,Premier Liga,2016,2016/2017
FK Rostov,Sardar Azmoun,21,Centre-Forward,Rubin Kazan,£2.07m,in,Summer,2.07,Premier Liga,2016,2016/2017
FK Rostov,Miha Mevlja,26,Centre-Back,Dinamo Bucarest,£630Th.,in,Summer,0.63,Premier Liga,2016,2016/2017
FK Rostov,Dmitri Skopintsev,19,Left-Back,FC Liefering,£342Th.,in,Summer,0.342,Premier Liga,2016,2016/2017
FK Rostov,Maksim Grigorjev,26,Right Winger,Loko Moscow,Free transfer,in,Summer,0,Premier Liga,2016,2016/2017
FK Rostov,Ivan Komissarov,28,Goalkeeper,Volga-Olimpiets,Free transfer,in,Summer,0,Premier Liga,2016,2016/2017
FK Rostov,Papa Gueye,32,Centre-Back,Dnipro,Free transfer,in,Summer,0,Premier Liga,2016,2016/2017
FK Rostov,Vladimir Granat,29,Centre-Back,Spartak Moscow,Free transfer,in,Summer,0,Premier Liga,2016,2016/2017
FK Rostov,Andrei Prepelita,30,Central Midfield,Ludogorets,Free transfer,in,Summer,0,Premier Liga,2016,2016/2017
FK Rostov,Ruslan Abazov,23,Centre-Back,Tyumen,"End of loanJun 30, 2016",in,Summer,0,Premier Liga,2016,2016/2017
FK Rostov,Bastos,25,Centre-Back,Lazio,£4.50m,out,Summer,4.5,Premier Liga,2016,2016/2017
FK Rostov,Ivan Novoseltsev,25,Centre-Back,Zenit S-Pb,£900Th.,out,Summer,0.9,Premier Liga,2016,2016/2017
FK Rostov,Guélor Kanga,25,Attacking Midfield,Red Star,Free transfer,out,Summer,0,Premier Liga,2016,2016/2017
FK Rostov,Timofey Margasov,24,Right-Back,KS Samara,Free transfer,out,Summer,0,Premier Liga,2016,2016/2017
FK Rostov,Ruslan Abazov,23,Centre-Back,Tosno,?,out,Summer,NA,Premier Liga,2016,2016/2017
FK Rostov,Stas Pokatilov,23,Goalkeeper,Kairat Almaty,Loan,out,Summer,0,Premier Liga,2016,2016/2017
FK Rostov,Nika Kacharava,22,Centre-Forward,Ethnikos,Loan,out,Summer,0,Premier Liga,2016,2016/2017
FK Rostov,Byung-soo Yoo,28,Centre-Forward,Without Club,-,out,Summer,0,Premier Liga,2016,2016/2017
FK Rostov,Aleksandr Troshechkin,20,Defensive Midfield,Fakel Voronezh,Loan,out,Summer,0,Premier Liga,2016,2016/2017
FK Rostov,Pavel Mogilevets,23,Central Midfield,Zenit S-Pb,"End of loanJun 30, 2016",out,Summer,0,Premier Liga,2016,2016/2017
FK Rostov,Boris Rotenberg,30,Right-Back,Dynamo Moscow,"End of loanJun 30, 2016",out,Summer,0,Premier Liga,2016,2016/2017
FK Rostov,Sardar Azmoun,21,Centre-Forward,Rubin Kazan,"End of loanJun 30, 2016",out,Summer,0,Premier Liga,2016,2016/2017
Rubin Kazan,Maxime Lestienne,24,Left Winger,Al-Arabi SC,£9.00m,in,Summer,9,Premier Liga,2016,2016/2017
Rubin Kazan,Rubén Rochina,25,Attacking Midfield,Granada CF,£9.00m,in,Summer,9,Premier Liga,2016,2016/2017
Rubin Kazan,Jonathas,27,Centre-Forward,Real Sociedad,£6.30m,in,Summer,6.3,Premier Liga,2016,2016/2017
Rubin Kazan,Samu García,25,Right Winger,Villarreal,£4.50m,in,Summer,4.5,Premier Liga,2016,2016/2017
Rubin Kazan,Moritz Bauer,24,Right-Back,Grasshoppers,£3.60m,in,Summer,3.6,Premier Liga,2016,2016/2017
Rubin Kazan,Carlos Zambrano,26,Centre-Back,E. Frankfurt,£3.15m,in,Summer,3.15,Premier Liga,2016,2016/2017
Rubin Kazan,Rifat Zhemaletdinov,19,Right Winger,Loko Moscow II,£135Th.,in,Summer,0.135,Premier Liga,2016,2016/2017
Rubin Kazan,Sergio Sánchez,30,Centre-Back,Panathinaikos,Free transfer,in,Summer,0,Premier Liga,2016,2016/2017
Rubin Kazan,Alex Song,28,Defensive Midfield,FC Barcelona,Free transfer,in,Summer,0,Premier Liga,2016,2016/2017
Rubin Kazan,Georgi Makhatadze,18,Defensive Midfield,Loko Moscow II,?,in,Summer,NA,Premier Liga,2016,2016/2017
Rubin Kazan,Ilzat Akhmetov,18,Central Midfield,Rubin Kazan II,-,in,Summer,0,Premier Liga,2016,2016/2017
Rubin Kazan,Vladislav Kulik,31,Central Midfield,Kuban Krasnodar,"End of loanJun 30, 2016",in,Summer,0,Premier Liga,2016,2016/2017
Rubin Kazan,Aleksandr Filtsov,26,Goalkeeper,Arsenal Tula,"End of loanJun 30, 2016",in,Summer,0,Premier Liga,2016,2016/2017
Rubin Kazan,Inal Getigezhev,29,Left-Back,Gazovik Orenburg,"End of loanJun 30, 2016",in,Summer,0,Premier Liga,2016,2016/2017
Rubin Kazan,Mauricio Lemos,20,Centre-Back,UD Las Palmas,"End of loanJun 30, 2016",in,Summer,0,Premier Liga,2016,2016/2017
Rubin Kazan,Albert Sharipov,23,Central Midfield,Tom Tomsk,"End of loanJun 30, 2016",in,Summer,0,Premier Liga,2016,2016/2017
Rubin Kazan,Marko Livaja,22,Centre-Forward,FC Empoli,"End of loanJun 30, 2016",in,Summer,0,Premier Liga,2016,2016/2017
Rubin Kazan,Mubarak Wakaso,25,Central Midfield,UD Las Palmas,"End of loanJun 30, 2016",in,Summer,0,Premier Liga,2016,2016/2017
Rubin Kazan,Kamil Mullin,22,Centre-Forward,Sokol Saratov,"End of loanJun 30, 2016",in,Summer,0,Premier Liga,2016,2016/2017
Rubin Kazan,Mamuka Kobakhidze,23,Centre-Back,Mordovia,"End of loanJun 30, 2016",in,Summer,0,Premier Liga,2016,2016/2017
Rubin Kazan,Chris Mavinga,25,Centre-Back,Troyes,"End of loanJun 30, 2016",in,Summer,0,Premier Liga,2016,2016/2017
Rubin Kazan,Yann M'Vila,26,Defensive Midfield,Sunderland,"End of loanJun 30, 2016",in,Summer,0,Premier Liga,2016,2016/2017
Rubin Kazan,Sergey Davydov,30,Centre-Forward,KamAZ,"End of loanJun 30, 2016",in,Summer,0,Premier Liga,2016,2016/2017
Rubin Kazan,Taras Burlak,26,Centre-Back,KS Samara,"End of loanJun 30, 2016",in,Summer,0,Premier Liga,2016,2016/2017
Rubin Kazan,Sardar Azmoun,21,Centre-Forward,Rostov,"End of loanJun 30, 2016",in,Summer,0,Premier Liga,2016,2016/2017
Rubin Kazan,Igor Portnyagin,27,Centre-Forward,Loko Moscow,£2.70m,out,Summer,2.7,Premier Liga,2016,2016/2017
Rubin Kazan,Sardar Azmoun,21,Centre-Forward,Rostov,£2.07m,out,Summer,2.07,Premier Liga,2016,2016/2017
Rubin Kazan,Mauricio Lemos,20,Centre-Back,UD Las Palmas,£1.80m,out,Summer,1.8,Premier Liga,2016,2016/2017
Rubin Kazan,Blagoy Georgiev,34,Central Midfield,Orenburg,Free transfer,out,Summer,0,Premier Liga,2016,2016/2017
Rubin Kazan,Shota Bibilov,26,Right Winger,Volga-Olimpiets,Free transfer,out,Summer,0,Premier Liga,2016,2016/2017
Rubin Kazan,Marko Livaja,22,Centre-Forward,UD Las Palmas,Free transfer,out,Summer,0,Premier Liga,2016,2016/2017
Rubin Kazan,Mubarak Wakaso,25,Central Midfield,Panathinaikos,Free transfer,out,Summer,0,Premier Liga,2016,2016/2017
Rubin Kazan,Sergey Kislyak,28,Defensive Midfield,Gaziantepspor,Free transfer,out,Summer,0,Premier Liga,2016,2016/2017
Rubin Kazan,Aleksandr Filtsov,26,Goalkeeper,Arsenal Tula,Loan,out,Summer,0,Premier Liga,2016,2016/2017
Rubin Kazan,Albert Sharipov,23,Central Midfield,Neftekhimik,Loan,out,Summer,0,Premier Liga,2016,2016/2017
Rubin Kazan,Vladimir Sobolev,25,Right Midfield,Neftekhimik,Loan,out,Summer,0,Premier Liga,2016,2016/2017
Rubin Kazan,Maksim Batov,24,Central Midfield,Orenburg,Loan,out,Summer,0,Premier Liga,2016,2016/2017
Rubin Kazan,Kamil Mullin,22,Centre-Forward,Neftekhimik,Loan,out,Summer,0,Premier Liga,2016,2016/2017
Rubin Kazan,Mamuka Kobakhidze,23,Centre-Back,Neftekhimik,Loan,out,Summer,0,Premier Liga,2016,2016/2017
Rubin Kazan,Andriy Pylyavskyi,27,Centre-Back,Vorskla,Loan,out,Summer,0,Premier Liga,2016,2016/2017
Rubin Kazan,Guillermo Cotugno,21,Right-Back,CA Talleres,Loan,out,Summer,0,Premier Liga,2016,2016/2017
Rubin Kazan,Sergey Davydov,30,Centre-Forward,Without Club,-,out,Summer,0,Premier Liga,2016,2016/2017
Spartak Moscow,Fernando,24,Defensive Midfield,Sampdoria,£11.25m,in,Summer,11.25,Premier Liga,2016,2016/2017
Spartak Moscow,Roman Zobnin,22,Central Midfield,Dynamo Moscow,£2.70m,in,Summer,2.7,Premier Liga,2016,2016/2017
Spartak Moscow,Maurício,27,Centre-Back,Lazio,Loan fee:£450Th.,in,Summer,0.45,Premier Liga,2016,2016/2017
Spartak Moscow,Andrey Eshchenko,32,Right-Back,Anzhi,Free transfer,in,Summer,0,Premier Liga,2016,2016/2017
Spartak Moscow,Pavel Yakovlev,25,Left Winger,KS Samara,"End of loanJun 30, 2016",in,Summer,0,Premier Liga,2016,2016/2017
Spartak Moscow,Tino Costa,31,Central Midfield,Fiorentina,"End of loanJun 30, 2016",in,Summer,0,Premier Liga,2016,2016/2017
Spartak Moscow,Serdar Tasci,29,Centre-Back,Bayern Munich,"End of loanJun 30, 2016",in,Summer,0,Premier Liga,2016,2016/2017
Spartak Moscow,Denis Davydov,21,Centre-Forward,Mladá Boleslav,"End of loanJun 30, 2016",in,Summer,0,Premier Liga,2016,2016/2017
Spartak Moscow,Sergey Bryzgalov,23,Centre-Back,Terek Grozny,Free transfer,out,Summer,0,Premier Liga,2016,2016/2017
Spartak Moscow,Aleksandr Zotov,25,Central Midfield,Dynamo Moscow,Free transfer,out,Summer,0,Premier Liga,2016,2016/2017
Spartak Moscow,Kirill Kombarov,29,Right-Back,Tom Tomsk,Free transfer,out,Summer,0,Premier Liga,2016,2016/2017
Spartak Moscow,Tino Costa,31,Central Midfield,San Lorenzo,Free transfer,out,Summer,0,Premier Liga,2016,2016/2017
Spartak Moscow,Vladimir Granat,29,Centre-Back,Rostov,Free transfer,out,Summer,0,Premier Liga,2016,2016/2017
Spartak Moscow,Sergey Parshivlyuk,27,Right-Back,Anzhi,Free transfer,out,Summer,0,Premier Liga,2016,2016/2017
Spartak Moscow,Pavel Yakovlev,25,Left Winger,Anzhi,Free transfer,out,Summer,0,Premier Liga,2016,2016/2017
Terek Grozny,Bekim Balaj,25,Centre-Forward,HNK Rijeka,£1.80m,in,Summer,1.8,Premier Liga,2016,2016/2017
Terek Grozny,Gabriel Torje,26,Right Winger,Udinese Calcio,£900Th.,in,Summer,0.9,Premier Liga,2016,2016/2017
Terek Grozny,Odise Roshi,25,Right Winger,HNK Rijeka,£450Th.,in,Summer,0.45,Premier Liga,2016,2016/2017
Terek Grozny,Wílker Ángel,23,Centre-Back,Táchira,£450Th.,in,Summer,0.45,Premier Liga,2016,2016/2017
Terek Grozny,Sergey Bryzgalov,23,Centre-Back,Spartak Moscow,Free transfer,in,Summer,0,Premier Liga,2016,2016/2017
Terek Grozny,Ismail Aissati,27,Attacking Midfield,Alanyaspor,Free transfer,out,Summer,0,Premier Liga,2016,2016/2017
Terek Grozny,Kanu,28,Central Midfield,Buriram Utd.,Free transfer,out,Summer,0,Premier Liga,2016,2016/2017
Terek Grozny,Maciej Rybus,26,Left-Back,Olympique Lyon,Free transfer,out,Summer,0,Premier Liga,2016,2016/2017
Terek Grozny,Tedore Grigalashvili,23,Centre-Back,Saburtalo,Free transfer,out,Summer,0,Premier Liga,2016,2016/2017
Terek Grozny,Juhani Ojala,27,Centre-Back,SJK Seinäjoki,Free transfer,out,Summer,0,Premier Liga,2016,2016/2017
Terek Grozny,Luke Wilkshire,34,Right-Back,Dynamo Moscow,Free transfer,out,Summer,0,Premier Liga,2016,2016/2017
Terek Grozny,Marcin Komorowski,32,Centre-Back,Without Club,-,out,Summer,0,Premier Liga,2016,2016/2017
Tom Tomsk,Aleksandr Kasyan,27,Centre-Forward,Fakel Voronezh,Free transfer,in,Summer,0,Premier Liga,2016,2016/2017
Tom Tomsk,Aleksandr Zhirov,25,Centre-Back,Anzhi,Free transfer,in,Summer,0,Premier Liga,2016,2016/2017
Tom Tomsk,Ognjen Vranjes,26,Centre-Back,Sporting Gijón,Free transfer,in,Summer,0,Premier Liga,2016,2016/2017
Tom Tomsk,Ante Puljic,28,Centre-Back,KAA Gent,Free transfer,in,Summer,0,Premier Liga,2016,2016/2017
Tom Tomsk,Lukas Droppa,27,Defensive Midfield,Pandurii,Free transfer,in,Summer,0,Premier Liga,2016,2016/2017
Tom Tomsk,Artem Popov,23,Right Winger,Zenit 2 S-Pb,Free transfer,in,Summer,0,Premier Liga,2016,2016/2017
Tom Tomsk,Eric Bicfalvi,28,Attacking Midfield,Dinamo Bucarest,Free transfer,in,Summer,0,Premier Liga,2016,2016/2017
Tom Tomsk,Kirill Kombarov,29,Right-Back,Spartak Moscow,Free transfer,in,Summer,0,Premier Liga,2016,2016/2017
Tom Tomsk,Aslan Dudiev,26,Right-Back,Mordovia,Free transfer,in,Summer,0,Premier Liga,2016,2016/2017
Tom Tomsk,Maksim Tishkin,26,Right-Back,Mordovia,Free transfer,in,Summer,0,Premier Liga,2016,2016/2017
Tom Tomsk,Sergey Samodin,31,Centre-Forward,Mordovia,Free transfer,in,Summer,0,Premier Liga,2016,2016/2017
Tom Tomsk,Kyrylo Kovalchuk,30,Central Midfield,Karsiyaka,Free transfer,in,Summer,0,Premier Liga,2016,2016/2017
Tom Tomsk,David Jablonsky,24,Centre-Back,FK Teplice,Free transfer,in,Summer,0,Premier Liga,2016,2016/2017
Tom Tomsk,Vitali Djakov,27,Centre-Back,Dynamo Moscow,Loan,in,Summer,0,Premier Liga,2016,2016/2017
Tom Tomsk,Anton Kochenkov,29,Goalkeeper,Loko Moscow,Loan,in,Summer,0,Premier Liga,2016,2016/2017
Tom Tomsk,Petr Ten,23,Left-Back,CSKA Moscow II,?,in,Summer,NA,Premier Liga,2016,2016/2017
Tom Tomsk,Pavel Kudryashov,19,Right Winger,Tom 2 Tomsk,-,in,Summer,0,Premier Liga,2016,2016/2017
Tom Tomsk,Artem Yarmolitskiy,22,Centre-Back,MIKA Ashtarak,"End of loanJun 30, 2016",in,Summer,0,Premier Liga,2016,2016/2017
Tom Tomsk,Ivan Temnikov,27,Right-Back,Dynamo Moscow,Free transfer,out,Summer,0,Premier Liga,2016,2016/2017
Tom Tomsk,Anzor Sanaia,27,Centre-Forward,Orenburg,Free transfer,out,Summer,0,Premier Liga,2016,2016/2017
Tom Tomsk,Aleksandr Cherevko,28,Right-Back,SKA Khabarovsk,Free transfer,out,Summer,0,Premier Liga,2016,2016/2017
Tom Tomsk,Evgeniy Bashkirov,24,Central Midfield,KS Samara,Free transfer,out,Summer,0,Premier Liga,2016,2016/2017
Tom Tomsk,Pavel Nekhajchik,27,Left Winger,Orenburg,Free transfer,out,Summer,0,Premier Liga,2016,2016/2017
Tom Tomsk,Daniil Chalov,22,Centre-Back,Mordovia,Free transfer,out,Summer,0,Premier Liga,2016,2016/2017
Tom Tomsk,Oleg Chuvaev,28,Goalkeeper,Zorya Lugansk,Free transfer,out,Summer,0,Premier Liga,2016,2016/2017
Tom Tomsk,Sergey Bendz,33,Centre-Back,Kuban Krasnodar,Free transfer,out,Summer,0,Premier Liga,2016,2016/2017
Tom Tomsk,Martin Jiranek,37,Centre-Back,1.FK Pribram,Free transfer,out,Summer,0,Premier Liga,2016,2016/2017
Tom Tomsk,Nikita Bazhenov,31,Centre-Forward,Without Club,-,out,Summer,0,Premier Liga,2016,2016/2017
Tom Tomsk,Andrey Dyrdin,21,Defensive Midfield,Retired,-,out,Summer,0,Premier Liga,2016,2016/2017
Tom Tomsk,Artem Yarmolitskiy,22,Centre-Back,Without Club,-,out,Summer,0,Premier Liga,2016,2016/2017
Tom Tomsk,Petr Nemov,32,Right Midfield,Retired,-,out,Summer,0,Premier Liga,2016,2016/2017
Tom Tomsk,Georgi Dzhioev,30,Centre-Back,Retired,-,out,Summer,0,Premier Liga,2016,2016/2017
Tom Tomsk,Georgi Nurov,24,Right Winger,Ural,"End of loanJun 30, 2016",out,Summer,0,Premier Liga,2016,2016/2017
Tom Tomsk,Petr Ten,23,Left-Back,CSKA Moscow II,"End of loanJun 30, 2016",out,Summer,0,Premier Liga,2016,2016/2017
Tom Tomsk,Aleksandr Krivoruchko,31,Goalkeeper,Anzhi,"End of loanJun 30, 2016",out,Summer,0,Premier Liga,2016,2016/2017
Tom Tomsk,Albert Sharipov,23,Central Midfield,Rubin Kazan,"End of loanJun 30, 2016",out,Summer,0,Premier Liga,2016,2016/2017
Tom Tomsk,Vitali Shakhov,25,Centre-Back,Fakel Voronezh,"End of loanJun 30, 2016",out,Summer,0,Premier Liga,2016,2016/2017
FK Ufa,Kehinde Fatai,26,Centre-Forward,Sparta Praha,£1.17m,in,Summer,1.17,Premier Liga,2016,2016/2017
FK Ufa,Andrey Batyutin,21,Left Winger,Krasnodar 2,Free transfer,in,Summer,0,Premier Liga,2016,2016/2017
FK Ufa,Islamnur Abdulavov,22,Centre-Forward,Anzhi,Free transfer,in,Summer,0,Premier Liga,2016,2016/2017
FK Ufa,Mikhail Borodjko,22,Goalkeeper,Enisey,Free transfer,in,Summer,0,Premier Liga,2016,2016/2017
FK Ufa,Ivan Oblyakov,17,Central Midfield,SShOR Zenit,£8Th.,in,Summer,0.008,Premier Liga,2016,2016/2017
FK Ufa,Viktor Vasin,27,Centre-Back,CSKA Moscow,Loan,in,Summer,0,Premier Liga,2016,2016/2017
FK Ufa,Ondrej Vanek,25,Central Midfield,Viktoria Plzen,?,in,Summer,NA,Premier Liga,2016,2016/2017
FK Ufa,Dmitri Zhivoglyadov,22,Right-Back,Dynamo Moscow,?,in,Summer,NA,Premier Liga,2016,2016/2017
FK Ufa,Bogdan Sarnavskyi,21,Goalkeeper,Without Club,-,in,Summer,0,Premier Liga,2016,2016/2017
FK Ufa,Aleksandr Vasiljev,24,Right Winger,Torpedo Armavir,"End of loanJun 30, 2016",in,Summer,0,Premier Liga,2016,2016/2017
FK Ufa,Anton Kilin,25,Right Winger,KamAZ,"End of loanJun 30, 2016",in,Summer,0,Premier Liga,2016,2016/2017
FK Ufa,Nikita Bezlikhotnov,25,Right Winger,SKA-Energia,"End of loanJun 30, 2016",in,Summer,0,Premier Liga,2016,2016/2017
FK Ufa,David Yurchenko,30,Goalkeeper,Anzhi,"End of loanJun 30, 2016",in,Summer,0,Premier Liga,2016,2016/2017
FK Ufa,Maksim Semakin,32,Central Midfield,Luch Vladivostok,"End of loanJun 30, 2016",in,Summer,0,Premier Liga,2016,2016/2017
FK Ufa,Oleksandr Zinchenko,19,Left-Back,Man City,£1.80m,out,Summer,1.8,Premier Liga,2016,2016/2017
FK Ufa,Semen Fomin,28,Central Midfield,Ararat Moskau,Free transfer,out,Summer,0,Premier Liga,2016,2016/2017
FK Ufa,Haris Handzic,26,Centre-Forward,HNK Rijeka,Free transfer,out,Summer,0,Premier Liga,2016,2016/2017
FK Ufa,Nikita Bezlikhotnov,25,Right Winger,Sibir,Free transfer,out,Summer,0,Premier Liga,2016,2016/2017
FK Ufa,David Yurchenko,30,Goalkeeper,Anzhi,Free transfer,out,Summer,0,Premier Liga,2016,2016/2017
FK Ufa,Anton Kilin,25,Right Winger,Luch Vladivostok,Free transfer,out,Summer,0,Premier Liga,2016,2016/2017
FK Ufa,Evgeniy Osipov,29,Centre-Back,Mordovia,Free transfer,out,Summer,0,Premier Liga,2016,2016/2017
FK Ufa,Aleksandr Katsalapov,30,Left-Back,Orenburg,Free transfer,out,Summer,0,Premier Liga,2016,2016/2017
FK Ufa,Maksim Semakin,32,Central Midfield,Enisey,Loan,out,Summer,0,Premier Liga,2016,2016/2017
FK Ufa,Sergey Narubin,34,Goalkeeper,Dynamo Moscow,?,out,Summer,NA,Premier Liga,2016,2016/2017
FK Ufa,Ivan Paurevic,25,Defensive Midfield,Huddersfield,?,out,Summer,NA,Premier Liga,2016,2016/2017
FK Ufa,Aleksandr Vasiljev,24,Right Winger,Neftekhimik,Loan,out,Summer,0,Premier Liga,2016,2016/2017
FK Ufa,Marvin Pourié,25,Centre-Forward,FC Copenhagen,"End of loanJun 30, 2016",out,Summer,0,Premier Liga,2016,2016/2017
Ural Yekaterinburg,Radovan Pankov,20,Centre-Back,Vojvodina,£270Th.,in,Summer,0.27,Premier Liga,2016,2016/2017
Ural Yekaterinburg,Roman Pavlyuchenko,34,Centre-Forward,Kuban Krasnodar,Free transfer,in,Summer,0,Premier Liga,2016,2016/2017
Ural Yekaterinburg,Giorgi Chanturia,23,Right Winger,MSV Duisburg,Free transfer,in,Summer,0,Premier Liga,2016,2016/2017
Ural Yekaterinburg,Jean-Jacques Bougouhi,24,Centre-Forward,Armavir,Free transfer,in,Summer,0,Premier Liga,2016,2016/2017
Ural Yekaterinburg,Aleksandr Pavlenko,31,Central Midfield,Shinnik,Free transfer,in,Summer,0,Premier Liga,2016,2016/2017
Ural Yekaterinburg,Georgi Zhukov,21,Central Midfield,Standard Res.,?,in,Summer,NA,Premier Liga,2016,2016/2017
Ural Yekaterinburg,Mohamed Konaté,18,Centre-Forward,FC Saxan,?,in,Summer,NA,Premier Liga,2016,2016/2017
Ural Yekaterinburg,Rezo Gavtadze,20,Left Midfield,Ural II,-,in,Summer,0,Premier Liga,2016,2016/2017
Ural Yekaterinburg,Sergey Podoksenov,18,Central Midfield,Ural II,-,in,Summer,0,Premier Liga,2016,2016/2017
Ural Yekaterinburg,Denis Fomin,20,Centre-Back,Tambov,"End of loanAug 17, 2016",in,Summer,0,Premier Liga,2016,2016/2017
Ural Yekaterinburg,Georgi Nurov,24,Right Winger,Tom Tomsk,"End of loanJun 30, 2016",in,Summer,0,Premier Liga,2016,2016/2017
Ural Yekaterinburg,Denis Fomin,20,Centre-Back,Tekstilshchik,"End of loanJun 30, 2016",in,Summer,0,Premier Liga,2016,2016/2017
Ural Yekaterinburg,Denis Dorozhkin,29,Centre-Forward,Tambov,Free transfer,out,Summer,0,Premier Liga,2016,2016/2017
Ural Yekaterinburg,Aleksandr Sapeta,27,Central Midfield,Dynamo Moscow,Free transfer,out,Summer,0,Premier Liga,2016,2016/2017
Ural Yekaterinburg,Spartak Gogniev,35,Centre-Forward,Kuban Krasnodar,Free transfer,out,Summer,0,Premier Liga,2016,2016/2017
Ural Yekaterinburg,Denis Fomin,20,Centre-Back,Tambov,Loan,out,Summer,0,Premier Liga,2016,2016/2017
Ural Yekaterinburg,Dmytro Bilonog,21,Right Winger,Zirka,Loan,out,Summer,0,Premier Liga,2016,2016/2017
Ural Yekaterinburg,Denis Fomin,20,Centre-Back,Tekstilshchik,Loan,out,Summer,0,Premier Liga,2016,2016/2017
Ural Yekaterinburg,Yuri Zhevnov,35,Goalkeeper,Retired,-,out,Summer,0,Premier Liga,2016,2016/2017
Ural Yekaterinburg,Kostyantyn Yaroshenko,29,Attacking Midfield,Without Club,-,out,Summer,0,Premier Liga,2016,2016/2017
Ural Yekaterinburg,Aleksandr Martynovich,28,Centre-Back,Krasnodar,"End of loanJun 30, 2016",out,Summer,0,Premier Liga,2016,2016/2017
Ural Yekaterinburg,Nikita Burmistrov,26,Right Winger,Krasnodar,"End of loanJun 30, 2016",out,Summer,0,Premier Liga,2016,2016/2017
Ural Yekaterinburg,Aleksandr Ryazantsev,29,Central Midfield,Zenit S-Pb,"End of loanJun 30, 2016",out,Summer,0,Premier Liga,2016,2016/2017
Zenit St. Petersburg,Giuliano,26,Attacking Midfield,Grêmio,£6.30m,in,Summer,6.3,Premier Liga,2016,2016/2017
Zenit St. Petersburg,Robert Mak,25,Left Winger,PAOK Salonika,£3.15m,in,Summer,3.15,Premier Liga,2016,2016/2017
Zenit St. Petersburg,Ivan Novoseltsev,25,Centre-Back,Rostov,£900Th.,in,Summer,0.9,Premier Liga,2016,2016/2017
Zenit St. Petersburg,Pavel Mogilevets,23,Central Midfield,Rostov,"End of loanJun 30, 2016",in,Summer,0,Premier Liga,2016,2016/2017
Zenit St. Petersburg,Luka Djordjevic,21,Centre-Forward,Ponferradina,"End of loanJun 30, 2016",in,Summer,0,Premier Liga,2016,2016/2017
Zenit St. Petersburg,Aleksandr Kerzhakov,33,Centre-Forward,FC Zürich,"End of loanJun 30, 2016",in,Summer,0,Premier Liga,2016,2016/2017
Zenit St. Petersburg,Aleksandr Ryazantsev,29,Central Midfield,Ural,"End of loanJun 30, 2016",in,Summer,0,Premier Liga,2016,2016/2017
Zenit St. Petersburg,Ivan Solovjev,23,Left Winger,FC Lahti,"End of loanJun 30, 2016",in,Summer,0,Premier Liga,2016,2016/2017
Zenit St. Petersburg,Cristian Ansaldi,29,Left-Back,Genoa,"End of loanJun 30, 2016",in,Summer,0,Premier Liga,2016,2016/2017
Zenit St. Petersburg,Hulk,29,Right Winger,SH SIPG,£50.22m,out,Summer,50.22,Premier Liga,2016,2016/2017
Zenit St. Petersburg,Ezequiel Garay,29,Centre-Back,Valencia,£21.60m,out,Summer,21.6,Premier Liga,2016,2016/2017
Zenit St. Petersburg,Cristian Ansaldi,29,Left-Back,Genoa,£3.60m,out,Summer,3.6,Premier Liga,2016,2016/2017
Zenit St. Petersburg,Ivan Solovjev,23,Left Winger,Fakel Voronezh,Free transfer,out,Summer,0,Premier Liga,2016,2016/2017
Zenit St. Petersburg,Vyacheslav Malafeev,37,Goalkeeper,Retired,-,out,Summer,0,Premier Liga,2016,2016/2017
Amkar Perm,Aleksey Gasilin,20,Centre-Forward,Zenit 2 S-Pb,Free transfer,in,Winter,0,Premier Liga,2016,2016/2017
Amkar Perm,Denis Vambolt,21,Goalkeeper,Baltika,£36Th.,in,Winter,0.036,Premier Liga,2016,2016/2017
Amkar Perm,Robert Arzumanyan,31,Centre-Back,Shakhter K.,"End of loanDec 31, 2016",in,Winter,0,Premier Liga,2016,2016/2017
Amkar Perm,Soslan Takazov,23,Centre-Back,Tyumen,"End of loanDec 31, 2016",in,Winter,0,Premier Liga,2016,2016/2017
Amkar Perm,Oleg Mishchenko,27,Right Winger,Ilyichivets,"End of loanDec 31, 2016",in,Winter,0,Premier Liga,2016,2016/2017
Amkar Perm,Aleksandr Selikhov,22,Goalkeeper,Spartak Moscow,£3.15m,out,Winter,3.15,Premier Liga,2016,2016/2017
Amkar Perm,Georgiy Dzhikiya,23,Centre-Back,Spartak Moscow,£2.12m,out,Winter,2.12,Premier Liga,2016,2016/2017
Amkar Perm,Soslan Takazov,23,Centre-Back,Volgar,Loan,out,Winter,0,Premier Liga,2016,2016/2017
Amkar Perm,Chuma Anene,23,Centre-Forward,Kairat Almaty,?,out,Winter,NA,Premier Liga,2016,2016/2017
Amkar Perm,Robert Arzumanyan,31,Centre-Back,Without Club,-,out,Winter,0,Premier Liga,2016,2016/2017
Anzhi Makhachkala,Pavel Dolgov,20,Centre-Forward,Zenit 2 S-Pb,£243Th.,in,Winter,0.243,Premier Liga,2016,2016/2017
Anzhi Makhachkala,Aslan Dudiev,26,Right-Back,Tom Tomsk,Free transfer,in,Winter,0,Premier Liga,2016,2016/2017
Anzhi Makhachkala,Andrey Lyakh,26,Defensive Midfield,Tom Tomsk,Free transfer,in,Winter,0,Premier Liga,2016,2016/2017
Anzhi Makhachkala,Sergey Bryzgalov,24,Centre-Back,Terek Grozny,Free transfer,in,Winter,0,Premier Liga,2016,2016/2017
Anzhi Makhachkala,Shamil Asildarov,33,Centre-Forward,Tobol Kostanay,Free transfer,in,Winter,0,Premier Liga,2016,2016/2017
Anzhi Makhachkala,Arsen Khubulov,26,Right Winger,Kuban Krasnodar,Free transfer,in,Winter,0,Premier Liga,2016,2016/2017
Anzhi Makhachkala,Aleksandr Prudnikov,27,Centre-Forward,Orenburg,Free transfer,in,Winter,0,Premier Liga,2016,2016/2017
Anzhi Makhachkala,Guram Tetrashvili,28,Defensive Midfield,Tosno,Free transfer,in,Winter,0,Premier Liga,2016,2016/2017
Anzhi Makhachkala,Thomas Phibel,30,Centre-Back,Red Star,Free transfer,in,Winter,0,Premier Liga,2016,2016/2017
Anzhi Makhachkala,Maksim Batov,24,Central Midfield,Rubin Kazan,?,in,Winter,NA,Premier Liga,2016,2016/2017
Anzhi Makhachkala,Aleksandr Zhirov,26,Centre-Back,Krasnodar,Loan,in,Winter,0,Premier Liga,2016,2016/2017
Anzhi Makhachkala,Aleksandr Filtsov,26,Goalkeeper,Rubin Kazan,Loan,in,Winter,0,Premier Liga,2016,2016/2017
Anzhi Makhachkala,Adlan Katsaev,28,Attacking Midfield,Terek Grozny,Loan,in,Winter,0,Premier Liga,2016,2016/2017
Anzhi Makhachkala,Saeid Ezatolahi,20,Defensive Midfield,Rostov,Loan,in,Winter,0,Premier Liga,2016,2016/2017
Anzhi Makhachkala,Ayaz Guliev,20,Central Midfield,Spartak 2,Loan,in,Winter,0,Premier Liga,2016,2016/2017
Anzhi Makhachkala,Felicio Brown Forbes,25,Centre-Forward,Arsenal Tula,Loan,in,Winter,0,Premier Liga,2016,2016/2017
Anzhi Makhachkala,Maksym Bilyi,26,Centre-Back,Without Club,-,in,Winter,0,Premier Liga,2016,2016/2017
Anzhi Makhachkala,Kamil Agalarov,28,Defensive Midfield,Career break,-,in,Winter,0,Premier Liga,2016,2016/2017
Anzhi Makhachkala,Dmitri Kudryashov,33,Central Midfield,Career break,-,in,Winter,0,Premier Liga,2016,2016/2017
Anzhi Makhachkala,Mekhti Dzhenetov,24,Goalkeeper,Baltika,"End of loanDec 31, 2016",in,Winter,0,Premier Liga,2016,2016/2017
Anzhi Makhachkala,Bernard Berisha,25,Left Winger,Terek Grozny,£2.25m,out,Winter,2.25,Premier Liga,2016,2016/2017
Anzhi Makhachkala,Jonathan Mensah,26,Centre-Back,Columbus Crew,£450Th.,out,Winter,0.45,Premier Liga,2016,2016/2017
Anzhi Makhachkala,Mekhti Dzhenetov,24,Goalkeeper,Sumgayit,Free transfer,out,Winter,0,Premier Liga,2016,2016/2017
Anzhi Makhachkala,Anvar Gazimagomedov,28,Left Midfield,Armavir,Free transfer,out,Winter,0,Premier Liga,2016,2016/2017
Anzhi Makhachkala,Darko Lazic,22,Centre-Back,Alanyaspor,Free transfer,out,Winter,0,Premier Liga,2016,2016/2017
Anzhi Makhachkala,Gabriel Obertan,27,Attacking Midfield,Wigan,Free transfer,out,Winter,0,Premier Liga,2016,2016/2017
Anzhi Makhachkala,Ivo Ilicevic,30,Left Winger,Kairat Almaty,Free transfer,out,Winter,0,Premier Liga,2016,2016/2017
Anzhi Makhachkala,Lorenzo Ebecilio,25,Attacking Midfield,APOEL Nicosia,Free transfer,out,Winter,0,Premier Liga,2016,2016/2017
Anzhi Makhachkala,Ivan Maevskiy,28,Defensive Midfield,FC Astana,Free transfer,out,Winter,0,Premier Liga,2016,2016/2017
Anzhi Makhachkala,Ali Gadzhibekov,27,Centre-Back,KS Samara,Free transfer,out,Winter,0,Premier Liga,2016,2016/2017
Anzhi Makhachkala,Amadou Moutari,23,Left Winger,Ferencváros,?,out,Winter,NA,Premier Liga,2016,2016/2017
Anzhi Makhachkala,Aleksandr Belenov,30,Goalkeeper,Ufa,?,out,Winter,NA,Premier Liga,2016,2016/2017
Anzhi Makhachkala,Georgi Tigiev,21,Left-Back,Spartak Moscow,Loan,out,Winter,0,Premier Liga,2016,2016/2017
Anzhi Makhachkala,Yannick Boli,29,Centre-Forward,DL Yifang,?,out,Winter,NA,Premier Liga,2016,2016/2017
Anzhi Makhachkala,Karlen Mkrtchyan,28,Defensive Midfield,Without Club,-,out,Winter,0,Premier Liga,2016,2016/2017
Anzhi Makhachkala,Mohammed Rabiu,27,Defensive Midfield,Career break,-,out,Winter,0,Premier Liga,2016,2016/2017
Anzhi Makhachkala,Xandão,29,Centre-Back,Without Club,-,out,Winter,0,Premier Liga,2016,2016/2017
Anzhi Makhachkala,Cédric Yambéré,26,Centre-Back,G. Bordeaux,"End of loanDec 31, 2016",out,Winter,0,Premier Liga,2016,2016/2017
Arsenal Tula,Kirill Kombarov,29,Right-Back,Tom Tomsk,Free transfer,in,Winter,0,Premier Liga,2016,2016/2017
Arsenal Tula,Alexandru Bourceanu,31,Defensive Midfield,Steaua Bukarest,Free transfer,in,Winter,0,Premier Liga,2016,2016/2017
Arsenal Tula,Gia Grigalava,27,Centre-Back,Ethnikos,Free transfer,in,Winter,0,Premier Liga,2016,2016/2017
Arsenal Tula,Federico Rasic,24,Centre-Forward,Gimnasia,Free transfer,in,Winter,0,Premier Liga,2016,2016/2017
Arsenal Tula,Ivan Ivanov,28,Centre-Back,Panathinaikos,Free transfer,in,Winter,0,Premier Liga,2016,2016/2017
Arsenal Tula,Stoppila Sunzu,27,Centre-Back,LOSC Lille,Loan,in,Winter,0,Premier Liga,2016,2016/2017
Arsenal Tula,Mihail Aleksandrov,27,Left-Back,Legia Warszawa,Free transfer,in,Winter,0,Premier Liga,2016,2016/2017
Arsenal Tula,Moussa Doumbia,22,Left Winger,Rostov,Loan,in,Winter,0,Premier Liga,2016,2016/2017
Arsenal Tula,Vladimir Gabulov,33,Goalkeeper,Without Club,-,in,Winter,0,Premier Liga,2016,2016/2017
Arsenal Tula,Igor Kaleshin,33,Centre-Back,FK Sochi,Free transfer,out,Winter,0,Premier Liga,2016,2016/2017
Arsenal Tula,Khyzyr Appaev,26,Centre-Forward,Riga,Free transfer,out,Winter,0,Premier Liga,2016,2016/2017
Arsenal Tula,Andrey Gorbanets,31,Left Midfield,Taraz,Free transfer,out,Winter,0,Premier Liga,2016,2016/2017
Arsenal Tula,Ruslan Mukhametshin,35,Centre-Forward,Taraz,Free transfer,out,Winter,0,Premier Liga,2016,2016/2017
Arsenal Tula,Aleksandr Sheshukov,33,Centre-Back,Baltika,Free transfer,out,Winter,0,Premier Liga,2016,2016/2017
Arsenal Tula,Aleksandr Gorbatyuk,31,Centre-Back,Tambov,Free transfer,out,Winter,0,Premier Liga,2016,2016/2017
Arsenal Tula,Emmanuel Frimpong,25,Defensive Midfield,AFC Eskilstuna,Free transfer,out,Winter,0,Premier Liga,2016,2016/2017
Arsenal Tula,Felicio Brown Forbes,25,Centre-Forward,Anzhi,Loan,out,Winter,0,Premier Liga,2016,2016/2017
Arsenal Tula,Dmitri Aydov,34,Centre-Back,Gomel,Loan,out,Winter,0,Premier Liga,2016,2016/2017
Arsenal Tula,Roman Gerus,36,Goalkeeper,Retired,-,out,Winter,0,Premier Liga,2016,2016/2017
Arsenal Tula,Dmitri A. Smirnov,36,Central Midfield,Retired,-,out,Winter,0,Premier Liga,2016,2016/2017
Arsenal Tula,Sergey Maslov,26,Right Winger,Retired,-,out,Winter,0,Premier Liga,2016,2016/2017
Arsenal Tula,Lukas Tesak,31,Left-Back,Without Club,-,out,Winter,0,Premier Liga,2016,2016/2017
Arsenal Tula,Aleksandr Filtsov,26,Goalkeeper,Rubin Kazan,"End of loanDec 31, 2016",out,Winter,0,Premier Liga,2016,2016/2017
CSKA Moscow,Aaron Olanare,22,Centre-Forward,GZ R&F,Free transfer,in,Winter,0,Premier Liga,2016,2016/2017
CSKA Moscow,Fedor Chalov,18,Centre-Forward,CSKA Moscow II,-,in,Winter,0,Premier Liga,2016,2016/2017
CSKA Moscow,Vitinho,23,Left Winger,Internacional,"End of loanDec 31, 2016",in,Winter,0,Premier Liga,2016,2016/2017
CSKA Moscow,Viktor Vasin,28,Centre-Back,Ufa,"End of loanDec 31, 2016",in,Winter,0,Premier Liga,2016,2016/2017
CSKA Moscow,Carlos Strandberg,20,Centre-Forward,Club Brugge,£1.35m,out,Winter,1.35,Premier Liga,2016,2016/2017
CSKA Moscow,Lacina Traore,26,Centre-Forward,Monaco,"End of loanJan 30, 2017",out,Winter,0,Premier Liga,2016,2016/2017
CSKA Moscow,Aleksandrs Cauna,28,Defensive Midfield,Career break,-,out,Winter,0,Premier Liga,2016,2016/2017
FK Krasnodar,Viktor Claesson,25,Left Winger,Elfsborg,£1.80m,in,Winter,1.8,Premier Liga,2016,2016/2017
FK Krasnodar,Cristian Ramírez,22,Left-Back,Ferencváros,£1.35m,in,Winter,1.35,Premier Liga,2016,2016/2017
FK Krasnodar,Aleksandr Zhirov,25,Centre-Back,Tom Tomsk,Free transfer,in,Winter,0,Premier Liga,2016,2016/2017
FK Krasnodar,Roman Shishkin,30,Defensive Midfield,Loko Moscow,Loan,in,Winter,0,Premier Liga,2016,2016/2017
FK Krasnodar,Nikolay Komlichenko,21,Centre-Forward,Krasnodar 2,-,in,Winter,0,Premier Liga,2016,2016/2017
FK Krasnodar,Ilya Zhigulev,20,Central Midfield,Krasnodar 2,-,in,Winter,0,Premier Liga,2016,2016/2017
FK Krasnodar,Odil Akhmedov,29,Central Midfield,SH SIPG,£6.30m,out,Winter,6.3,Premier Liga,2016,2016/2017
FK Krasnodar,Eboue Kouassi,19,Defensive Midfield,Celtic,£3.15m,out,Winter,3.15,Premier Liga,2016,2016/2017
FK Krasnodar,Artur Jedrzejczyk,29,Centre-Back,Legia Warszawa,£810Th.,out,Winter,0.81,Premier Liga,2016,2016/2017
FK Krasnodar,Ari,31,Centre-Forward,Loko Moscow,Loan fee:£720Th.,out,Winter,0.72,Premier Liga,2016,2016/2017
FK Krasnodar,Aleksandr Zhirov,26,Centre-Back,Anzhi,Loan,out,Winter,0,Premier Liga,2016,2016/2017
FK Krasnodar,Marat Izmailov,34,Central Midfield,Career break,-,out,Winter,0,Premier Liga,2016,2016/2017
Krylya Sovetov Samara,Ali Gadzhibekov,27,Centre-Back,Anzhi,Free transfer,in,Winter,0,Premier Liga,2016,2016/2017
Krylya Sovetov Samara,Pavel Kudryashov,20,Right Winger,Tom Tomsk,Free transfer,in,Winter,0,Premier Liga,2016,2016/2017
Krylya Sovetov Samara,Sandro Tsveiba,23,Defensive Midfield,Aktobe,Free transfer,in,Winter,0,Premier Liga,2016,2016/2017
Krylya Sovetov Samara,Georgi Zotov,27,Right-Back,Kuban Krasnodar,Free transfer,in,Winter,0,Premier Liga,2016,2016/2017
Krylya Sovetov Samara,Aleksandr Hleb,35,Attacking Midfield,BATE Borisov,Free transfer,in,Winter,0,Premier Liga,2016,2016/2017
Krylya Sovetov Samara,Srdjan Mijailovic,23,Defensive Midfield,Kayserispor,Free transfer,in,Winter,0,Premier Liga,2016,2016/2017
Krylya Sovetov Samara,Artem Gromov,27,Centre-Forward,Dynamo Kyiv,Free transfer,in,Winter,0,Premier Liga,2016,2016/2017
Krylya Sovetov Samara,Aleksandr Zuev,20,Left Winger,Spartak Moscow,Loan,in,Winter,0,Premier Liga,2016,2016/2017
Krylya Sovetov Samara,Yohan Mollo,27,Left Winger,Zenit S-Pb,£2.70m,out,Winter,2.7,Premier Liga,2016,2016/2017
Krylya Sovetov Samara,Ibragim Tsallagov,26,Defensive Midfield,Zenit S-Pb,£360Th.,out,Winter,0.36,Premier Liga,2016,2016/2017
Krylya Sovetov Samara,Timofey Margasov,24,Right-Back,Loko Moscow,£225Th.,out,Winter,0.225,Premier Liga,2016,2016/2017
Krylya Sovetov Samara,Aleksey Kontsedalov,26,Centre-Back,Baltika,Free transfer,out,Winter,0,Premier Liga,2016,2016/2017
Krylya Sovetov Samara,Maksim Pavlov,27,Goalkeeper,Lada Togliatti,Loan,out,Winter,0,Premier Liga,2016,2016/2017
Krylya Sovetov Samara,Jerry Mbakogu,24,Centre-Forward,Carpi,"End of loanDec 31, 2016",out,Winter,0,Premier Liga,2016,2016/2017
Lokomotiv Moscow,Ari,31,Centre-Forward,Krasnodar,Loan fee:£720Th.,in,Winter,0.72,Premier Liga,2016,2016/2017
Lokomotiv Moscow,Timofey Margasov,24,Right-Back,KS Samara,£225Th.,in,Winter,0.225,Premier Liga,2016,2016/2017
Lokomotiv Moscow,Solomon Kvirkvelia,25,Centre-Back,Rubin Kazan,Loan,in,Winter,0,Premier Liga,2016,2016/2017
Lokomotiv Moscow,Jefferson Farfán,32,Right Winger,Without Club,-,in,Winter,0,Premier Liga,2016,2016/2017
Lokomotiv Moscow,Dmitri Loskov,43,Attacking Midfield,Career break,-,in,Winter,0,Premier Liga,2016,2016/2017
Lokomotiv Moscow,Anton Kochenkov,29,Goalkeeper,Tom Tomsk,"End of loanDec 31, 2016",in,Winter,0,Premier Liga,2016,2016/2017
Lokomotiv Moscow,Aleksandr Samedov,32,Right Winger,Spartak Moscow,£3.15m,out,Winter,3.15,Premier Liga,2016,2016/2017
Lokomotiv Moscow,Arseni Logashov,25,Right-Back,Tosno,Free transfer,out,Winter,0,Premier Liga,2016,2016/2017
Lokomotiv Moscow,Ezekiel Henty,23,Centre-Forward,FC Baniyas,Loan,out,Winter,0,Premier Liga,2016,2016/2017
Lokomotiv Moscow,Roman Shishkin,30,Defensive Midfield,Krasnodar,Loan,out,Winter,0,Premier Liga,2016,2016/2017
FK Orenburg,Michal Duris,28,Centre-Forward,Viktoria Plzen,£540Th.,in,Winter,0.54,Premier Liga,2016,2016/2017
FK Orenburg,Denis Popovic,27,Central Midfield,Wisla Kraków,£180Th.,in,Winter,0.18,Premier Liga,2016,2016/2017
FK Orenburg,Mikhail Sivakov,28,Centre-Back,Zorya Lugansk,Free transfer,in,Winter,0,Premier Liga,2016,2016/2017
FK Orenburg,Elguja Lobjanidze,24,Centre-Forward,Dinamo Batumi,Free transfer,in,Winter,0,Premier Liga,2016,2016/2017
FK Orenburg,Maksim Bordachev,30,Left-Back,Tom Tomsk,Loan,in,Winter,0,Premier Liga,2016,2016/2017
FK Orenburg,Mikhail Kerzhakov,29,Goalkeeper,Zenit S-Pb,Loan,in,Winter,0,Premier Liga,2016,2016/2017
FK Orenburg,Maksim Grigorjev,26,Right Winger,Rostov,Loan,in,Winter,0,Premier Liga,2016,2016/2017
FK Orenburg,Stanislav Dragun,28,Central Midfield,Dynamo Moscow,?,in,Winter,NA,Premier Liga,2016,2016/2017
FK Orenburg,Aleksandr Prudnikov,27,Centre-Forward,Anzhi,Free transfer,out,Winter,0,Premier Liga,2016,2016/2017
FK Orenburg,Artem Deljkin,26,Centre-Forward,Tambov,Loan,out,Winter,0,Premier Liga,2016,2016/2017
FK Orenburg,Farkhod Vasiev,26,Left-Back,Istiqlol,Loan,out,Winter,0,Premier Liga,2016,2016/2017
FK Orenburg,Aleksandr Katsalapov,30,Left-Back,Without Club,-,out,Winter,0,Premier Liga,2016,2016/2017
FK Orenburg,Yacouba Bamba,25,Attacking Midfield,Without Club,-,out,Winter,0,Premier Liga,2016,2016/2017
FK Orenburg,Maksim Batov,24,Central Midfield,Rubin Kazan,"End of loanDec 31, 2016",out,Winter,0,Premier Liga,2016,2016/2017
FK Rostov,Pavel Mogilevets,23,Central Midfield,Zenit S-Pb,£630Th.,in,Winter,0.63,Premier Liga,2016,2016/2017
FK Rostov,Marko Devic,33,Centre-Forward,Rubin Kazan,Free transfer,in,Winter,0,Premier Liga,2016,2016/2017
FK Rostov,Marko Simic,29,Centre-Back,Hapoel Tel Aviv,Free transfer,in,Winter,0,Premier Liga,2016,2016/2017
FK Rostov,Stas Pokatilov,24,Goalkeeper,Kairat Almaty,"End of loanDec 31, 2016",in,Winter,0,Premier Liga,2016,2016/2017
FK Rostov,Papa Gueye,32,Centre-Back,Aktobe,Free transfer,out,Winter,0,Premier Liga,2016,2016/2017
FK Rostov,Stas Pokatilov,24,Goalkeeper,Kairat Almaty,?,out,Winter,NA,Premier Liga,2016,2016/2017
FK Rostov,Saeid Ezatolahi,20,Defensive Midfield,Anzhi,Loan,out,Winter,0,Premier Liga,2016,2016/2017
FK Rostov,Maksim Grigorjev,26,Right Winger,Orenburg,Loan,out,Winter,0,Premier Liga,2016,2016/2017
FK Rostov,Moussa Doumbia,22,Left Winger,Arsenal Tula,Loan,out,Winter,0,Premier Liga,2016,2016/2017
FK Rostov,Dmitri Skopintsev,19,Left-Back,Baltika,Loan,out,Winter,0,Premier Liga,2016,2016/2017
Rubin Kazan,Andriy Pylyavskyi,28,Centre-Back,Vorskla,"End of loanDec 31, 2016",in,Winter,0,Premier Liga,2016,2016/2017
Rubin Kazan,Maksim Batov,24,Central Midfield,Orenburg,"End of loanDec 31, 2016",in,Winter,0,Premier Liga,2016,2016/2017
Rubin Kazan,Vladimir Sobolev,25,Right Midfield,Neftekhimik,"End of loanDec 31, 2016",in,Winter,0,Premier Liga,2016,2016/2017
Rubin Kazan,Aleksandr Filtsov,26,Goalkeeper,Arsenal Tula,"End of loanDec 31, 2016",in,Winter,0,Premier Liga,2016,2016/2017
Rubin Kazan,Marko Devic,33,Centre-Forward,Rostov,Free transfer,out,Winter,0,Premier Liga,2016,2016/2017
Rubin Kazan,Samu García,26,Right Winger,CD Leganés,Loan,out,Winter,0,Premier Liga,2016,2016/2017
Rubin Kazan,Emil Bergström,23,Centre-Back,Grasshoppers,Loan,out,Winter,0,Premier Liga,2016,2016/2017
Rubin Kazan,Chris Mavinga,25,Centre-Back,Toronto FC,?,out,Winter,NA,Premier Liga,2016,2016/2017
Rubin Kazan,Andriy Pylyavskyi,28,Centre-Back,Zorya Lugansk,Loan,out,Winter,0,Premier Liga,2016,2016/2017
Rubin Kazan,Aleksandr Filtsov,26,Goalkeeper,Anzhi,Loan,out,Winter,0,Premier Liga,2016,2016/2017
Rubin Kazan,Magomed Ozdoev,24,Central Midfield,Terek Grozny,Loan,out,Winter,0,Premier Liga,2016,2016/2017
Rubin Kazan,Maksim Batov,24,Central Midfield,Anzhi,?,out,Winter,NA,Premier Liga,2016,2016/2017
Rubin Kazan,Solomon Kvirkvelia,25,Centre-Back,Loko Moscow,Loan,out,Winter,0,Premier Liga,2016,2016/2017
Spartak Moscow,Aleksandr Selikhov,22,Goalkeeper,Amkar Perm,£3.15m,in,Winter,3.15,Premier Liga,2016,2016/2017
Spartak Moscow,Aleksandr Samedov,32,Right Winger,Loko Moscow,£3.15m,in,Winter,3.15,Premier Liga,2016,2016/2017
Spartak Moscow,Georgiy Dzhikiya,23,Centre-Back,Amkar Perm,£2.12m,in,Winter,2.12,Premier Liga,2016,2016/2017
Spartak Moscow,Luiz Adriano,29,Centre-Forward,AC Milan,Free transfer,in,Winter,0,Premier Liga,2016,2016/2017
Spartak Moscow,Georgi Tigiev,21,Left-Back,Anzhi,Loan,in,Winter,0,Premier Liga,2016,2016/2017
Spartak Moscow,Yura Movsisyan,29,Centre-Forward,Salt Lake,"End of loanDec 31, 2016",in,Winter,0,Premier Liga,2016,2016/2017
Spartak Moscow,Yura Movsisyan,29,Centre-Forward,Salt Lake,£2.70m,out,Winter,2.7,Premier Liga,2016,2016/2017
Spartak Moscow,Rômulo,26,Defensive Midfield,Flamengo,Free transfer,out,Winter,0,Premier Liga,2016,2016/2017
Spartak Moscow,Aleksandr Zuev,20,Left Winger,KS Samara,Loan,out,Winter,0,Premier Liga,2016,2016/2017
Terek Grozny,Bernard Berisha,25,Left Winger,Anzhi,£2.25m,in,Winter,2.25,Premier Liga,2016,2016/2017
Terek Grozny,Magomed Ozdoev,24,Central Midfield,Rubin Kazan,Loan,in,Winter,0,Premier Liga,2016,2016/2017
Terek Grozny,Norbert Gyomber,24,Centre-Back,AS Roma,Loan,in,Winter,0,Premier Liga,2016,2016/2017
Terek Grozny,Adlan Katsaev,28,Attacking Midfield,SKA Khabarovsk,"End of loanDec 31, 2016",in,Winter,0,Premier Liga,2016,2016/2017
Terek Grozny,Sergey Bryzgalov,24,Centre-Back,Anzhi,Free transfer,out,Winter,0,Premier Liga,2016,2016/2017
Terek Grozny,Adilson,30,Defensive Midfield,Atlético-MG,Free transfer,out,Winter,0,Premier Liga,2016,2016/2017
Terek Grozny,Pedro Ken,29,Defensive Midfield,Ceará SC,Free transfer,out,Winter,0,Premier Liga,2016,2016/2017
Terek Grozny,Adlan Katsaev,28,Attacking Midfield,Anzhi,Loan,out,Winter,0,Premier Liga,2016,2016/2017
Tom Tomsk,Aleksandr Melikhov,18,Goalkeeper,Tom Tomsk II,-,in,Winter,0,Premier Liga,2016,2016/2017
Tom Tomsk,Dmitri Osipov,20,Centre-Back,Tom Tomsk II,-,in,Winter,0,Premier Liga,2016,2016/2017
Tom Tomsk,Anton Miterev,20,Centre-Back,Tom Tomsk II,-,in,Winter,0,Premier Liga,2016,2016/2017
Tom Tomsk,Nikita Gvineyskiy,18,Defensive Midfield,Tom Tomsk II,-,in,Winter,0,Premier Liga,2016,2016/2017
Tom Tomsk,Aleksandr Sobolev,19,Centre-Forward,Tom Tomsk II,-,in,Winter,0,Premier Liga,2016,2016/2017
Tom Tomsk,Dmitri Sasin,20,Right Midfield,Tom Tomsk II,-,in,Winter,0,Premier Liga,2016,2016/2017
Tom Tomsk,Aleksandr Bukachev,20,Right-Back,Tom Tomsk II,-,in,Winter,0,Premier Liga,2016,2016/2017
Tom Tomsk,Daniil Bolshunov,19,Defensive Midfield,Tom Tomsk II,-,in,Winter,0,Premier Liga,2016,2016/2017
Tom Tomsk,Mark Karymov,18,Centre-Back,Tom Tomsk II,-,in,Winter,0,Premier Liga,2016,2016/2017
Tom Tomsk,Aleksandr Naumenko,19,Centre-Forward,Tom Tomsk II,-,in,Winter,0,Premier Liga,2016,2016/2017
Tom Tomsk,Ruslan Salakhutdinov,20,Left Midfield,Tom Tomsk II,-,in,Winter,0,Premier Liga,2016,2016/2017
Tom Tomsk,Maksim Tishkin,27,Right-Back,Baltika,Free transfer,out,Winter,0,Premier Liga,2016,2016/2017
Tom Tomsk,Kyrylo Kovalchuk,30,Central Midfield,Ordabasy,Free transfer,out,Winter,0,Premier Liga,2016,2016/2017
Tom Tomsk,Andrey Lyakh,26,Defensive Midfield,Anzhi,Free transfer,out,Winter,0,Premier Liga,2016,2016/2017
Tom Tomsk,Kirill Pogrebnyak,24,Centre-Forward,Zenit 2 S-Pb,Free transfer,out,Winter,0,Premier Liga,2016,2016/2017
Tom Tomsk,Pavel Kudryashov,20,Right Winger,KS Samara,Free transfer,out,Winter,0,Premier Liga,2016,2016/2017
Tom Tomsk,Eric Bicfalvi,28,Attacking Midfield,Ural,Free transfer,out,Winter,0,Premier Liga,2016,2016/2017
Tom Tomsk,Aleksandr Kasyan,28,Centre-Forward,Fakel Voronezh,Free transfer,out,Winter,0,Premier Liga,2016,2016/2017
Tom Tomsk,Petr Ten,24,Left-Back,Enisey,Free transfer,out,Winter,0,Premier Liga,2016,2016/2017
Tom Tomsk,Aslan Dudiev,26,Right-Back,Anzhi,Free transfer,out,Winter,0,Premier Liga,2016,2016/2017
Tom Tomsk,David Jablonsky,25,Centre-Back,Levski Sofia,Free transfer,out,Winter,0,Premier Liga,2016,2016/2017
Tom Tomsk,Lukas Droppa,27,Defensive Midfield,Bandirmaspor,Free transfer,out,Winter,0,Premier Liga,2016,2016/2017
Tom Tomsk,Aleksandr Zhirov,25,Centre-Back,Krasnodar,Free transfer,out,Winter,0,Premier Liga,2016,2016/2017
Tom Tomsk,Ognjen Vranjes,27,Centre-Back,AEK Athens,Free transfer,out,Winter,0,Premier Liga,2016,2016/2017
Tom Tomsk,Sergey Samodin,31,Centre-Forward,Enisey,Free transfer,out,Winter,0,Premier Liga,2016,2016/2017
Tom Tomsk,Kirill Kombarov,29,Right-Back,Arsenal Tula,Free transfer,out,Winter,0,Premier Liga,2016,2016/2017
Tom Tomsk,Maksim Bordachev,30,Left-Back,Orenburg,Loan,out,Winter,0,Premier Liga,2016,2016/2017
Tom Tomsk,Vitali Djakov,27,Centre-Back,Dynamo Moscow,"End of loanDec 31, 2016",out,Winter,0,Premier Liga,2016,2016/2017
Tom Tomsk,Anton Kochenkov,29,Goalkeeper,Loko Moscow,"End of loanDec 31, 2016",out,Winter,0,Premier Liga,2016,2016/2017
FK Ufa,Ivan Paurevic,25,Defensive Midfield,Huddersfield,Free transfer,in,Winter,0,Premier Liga,2016,2016/2017
FK Ufa,Catalin Carp,23,Defensive Midfield,FC Viitorul,Free transfer,in,Winter,0,Premier Liga,2016,2016/2017
FK Ufa,Bojan Jokic,30,Left-Back,Villarreal,Free transfer,in,Winter,0,Premier Liga,2016,2016/2017
FK Ufa,Aleksandr Putsko,23,Centre-Back,Spartak 2,?,in,Winter,NA,Premier Liga,2016,2016/2017
FK Ufa,Aleksandr Belenov,30,Goalkeeper,Anzhi,?,in,Winter,NA,Premier Liga,2016,2016/2017
FK Ufa,Aleksandr Vasiljev,24,Right Winger,Neftekhimik,"End of loanDec 31, 2016",in,Winter,0,Premier Liga,2016,2016/2017
FK Ufa,Andrey Lunev,25,Goalkeeper,Zenit S-Pb,£3.15m,out,Winter,3.15,Premier Liga,2016,2016/2017
FK Ufa,Bogdan Sarnavskyi,21,Goalkeeper,Vorskla,Free transfer,out,Winter,0,Premier Liga,2016,2016/2017
FK Ufa,Marcinho,30,Attacking Midfield,Gaziantepspor,Free transfer,out,Winter,0,Premier Liga,2016,2016/2017
FK Ufa,Diego,28,Left Winger,São Bento (SP),Free transfer,out,Winter,0,Premier Liga,2016,2016/2017
FK Ufa,Andrey Batyutin,21,Left Winger,Zenit 2 S-Pb,Loan,out,Winter,0,Premier Liga,2016,2016/2017
FK Ufa,Aleksandr Vasiljev,24,Right Winger,Career break,-,out,Winter,0,Premier Liga,2016,2016/2017
FK Ufa,Viktor Vasin,28,Centre-Back,CSKA Moscow,"End of loanDec 31, 2016",out,Winter,0,Premier Liga,2016,2016/2017
Ural Yekaterinburg,Aleksandr Lomakin,21,Central Midfield,Enisey,£144Th.,in,Winter,0.144,Premier Liga,2016,2016/2017
Ural Yekaterinburg,Gregor Balazic,28,Centre-Back,Partizan,Free transfer,in,Winter,0,Premier Liga,2016,2016/2017
Ural Yekaterinburg,Eric Bicfalvi,28,Attacking Midfield,Tom Tomsk,Free transfer,in,Winter,0,Premier Liga,2016,2016/2017
Ural Yekaterinburg,Vladimir Iljin,24,Centre-Forward,Kuban Krasnodar,Free transfer,in,Winter,0,Premier Liga,2016,2016/2017
Ural Yekaterinburg,Nikolay Dimitrov,29,Right Winger,Slavia Sofia,?,in,Winter,NA,Premier Liga,2016,2016/2017
Ural Yekaterinburg,Nikita Glushkov,22,Left Winger,Sibir,?,in,Winter,NA,Premier Liga,2016,2016/2017
Ural Yekaterinburg,Jimmy Tabidze,20,Centre-Back,KAA Gent II,Loan,in,Winter,0,Premier Liga,2016,2016/2017
Ural Yekaterinburg,Ivan Knyazev,24,Centre-Back,Riga,"End of loanDec 31, 2016",in,Winter,0,Premier Liga,2016,2016/2017
Ural Yekaterinburg,Georgi Zhukov,22,Central Midfield,Kairat Almaty,£900Th.,out,Winter,0.9,Premier Liga,2016,2016/2017
Ural Yekaterinburg,Edgar Manucharyan,29,Centre-Forward,Ratchaburi FC,Free transfer,out,Winter,0,Premier Liga,2016,2016/2017
Ural Yekaterinburg,Ivan Knyazev,24,Centre-Back,KK Shevchenko,Free transfer,out,Winter,0,Premier Liga,2016,2016/2017
Ural Yekaterinburg,Mohamed Konaté,19,Centre-Forward,Babite,Free transfer,out,Winter,0,Premier Liga,2016,2016/2017
Ural Yekaterinburg,Pablo Fontanello,32,Centre-Back,Ordabasy,Free transfer,out,Winter,0,Premier Liga,2016,2016/2017
Ural Yekaterinburg,Georgi Nurov,24,Right Winger,Patro Eisden,?,out,Winter,NA,Premier Liga,2016,2016/2017
Zenit St. Petersburg,Hernani,22,Defensive Midfield,Atlético-PR,£7.20m,in,Winter,7.2,Premier Liga,2016,2016/2017
Zenit St. Petersburg,Andrey Lunev,25,Goalkeeper,Ufa,£3.15m,in,Winter,3.15,Premier Liga,2016,2016/2017
Zenit St. Petersburg,Yohan Mollo,27,Left Winger,KS Samara,£2.70m,in,Winter,2.7,Premier Liga,2016,2016/2017
Zenit St. Petersburg,Ibragim Tsallagov,26,Defensive Midfield,KS Samara,£360Th.,in,Winter,0.36,Premier Liga,2016,2016/2017
Zenit St. Petersburg,Branislav Ivanovic,32,Centre-Back,Chelsea,Free transfer,in,Winter,0,Premier Liga,2016,2016/2017
Zenit St. Petersburg,Evgeniy Chernov,24,Left-Back,Zenit 2 S-Pb,-,in,Winter,0,Premier Liga,2016,2016/2017
Zenit St. Petersburg,Axel Witsel,27,Defensive Midfield,TJ Quanjian,£18.00m,out,Winter,18,Premier Liga,2016,2016/2017
Zenit St. Petersburg,Pavel Mogilevets,23,Central Midfield,Rostov,£630Th.,out,Winter,0.63,Premier Liga,2016,2016/2017
Zenit St. Petersburg,Vukasin Jovanovic,20,Centre-Back,G. Bordeaux,Loan,out,Winter,0,Premier Liga,2016,2016/2017
Zenit St. Petersburg,Mikhail Kerzhakov,29,Goalkeeper,Orenburg,Loan,out,Winter,0,Premier Liga,2016,2016/2017
