club_name,player_name,age,position,club_involved_name,fee,transfer_movement,transfer_period,fee_cleaned,league_name,year,season
Arsenal FC,Thomas Partey,27,Defensive Midfield,Atlético Madrid,£45.00m,in,Summer,45,Premier League,2020,2020/2021
Arsenal FC,Gabriel,22,Centre-Back,LOSC Lille,£23.40m,in,Summer,23.4,Premier League,2020,2020/2021
Arsenal FC,Pablo Marí,26,Centre-Back,Flamengo,£3.60m,in,Summer,3.6,Premier League,2020,2020/2021
Arsenal FC,Rúnar Alex Rúnarsson,25,Goalkeeper,Dijon,£1.80m,in,Summer,1.8,Premier League,2020,2020/2021
Arsenal FC,Cédric Soares,28,Right-Back,Southampton,free transfer,in,Summer,NA,Premier League,2020,2020/2021
Arsenal FC,Willian,32,Right Winger,Chelsea,free transfer,in,Summer,NA,Premier League,2020,2020/2021
Arsenal FC,Joe Willock,21,Central Midfield,Newcastle,"End of loanMay 31, 2021",in,Summer,0,Premier League,2020,2020/2021
Arsenal FC,Emile Smith Rowe,20,Central Midfield,Arsenal U23,-,in,Summer,0,Premier League,2020,2020/2021
Arsenal FC,William Saliba,19,Centre-Back,Saint-Étienne,"End of loanJun 30, 2020",in,Summer,0,Premier League,2020,2020/2021
Arsenal FC,Mohamed Elneny,28,Defensive Midfield,Besiktas,"End of loanAug 3, 2020",in,Summer,0,Premier League,2020,2020/2021
Arsenal FC,Henrikh Mkhitaryan,31,Attacking Midfield,AS Roma,"End of loanAug 31, 2020",in,Summer,0,Premier League,2020,2020/2021
Arsenal FC,Dejan Iliev,25,Goalkeeper,Jagiellonia,"End of loanJul 31, 2020",in,Summer,0,Premier League,2020,2020/2021
Arsenal FC,Emiliano Martínez,28,Goalkeeper,Aston Villa,£15.66m,out,Summer,15.66,Premier League,2020,2020/2021
Arsenal FC,Mattéo Guendouzi,21,Central Midfield,Hertha BSC,Loan fee:£900Th.,out,Summer,0.9,Premier League,2020,2020/2021
Arsenal FC,Konstantinos Mavropanos,22,Centre-Back,VfB Stuttgart,Loan fee:£225Th.,out,Summer,0.225,Premier League,2020,2020/2021
Arsenal FC,Henrikh Mkhitaryan,31,Attacking Midfield,AS Roma,free transfer,out,Summer,NA,Premier League,2020,2020/2021
Arsenal FC,Lucas Torreira,24,Defensive Midfield,Atlético Madrid,loan transfer,out,Summer,NA,Premier League,2020,2020/2021
Arsenal FC,Dejan Iliev,25,Goalkeeper,Shrewsbury,loan transfer,out,Summer,NA,Premier League,2020,2020/2021
Arsenal FC,Pablo Marí,26,Centre-Back,Flamengo,"End of loanJun 30, 2020",out,Summer,0,Premier League,2020,2020/2021
Arsenal FC,Cédric Soares,28,Right-Back,Southampton,"End of loanJun 30, 2020",out,Summer,0,Premier League,2020,2020/2021
Aston Villa,Ollie Watkins,24,Centre-Forward,Brentford,£27.72m,in,Summer,27.72,Premier League,2020,2020/2021
Aston Villa,Bertrand Traoré,25,Right Winger,Olympique Lyon,£16.56m,in,Summer,16.56,Premier League,2020,2020/2021
Aston Villa,Emiliano Martínez,28,Goalkeeper,Arsenal,£15.66m,in,Summer,15.66,Premier League,2020,2020/2021
Aston Villa,Matty Cash,23,Right-Back,Nottm Forest,£14.18m,in,Summer,14.18,Premier League,2020,2020/2021
Aston Villa,Ross Barkley,26,Central Midfield,Chelsea,loan transfer,in,Summer,NA,Premier League,2020,2020/2021
Aston Villa,Conor Hourihane,30,Central Midfield,Swansea,"End of loanMay 31, 2021",in,Summer,0,Premier League,2020,2020/2021
Aston Villa,Jacob Ramsey,19,Attacking Midfield,Aston Villa U23,-,in,Summer,0,Premier League,2020,2020/2021
Aston Villa,James Bree,22,Right-Back,Luton,"End of loanJul 23, 2020",in,Summer,0,Premier League,2020,2020/2021
Aston Villa,Lovre Kalinic,30,Goalkeeper,Toulouse,"End of loanJun 30, 2020",in,Summer,0,Premier League,2020,2020/2021
Aston Villa,Scott Hogan,28,Centre-Forward,Birmingham,£2.49m,out,Summer,2.49,Premier League,2020,2020/2021
Aston Villa,Rushian Hepburn-Murphy,21,Centre-Forward,Pafos FC,free transfer,out,Summer,NA,Premier League,2020,2020/2021
Aston Villa,Matija Sarkic,23,Goalkeeper,Wolves,free transfer,out,Summer,NA,Premier League,2020,2020/2021
Aston Villa,James Chester,31,Centre-Back,Stoke City,free transfer,out,Summer,NA,Premier League,2020,2020/2021
Aston Villa,Borja Bastón,28,Centre-Forward,CD Leganés,free transfer,out,Summer,NA,Premier League,2020,2020/2021
Aston Villa,Jota Peleteiro,29,Right Winger,Alavés,free transfer,out,Summer,NA,Premier League,2020,2020/2021
Aston Villa,James Bree,22,Right-Back,Luton,?,out,Summer,NA,Premier League,2020,2020/2021
Aston Villa,Mbwana Samatta,27,Centre-Forward,Fenerbahce,loan transfer,out,Summer,NA,Premier League,2020,2020/2021
Aston Villa,Ross Barkley,27,Central Midfield,Chelsea,"End of loanMay 31, 2021",out,Summer,0,Premier League,2020,2020/2021
Aston Villa,Andre Green,22,Left Winger,Without Club,-,out,Summer,0,Premier League,2020,2020/2021
Aston Villa,Örjan Nyland,30,Goalkeeper,Without Club,-,out,Summer,0,Premier League,2020,2020/2021
Aston Villa,Danny Drinkwater,30,Central Midfield,Chelsea,"End of loanJun 30, 2020",out,Summer,0,Premier League,2020,2020/2021
Aston Villa,Pepe Reina,37,Goalkeeper,AC Milan,"End of loanJul 31, 2020",out,Summer,0,Premier League,2020,2020/2021
Brighton & Hove Albion,Jakub Moder,21,Central Midfield,Lech Poznan,£9.90m,in,Summer,9.9,Premier League,2020,2020/2021
Brighton & Hove Albion,Michal Karbownik,19,Left-Back,Legia Warszawa,£4.95m,in,Summer,4.95,Premier League,2020,2020/2021
Brighton & Hove Albion,Andi Zeqiri,21,Centre-Forward,Lausanne-Sport,£3.60m,in,Summer,3.6,Premier League,2020,2020/2021
Brighton & Hove Albion,Jan Paul van Hecke,20,Centre-Back,NAC Breda,£1.80m,in,Summer,1.8,Premier League,2020,2020/2021
Brighton & Hove Albion,Joël Veltman,28,Centre-Back,Ajax,£900Th.,in,Summer,0.9,Premier League,2020,2020/2021
Brighton & Hove Albion,Adam Lallana,32,Attacking Midfield,Liverpool,free transfer,in,Summer,NA,Premier League,2020,2020/2021
Brighton & Hove Albion,Jayson Molumby,20,Central Midfield,Brighton U23,-,in,Summer,0,Premier League,2020,2020/2021
Brighton & Hove Albion,Matt Clarke,24,Centre-Back,Derby,"End of loanMay 31, 2021",in,Summer,0,Premier League,2020,2020/2021
Brighton & Hove Albion,Robert Sánchez,22,Goalkeeper,Brighton U23,-,in,Summer,0,Premier League,2020,2020/2021
Brighton & Hove Albion,Viktor Gyökeres,22,Centre-Forward,Coventry,"End of loanMay 31, 2021",in,Summer,0,Premier League,2020,2020/2021
Brighton & Hove Albion,Jayson Molumby,21,Central Midfield,Preston,"End of loanMay 31, 2021",in,Summer,0,Premier League,2020,2020/2021
Brighton & Hove Albion,Shane Duffy,29,Centre-Back,Celtic,"End of loanMay 31, 2021",in,Summer,0,Premier League,2020,2020/2021
Brighton & Hove Albion,Leo Östigard,21,Centre-Back,Coventry,"End of loanMay 31, 2021",in,Summer,0,Premier League,2020,2020/2021
Brighton & Hove Albion,Danny Welbeck,29,Centre-Forward,Without Club,-,in,Summer,0,Premier League,2020,2020/2021
Brighton & Hove Albion,Ben White,22,Centre-Back,Leeds,"End of loanJul 31, 2020",in,Summer,0,Premier League,2020,2020/2021
Brighton & Hove Albion,Leo Östigard,20,Centre-Back,FC St. Pauli,"End of loanJun 30, 2020",in,Summer,0,Premier League,2020,2020/2021
Brighton & Hove Albion,Anthony Knockaert,28,Right Winger,Fulham,"End of loanJul 26, 2020",in,Summer,0,Premier League,2020,2020/2021
Brighton & Hove Albion,Christian Walton,24,Goalkeeper,Blackburn,"End of loanJul 24, 2020",in,Summer,0,Premier League,2020,2020/2021
Brighton & Hove Albion,Viktor Gyökeres,22,Centre-Forward,FC St. Pauli,"End of loanJun 30, 2020",in,Summer,0,Premier League,2020,2020/2021
Brighton & Hove Albion,Percy Tau,26,Attacking Midfield,Club Brugge,"End of loanJun 30, 2020",in,Summer,0,Premier League,2020,2020/2021
Brighton & Hove Albion,Matt Clarke,23,Centre-Back,Derby,"End of loanJul 31, 2020",in,Summer,0,Premier League,2020,2020/2021
Brighton & Hove Albion,Florin Andone,27,Centre-Forward,Galatasaray,"End of loanAug 5, 2020",in,Summer,0,Premier League,2020,2020/2021
Brighton & Hove Albion,Tudor Baluta,21,Defensive Midfield,ADO Den Haag,"End of loanJun 30, 2020",in,Summer,0,Premier League,2020,2020/2021
Brighton & Hove Albion,Jan Mlakar,21,Centre-Forward,Wigan,"End of loanJul 31, 2020",in,Summer,0,Premier League,2020,2020/2021
Brighton & Hove Albion,Anthony Knockaert,28,Right Winger,Fulham,£10.53m,out,Summer,10.53,Premier League,2020,2020/2021
Brighton & Hove Albion,Aaron Mooy,29,Central Midfield,SH SIPG,£4.05m,out,Summer,4.05,Premier League,2020,2020/2021
Brighton & Hove Albion,Shane Duffy,28,Centre-Back,Celtic,Loan fee:£1.98m,out,Summer,1.98,Premier League,2020,2020/2021
Brighton & Hove Albion,Dale Stephens,31,Central Midfield,Burnley,£990Th.,out,Summer,0.99,Premier League,2020,2020/2021
Brighton & Hove Albion,David Button,31,Goalkeeper,West Brom,£990Th.,out,Summer,0.99,Premier League,2020,2020/2021
Brighton & Hove Albion,Michal Karbownik,19,Left-Back,Legia Warszawa,loan transfer,out,Summer,NA,Premier League,2020,2020/2021
Brighton & Hove Albion,Percy Tau,26,Attacking Midfield,RSC Anderlecht,loan transfer,out,Summer,NA,Premier League,2020,2020/2021
Brighton & Hove Albion,Jakub Moder,21,Central Midfield,Lech Poznan,loan transfer,out,Summer,NA,Premier League,2020,2020/2021
Brighton & Hove Albion,Martín Montoya,29,Right-Back,Real Betis,free transfer,out,Summer,NA,Premier League,2020,2020/2021
Brighton & Hove Albion,Glenn Murray,36,Centre-Forward,Watford,loan transfer,out,Summer,NA,Premier League,2020,2020/2021
Brighton & Hove Albion,Tudor Baluta,21,Defensive Midfield,Dynamo Kyiv,loan transfer,out,Summer,NA,Premier League,2020,2020/2021
Brighton & Hove Albion,Viktor Gyökeres,22,Centre-Forward,Swansea,loan transfer,out,Summer,NA,Premier League,2020,2020/2021
Brighton & Hove Albion,Jan Paul van Hecke,20,Centre-Back,Heerenveen,loan transfer,out,Summer,NA,Premier League,2020,2020/2021
Brighton & Hove Albion,Leo Östigard,20,Centre-Back,Coventry,loan transfer,out,Summer,NA,Premier League,2020,2020/2021
Brighton & Hove Albion,Matt Clarke,23,Centre-Back,Derby,loan transfer,out,Summer,NA,Premier League,2020,2020/2021
Brighton & Hove Albion,Jan Mlakar,21,Centre-Forward,NK Maribor,loan transfer,out,Summer,NA,Premier League,2020,2020/2021
Brighton & Hove Albion,Beram Kayal,32,Central Midfield,Without Club,-,out,Summer,0,Premier League,2020,2020/2021
Brighton & Hove Albion,Ezequiel Schelotto,31,Right-Back,Without Club,-,out,Summer,0,Premier League,2020,2020/2021
Burnley FC,Dale Stephens,31,Central Midfield,Brighton,£990Th.,in,Summer,0.99,Premier League,2020,2020/2021
Burnley FC,Will Norris,27,Goalkeeper,Wolves,?,in,Summer,NA,Premier League,2020,2020/2021
Burnley FC,Ben Gibson,28,Centre-Back,Norwich,"End of loanMay 31, 2021",in,Summer,0,Premier League,2020,2020/2021
Burnley FC,Jimmy Dunne,22,Centre-Back,Burnley U23,-,in,Summer,0,Premier League,2020,2020/2021
Burnley FC,Aiden O'Neill,21,Central Midfield,Brisbane Roar,"End of loanJun 30, 2020",in,Summer,0,Premier League,2020,2020/2021
Burnley FC,Jeff Hendrick,28,Central Midfield,Newcastle,free transfer,out,Summer,NA,Premier League,2020,2020/2021
Burnley FC,Joe Hart,33,Goalkeeper,Spurs,free transfer,out,Summer,NA,Premier League,2020,2020/2021
Burnley FC,Aaron Lennon,33,Right Winger,Kayserispor,free transfer,out,Summer,NA,Premier League,2020,2020/2021
Burnley FC,Aiden O'Neill,22,Central Midfield,Melbourne City,free transfer,out,Summer,NA,Premier League,2020,2020/2021
Burnley FC,Ben Gibson,27,Centre-Back,Norwich,loan transfer,out,Summer,NA,Premier League,2020,2020/2021
Burnley FC,Adam Legzdins,33,Goalkeeper,Without Club,-,out,Summer,0,Premier League,2020,2020/2021
Chelsea FC,Kai Havertz,21,Attacking Midfield,Bay. Leverkusen,£72.00m,in,Summer,72,Premier League,2020,2020/2021
Chelsea FC,Timo Werner,24,Centre-Forward,RB Leipzig,£47.70m,in,Summer,47.7,Premier League,2020,2020/2021
Chelsea FC,Ben Chilwell,23,Left-Back,Leicester,£45.18m,in,Summer,45.18,Premier League,2020,2020/2021
Chelsea FC,Hakim Ziyech,27,Right Winger,Ajax,£36.00m,in,Summer,36,Premier League,2020,2020/2021
Chelsea FC,Edouard Mendy,28,Goalkeeper,Stade Rennais,£21.60m,in,Summer,21.6,Premier League,2020,2020/2021
Chelsea FC,Malang Sarr,21,Centre-Back,OGC Nice,free transfer,in,Summer,NA,Premier League,2020,2020/2021
Chelsea FC,Thiago Silva,35,Centre-Back,Paris SG,free transfer,in,Summer,NA,Premier League,2020,2020/2021
Chelsea FC,Ruben Loftus-Cheek,25,Central Midfield,Fulham,"End of loanMay 31, 2021",in,Summer,0,Premier League,2020,2020/2021
Chelsea FC,Nathan Baxter,22,Goalkeeper,Accrington,"End of loanMay 31, 2021",in,Summer,0,Premier League,2020,2020/2021
Chelsea FC,Jake Clarke-Salter,23,Centre-Back,Birmingham,"End of loanMay 31, 2021",in,Summer,0,Premier League,2020,2020/2021
Chelsea FC,Ross Barkley,27,Central Midfield,Aston Villa,"End of loanMay 31, 2021",in,Summer,0,Premier League,2020,2020/2021
Chelsea FC,Michy Batshuayi,27,Centre-Forward,Crystal Palace,"End of loanMay 31, 2021",in,Summer,0,Premier League,2020,2020/2021
Chelsea FC,Nathan Baxter,21,Goalkeeper,Chelsea U23,-,in,Summer,0,Premier League,2020,2020/2021
Chelsea FC,Ethan Ampadu,20,Centre-Back,Sheff Utd,"End of loanMay 31, 2021",in,Summer,0,Premier League,2020,2020/2021
Chelsea FC,Jake Clarke-Salter,22,Centre-Back,Chelsea U23,-,in,Summer,0,Premier League,2020,2020/2021
Chelsea FC,Jamal Blackman,27,Goalkeeper,Rotherham,"End of loanMay 31, 2021",in,Summer,0,Premier League,2020,2020/2021
Chelsea FC,Jamie Cumming,21,Goalkeeper,Stevenage,"End of loanMay 31, 2021",in,Summer,0,Premier League,2020,2020/2021
Chelsea FC,Nathan,24,Attacking Midfield,Atlético-MG,"End of loanJun 30, 2020",in,Summer,0,Premier League,2020,2020/2021
Chelsea FC,Mario Pasalic,25,Central Midfield,Atalanta BC,"End of loanAug 31, 2020",in,Summer,0,Premier League,2020,2020/2021
Chelsea FC,Charly Musonda Jr.,23,Attacking Midfield,Vitesse,"End of loanJun 30, 2020",in,Summer,0,Premier League,2020,2020/2021
Chelsea FC,Álvaro Morata,27,Centre-Forward,Atlético Madrid,"End of loanJun 30, 2020",in,Summer,0,Premier League,2020,2020/2021
Chelsea FC,Ethan Ampadu,19,Centre-Back,RB Leipzig,"End of loanJun 30, 2020",in,Summer,0,Premier League,2020,2020/2021
Chelsea FC,Davide Zappacosta,28,Right Midfield,AS Roma,"End of loanAug 4, 2020",in,Summer,0,Premier League,2020,2020/2021
Chelsea FC,Tiemoué Bakayoko,25,Defensive Midfield,Monaco,"End of loanJun 30, 2020",in,Summer,0,Premier League,2020,2020/2021
Chelsea FC,Abdul Rahman Baba,25,Left-Back,RCD Mallorca,"End of loanJun 30, 2020",in,Summer,0,Premier League,2020,2020/2021
Chelsea FC,Danny Drinkwater,30,Central Midfield,Aston Villa,"End of loanJun 30, 2020",in,Summer,0,Premier League,2020,2020/2021
Chelsea FC,Victor Moses,29,Right Midfield,Inter,"End of loanAug 31, 2020",in,Summer,0,Premier League,2020,2020/2021
Chelsea FC,Kenedy,24,Left Winger,Getafe,"End of loanJun 30, 2020",in,Summer,0,Premier League,2020,2020/2021
Chelsea FC,Matt Miazga,25,Centre-Back,Reading,"End of loanJul 23, 2020",in,Summer,0,Premier League,2020,2020/2021
Chelsea FC,Álvaro Morata,27,Centre-Forward,Atlético Madrid,£31.50m,out,Summer,31.5,Premier League,2020,2020/2021
Chelsea FC,Mario Pasalic,25,Central Midfield,Atalanta BC,£13.50m,out,Summer,13.5,Premier League,2020,2020/2021
Chelsea FC,Nathan,24,Attacking Midfield,Atlético-MG,£2.70m,out,Summer,2.7,Premier League,2020,2020/2021
Chelsea FC,Malang Sarr,21,Centre-Back,FC Porto,Loan fee:£1.80m,out,Summer,1.8,Premier League,2020,2020/2021
Chelsea FC,Tiemoué Bakayoko,26,Defensive Midfield,SSC Napoli,Loan fee:£1.80m,out,Summer,1.8,Premier League,2020,2020/2021
Chelsea FC,Victor Moses,29,Right Midfield,Spartak Moscow,Loan fee:£270Th.,out,Summer,0.27,Premier League,2020,2020/2021
Chelsea FC,Lewis Baker,25,Central Midfield,Trabzonspor,loan transfer,out,Summer,NA,Premier League,2020,2020/2021
Chelsea FC,Matt Miazga,25,Centre-Back,RSC Anderlecht,loan transfer,out,Summer,NA,Premier League,2020,2020/2021
Chelsea FC,Davide Zappacosta,28,Right Midfield,Genoa,loan transfer,out,Summer,NA,Premier League,2020,2020/2021
Chelsea FC,Pedro,33,Right Winger,AS Roma,free transfer,out,Summer,NA,Premier League,2020,2020/2021
Chelsea FC,Willian,32,Right Winger,Arsenal,free transfer,out,Summer,NA,Premier League,2020,2020/2021
Chelsea FC,Danilo Pantic,23,Attacking Midfield,Cukaricki,loan transfer,out,Summer,NA,Premier League,2020,2020/2021
Chelsea FC,Kenedy,24,Left Winger,Granada CF,loan transfer,out,Summer,NA,Premier League,2020,2020/2021
Chelsea FC,Michy Batshuayi,26,Centre-Forward,Crystal Palace,loan transfer,out,Summer,NA,Premier League,2020,2020/2021
Chelsea FC,Ethan Ampadu,19,Centre-Back,Sheff Utd,loan transfer,out,Summer,NA,Premier League,2020,2020/2021
Chelsea FC,Ross Barkley,26,Central Midfield,Aston Villa,loan transfer,out,Summer,NA,Premier League,2020,2020/2021
Chelsea FC,Jamal Blackman,26,Goalkeeper,Rotherham,loan transfer,out,Summer,NA,Premier League,2020,2020/2021
Chelsea FC,Jamie Cumming,20,Goalkeeper,Stevenage,loan transfer,out,Summer,NA,Premier League,2020,2020/2021
Chelsea FC,Ruben Loftus-Cheek,24,Central Midfield,Fulham,loan transfer,out,Summer,NA,Premier League,2020,2020/2021
Chelsea FC,Nathan Baxter,21,Goalkeeper,Accrington,loan transfer,out,Summer,NA,Premier League,2020,2020/2021
Chelsea FC,Jake Clarke-Salter,23,Centre-Back,Birmingham,loan transfer,out,Summer,NA,Premier League,2020,2020/2021
Chelsea FC,Marco van Ginkel,27,Central Midfield,PSV Eindhoven,loan transfer,out,Summer,NA,Premier League,2020,2020/2021
Crystal Palace,Eberechi Eze,22,Attacking Midfield,QPR,£16.02m,in,Summer,16.02,Premier League,2020,2020/2021
Crystal Palace,Jack Butland,27,Goalkeeper,Stoke City,£990Th.,in,Summer,0.99,Premier League,2020,2020/2021
Crystal Palace,Nathan Ferguson,19,Centre-Back,West Brom,free transfer,in,Summer,NA,Premier League,2020,2020/2021
Crystal Palace,Nathaniel Clyne,29,Right-Back,Liverpool,free transfer,in,Summer,NA,Premier League,2020,2020/2021
Crystal Palace,Michy Batshuayi,26,Centre-Forward,Chelsea,loan transfer,in,Summer,NA,Premier League,2020,2020/2021
Crystal Palace,Sam Woods,22,Centre-Back,Plymouth,"End of loanMay 31, 2021",in,Summer,0,Premier League,2020,2020/2021
Crystal Palace,Tyrick Mitchell,20,Left-Back,Palace U23,-,in,Summer,0,Premier League,2020,2020/2021
Crystal Palace,Alexander Sörloth,24,Centre-Forward,Trabzonspor,"End of loanSep 21, 2020",in,Summer,0,Premier League,2020,2020/2021
Crystal Palace,Jaroslaw Jach,26,Centre-Back,Rakow,"End of loanJul 31, 2020",in,Summer,0,Premier League,2020,2020/2021
Crystal Palace,Connor Wickham,27,Centre-Forward,Sheff Wed,"End of loanJul 31, 2020",in,Summer,0,Premier League,2020,2020/2021
Crystal Palace,Alexander Sörloth,24,Centre-Forward,RB Leipzig,£18.00m,out,Summer,18,Premier League,2020,2020/2021
Crystal Palace,Jaroslaw Jach,26,Centre-Back,Fortuna Sittard,loan transfer,out,Summer,NA,Premier League,2020,2020/2021
Crystal Palace,Ryan Inniss,25,Centre-Back,Charlton,?,out,Summer,NA,Premier League,2020,2020/2021
Crystal Palace,Michy Batshuayi,27,Centre-Forward,Chelsea,"End of loanMay 31, 2021",out,Summer,0,Premier League,2020,2020/2021
Everton FC,Ben Godfrey,22,Centre-Back,Norwich,£24.75m,in,Summer,24.75,Premier League,2020,2020/2021
Everton FC,Allan,29,Central Midfield,SSC Napoli,£22.50m,in,Summer,22.5,Premier League,2020,2020/2021
Everton FC,Abdoulaye Doucouré,27,Central Midfield,Watford,£19.89m,in,Summer,19.89,Premier League,2020,2020/2021
Everton FC,Niels Nkounkou,19,Left-Back,Marseille B,£243Th.,in,Summer,0.243,Premier League,2020,2020/2021
Everton FC,James Rodríguez,29,Attacking Midfield,Real Madrid,free transfer,in,Summer,NA,Premier League,2020,2020/2021
Everton FC,Robin Olsen,30,Goalkeeper,AS Roma,loan transfer,in,Summer,NA,Premier League,2020,2020/2021
Everton FC,João Virgínia,20,Goalkeeper,Everton U23,-,in,Summer,0,Premier League,2020,2020/2021
Everton FC,Jarrad Branthwaite,18,Centre-Back,Blackburn,"End of loanMay 31, 2021",in,Summer,0,Premier League,2020,2020/2021
Everton FC,Shani Tarashaj,25,Second Striker,FC Emmen,"End of loanOct 11, 2020",in,Summer,0,Premier League,2020,2020/2021
Everton FC,Matthew Pennington,26,Centre-Back,Shrewsbury,"End of loanMay 31, 2021",in,Summer,0,Premier League,2020,2020/2021
Everton FC,Theo Walcott,32,Right Winger,Southampton,"End of loanMay 31, 2021",in,Summer,0,Premier League,2020,2020/2021
Everton FC,Jonjoe Kenny,23,Right-Back,FC Schalke 04,"End of loanJun 30, 2020",in,Summer,0,Premier League,2020,2020/2021
Everton FC,Sandro Ramírez,25,Centre-Forward,Real Valladolid,"End of loanJul 20, 2020",in,Summer,0,Premier League,2020,2020/2021
Everton FC,Matthew Pennington,25,Centre-Back,Hull City,"End of loanJul 31, 2020",in,Summer,0,Premier League,2020,2020/2021
Everton FC,Kieran Dowell,22,Attacking Midfield,Wigan,"End of loanJul 23, 2020",in,Summer,0,Premier League,2020,2020/2021
Everton FC,Jonas Lössl,31,Goalkeeper,Huddersfield,"End of loanJul 31, 2020",in,Summer,0,Premier League,2020,2020/2021
Everton FC,Morgan Schneiderlin,30,Defensive Midfield,OGC Nice,£2.00m,out,Summer,2,Premier League,2020,2020/2021
Everton FC,Kieran Dowell,22,Attacking Midfield,Norwich,£1.98m,out,Summer,1.98,Premier League,2020,2020/2021
Everton FC,Maarten Stekelenburg,37,Goalkeeper,Ajax,free transfer,out,Summer,NA,Premier League,2020,2020/2021
Everton FC,Luke Garbutt,27,Left-Back,Blackpool,free transfer,out,Summer,NA,Premier League,2020,2020/2021
Everton FC,Sandro Ramírez,25,Centre-Forward,SD Huesca,free transfer,out,Summer,NA,Premier League,2020,2020/2021
Everton FC,Moise Kean,20,Centre-Forward,Paris SG,loan transfer,out,Summer,NA,Premier League,2020,2020/2021
Everton FC,Theo Walcott,31,Right Winger,Southampton,loan transfer,out,Summer,NA,Premier League,2020,2020/2021
Everton FC,Oumar Niasse,30,Centre-Forward,Without Club,-,out,Summer,0,Premier League,2020,2020/2021
Everton FC,Cuco Martina,30,Right-Back,Without Club,-,out,Summer,0,Premier League,2020,2020/2021
Everton FC,Leighton Baines,35,Left-Back,Retired,-,out,Summer,0,Premier League,2020,2020/2021
Everton FC,Muhamed Besic,27,Defensive Midfield,Everton U23,-,out,Summer,0,Premier League,2020,2020/2021
Everton FC,Shani Tarashaj,25,Second Striker,Without Club,-,out,Summer,0,Premier League,2020,2020/2021
Everton FC,Djibril Sidibé,28,Right-Back,Monaco,"End of loanJul 31, 2020",out,Summer,0,Premier League,2020,2020/2021
Fulham FC,Anthony Knockaert,28,Right Winger,Brighton,£10.53m,in,Summer,10.53,Premier League,2020,2020/2021
Fulham FC,Harrison Reed,25,Central Midfield,Southampton,£5.85m,in,Summer,5.85,Premier League,2020,2020/2021
Fulham FC,Terence Kongolo,26,Centre-Back,Huddersfield,£3.96m,in,Summer,3.96,Premier League,2020,2020/2021
Fulham FC,Kenny Tete,24,Right-Back,Olympique Lyon,£2.88m,in,Summer,2.88,Premier League,2020,2020/2021
Fulham FC,Ola Aina,23,Right-Back,Torino,Loan fee:£2.25m,in,Summer,2.25,Premier League,2020,2020/2021
Fulham FC,Mario Lemina,26,Defensive Midfield,Southampton,Loan fee:£1.98m,in,Summer,1.98,Premier League,2020,2020/2021
Fulham FC,Antonee Robinson,23,Left-Back,Wigan,£1.89m,in,Summer,1.89,Premier League,2020,2020/2021
Fulham FC,Ademola Lookman,22,Left Winger,RB Leipzig,Loan fee:£1.80m,in,Summer,1.8,Premier League,2020,2020/2021
Fulham FC,Tosin Adarabioyo,23,Centre-Back,Man City,£1.49m,in,Summer,1.49,Premier League,2020,2020/2021
Fulham FC,Joachim Andersen,24,Centre-Back,Olympique Lyon,Loan fee:£900Th.,in,Summer,0.9,Premier League,2020,2020/2021
Fulham FC,Ruben Loftus-Cheek,24,Central Midfield,Chelsea,loan transfer,in,Summer,NA,Premier League,2020,2020/2021
Fulham FC,Alphonse Areola,27,Goalkeeper,Paris SG,loan transfer,in,Summer,NA,Premier League,2020,2020/2021
Fulham FC,Alfie Mawson,27,Centre-Back,Bristol City,"End of loanMay 31, 2021",in,Summer,0,Premier League,2020,2020/2021
Fulham FC,Cyrus Christie,28,Right-Back,Nottm Forest,"End of loanMay 31, 2021",in,Summer,0,Premier League,2020,2020/2021
Fulham FC,Steven Sessegnon,21,Right-Back,Bristol City,"End of loanMay 31, 2021",in,Summer,0,Premier League,2020,2020/2021
Fulham FC,Marcus Bettinelli,29,Goalkeeper,Middlesbrough,"End of loanMay 31, 2021",in,Summer,0,Premier League,2020,2020/2021
Fulham FC,Neeskens Kebano,28,Attacking Midfield,Middlesbrough,"End of loanMay 31, 2020",in,Summer,0,Premier League,2020,2020/2021
Fulham FC,Timmy Abraham,20,Centre-Forward,Raith Rovers,"End of loanMay 31, 2021",in,Summer,0,Premier League,2020,2020/2021
Fulham FC,Stefan Johansen,30,Central Midfield,QPR,"End of loanMay 31, 2021",in,Summer,0,Premier League,2020,2020/2021
Fulham FC,Anthony Knockaert,29,Right Winger,Nottm Forest,"End of loanMay 31, 2021",in,Summer,0,Premier League,2020,2020/2021
Fulham FC,Jean Michaël Seri,29,Central Midfield,Galatasaray,"End of loanAug 3, 2020",in,Summer,0,Premier League,2020,2020/2021
Fulham FC,André Zambo Anguissa,24,Defensive Midfield,Villarreal,"End of loanJul 20, 2020",in,Summer,0,Premier League,2020,2020/2021
Fulham FC,Fabri,32,Goalkeeper,RCD Mallorca,"End of loanJul 20, 2020",in,Summer,0,Premier League,2020,2020/2021
Fulham FC,Luca de la Torre,22,Right Midfield,Heracles Almelo,free transfer,out,Summer,NA,Premier League,2020,2020/2021
Fulham FC,Magnus Norman,23,Goalkeeper,Carlisle United,free transfer,out,Summer,NA,Premier League,2020,2020/2021
Fulham FC,Jordan Archer,27,Goalkeeper,Motherwell FC,free transfer,out,Summer,NA,Premier League,2020,2020/2021
Fulham FC,Alfie Mawson,26,Centre-Back,Bristol City,loan transfer,out,Summer,NA,Premier League,2020,2020/2021
Fulham FC,Steven Sessegnon,20,Right-Back,Bristol City,loan transfer,out,Summer,NA,Premier League,2020,2020/2021
Fulham FC,Marcus Bettinelli,28,Goalkeeper,Middlesbrough,loan transfer,out,Summer,NA,Premier League,2020,2020/2021
Fulham FC,Cyrus Christie,27,Right-Back,Nottm Forest,loan transfer,out,Summer,NA,Premier League,2020,2020/2021
Fulham FC,Anthony Knockaert,28,Right Winger,Nottm Forest,loan transfer,out,Summer,NA,Premier League,2020,2020/2021
Fulham FC,Mario Lemina,27,Defensive Midfield,Southampton,"End of loanMay 31, 2021",out,Summer,0,Premier League,2020,2020/2021
Fulham FC,Ruben Loftus-Cheek,25,Central Midfield,Chelsea,"End of loanMay 31, 2021",out,Summer,0,Premier League,2020,2020/2021
Fulham FC,Matt O'Riley,19,Central Midfield,Without Club,-,out,Summer,0,Premier League,2020,2020/2021
Fulham FC,Anthony Knockaert,28,Right Winger,Brighton,"End of loanJul 26, 2020",out,Summer,0,Premier League,2020,2020/2021
Fulham FC,Harry Arter,30,Central Midfield,Bournemouth,"End of loanAug 5, 2020",out,Summer,0,Premier League,2020,2020/2021
Fulham FC,Harrison Reed,25,Central Midfield,Southampton,"End of loanAug 5, 2020",out,Summer,0,Premier League,2020,2020/2021
Fulham FC,Terence Kongolo,26,Centre-Back,Huddersfield,"End of loanAug 5, 2020",out,Summer,0,Premier League,2020,2020/2021
Leeds United,Rodrigo,29,Centre-Forward,Valencia,£27.00m,in,Summer,27,Premier League,2020,2020/2021
Leeds United,Diego Llorente,27,Centre-Back,Real Sociedad,£18.00m,in,Summer,18,Premier League,2020,2020/2021
Leeds United,Raphinha,23,Right Winger,Stade Rennais,£16.72m,in,Summer,16.72,Premier League,2020,2020/2021
Leeds United,Hélder Costa,26,Right Winger,Wolves,£15.93m,in,Summer,15.93,Premier League,2020,2020/2021
Leeds United,Robin Koch,24,Centre-Back,SC Freiburg,£11.70m,in,Summer,11.7,Premier League,2020,2020/2021
Leeds United,Illan Meslier,20,Goalkeeper,FC Lorient,£5.85m,in,Summer,5.85,Premier League,2020,2020/2021
Leeds United,Joe Gelhardt,18,Centre-Forward,Wigan,£900Th.,in,Summer,0.9,Premier League,2020,2020/2021
Leeds United,Jack Harrison,23,Left Winger,Man City,loan transfer,in,Summer,NA,Premier League,2020,2020/2021
Leeds United,Barry Douglas,31,Left-Back,Blackburn,"End of loanMay 31, 2021",in,Summer,0,Premier League,2020,2020/2021
Leeds United,Jordan Stevens,21,Right Midfield,Bradford,"End of loanMay 31, 2021",in,Summer,0,Premier League,2020,2020/2021
Leeds United,Ryan Edmondson,20,Centre-Forward,Northampton,"End of loanMay 31, 2021",in,Summer,0,Premier League,2020,2020/2021
Leeds United,Robbie Gotts,21,Right-Back,Salford,"End of loanMay 31, 2021",in,Summer,0,Premier League,2020,2020/2021
Leeds United,Jay-Roy Grot,22,Centre-Forward,Vitesse,"End of loanJun 30, 2020",in,Summer,0,Premier League,2020,2020/2021
Leeds United,Laurens De Bock,27,Left-Back,ADO Den Haag,"End of loanJun 30, 2020",in,Summer,0,Premier League,2020,2020/2021
Leeds United,Laurens De Bock,27,Left-Back,Zulte Waregem,loan transfer,out,Summer,NA,Premier League,2020,2020/2021
Leeds United,Jordan Stevens,20,Right Midfield,Swindon Town,loan transfer,out,Summer,NA,Premier League,2020,2020/2021
Leeds United,Robbie Gotts,20,Right-Back,Lincoln City,loan transfer,out,Summer,NA,Premier League,2020,2020/2021
Leeds United,Barry Douglas,31,Left-Back,Blackburn,loan transfer,out,Summer,NA,Premier League,2020,2020/2021
Leeds United,Jack Harrison,24,Left Winger,Man City,"End of loanMay 31, 2021",out,Summer,0,Premier League,2020,2020/2021
Leeds United,Jack Harrison,23,Left Winger,Man City,"End of loanJul 31, 2020",out,Summer,0,Premier League,2020,2020/2021
Leeds United,Illan Meslier,20,Goalkeeper,FC Lorient,"End of loanJul 23, 2020",out,Summer,0,Premier League,2020,2020/2021
Leeds United,Kamil Miazek,23,Goalkeeper,Without Club,-,out,Summer,0,Premier League,2020,2020/2021
Leeds United,Will Huffer,21,Goalkeeper,Without Club,-,out,Summer,0,Premier League,2020,2020/2021
Leeds United,Mateusz Bogusz,19,Central Midfield,UD Logroñés,loan transfer,out,Summer,NA,Premier League,2020,2020/2021
Leeds United,Ben White,22,Centre-Back,Brighton,"End of loanJul 31, 2020",out,Summer,0,Premier League,2020,2020/2021
Leeds United,Hélder Costa,26,Right Winger,Wolves,"End of loanJun 30, 2020",out,Summer,0,Premier League,2020,2020/2021
Leeds United,Jean-Kévin Augustin,23,Centre-Forward,RB Leipzig,"End of loanJun 30, 2020",out,Summer,0,Premier League,2020,2020/2021
Leicester City,Wesley Fofana,19,Centre-Back,Saint-Étienne,£31.50m,in,Summer,31.5,Premier League,2020,2020/2021
Leicester City,Timothy Castagne,24,Right-Back,Atalanta BC,£21.60m,in,Summer,21.6,Premier League,2020,2020/2021
Leicester City,Cengiz Ünder,23,Right Winger,AS Roma,Loan fee:£2.70m,in,Summer,2.7,Premier League,2020,2020/2021
Leicester City,Matty James,29,Central Midfield,Coventry,"End of loanMay 31, 2021",in,Summer,0,Premier League,2020,2020/2021
Leicester City,Andy King,31,Central Midfield,Huddersfield,"End of loanJul 23, 2020",in,Summer,0,Premier League,2020,2020/2021
Leicester City,Luke Thomas,19,Left-Back,Leicester U23,-,in,Summer,0,Premier League,2020,2020/2021
Leicester City,Islam Slimani,32,Centre-Forward,Monaco,"End of loanJun 30, 2020",in,Summer,0,Premier League,2020,2020/2021
Leicester City,Adrien Silva,31,Central Midfield,Monaco,"End of loanJun 30, 2020",in,Summer,0,Premier League,2020,2020/2021
Leicester City,Rachid Ghezzal,28,Right Winger,Fiorentina,"End of loanAug 31, 2020",in,Summer,0,Premier League,2020,2020/2021
Leicester City,Fousseni Diabaté,24,Right Winger,Amiens SC,"End of loanJun 30, 2020",in,Summer,0,Premier League,2020,2020/2021
Leicester City,George Thomas,23,Attacking Midfield,ADO Den Haag,"End of loanMay 31, 2020",in,Summer,0,Premier League,2020,2020/2021
Leicester City,Filip Benkovic,23,Centre-Back,Bristol City,"End of loanJul 31, 2020",in,Summer,0,Premier League,2020,2020/2021
Leicester City,Ben Chilwell,23,Left-Back,Chelsea,£45.18m,out,Summer,45.18,Premier League,2020,2020/2021
Leicester City,Fousseni Diabaté,24,Right Winger,Trabzonspor,£1.42m,out,Summer,1.42,Premier League,2020,2020/2021
Leicester City,George Thomas,23,Attacking Midfield,QPR,free transfer,out,Summer,NA,Premier League,2020,2020/2021
Leicester City,Bartosz Kapustka,23,Attacking Midfield,Legia Warszawa,free transfer,out,Summer,NA,Premier League,2020,2020/2021
Leicester City,Adrien Silva,31,Central Midfield,Sampdoria,free transfer,out,Summer,NA,Premier League,2020,2020/2021
Leicester City,Rachid Ghezzal,28,Right Winger,Besiktas,loan transfer,out,Summer,NA,Premier League,2020,2020/2021
Leicester City,Matty James,29,Central Midfield,Barnsley FC,loan transfer,out,Summer,NA,Premier League,2020,2020/2021
Leicester City,Filip Benkovic,23,Centre-Back,Cardiff,loan transfer,out,Summer,NA,Premier League,2020,2020/2021
Leicester City,Andy King,31,Central Midfield,Without Club,-,out,Summer,0,Premier League,2020,2020/2021
Leicester City,Ryan Bennett,30,Centre-Back,Wolves,"End of loanJul 31, 2020",out,Summer,0,Premier League,2020,2020/2021
Liverpool FC,Diogo Jota,23,Left Winger,Wolves,£40.23m,in,Summer,40.23,Premier League,2020,2020/2021
Liverpool FC,Thiago,29,Central Midfield,Bayern Munich,£19.80m,in,Summer,19.8,Premier League,2020,2020/2021
Liverpool FC,Konstantinos Tsimikas,24,Left-Back,Olympiacos,£11.70m,in,Summer,11.7,Premier League,2020,2020/2021
Liverpool FC,Sheyi Ojo,23,Right Winger,Cardiff,"End of loanMay 31, 2021",in,Summer,0,Premier League,2020,2020/2021
Liverpool FC,Harry Wilson,24,Right Winger,Cardiff,"End of loanMay 31, 2021",in,Summer,0,Premier League,2020,2020/2021
Liverpool FC,Curtis Jones,19,Central Midfield,Liverpool U23,-,in,Summer,0,Premier League,2020,2020/2021
Liverpool FC,Marko Grujic,24,Defensive Midfield,Hertha BSC,"End of loanJun 30, 2020",in,Summer,0,Premier League,2020,2020/2021
Liverpool FC,Ben Woodburn,20,Attacking Midfield,Oxford United,"End of loanJul 14, 2020",in,Summer,0,Premier League,2020,2020/2021
Liverpool FC,Harry Wilson,23,Right Winger,Bournemouth,"End of loanJul 31, 2020",in,Summer,0,Premier League,2020,2020/2021
Liverpool FC,Taiwo Awoniyi,22,Centre-Forward,1.FSV Mainz 05,"End of loanJun 30, 2020",in,Summer,0,Premier League,2020,2020/2021
Liverpool FC,Ovie Ejaria,22,Central Midfield,Reading,"End of loanJul 31, 2020",in,Summer,0,Premier League,2020,2020/2021
Liverpool FC,Rhian Brewster,20,Centre-Forward,Swansea,"End of loanJul 31, 2020",in,Summer,0,Premier League,2020,2020/2021
Liverpool FC,Nathaniel Phillips,23,Centre-Back,VfB Stuttgart,"End of loanJun 30, 2020",in,Summer,0,Premier League,2020,2020/2021
Liverpool FC,Rhian Brewster,20,Centre-Forward,Sheff Utd,£23.40m,out,Summer,23.4,Premier League,2020,2020/2021
Liverpool FC,Dejan Lovren,31,Centre-Back,Zenit S-Pb,£10.80m,out,Summer,10.8,Premier League,2020,2020/2021
Liverpool FC,Ovie Ejaria,22,Central Midfield,Reading,£3.51m,out,Summer,3.51,Premier League,2020,2020/2021
Liverpool FC,Harry Wilson,23,Right Winger,Cardiff,Loan fee:£1.17m,out,Summer,1.17,Premier League,2020,2020/2021
Liverpool FC,Adam Lallana,32,Attacking Midfield,Brighton,free transfer,out,Summer,NA,Premier League,2020,2020/2021
Liverpool FC,Nathaniel Clyne,29,Right-Back,Crystal Palace,free transfer,out,Summer,NA,Premier League,2020,2020/2021
Liverpool FC,Sheyi Ojo,23,Right Winger,Cardiff,loan transfer,out,Summer,NA,Premier League,2020,2020/2021
Liverpool FC,Taiwo Awoniyi,23,Centre-Forward,Union Berlin,loan transfer,out,Summer,NA,Premier League,2020,2020/2021
Liverpool FC,Loris Karius,27,Goalkeeper,Union Berlin,loan transfer,out,Summer,NA,Premier League,2020,2020/2021
Liverpool FC,Marko Grujic,24,Defensive Midfield,FC Porto,loan transfer,out,Summer,NA,Premier League,2020,2020/2021
Liverpool FC,Ben Woodburn,21,Attacking Midfield,Blackpool,loan transfer,out,Summer,NA,Premier League,2020,2020/2021
Liverpool FC,Andy Lonergan,36,Goalkeeper,Without Club,-,out,Summer,0,Premier League,2020,2020/2021
Manchester City,Rúben Dias,23,Centre-Back,Benfica,£61.20m,in,Summer,61.2,Premier League,2020,2020/2021
Manchester City,Nathan Aké,25,Centre-Back,Bournemouth,£40.77m,in,Summer,40.77,Premier League,2020,2020/2021
Manchester City,Ferran Torres,20,Right Winger,Valencia,£20.70m,in,Summer,20.7,Premier League,2020,2020/2021
Manchester City,Pablo Moreno,18,Centre-Forward,Juventus U19,£9.00m,in,Summer,9,Premier League,2020,2020/2021
Manchester City,Nahuel Bustos,22,Centre-Forward,CA Talleres,£5.85m,in,Summer,5.85,Premier League,2020,2020/2021
Manchester City,Yan Couto,18,Right-Back,Coritiba FC,£5.40m,in,Summer,5.4,Premier League,2020,2020/2021
Manchester City,Issa Kaboré,19,Right-Back,KV Mechelen,£4.05m,in,Summer,4.05,Premier League,2020,2020/2021
Manchester City,Jack Harrison,23,Left Winger,Leeds,"End of loanJul 31, 2020",in,Summer,0,Premier League,2020,2020/2021
Manchester City,Patrick Roberts,24,Right Winger,Derby,"End of loanMay 31, 2021",in,Summer,0,Premier League,2020,2020/2021
Manchester City,Jack Harrison,24,Left Winger,Leeds,"End of loanMay 31, 2021",in,Summer,0,Premier League,2020,2020/2021
Manchester City,Daniel Arzani,21,Left Winger,Celtic,"End of loanJun 30, 2020",in,Summer,0,Premier League,2020,2020/2021
Manchester City,Aleix García,23,Central Midfield,Mouscron,"End of loanJun 30, 2020",in,Summer,0,Premier League,2020,2020/2021
Manchester City,Pedro Porro,20,Right Midfield,Real Valladolid,"End of loanJul 20, 2020",in,Summer,0,Premier League,2020,2020/2021
Manchester City,Marlos Moreno,23,Right Winger,Portimonense,"End of loanJun 30, 2020",in,Summer,0,Premier League,2020,2020/2021
Manchester City,Tosin Adarabioyo,22,Centre-Back,Blackburn,"End of loanJul 24, 2020",in,Summer,0,Premier League,2020,2020/2021
Manchester City,Luka Ilic,20,Attacking Midfield,NAC Breda,"End of loanJun 30, 2020",in,Summer,0,Premier League,2020,2020/2021
Manchester City,Philippe Sandler,23,Centre-Back,RSC Anderlecht,"End of loanJun 30, 2020",in,Summer,0,Premier League,2020,2020/2021
Manchester City,Zack Steffen,25,Goalkeeper,F. Düsseldorf,"End of loanJun 30, 2020",in,Summer,0,Premier League,2020,2020/2021
Manchester City,Ante Palaversa,20,Defensive Midfield,KV Oostende,"End of loanJun 30, 2020",in,Summer,0,Premier League,2020,2020/2021
Manchester City,Ko Itakura,23,Centre-Back,FC Groningen,"End of loanJun 30, 2020",in,Summer,0,Premier League,2020,2020/2021
Manchester City,Patrick Roberts,23,Right Winger,Middlesbrough,"End of loanJul 31, 2020",in,Summer,0,Premier League,2020,2020/2021
Manchester City,Leroy Sané,24,Left Winger,Bayern Munich,£40.50m,out,Summer,40.5,Premier League,2020,2020/2021
Manchester City,Nicolás Otamendi,32,Centre-Back,Benfica,£13.50m,out,Summer,13.5,Premier League,2020,2020/2021
Manchester City,Tosin Adarabioyo,23,Centre-Back,Fulham,£1.49m,out,Summer,1.49,Premier League,2020,2020/2021
Manchester City,Aleix García,23,Central Midfield,Dinamo,free transfer,out,Summer,NA,Premier League,2020,2020/2021
Manchester City,Claudio Bravo,37,Goalkeeper,Real Betis,free transfer,out,Summer,NA,Premier League,2020,2020/2021
Manchester City,David Silva,34,Attacking Midfield,Real Sociedad,free transfer,out,Summer,NA,Premier League,2020,2020/2021
Manchester City,Yan Couto,18,Right-Back,Girona,loan transfer,out,Summer,NA,Premier League,2020,2020/2021
Manchester City,Marlos Moreno,24,Right Winger,Lommel SK,loan transfer,out,Summer,NA,Premier League,2020,2020/2021
Manchester City,Patrick Roberts,23,Right Winger,Middlesbrough,loan transfer,out,Summer,NA,Premier League,2020,2020/2021
Manchester City,Luka Ilic,21,Attacking Midfield,Twente FC,loan transfer,out,Summer,NA,Premier League,2020,2020/2021
Manchester City,Nahuel Bustos,22,Centre-Forward,Girona,loan transfer,out,Summer,NA,Premier League,2020,2020/2021
Manchester City,Pablo Moreno,18,Centre-Forward,Girona,loan transfer,out,Summer,NA,Premier League,2020,2020/2021
Manchester City,Arijanet Muric,21,Goalkeeper,Girona,loan transfer,out,Summer,NA,Premier League,2020,2020/2021
Manchester City,Ryotaro Meshino,22,Attacking Midfield,Rio Ave FC,loan transfer,out,Summer,NA,Premier League,2020,2020/2021
Manchester City,Ante Palaversa,20,Defensive Midfield,Getafe,loan transfer,out,Summer,NA,Premier League,2020,2020/2021
Manchester City,Pedro Porro,20,Right Midfield,Sporting CP,loan transfer,out,Summer,NA,Premier League,2020,2020/2021
Manchester City,Jack Harrison,23,Left Winger,Leeds,loan transfer,out,Summer,NA,Premier League,2020,2020/2021
Manchester City,Daniel Arzani,21,Left Winger,FC Utrecht,loan transfer,out,Summer,NA,Premier League,2020,2020/2021
Manchester City,Issa Kaboré,19,Right-Back,KV Mechelen,loan transfer,out,Summer,NA,Premier League,2020,2020/2021
Manchester City,Ko Itakura,23,Centre-Back,FC Groningen,loan transfer,out,Summer,NA,Premier League,2020,2020/2021
Manchester City,Scott Carson,35,Goalkeeper,Derby,"End of loanMay 31, 2021",out,Summer,0,Premier League,2020,2020/2021
Manchester United,Donny van de Beek,23,Central Midfield,Ajax,£35.10m,in,Summer,35.1,Premier League,2020,2020/2021
Manchester United,Alex Telles,27,Left-Back,FC Porto,£13.50m,in,Summer,13.5,Premier League,2020,2020/2021
Manchester United,Facundo Pellistri,18,Right Winger,Peñarol,£7.65m,in,Summer,7.65,Premier League,2020,2020/2021
Manchester United,Edinson Cavani,33,Centre-Forward,Paris SG,free transfer,in,Summer,NA,Premier League,2020,2020/2021
Manchester United,Joel Pereira,24,Goalkeeper,Huddersfield,"End of loanMay 31, 2021",in,Summer,0,Premier League,2020,2020/2021
Manchester United,Dean Henderson,23,Goalkeeper,Man Utd U23,-,in,Summer,0,Premier League,2020,2020/2021
Manchester United,Alexis Sánchez,31,Centre-Forward,Inter,"End of loanAug 31, 2020",in,Summer,0,Premier League,2020,2020/2021
Manchester United,Chris Smalling,30,Centre-Back,AS Roma,"End of loanAug 3, 2020",in,Summer,0,Premier League,2020,2020/2021
Manchester United,Marcos Rojo,30,Centre-Back,Estudiantes,"End of loanJun 30, 2020",in,Summer,0,Premier League,2020,2020/2021
Manchester United,Chris Smalling,30,Centre-Back,AS Roma,£13.50m,out,Summer,13.5,Premier League,2020,2020/2021
Manchester United,Cameron Borthwick-Jackson,23,Left-Back,Oldham Athletic,free transfer,out,Summer,NA,Premier League,2020,2020/2021
Manchester United,Alexis Sánchez,31,Centre-Forward,Inter,free transfer,out,Summer,NA,Premier League,2020,2020/2021
Manchester United,Tahith Chong,20,Right Winger,Werder Bremen,loan transfer,out,Summer,NA,Premier League,2020,2020/2021
Manchester United,Joel Pereira,24,Goalkeeper,Huddersfield,loan transfer,out,Summer,NA,Premier League,2020,2020/2021
Manchester United,Andreas Pereira,24,Attacking Midfield,Lazio,loan transfer,out,Summer,NA,Premier League,2020,2020/2021
Manchester United,Diogo Dalot,21,Right-Back,AC Milan,loan transfer,out,Summer,NA,Premier League,2020,2020/2021
Newcastle United,Callum Wilson,28,Centre-Forward,Bournemouth,£20.03m,in,Summer,20.03,Premier League,2020,2020/2021
Newcastle United,Jamal Lewis,22,Left-Back,Norwich,£14.85m,in,Summer,14.85,Premier League,2020,2020/2021
Newcastle United,Mark Gillespie,28,Goalkeeper,Motherwell FC,free transfer,in,Summer,NA,Premier League,2020,2020/2021
Newcastle United,Jeff Hendrick,28,Central Midfield,Burnley,free transfer,in,Summer,NA,Premier League,2020,2020/2021
Newcastle United,Ryan Fraser,26,Left Winger,Bournemouth,free transfer,in,Summer,NA,Premier League,2020,2020/2021
Newcastle United,Jake Turner,21,Goalkeeper,Morecambe FC,"End of loanJan 12, 2021",in,Summer,0,Premier League,2020,2020/2021
Newcastle United,Freddie Woodman,24,Goalkeeper,Swansea,"End of loanMay 31, 2021",in,Summer,0,Premier League,2020,2020/2021
Newcastle United,Freddie Woodman,23,Goalkeeper,Swansea,"End of loanJul 31, 2020",in,Summer,0,Premier League,2020,2020/2021
Newcastle United,Jacob Murphy,25,Right Winger,Sheff Wed,"End of loanJul 31, 2020",in,Summer,0,Premier League,2020,2020/2021
Newcastle United,Achraf Lazaar,28,Left-Back,Cosenza,"End of loanAug 31, 2020",in,Summer,0,Premier League,2020,2020/2021
Newcastle United,Dan Barlaser,23,Central Midfield,Rotherham,£248Th.,out,Summer,0.248,Premier League,2020,2020/2021
Newcastle United,Jake Turner,21,Goalkeeper,Morecambe FC,loan transfer,out,Summer,NA,Premier League,2020,2020/2021
Newcastle United,Jack Colback,30,Defensive Midfield,Nottm Forest,free transfer,out,Summer,NA,Premier League,2020,2020/2021
Newcastle United,Freddie Woodman,23,Goalkeeper,Swansea,loan transfer,out,Summer,NA,Premier League,2020,2020/2021
Newcastle United,Florian Lejeune,29,Centre-Back,Alavés,loan transfer,out,Summer,NA,Premier League,2020,2020/2021
Newcastle United,Yoshinori Muto,28,Centre-Forward,SD Eibar,loan transfer,out,Summer,NA,Premier League,2020,2020/2021
Newcastle United,Joe Willock,21,Central Midfield,Arsenal,"End of loanMay 31, 2021",out,Summer,0,Premier League,2020,2020/2021
Newcastle United,Rob Elliot,34,Goalkeeper,Without Club,-,out,Summer,0,Premier League,2020,2020/2021
Newcastle United,Jamie Sterry,24,Right-Back,Without Club,-,out,Summer,0,Premier League,2020,2020/2021
Newcastle United,Jetro Willems,26,Left-Back,E. Frankfurt,"End of loanJun 30, 2020",out,Summer,0,Premier League,2020,2020/2021
Newcastle United,Nabil Bentaleb,25,Central Midfield,FC Schalke 04,"End of loanJul 31, 2020",out,Summer,0,Premier League,2020,2020/2021
Newcastle United,Valentino Lazaro,24,Right Midfield,Inter,"End of loanJul 31, 2020",out,Summer,0,Premier League,2020,2020/2021
Newcastle United,Danny Rose,30,Left-Back,Spurs,"End of loanJul 31, 2020",out,Summer,0,Premier League,2020,2020/2021
Sheffield United,Rhian Brewster,20,Centre-Forward,Liverpool,£23.40m,in,Summer,23.4,Premier League,2020,2020/2021
Sheffield United,Aaron Ramsdale,22,Goalkeeper,Bournemouth,£18.45m,in,Summer,18.45,Premier League,2020,2020/2021
Sheffield United,Oliver Burke,23,Right Winger,West Brom,£5.85m,in,Summer,5.85,Premier League,2020,2020/2021
Sheffield United,Max Lowe,23,Left-Back,Derby,£3.47m,in,Summer,3.47,Premier League,2020,2020/2021
Sheffield United,Jayden Bogle,20,Right-Back,Derby,£3.47m,in,Summer,3.47,Premier League,2020,2020/2021
Sheffield United,Ismaila Coulibaly,19,Central Midfield,Sarpsborg 08,£1.80m,in,Summer,1.8,Premier League,2020,2020/2021
Sheffield United,Wes Foderingham,29,Goalkeeper,Rangers,free transfer,in,Summer,NA,Premier League,2020,2020/2021
Sheffield United,Ethan Ampadu,19,Centre-Back,Chelsea,loan transfer,in,Summer,NA,Premier League,2020,2020/2021
Sheffield United,Luke Freeman,29,Attacking Midfield,Nottm Forest,"End of loanMay 31, 2021",in,Summer,0,Premier League,2020,2020/2021
Sheffield United,Regan Slater,21,Defensive Midfield,Hull City,"End of loanMay 31, 2021",in,Summer,0,Premier League,2020,2020/2021
Sheffield United,Jake Eastwood,24,Goalkeeper,Grimsby Town,"End of loanMay 31, 2021",in,Summer,0,Premier League,2020,2020/2021
Sheffield United,Regan Slater,20,Defensive Midfield,Sheff Utd U23,-,in,Summer,0,Premier League,2020,2020/2021
Sheffield United,Callum Robinson,25,Centre-Forward,West Brom,"End of loanJul 31, 2020",in,Summer,0,Premier League,2020,2020/2021
Sheffield United,Ravel Morrison,27,Attacking Midfield,Middlesbrough,"End of loanJul 31, 2020",in,Summer,0,Premier League,2020,2020/2021
Sheffield United,Mark Duffy,34,Right Midfield,ADO Den Haag,"End of loanJun 30, 2020",in,Summer,0,Premier League,2020,2020/2021
Sheffield United,Mark Duffy,34,Right Midfield,Fleetwood,free transfer,out,Summer,NA,Premier League,2020,2020/2021
Sheffield United,Leon Clarke,35,Centre-Forward,Shrewsbury,free transfer,out,Summer,NA,Premier League,2020,2020/2021
Sheffield United,Ismaila Coulibaly,19,Central Midfield,Beerschot V.A.,loan transfer,out,Summer,NA,Premier League,2020,2020/2021
Sheffield United,Ravel Morrison,27,Attacking Midfield,ADO Den Haag,free transfer,out,Summer,NA,Premier League,2020,2020/2021
Sheffield United,Jake Eastwood,23,Goalkeeper,Kilmarnock FC,loan transfer,out,Summer,NA,Premier League,2020,2020/2021
Sheffield United,Luke Freeman,28,Attacking Midfield,Nottm Forest,loan transfer,out,Summer,NA,Premier League,2020,2020/2021
Sheffield United,Callum Robinson,25,Centre-Forward,West Brom,?,out,Summer,NA,Premier League,2020,2020/2021
Sheffield United,Regan Slater,21,Defensive Midfield,Hull City,loan transfer,out,Summer,NA,Premier League,2020,2020/2021
Sheffield United,Ethan Ampadu,20,Centre-Back,Chelsea,"End of loanMay 31, 2021",out,Summer,0,Premier League,2020,2020/2021
Sheffield United,Dean Henderson,23,Goalkeeper,Man Utd U23,"End of loanJul 31, 2020",out,Summer,0,Premier League,2020,2020/2021
Sheffield United,Ricky Holmes,33,Left Winger,Without Club,-,out,Summer,0,Premier League,2020,2020/2021
Sheffield United,Ben Heneghan,26,Centre-Back,Without Club,-,out,Summer,0,Premier League,2020,2020/2021
Sheffield United,Nathan Thomas,25,Left Winger,Without Club,-,out,Summer,0,Premier League,2020,2020/2021
Sheffield United,Kieron Freeman,28,Right-Back,Without Club,-,out,Summer,0,Premier League,2020,2020/2021
Sheffield United,Panagiotis Retsos,21,Centre-Back,Bay. Leverkusen,"End of loanJun 30, 2020",out,Summer,0,Premier League,2020,2020/2021
Southampton FC,Ibrahima Diallo,21,Defensive Midfield,Stade Brest 29,£13.50m,in,Summer,13.5,Premier League,2020,2020/2021
Southampton FC,Kyle Walker-Peters,23,Right-Back,Spurs,£11.97m,in,Summer,11.97,Premier League,2020,2020/2021
Southampton FC,Mohammed Salisu,21,Centre-Back,Real Valladolid,£10.80m,in,Summer,10.8,Premier League,2020,2020/2021
Southampton FC,Theo Walcott,31,Right Winger,Everton,loan transfer,in,Summer,NA,Premier League,2020,2020/2021
Southampton FC,Mario Lemina,27,Defensive Midfield,Fulham,"End of loanMay 31, 2021",in,Summer,0,Premier League,2020,2020/2021
Southampton FC,Jake Hesketh,25,Attacking Midfield,Crawley Town,"End of loanMay 31, 2021",in,Summer,0,Premier League,2020,2020/2021
Southampton FC,Angus Gunn,25,Goalkeeper,Stoke City,"End of loanMay 31, 2021",in,Summer,0,Premier League,2020,2020/2021
Southampton FC,Jake Vokins,21,Left-Back,Sunderland,"End of loanMay 31, 2021",in,Summer,0,Premier League,2020,2020/2021
Southampton FC,Josh Sims,24,Right Winger,Doncaster,"End of loanMay 31, 2021",in,Summer,0,Premier League,2020,2020/2021
Southampton FC,Yan Valery,22,Right-Back,Birmingham,"End of loanMay 31, 2021",in,Summer,0,Premier League,2020,2020/2021
Southampton FC,Jake Vokins,20,Left-Back,Southampton B,-,in,Summer,0,Premier League,2020,2020/2021
Southampton FC,Harry Lewis,22,Goalkeeper,Southampton B,-,in,Summer,0,Premier League,2020,2020/2021
Southampton FC,Nathan Tella,20,Right Winger,Southampton B,-,in,Summer,0,Premier League,2020,2020/2021
Southampton FC,Dan N'Lundulu,21,Centre-Forward,Southampton B,-,in,Summer,0,Premier League,2020,2020/2021
Southampton FC,Fraser Forster,32,Goalkeeper,Celtic,"End of loanJun 30, 2020",in,Summer,0,Premier League,2020,2020/2021
Southampton FC,Josh Sims,23,Right Winger,NY Red Bulls,"End of loanJun 30, 2020",in,Summer,0,Premier League,2020,2020/2021
Southampton FC,Harrison Reed,25,Central Midfield,Fulham,"End of loanAug 5, 2020",in,Summer,0,Premier League,2020,2020/2021
Southampton FC,Guido Carrillo,29,Centre-Forward,CD Leganés,"End of loanJul 20, 2020",in,Summer,0,Premier League,2020,2020/2021
Southampton FC,Wesley Hoedt,26,Centre-Back,Royal Antwerp,"End of loanJun 30, 2020",in,Summer,0,Premier League,2020,2020/2021
Southampton FC,Mario Lemina,26,Defensive Midfield,Galatasaray,"End of loanAug 3, 2020",in,Summer,0,Premier League,2020,2020/2021
Southampton FC,Cédric Soares,28,Right-Back,Arsenal,"End of loanJun 30, 2020",in,Summer,0,Premier League,2020,2020/2021
Southampton FC,Maya Yoshida,32,Centre-Back,Sampdoria,"End of loanAug 31, 2020",in,Summer,0,Premier League,2020,2020/2021
Southampton FC,Pierre-Emile Höjbjerg,25,Central Midfield,Spurs,£14.94m,out,Summer,14.94,Premier League,2020,2020/2021
Southampton FC,Harrison Reed,25,Central Midfield,Fulham,£5.85m,out,Summer,5.85,Premier League,2020,2020/2021
Southampton FC,Mario Lemina,26,Defensive Midfield,Fulham,Loan fee:£1.98m,out,Summer,1.98,Premier League,2020,2020/2021
Southampton FC,Wesley Hoedt,26,Centre-Back,Lazio,Loan fee:£900Th.,out,Summer,0.9,Premier League,2020,2020/2021
Southampton FC,Cédric Soares,28,Right-Back,Arsenal,free transfer,out,Summer,NA,Premier League,2020,2020/2021
Southampton FC,Jack Rose,25,Goalkeeper,Walsall,free transfer,out,Summer,NA,Premier League,2020,2020/2021
Southampton FC,Maya Yoshida,32,Centre-Back,Sampdoria,free transfer,out,Summer,NA,Premier League,2020,2020/2021
Southampton FC,Guido Carrillo,29,Centre-Forward,Elche CF,free transfer,out,Summer,NA,Premier League,2020,2020/2021
Southampton FC,Sofiane Boufal,27,Left Winger,SCO Angers,free transfer,out,Summer,NA,Premier League,2020,2020/2021
Southampton FC,Jake Hesketh,24,Attacking Midfield,Crawley Town,loan transfer,out,Summer,NA,Premier League,2020,2020/2021
Southampton FC,Angus Gunn,24,Goalkeeper,Stoke City,loan transfer,out,Summer,NA,Premier League,2020,2020/2021
Southampton FC,Theo Walcott,32,Right Winger,Everton,"End of loanMay 31, 2021",out,Summer,0,Premier League,2020,2020/2021
Southampton FC,Kevin Danso,21,Centre-Back,FC Augsburg,"End of loanJun 30, 2020",out,Summer,0,Premier League,2020,2020/2021
Southampton FC,Kyle Walker-Peters,23,Right-Back,Spurs,"End of loanJul 31, 2020",out,Summer,0,Premier League,2020,2020/2021
Tottenham Hotspur,Giovani Lo Celso,24,Central Midfield,Real Betis,£28.80m,in,Summer,28.8,Premier League,2020,2020/2021
Tottenham Hotspur,Sergio Reguilón,23,Left-Back,Real Madrid,£27.00m,in,Summer,27,Premier League,2020,2020/2021
Tottenham Hotspur,Matt Doherty,28,Right-Back,Wolves,£15.12m,in,Summer,15.12,Premier League,2020,2020/2021
Tottenham Hotspur,Pierre-Emile Höjbjerg,25,Central Midfield,Southampton,£14.94m,in,Summer,14.94,Premier League,2020,2020/2021
Tottenham Hotspur,Joe Rodon,22,Centre-Back,Swansea,£10.89m,in,Summer,10.89,Premier League,2020,2020/2021
Tottenham Hotspur,Carlos Vinícius,25,Centre-Forward,Benfica,Loan fee:£2.70m,in,Summer,2.7,Premier League,2020,2020/2021
Tottenham Hotspur,Joe Hart,33,Goalkeeper,Burnley,free transfer,in,Summer,NA,Premier League,2020,2020/2021
Tottenham Hotspur,Gareth Bale,31,Right Winger,Real Madrid,loan transfer,in,Summer,NA,Premier League,2020,2020/2021
Tottenham Hotspur,Oliver Skipp,20,Defensive Midfield,Norwich,"End of loanMay 31, 2021",in,Summer,0,Premier League,2020,2020/2021
Tottenham Hotspur,Cameron Carter-Vickers,23,Centre-Back,Bournemouth,"End of loanMay 31, 2021",in,Summer,0,Premier League,2020,2020/2021
Tottenham Hotspur,Kazaiah Sterling,22,Centre-Forward,Morton,"End of loanMay 31, 2021",in,Summer,0,Premier League,2020,2020/2021
Tottenham Hotspur,Kyle Walker-Peters,23,Right-Back,Southampton,"End of loanJul 31, 2020",in,Summer,0,Premier League,2020,2020/2021
Tottenham Hotspur,Cameron Carter-Vickers,22,Centre-Back,Luton,"End of loanJul 31, 2020",in,Summer,0,Premier League,2020,2020/2021
Tottenham Hotspur,Danny Rose,30,Left-Back,Newcastle,"End of loanJul 31, 2020",in,Summer,0,Premier League,2020,2020/2021
Tottenham Hotspur,Kyle Walker-Peters,23,Right-Back,Southampton,£11.97m,out,Summer,11.97,Premier League,2020,2020/2021
Tottenham Hotspur,Jan Vertonghen,33,Centre-Back,Benfica,free transfer,out,Summer,NA,Premier League,2020,2020/2021
Tottenham Hotspur,Oliver Skipp,19,Defensive Midfield,Norwich,loan transfer,out,Summer,NA,Premier League,2020,2020/2021
Tottenham Hotspur,Juan Foyth,22,Centre-Back,Villarreal,loan transfer,out,Summer,NA,Premier League,2020,2020/2021
Tottenham Hotspur,Ryan Sessegnon,20,Left-Back,TSG Hoffenheim,loan transfer,out,Summer,NA,Premier League,2020,2020/2021
Tottenham Hotspur,Cameron Carter-Vickers,22,Centre-Back,Bournemouth,loan transfer,out,Summer,NA,Premier League,2020,2020/2021
Tottenham Hotspur,Michel Vorm,36,Goalkeeper,Retired,-,out,Summer,0,Premier League,2020,2020/2021
Tottenham Hotspur,Giovani Lo Celso,24,Central Midfield,Real Betis,"End of loanJun 30, 2020",out,Summer,0,Premier League,2020,2020/2021
West Bromwich Albion,Karlan Grant,23,Centre-Forward,Huddersfield,£14.85m,in,Summer,14.85,Premier League,2020,2020/2021
West Bromwich Albion,Grady Diangana,22,Left Winger,West Ham,£12.15m,in,Summer,12.15,Premier League,2020,2020/2021
West Bromwich Albion,Matheus Pereira,24,Right Winger,Sporting CP,£7.43m,in,Summer,7.43,Premier League,2020,2020/2021
West Bromwich Albion,Cédric Kipré,23,Centre-Back,Wigan,£990Th.,in,Summer,0.99,Premier League,2020,2020/2021
West Bromwich Albion,David Button,31,Goalkeeper,Brighton,£990Th.,in,Summer,0.99,Premier League,2020,2020/2021
West Bromwich Albion,Branislav Ivanovic,36,Centre-Back,Zenit S-Pb,free transfer,in,Summer,NA,Premier League,2020,2020/2021
West Bromwich Albion,Callum Robinson,25,Centre-Forward,Sheff Utd,?,in,Summer,NA,Premier League,2020,2020/2021
West Bromwich Albion,Conor Gallagher,20,Central Midfield,Chelsea U23,loan transfer,in,Summer,NA,Premier League,2020,2020/2021
West Bromwich Albion,Filip Krovinovic,25,Attacking Midfield,Benfica,loan transfer,in,Summer,NA,Premier League,2020,2020/2021
West Bromwich Albion,Alex Palmer,24,Goalkeeper,Lincoln City,"End of loanMay 31, 2021",in,Summer,0,Premier League,2020,2020/2021
West Bromwich Albion,Charlie Austin,31,Centre-Forward,QPR,"End of loanMay 31, 2021",in,Summer,0,Premier League,2020,2020/2021
West Bromwich Albion,Rekeem Harper,21,Central Midfield,Birmingham,"End of loanMay 31, 2021",in,Summer,0,Premier League,2020,2020/2021
West Bromwich Albion,Oliver Burke,23,Right Winger,Alavés,"End of loanJul 20, 2020",in,Summer,0,Premier League,2020,2020/2021
West Bromwich Albion,Oliver Burke,23,Right Winger,Sheff Utd,£5.85m,out,Summer,5.85,Premier League,2020,2020/2021
West Bromwich Albion,Jonathan Leko,21,Right Winger,Birmingham,£990Th.,out,Summer,0.99,Premier League,2020,2020/2021
West Bromwich Albion,Nathan Ferguson,19,Centre-Back,Crystal Palace,free transfer,out,Summer,NA,Premier League,2020,2020/2021
West Bromwich Albion,Chris Brunt,35,Central Midfield,Bristol City,free transfer,out,Summer,NA,Premier League,2020,2020/2021
West Bromwich Albion,Alex Palmer,24,Goalkeeper,Lincoln City,loan transfer,out,Summer,NA,Premier League,2020,2020/2021
West Bromwich Albion,Kenneth Zohore,26,Centre-Forward,Millwall,loan transfer,out,Summer,NA,Premier League,2020,2020/2021
West Bromwich Albion,Ahmed Hegazy,29,Centre-Back,Ittihad,loan transfer,out,Summer,NA,Premier League,2020,2020/2021
West Bromwich Albion,Conor Gallagher,21,Central Midfield,Chelsea U23,"End of loanMay 31, 2021",out,Summer,0,Premier League,2020,2020/2021
West Bromwich Albion,Matheus Pereira,24,Right Winger,Sporting CP,"End of loanJul 31, 2020",out,Summer,0,Premier League,2020,2020/2021
West Bromwich Albion,Ali Al Habsi,38,Goalkeeper,Retired,-,out,Summer,0,Premier League,2020,2020/2021
West Bromwich Albion,Gareth Barry,39,Defensive Midfield,Retired,-,out,Summer,0,Premier League,2020,2020/2021
West Bromwich Albion,Filip Krovinovic,24,Attacking Midfield,Benfica,"End of loanJul 31, 2020",out,Summer,0,Premier League,2020,2020/2021
West Bromwich Albion,Grady Diangana,22,Left Winger,West Ham,"End of loanJul 31, 2020",out,Summer,0,Premier League,2020,2020/2021
West Bromwich Albion,Callum Robinson,25,Centre-Forward,Sheff Utd,"End of loanJul 31, 2020",out,Summer,0,Premier League,2020,2020/2021
West Ham United,Tomas Soucek,25,Defensive Midfield,Slavia Prague,£14.58m,in,Summer,14.58,Premier League,2020,2020/2021
West Ham United,Vladimir Coufal,28,Right-Back,Slavia Prague,£5.40m,in,Summer,5.4,Premier League,2020,2020/2021
West Ham United,Saïd Benrahma,25,Left Winger,Brentford,Loan fee:£3.96m,in,Summer,3.96,Premier League,2020,2020/2021
West Ham United,Craig Dawson,30,Centre-Back,Watford,loan transfer,in,Summer,NA,Premier League,2020,2020/2021
West Ham United,Winston Reid,32,Centre-Back,Brentford,"End of loanMay 31, 2021",in,Summer,0,Premier League,2020,2020/2021
West Ham United,Ben Johnson,20,Right-Back,West Ham U23,-,in,Summer,0,Premier League,2020,2020/2021
West Ham United,Sead Haksabanovic,21,Left Winger,Norrköping,"End of loanJun 11, 2020",in,Summer,0,Premier League,2020,2020/2021
West Ham United,Jordan Hugill,28,Centre-Forward,QPR,"End of loanJul 31, 2020",in,Summer,0,Premier League,2020,2020/2021
West Ham United,Josh Cullen,24,Defensive Midfield,Charlton,"End of loanJul 31, 2020",in,Summer,0,Premier League,2020,2020/2021
West Ham United,Grady Diangana,22,Left Winger,West Brom,"End of loanJul 31, 2020",in,Summer,0,Premier League,2020,2020/2021
West Ham United,Roberto,34,Goalkeeper,Alavés,"End of loanJul 20, 2020",in,Summer,0,Premier League,2020,2020/2021
West Ham United,Grady Diangana,22,Left Winger,West Brom,£12.15m,out,Summer,12.15,Premier League,2020,2020/2021
West Ham United,Albian Ajeti,23,Centre-Forward,Celtic,£4.95m,out,Summer,4.95,Premier League,2020,2020/2021
West Ham United,Jordan Hugill,28,Centre-Forward,Norwich,£2.97m,out,Summer,2.97,Premier League,2020,2020/2021
West Ham United,Josh Cullen,24,Defensive Midfield,RSC Anderlecht,£450Th.,out,Summer,0.45,Premier League,2020,2020/2021
West Ham United,Roberto,34,Goalkeeper,Real Valladolid,free transfer,out,Summer,NA,Premier League,2020,2020/2021
West Ham United,Xande Silva,23,Right Winger,Aris Saloniki,loan transfer,out,Summer,NA,Premier League,2020,2020/2021
West Ham United,Felipe Anderson,27,Left Midfield,FC Porto,loan transfer,out,Summer,NA,Premier League,2020,2020/2021
West Ham United,Craig Dawson,31,Centre-Back,Watford,"End of loanMay 31, 2021",out,Summer,0,Premier League,2020,2020/2021
West Ham United,Carlos Sánchez,34,Defensive Midfield,Without Club,-,out,Summer,0,Premier League,2020,2020/2021
West Ham United,Jack Wilshere,28,Central Midfield,Without Club,-,out,Summer,0,Premier League,2020,2020/2021
West Ham United,Pablo Zabaleta,35,Right-Back,Retired,-,out,Summer,0,Premier League,2020,2020/2021
West Ham United,Tomas Soucek,25,Defensive Midfield,Slavia Prague,"End of loanJul 26, 2020",out,Summer,0,Premier League,2020,2020/2021
Wolverhampton Wanderers,Fábio Silva,18,Centre-Forward,FC Porto,£36.00m,in,Summer,36,Premier League,2020,2020/2021
Wolverhampton Wanderers,Nélson Semedo,26,Right-Back,FC Barcelona,£27.00m,in,Summer,27,Premier League,2020,2020/2021
Wolverhampton Wanderers,Ki-Jana Hoever,18,Right-Back,Liverpool U23,£8.82m,in,Summer,8.82,Premier League,2020,2020/2021
Wolverhampton Wanderers,Marçal,31,Left-Back,Olympique Lyon,£1.80m,in,Summer,1.8,Premier League,2020,2020/2021
Wolverhampton Wanderers,Toti Gomes,21,Centre-Back,Estoril Praia,£900Th.,in,Summer,0.9,Premier League,2020,2020/2021
Wolverhampton Wanderers,Matija Sarkic,23,Goalkeeper,Aston Villa,free transfer,in,Summer,NA,Premier League,2020,2020/2021
Wolverhampton Wanderers,Vitinha,20,Central Midfield,FC Porto,loan transfer,in,Summer,NA,Premier League,2020,2020/2021
Wolverhampton Wanderers,Rayan Aït Nouri,19,Left-Back,SCO Angers,loan transfer,in,Summer,NA,Premier League,2020,2020/2021
Wolverhampton Wanderers,Matija Sarkic,23,Goalkeeper,Shrewsbury,"End of loanMay 31, 2021",in,Summer,0,Premier League,2020,2020/2021
Wolverhampton Wanderers,Luke Matheson,18,Right-Back,Ipswich,"End of loanMay 31, 2021",in,Summer,0,Premier League,2020,2020/2021
Wolverhampton Wanderers,Renat Dadashov,21,Centre-Forward,Grasshoppers,"End of loanOct 8, 2020",in,Summer,0,Premier League,2020,2020/2021
Wolverhampton Wanderers,Hélder Costa,26,Right Winger,Leeds,"End of loanJun 30, 2020",in,Summer,0,Premier League,2020,2020/2021
Wolverhampton Wanderers,Léo Bonatini,26,Centre-Forward,Vit. Guimarães,"End of loanJul 31, 2020",in,Summer,0,Premier League,2020,2020/2021
Wolverhampton Wanderers,Roderick Miranda,29,Centre-Back,Famalicão,"End of loanJul 31, 2020",in,Summer,0,Premier League,2020,2020/2021
Wolverhampton Wanderers,Ryan Bennett,30,Centre-Back,Leicester,"End of loanJul 31, 2020",in,Summer,0,Premier League,2020,2020/2021
Wolverhampton Wanderers,Diogo Jota,23,Left Winger,Liverpool,£40.23m,out,Summer,40.23,Premier League,2020,2020/2021
Wolverhampton Wanderers,Hélder Costa,26,Right Winger,Leeds,£15.93m,out,Summer,15.93,Premier League,2020,2020/2021
Wolverhampton Wanderers,Matt Doherty,28,Right-Back,Spurs,£15.12m,out,Summer,15.12,Premier League,2020,2020/2021
Wolverhampton Wanderers,Ming-Yang Yang,25,Central Midfield,Grasshoppers,free transfer,out,Summer,NA,Premier League,2020,2020/2021
Wolverhampton Wanderers,Jordan Graham,25,Left Winger,Gillingham FC,free transfer,out,Summer,NA,Premier League,2020,2020/2021
Wolverhampton Wanderers,Will Norris,27,Goalkeeper,Burnley,?,out,Summer,NA,Premier League,2020,2020/2021
Wolverhampton Wanderers,Rúben Vinagre,21,Left-Back,Olympiacos,loan transfer,out,Summer,NA,Premier League,2020,2020/2021
Wolverhampton Wanderers,Léo Bonatini,26,Centre-Forward,Grasshoppers,loan transfer,out,Summer,NA,Premier League,2020,2020/2021
Wolverhampton Wanderers,Leonardo Campana,20,Centre-Forward,Famalicão,loan transfer,out,Summer,NA,Premier League,2020,2020/2021
Wolverhampton Wanderers,Bruno Jordão,21,Central Midfield,Famalicão,loan transfer,out,Summer,NA,Premier League,2020,2020/2021
Wolverhampton Wanderers,Toti Gomes,21,Centre-Back,Grasshoppers,loan transfer,out,Summer,NA,Premier League,2020,2020/2021
Wolverhampton Wanderers,Matija Sarkic,23,Goalkeeper,Shrewsbury,loan transfer,out,Summer,NA,Premier League,2020,2020/2021
Wolverhampton Wanderers,Morgan Gibbs-White,20,Central Midfield,Swansea,loan transfer,out,Summer,NA,Premier League,2020,2020/2021
Wolverhampton Wanderers,Connor Ronan,22,Central Midfield,Grasshoppers,loan transfer,out,Summer,NA,Premier League,2020,2020/2021
Wolverhampton Wanderers,Renat Dadashov,21,Centre-Forward,Grasshoppers,loan transfer,out,Summer,NA,Premier League,2020,2020/2021
Wolverhampton Wanderers,Ryan Bennett,30,Centre-Back,Swansea,?,out,Summer,NA,Premier League,2020,2020/2021
Wolverhampton Wanderers,Phil Ofosu-Ayeh,28,Right-Back,Without Club,-,out,Summer,0,Premier League,2020,2020/2021
Arsenal FC,Martin Ødegaard,22,Attacking Midfield,Real Madrid,Loan fee:£1.80m,in,Winter,1.8,Premier League,2020,2020/2021
Arsenal FC,Mathew Ryan,28,Goalkeeper,Brighton,loan transfer,in,Winter,NA,Premier League,2020,2020/2021
Arsenal FC,Dejan Iliev,25,Goalkeeper,Shrewsbury,"End of loanJan 31, 2021",in,Winter,0,Premier League,2020,2020/2021
Arsenal FC,Sead Kolasinac,27,Left-Back,FC Schalke 04,loan transfer,out,Winter,NA,Premier League,2020,2020/2021
Arsenal FC,Matt Macey,26,Goalkeeper,Hibernian FC,free transfer,out,Winter,NA,Premier League,2020,2020/2021
Arsenal FC,Sokratis,32,Centre-Back,Olympiacos,free transfer,out,Winter,NA,Premier League,2020,2020/2021
Arsenal FC,Mesut Özil,32,Attacking Midfield,Fenerbahce,free transfer,out,Winter,NA,Premier League,2020,2020/2021
Arsenal FC,Shkodran Mustafi,28,Centre-Back,FC Schalke 04,free transfer,out,Winter,NA,Premier League,2020,2020/2021
Arsenal FC,William Saliba,19,Centre-Back,OGC Nice,loan transfer,out,Winter,NA,Premier League,2020,2020/2021
Arsenal FC,Ainsley Maitland-Niles,23,Right Midfield,West Brom,loan transfer,out,Winter,NA,Premier League,2020,2020/2021
Arsenal FC,Joe Willock,21,Central Midfield,Newcastle,loan transfer,out,Winter,NA,Premier League,2020,2020/2021
Aston Villa,Morgan Sanson,26,Central Midfield,Marseille,£14.22m,in,Winter,14.22,Premier League,2020,2020/2021
Aston Villa,Henri Lansbury,30,Central Midfield,Bristol City,free transfer,out,Winter,NA,Premier League,2020,2020/2021
Aston Villa,Lovre Kalinic,30,Goalkeeper,Hajduk Split,loan transfer,out,Winter,NA,Premier League,2020,2020/2021
Aston Villa,Conor Hourihane,29,Central Midfield,Swansea,loan transfer,out,Winter,NA,Premier League,2020,2020/2021
Aston Villa,Frédéric Guilbert,26,Right-Back,R. Strasbourg,loan transfer,out,Winter,NA,Premier League,2020,2020/2021
Brighton & Hove Albion,Moisés Caicedo,19,Central Midfield,Independiente,£4.50m,in,Winter,4.5,Premier League,2020,2020/2021
Brighton & Hove Albion,Percy Tau,26,Attacking Midfield,RSC Anderlecht,"End of loanJan 7, 2021",in,Winter,0,Premier League,2020,2020/2021
Brighton & Hove Albion,Glenn Murray,37,Centre-Forward,Watford,"End of loanJan 31, 2021",in,Winter,0,Premier League,2020,2020/2021
Brighton & Hove Albion,Viktor Gyökeres,22,Centre-Forward,Swansea,"End of loanJan 14, 2021",in,Winter,0,Premier League,2020,2020/2021
Brighton & Hove Albion,Michal Karbownik,19,Left-Back,Legia Warszawa,"End of loanJan 17, 2021",in,Winter,0,Premier League,2020,2020/2021
Brighton & Hove Albion,Jakub Moder,21,Central Midfield,Lech Poznan,"End of loanDec 31, 2020",in,Winter,0,Premier League,2020,2020/2021
Brighton & Hove Albion,Jayson Molumby,21,Central Midfield,Preston,loan transfer,out,Winter,NA,Premier League,2020,2020/2021
Brighton & Hove Albion,Viktor Gyökeres,22,Centre-Forward,Coventry,loan transfer,out,Winter,NA,Premier League,2020,2020/2021
Brighton & Hove Albion,Bernardo,25,Left-Back,RB Salzburg,loan transfer,out,Winter,NA,Premier League,2020,2020/2021
Brighton & Hove Albion,Mathew Ryan,28,Goalkeeper,Arsenal,loan transfer,out,Winter,NA,Premier League,2020,2020/2021
Brighton & Hove Albion,Glenn Murray,37,Centre-Forward,Nottm Forest,?,out,Winter,NA,Premier League,2020,2020/2021
Burnley FC,Richard Nartey,22,Centre-Back,Without Club,-,in,Winter,0,Premier League,2020,2020/2021
Chelsea FC,Lucas Piazon,26,Left Winger,Rio Ave FC,"End of loanJan 13, 2021",in,Winter,0,Premier League,2020,2020/2021
Chelsea FC,Lucas Piazon,26,Left Winger,Braga,free transfer,out,Winter,NA,Premier League,2020,2020/2021
Chelsea FC,Danny Drinkwater,30,Central Midfield,Kasimpasa,loan transfer,out,Winter,NA,Premier League,2020,2020/2021
Chelsea FC,Fikayo Tomori,23,Centre-Back,AC Milan,loan transfer,out,Winter,NA,Premier League,2020,2020/2021
Chelsea FC,Abdul Rahman Baba,26,Left-Back,PAOK Salonika,loan transfer,out,Winter,NA,Premier League,2020,2020/2021
Crystal Palace,Jean-Philippe Mateta,23,Centre-Forward,1.FSV Mainz 05,Loan fee:£3.15m,in,Winter,3.15,Premier League,2020,2020/2021
Crystal Palace,Jaroslaw Jach,26,Centre-Back,Fortuna Sittard,"End of loanDec 31, 2020",in,Winter,0,Premier League,2020,2020/2021
Crystal Palace,Max Meyer,25,Attacking Midfield,1. FC Köln,free transfer,out,Winter,NA,Premier League,2020,2020/2021
Crystal Palace,Jaroslaw Jach,26,Centre-Back,Rakow,loan transfer,out,Winter,NA,Premier League,2020,2020/2021
Crystal Palace,Sam Woods,22,Centre-Back,Plymouth,loan transfer,out,Winter,NA,Premier League,2020,2020/2021
Everton FC,Joshua King,29,Second Striker,Bournemouth,?,in,Winter,NA,Premier League,2020,2020/2021
Everton FC,Matthew Pennington,26,Centre-Back,Shrewsbury,loan transfer,out,Winter,NA,Premier League,2020,2020/2021
Everton FC,Jarrad Branthwaite,18,Centre-Back,Blackburn,loan transfer,out,Winter,NA,Premier League,2020,2020/2021
Everton FC,Yannick Bolasie,31,Left Winger,Middlesbrough,loan transfer,out,Winter,NA,Premier League,2020,2020/2021
Everton FC,Cenk Tosun,29,Centre-Forward,Besiktas,loan transfer,out,Winter,NA,Premier League,2020,2020/2021
Everton FC,Jonas Lössl,32,Goalkeeper,FC Midtjylland,?,out,Winter,NA,Premier League,2020,2020/2021
Everton FC,Jonjoe Kenny,23,Right-Back,Celtic,loan transfer,out,Winter,NA,Premier League,2020,2020/2021
Everton FC,Anthony Gordon,19,Left Winger,Preston,loan transfer,out,Winter,NA,Premier League,2020,2020/2021
Fulham FC,Josh Maja,22,Centre-Forward,G. Bordeaux,loan transfer,in,Winter,NA,Premier League,2020,2020/2021
Fulham FC,Jean Michaël Seri,29,Central Midfield,G. Bordeaux,loan transfer,out,Winter,NA,Premier League,2020,2020/2021
Fulham FC,Stefan Johansen,30,Central Midfield,QPR,loan transfer,out,Winter,NA,Premier League,2020,2020/2021
Fulham FC,Aboubakar Kamara,25,Centre-Forward,Dijon,loan transfer,out,Winter,NA,Premier League,2020,2020/2021
Fulham FC,Maxime Le Marchand,31,Centre-Back,Royal Antwerp,loan transfer,out,Winter,NA,Premier League,2020,2020/2021
Fulham FC,Neeskens Kebano,28,Attacking Midfield,Middlesbrough,loan transfer,out,Winter,NA,Premier League,2020,2020/2021
Leeds United,Jordan Stevens,20,Right Midfield,Swindon Town,"End of loanJan 7, 2021",in,Winter,0,Premier League,2020,2020/2021
Leeds United,Robbie Gotts,21,Right-Back,Lincoln City,"End of loanJan 14, 2021",in,Winter,0,Premier League,2020,2020/2021
Leeds United,Conor Shaughnessy,24,Defensive Midfield,Rochdale,free transfer,out,Winter,NA,Premier League,2020,2020/2021
Leeds United,Jay-Roy Grot,22,Centre-Forward,VfL Osnabrück,free transfer,out,Winter,NA,Premier League,2020,2020/2021
Leeds United,Jordan Stevens,20,Right Midfield,Bradford,loan transfer,out,Winter,NA,Premier League,2020,2020/2021
Leeds United,Robbie Gotts,21,Right-Back,Salford,loan transfer,out,Winter,NA,Premier League,2020,2020/2021
Leicester City,Matty James,29,Central Midfield,Barnsley FC,"End of loanJan 5, 2021",in,Winter,0,Premier League,2020,2020/2021
Leicester City,Filip Benkovic,23,Centre-Back,Cardiff,"End of loanJan 6, 2021",in,Winter,0,Premier League,2020,2020/2021
Leicester City,Demarai Gray,24,Left Winger,Bay. Leverkusen,£1.80m,out,Winter,1.8,Premier League,2020,2020/2021
Leicester City,Islam Slimani,32,Centre-Forward,Olympique Lyon,free transfer,out,Winter,NA,Premier League,2020,2020/2021
Leicester City,Matty James,29,Central Midfield,Coventry,loan transfer,out,Winter,NA,Premier League,2020,2020/2021
Leicester City,Filip Benkovic,23,Centre-Back,OH Leuven,loan transfer,out,Winter,NA,Premier League,2020,2020/2021
Liverpool FC,Ozan Kabak,20,Centre-Back,FC Schalke 04,Loan fee:£990Th.,in,Winter,0.99,Premier League,2020,2020/2021
Liverpool FC,Ben Davies,25,Centre-Back,Preston,£513Th.,in,Winter,0.513,Premier League,2020,2020/2021
Liverpool FC,Ben Woodburn,21,Attacking Midfield,Blackpool,"End of loanJan 17, 2021",in,Winter,0,Premier League,2020,2020/2021
Liverpool FC,Sepp van den Berg,19,Centre-Back,Preston,loan transfer,out,Winter,NA,Premier League,2020,2020/2021
Liverpool FC,Takumi Minamino,26,Left Winger,Southampton,loan transfer,out,Winter,NA,Premier League,2020,2020/2021
Manchester City,Filip Stevanovic,18,Left Winger,Partizan,£7.65m,in,Winter,7.65,Premier League,2020,2020/2021
Manchester City,Ante Palaversa,20,Defensive Midfield,Getafe,"End of loanJan 25, 2021",in,Winter,0,Premier League,2020,2020/2021
Manchester City,Patrick Roberts,23,Right Winger,Middlesbrough,"End of loanJan 31, 2021",in,Winter,0,Premier League,2020,2020/2021
Manchester City,Daniel Arzani,22,Left Winger,FC Utrecht,"End of loanJan 25, 2021",in,Winter,0,Premier League,2020,2020/2021
Manchester City,Filip Stevanovic,18,Left Winger,Partizan,loan transfer,out,Winter,NA,Premier League,2020,2020/2021
Manchester City,Ante Palaversa,20,Defensive Midfield,KV Kortrijk,loan transfer,out,Winter,NA,Premier League,2020,2020/2021
Manchester City,Arijanet Muric,22,Goalkeeper,Willem II,loan transfer,out,Winter,NA,Premier League,2020,2020/2021
Manchester City,Patrick Roberts,23,Right Winger,Derby,loan transfer,out,Winter,NA,Premier League,2020,2020/2021
Manchester City,Daniel Arzani,22,Left Winger,Aarhus GF,loan transfer,out,Winter,NA,Premier League,2020,2020/2021
Manchester United,Amad Diallo,18,Right Winger,Atalanta BC,£18.90m,in,Winter,18.9,Premier League,2020,2020/2021
Manchester United,Tahith Chong,21,Right Winger,Werder Bremen,"End of loanJan 30, 2021",in,Winter,0,Premier League,2020,2020/2021
Manchester United,Timothy Fosu-Mensah,23,Right-Back,Bay. Leverkusen,£1.53m,out,Winter,1.53,Premier League,2020,2020/2021
Manchester United,Jesse Lingard,28,Right Winger,West Ham,Loan fee:£1.53m,out,Winter,1.53,Premier League,2020,2020/2021
Manchester United,Tahith Chong,21,Right Winger,Club Brugge,loan transfer,out,Winter,NA,Premier League,2020,2020/2021
Manchester United,Facundo Pellistri,19,Right Winger,Alavés,loan transfer,out,Winter,NA,Premier League,2020,2020/2021
Manchester United,Odion Ighalo,31,Centre-Forward,SH Shenhua,"End of loanJan 31, 2021",out,Winter,0,Premier League,2020,2020/2021
Newcastle United,Joe Willock,21,Central Midfield,Arsenal,loan transfer,in,Winter,NA,Premier League,2020,2020/2021
Newcastle United,Rolando Aarons,25,Left Winger,Huddersfield,free transfer,out,Winter,NA,Premier League,2020,2020/2021
Newcastle United,DeAndre Yedlin,27,Right-Back,Galatasaray,free transfer,out,Winter,NA,Premier League,2020,2020/2021
Sheffield United,Jake Eastwood,24,Goalkeeper,Kilmarnock FC,"End of loanJan 1, 2021",in,Winter,0,Premier League,2020,2020/2021
Sheffield United,Michael Verrips,24,Goalkeeper,FC Emmen,loan transfer,out,Winter,NA,Premier League,2020,2020/2021
Sheffield United,Jake Eastwood,24,Goalkeeper,Grimsby Town,loan transfer,out,Winter,NA,Premier League,2020,2020/2021
Southampton FC,Takumi Minamino,26,Left Winger,Liverpool,loan transfer,in,Winter,NA,Premier League,2020,2020/2021
Southampton FC,Jake Vokins,20,Left-Back,Sunderland,loan transfer,out,Winter,NA,Premier League,2020,2020/2021
Southampton FC,Josh Sims,23,Right Winger,Doncaster,loan transfer,out,Winter,NA,Premier League,2020,2020/2021
Southampton FC,Shane Long,34,Centre-Forward,Bournemouth,loan transfer,out,Winter,NA,Premier League,2020,2020/2021
Southampton FC,Yan Valery,21,Right-Back,Birmingham,loan transfer,out,Winter,NA,Premier League,2020,2020/2021
Tottenham Hotspur,Jack Clarke,20,Right Winger,Stoke City,loan transfer,out,Winter,NA,Premier League,2020,2020/2021
Tottenham Hotspur,Paulo Gazzaniga,29,Goalkeeper,Elche CF,loan transfer,out,Winter,NA,Premier League,2020,2020/2021
Tottenham Hotspur,Gedson Fernandes,22,Central Midfield,Benfica,"End of loanJan 31, 2021",out,Winter,0,Premier League,2020,2020/2021
West Bromwich Albion,Mbaye Diagne,29,Centre-Forward,Galatasaray,Loan fee:£1.42m,in,Winter,1.42,Premier League,2020,2020/2021
West Bromwich Albion,Robert Snodgrass,33,Right Winger,West Ham,£99Th.,in,Winter,0.099,Premier League,2020,2020/2021
West Bromwich Albion,Andy Lonergan,37,Goalkeeper,Stoke City,free transfer,in,Winter,NA,Premier League,2020,2020/2021
West Bromwich Albion,Okay Yokuslu,26,Defensive Midfield,Celta de Vigo,loan transfer,in,Winter,NA,Premier League,2020,2020/2021
West Bromwich Albion,Ainsley Maitland-Niles,23,Right Midfield,Arsenal,loan transfer,in,Winter,NA,Premier League,2020,2020/2021
West Bromwich Albion,Kenneth Zohore,26,Centre-Forward,Millwall,"End of loanJan 16, 2021",in,Winter,0,Premier League,2020,2020/2021
West Bromwich Albion,Jonathan Bond,27,Goalkeeper,LA Galaxy,free transfer,out,Winter,NA,Premier League,2020,2020/2021
West Bromwich Albion,Charlie Austin,31,Centre-Forward,QPR,loan transfer,out,Winter,NA,Premier League,2020,2020/2021
West Bromwich Albion,Rekeem Harper,20,Central Midfield,Birmingham,loan transfer,out,Winter,NA,Premier League,2020,2020/2021
West Bromwich Albion,Cédric Kipré,24,Centre-Back,RSC Charleroi,loan transfer,out,Winter,NA,Premier League,2020,2020/2021
West Bromwich Albion,Filip Krovinovic,25,Attacking Midfield,Benfica,"End of loanJan 21, 2021",out,Winter,0,Premier League,2020,2020/2021
West Ham United,Saïd Benrahma,25,Left Winger,Brentford,£20.79m,in,Winter,20.79,Premier League,2020,2020/2021
West Ham United,Jesse Lingard,28,Right Winger,Man Utd,Loan fee:£1.53m,in,Winter,1.53,Premier League,2020,2020/2021
West Ham United,Frederik Alves,21,Centre-Back,Silkeborg IF,£1.44m,in,Winter,1.44,Premier League,2020,2020/2021
West Ham United,Winston Reid,32,Centre-Back,Kansas,"End of loanDec 31, 2020",in,Winter,0,Premier League,2020,2020/2021
West Ham United,Sébastien Haller,26,Centre-Forward,Ajax,£20.25m,out,Winter,20.25,Premier League,2020,2020/2021
West Ham United,Robert Snodgrass,33,Right Winger,West Brom,£99Th.,out,Winter,0.099,Premier League,2020,2020/2021
West Ham United,Winston Reid,32,Centre-Back,Brentford,loan transfer,out,Winter,NA,Premier League,2020,2020/2021
West Ham United,Saïd Benrahma,25,Left Winger,Brentford,"End of loanJan 28, 2021",out,Winter,0,Premier League,2020,2020/2021
Wolverhampton Wanderers,Willian José,29,Centre-Forward,Real Sociedad,loan transfer,in,Winter,NA,Premier League,2020,2020/2021
Wolverhampton Wanderers,Morgan Gibbs-White,20,Central Midfield,Swansea,"End of loanJan 6, 2021",in,Winter,0,Premier League,2020,2020/2021
Wolverhampton Wanderers,Patrick Cutrone,23,Centre-Forward,Fiorentina,"End of loanJan 7, 2021",in,Winter,0,Premier League,2020,2020/2021
Wolverhampton Wanderers,Rúben Vinagre,21,Left-Back,Olympiacos,"End of loanDec 31, 2020",in,Winter,0,Premier League,2020,2020/2021
Wolverhampton Wanderers,Roderick Miranda,29,Centre-Back,Gaziantep FK,free transfer,out,Winter,NA,Premier League,2020,2020/2021
Wolverhampton Wanderers,Rúben Vinagre,21,Left-Back,Famalicão,loan transfer,out,Winter,NA,Premier League,2020,2020/2021
Wolverhampton Wanderers,Oskar Buur,22,Right-Back,Grasshoppers,loan transfer,out,Winter,NA,Premier League,2020,2020/2021
Wolverhampton Wanderers,Patrick Cutrone,23,Centre-Forward,Valencia,loan transfer,out,Winter,NA,Premier League,2020,2020/2021
Wolverhampton Wanderers,Luke Matheson,18,Right-Back,Ipswich,loan transfer,out,Winter,NA,Premier League,2020,2020/2021
