club_name,player_name,age,position,club_involved_name,fee,transfer_movement,transfer_period,fee_cleaned,league_name,year,season
Belenenses SAD,Stanislav Kritsyuk,29,Goalkeeper,Krasnodar,free transfer,in,Summer,NA,Liga Nos,2020,2020/2021
Belenenses SAD,Afonso Sousa,20,Left Midfield,FC Porto B,free transfer,in,Summer,NA,Liga Nos,2020,2020/2021
Belenenses SAD,Cauê,31,Defensive Midfield,Without Club,free transfer,in,Summer,NA,Liga Nos,2020,2020/2021
Belenenses SAD,Afonso Taira,28,Defensive Midfield,FC Hermannstadt,free transfer,in,Summer,NA,Liga Nos,2020,2020/2021
Belenenses SAD,Miguel Cardoso,26,Right Winger,Dynamo Moscow,loan transfer,in,Summer,NA,Liga Nos,2020,2020/2021
Belenenses SAD,Bruno Ramires,26,Central Midfield,Feirense,?,in,Summer,NA,Liga Nos,2020,2020/2021
Belenenses SAD,Thibang Phete,26,Defensive Midfield,Famalicão,?,in,Summer,NA,Liga Nos,2020,2020/2021
Belenenses SAD,Richard,20,Attacking Midfield,Internacional,loan transfer,in,Summer,NA,Liga Nos,2020,2020/2021
Belenenses SAD,Pedro Álvaro,20,Centre-Back,Benfica B,loan transfer,in,Summer,NA,Liga Nos,2020,2020/2021
Belenenses SAD,Henrique,33,Centre-Back,Without Club,-,in,Summer,0,Liga Nos,2020,2020/2021
Belenenses SAD,Kikas,22,Centre-Forward,Doxa Katokopias,"End of loanMay 31, 2021",in,Summer,0,Liga Nos,2020,2020/2021
Belenenses SAD,João Monteiro,19,Goalkeeper,Belenenses U23,-,in,Summer,0,Liga Nos,2020,2020/2021
Belenenses SAD,João Monteiro,19,Goalkeeper,Belenenses U23,-,in,Summer,0,Liga Nos,2020,2020/2021
Belenenses SAD,Edi Semedo,21,Centre-Forward,Belenenses U23,-,in,Summer,0,Liga Nos,2020,2020/2021
Belenenses SAD,Robinho,22,Second Striker,Belenenses U23,-,in,Summer,0,Liga Nos,2020,2020/2021
Belenenses SAD,Sphephelo Sithole,21,Central Midfield,Belenenses U23,-,in,Summer,0,Liga Nos,2020,2020/2021
Belenenses SAD,Ricardo Dias,29,Defensive Midfield,Coimbra,"End of loanJun 30, 2020",in,Summer,0,Liga Nos,2020,2020/2021
Belenenses SAD,Rúben Ribeiro,23,Left-Back,CO Montijo,"End of loanJun 30, 2019",in,Summer,0,Liga Nos,2020,2020/2021
Belenenses SAD,Gonçalo Tavares,23,Right-Back,Recre Granada,"End of loanJun 30, 2020",in,Summer,0,Liga Nos,2020,2020/2021
Belenenses SAD,Kikas,21,Centre-Forward,Vilafranquense,"End of loanJun 30, 2020",in,Summer,0,Liga Nos,2020,2020/2021
Belenenses SAD,Rúben Ribeiro,24,Left-Back,CD Fátima,"End of loanJun 30, 2020",in,Summer,0,Liga Nos,2020,2020/2021
Belenenses SAD,Filipe Mendes,35,Goalkeeper,Real SC,free transfer,out,Summer,NA,Liga Nos,2020,2020/2021
Belenenses SAD,André Santos,31,Defensive Midfield,Grasshoppers,free transfer,out,Summer,NA,Liga Nos,2020,2020/2021
Belenenses SAD,Ricardo Ferreira,27,Centre-Back,Farense,free transfer,out,Summer,NA,Liga Nos,2020,2020/2021
Belenenses SAD,Gonçalo Tavares,23,Right-Back,Cova Piedade,?,out,Summer,NA,Liga Nos,2020,2020/2021
Belenenses SAD,Nuno Coelho,32,Centre-Back,Chaves,?,out,Summer,NA,Liga Nos,2020,2020/2021
Belenenses SAD,Kikas,21,Centre-Forward,Doxa Katokopias,loan transfer,out,Summer,NA,Liga Nos,2020,2020/2021
Belenenses SAD,Licá,31,Left Winger,Without Club,-,out,Summer,0,Liga Nos,2020,2020/2021
Belenenses SAD,Rúben Ribeiro,24,Left-Back,Belenenses U23,-,out,Summer,0,Liga Nos,2020,2020/2021
Belenenses SAD,Marco Matias,31,Right Winger,Without Club,-,out,Summer,0,Liga Nos,2020,2020/2021
Belenenses SAD,Hervé Koffi,23,Goalkeeper,LOSC Lille,"End of loanJul 31, 2020",out,Summer,0,Liga Nos,2020,2020/2021
Belenenses SAD,Imad Faraj,20,Right Winger,LOSC Lille B,"End of loanJan 1, 2020",out,Summer,0,Liga Nos,2020,2020/2021
Belenenses SAD,Show,21,Defensive Midfield,LOSC Lille,"End of loanJul 31, 2020",out,Summer,0,Liga Nos,2020,2020/2021
Belenenses SAD,Nuno Pina Nunes,21,Defensive Midfield,Chievo Verona,"End of loanAug 31, 2020",out,Summer,0,Liga Nos,2020,2020/2021
SL Benfica,Darwin Núñez,21,Centre-Forward,UD Almería,£21.60m,in,Summer,21.6,Liga Nos,2020,2020/2021
SL Benfica,Éverton,24,Left Midfield,Grêmio,£18.00m,in,Summer,18,Liga Nos,2020,2020/2021
SL Benfica,Pedrinho,22,Right Midfield,Corinthians,£16.20m,in,Summer,16.2,Liga Nos,2020,2020/2021
SL Benfica,Luca Waldschmidt,24,Second Striker,SC Freiburg,£13.50m,in,Summer,13.5,Liga Nos,2020,2020/2021
SL Benfica,Nicolás Otamendi,32,Centre-Back,Man City,£13.50m,in,Summer,13.5,Liga Nos,2020,2020/2021
SL Benfica,Gilberto,27,Right-Back,Fluminense,£2.70m,in,Summer,2.7,Liga Nos,2020,2020/2021
SL Benfica,Jean-Clair Todibo,20,Centre-Back,FC Barcelona,Loan fee:£1.80m,in,Summer,1.8,Liga Nos,2020,2020/2021
SL Benfica,Helton Leite,29,Goalkeeper,Boavista,£1.35m,in,Summer,1.35,Liga Nos,2020,2020/2021
SL Benfica,Jan Vertonghen,33,Centre-Back,Spurs,free transfer,in,Summer,NA,Liga Nos,2020,2020/2021
SL Benfica,Tiago Dantas,19,Central Midfield,Benfica B,-,in,Summer,0,Liga Nos,2020,2020/2021
SL Benfica,Gonçalo Ramos,19,Second Striker,Benfica B,-,in,Summer,0,Liga Nos,2020,2020/2021
SL Benfica,Bruno Varela,25,Goalkeeper,Ajax,"End of loanJun 30, 2020",in,Summer,0,Liga Nos,2020,2020/2021
SL Benfica,Facundo Ferreyra,29,Centre-Forward,Espanyol,"End of loanJul 20, 2020",in,Summer,0,Liga Nos,2020,2020/2021
SL Benfica,Diogo Gonçalves,23,Right Midfield,Famalicão,"End of loanAug 3, 2020",in,Summer,0,Liga Nos,2020,2020/2021
SL Benfica,Filip Krovinovic,24,Attacking Midfield,West Brom,"End of loanJul 31, 2020",in,Summer,0,Liga Nos,2020,2020/2021
SL Benfica,Alfa Semedo,22,Defensive Midfield,Nottm Forest,"End of loanJul 31, 2020",in,Summer,0,Liga Nos,2020,2020/2021
SL Benfica,Cristian Lema,30,Centre-Back,Newell's,"End of loanJun 30, 2020",in,Summer,0,Liga Nos,2020,2020/2021
SL Benfica,Pedro Pereira,22,Right Midfield,Bristol City,"End of loanJun 30, 2020",in,Summer,0,Liga Nos,2020,2020/2021
SL Benfica,Jhonder Cádiz,24,Centre-Forward,Dijon,"End of loanJun 30, 2020",in,Summer,0,Liga Nos,2020,2020/2021
SL Benfica,Ljubomir Fejsa,31,Defensive Midfield,Alavés,"End of loanJul 20, 2020",in,Summer,0,Liga Nos,2020,2020/2021
SL Benfica,Yony González,25,Right Winger,Corinthians,"End of loanJun 30, 2020",in,Summer,0,Liga Nos,2020,2020/2021
SL Benfica,Rúben Dias,23,Centre-Back,Man City,£61.20m,out,Summer,61.2,Liga Nos,2020,2020/2021
SL Benfica,Carlos Vinícius,25,Centre-Forward,Spurs,Loan fee:£2.70m,out,Summer,2.7,Liga Nos,2020,2020/2021
SL Benfica,Cristian Lema,30,Centre-Back,Damac FC,£1.80m,out,Summer,1.8,Liga Nos,2020,2020/2021
SL Benfica,Florentino,21,Defensive Midfield,Monaco,Loan fee:£1.35m,out,Summer,1.35,Liga Nos,2020,2020/2021
SL Benfica,Ivan Zlobin,23,Goalkeeper,Famalicão,£900Th.,out,Summer,0.9,Liga Nos,2020,2020/2021
SL Benfica,Jhonder Cádiz,25,Centre-Forward,Nashville SC,Loan fee:£450Th.,out,Summer,0.45,Liga Nos,2020,2020/2021
SL Benfica,Yony González,26,Right Winger,LA Galaxy,Loan fee:£378Th.,out,Summer,0.378,Liga Nos,2020,2020/2021
SL Benfica,Andrija Zivkovic,24,Right Winger,PAOK Salonika,free transfer,out,Summer,NA,Liga Nos,2020,2020/2021
SL Benfica,Bruno Varela,25,Goalkeeper,Vit. Guimarães,free transfer,out,Summer,NA,Liga Nos,2020,2020/2021
SL Benfica,Tiago Dantas,19,Central Midfield,Bayern Munich,loan transfer,out,Summer,NA,Liga Nos,2020,2020/2021
SL Benfica,Jota,21,Left Winger,Real Valladolid,loan transfer,out,Summer,NA,Liga Nos,2020,2020/2021
SL Benfica,Alfa Semedo,23,Defensive Midfield,Reading,loan transfer,out,Summer,NA,Liga Nos,2020,2020/2021
SL Benfica,Tomás Tavares,19,Right-Back,Alavés,loan transfer,out,Summer,NA,Liga Nos,2020,2020/2021
SL Benfica,Filip Krovinovic,25,Attacking Midfield,West Brom,loan transfer,out,Summer,NA,Liga Nos,2020,2020/2021
SL Benfica,Ljubomir Fejsa,32,Defensive Midfield,Ahli,?,out,Summer,NA,Liga Nos,2020,2020/2021
SL Benfica,Pedro Pereira,22,Right Midfield,Crotone,loan transfer,out,Summer,NA,Liga Nos,2020,2020/2021
SL Benfica,Dyego Sousa,31,Centre-Forward,SZ FC,"End of loanOct 4, 2020",out,Summer,0,Liga Nos,2020,2020/2021
Boavista FC,Reggie Cannon,22,Right-Back,FC Dallas,£2.25m,in,Summer,2.25,Liga Nos,2020,2020/2021
Boavista FC,Alberth Elis,24,Right Winger,Houston,£900Th.,in,Summer,0.9,Liga Nos,2020,2020/2021
Boavista FC,Jackson Porozo,20,Centre-Back,Santos FC U20,£450Th.,in,Summer,0.45,Liga Nos,2020,2020/2021
Boavista FC,Javi García,33,Defensive Midfield,Real Betis,free transfer,in,Summer,NA,Liga Nos,2020,2020/2021
Boavista FC,Cristian Devenish,19,Centre-Back,Nacional U20,loan transfer,in,Summer,NA,Liga Nos,2020,2020/2021
Boavista FC,Adil Rami,34,Centre-Back,Sochi,free transfer,in,Summer,NA,Liga Nos,2020,2020/2021
Boavista FC,Cristian,18,Goalkeeper,Atlético-MG U20,loan transfer,in,Summer,NA,Liga Nos,2020,2020/2021
Boavista FC,Yanis Hamache,21,Left-Back,OGC Nice,?,in,Summer,NA,Liga Nos,2020,2020/2021
Boavista FC,Musa Juwara,18,Left Winger,Bologna,loan transfer,in,Summer,NA,Liga Nos,2020,2020/2021
Boavista FC,Nathan,19,Right-Back,Vasco U20,loan transfer,in,Summer,NA,Liga Nos,2020,2020/2021
Boavista FC,Sebastián Pérez,27,Defensive Midfield,Boca Juniors,loan transfer,in,Summer,NA,Liga Nos,2020,2020/2021
Boavista FC,Chidozie Awaziem,23,Centre-Back,FC Porto,loan transfer,in,Summer,NA,Liga Nos,2020,2020/2021
Boavista FC,Léo Jardim,25,Goalkeeper,LOSC Lille,loan transfer,in,Summer,NA,Liga Nos,2020,2020/2021
Boavista FC,Alejandro Gómez,18,Centre-Back,Atlas U20,loan transfer,in,Summer,NA,Liga Nos,2020,2020/2021
Boavista FC,Nuno Santos,21,Attacking Midfield,Benfica B,loan transfer,in,Summer,NA,Liga Nos,2020,2020/2021
Boavista FC,Jorge Benguche,24,Centre-Forward,Olimpia,loan transfer,in,Summer,NA,Liga Nos,2020,2020/2021
Boavista FC,Show,21,Defensive Midfield,LOSC Lille,loan transfer,in,Summer,NA,Liga Nos,2020,2020/2021
Boavista FC,Ricardo Mangas,22,Left-Back,Desportivo Aves,?,in,Summer,NA,Liga Nos,2020,2020/2021
Boavista FC,Angel Gomes,19,Attacking Midfield,LOSC Lille,loan transfer,in,Summer,NA,Liga Nos,2020,2020/2021
Boavista FC,Edu Machado,30,Right-Back,Leixões,"End of loanAug 2, 2020",in,Summer,0,Liga Nos,2020,2020/2021
Boavista FC,Jeka,22,Centre-Forward,Casa Pia,"End of loanJun 1, 2020",in,Summer,0,Liga Nos,2020,2020/2021
Boavista FC,Helton Leite,29,Goalkeeper,Benfica,£1.35m,out,Summer,1.35,Liga Nos,2020,2020/2021
Boavista FC,Carraça,27,Right-Back,FC Porto,free transfer,out,Summer,NA,Liga Nos,2020,2020/2021
Boavista FC,Edu Machado,30,Right-Back,Leixões,free transfer,out,Summer,NA,Liga Nos,2020,2020/2021
Boavista FC,Yaw Ackah,21,Central Midfield,Kayserispor,?,out,Summer,NA,Liga Nos,2020,2020/2021
Boavista FC,Cassiano,31,Centre-Forward,Vizela,?,out,Summer,NA,Liga Nos,2020,2020/2021
Boavista FC,Lucas Tagliapietra,29,Centre-Back,Portimonense,?,out,Summer,NA,Liga Nos,2020,2020/2021
Boavista FC,Jeka,22,Centre-Forward,Boavista U23,-,out,Summer,0,Liga Nos,2020,2020/2021
Boavista FC,Fabiano,28,Centre-Back,Palmeiras,"End of loanAug 3, 2020",out,Summer,0,Liga Nos,2020,2020/2021
Boavista FC,Idris Mandiang,35,Defensive Midfield,Without Club,-,out,Summer,0,Liga Nos,2020,2020/2021
Boavista FC,Mateus,36,Left Winger,Penafiel,-,out,Summer,0,Liga Nos,2020,2020/2021
Boavista FC,Nwankwo Obiora,29,Defensive Midfield,Without Club,-,out,Summer,0,Liga Nos,2020,2020/2021
Boavista FC,Ricardo Costa,39,Centre-Back,Retired,-,out,Summer,0,Liga Nos,2020,2020/2021
Boavista FC,Luís Santos,20,Left Winger,Boavista U23,-,out,Summer,0,Liga Nos,2020,2020/2021
Boavista FC,Breno,20,Left-Back,Boavista U23,-,out,Summer,0,Liga Nos,2020,2020/2021
Boavista FC,Neris,28,Centre-Back,Barra FC (SC),"End of loanJun 30, 2020",out,Summer,0,Liga Nos,2020,2020/2021
Boavista FC,Fernando Cardozo,19,Left Winger,Olimpia,"End of loanJun 30, 2020",out,Summer,0,Liga Nos,2020,2020/2021
Boavista FC,Heriberto Tavares,23,Left Winger,Benfica B,"End of loanJul 31, 2020",out,Summer,0,Liga Nos,2020,2020/2021
Boavista FC,Marlon,23,Left-Back,Fluminense,"End of loanJun 30, 2020",out,Summer,0,Liga Nos,2020,2020/2021
SC Braga,Abel Ruiz,20,Centre-Forward,FC Barcelona B,£7.20m,in,Summer,7.2,Liga Nos,2020,2020/2021
SC Braga,Lukas Hornicek,18,Goalkeeper,FK Pardubice,£900Th.,in,Summer,0.9,Liga Nos,2020,2020/2021
SC Braga,Nico Gaitán,32,Attacking Midfield,LOSC Lille,free transfer,in,Summer,NA,Liga Nos,2020,2020/2021
SC Braga,André Castro,32,Central Midfield,Göztepe,free transfer,in,Summer,NA,Liga Nos,2020,2020/2021
SC Braga,Guilherme Schettine,24,Centre-Forward,Santa Clara,free transfer,in,Summer,NA,Liga Nos,2020,2020/2021
SC Braga,Al Musrati,24,Defensive Midfield,Vit. Guimarães,free transfer,in,Summer,NA,Liga Nos,2020,2020/2021
SC Braga,Iuri Medeiros,26,Right Winger,1.FC Nuremberg,loan transfer,in,Summer,NA,Liga Nos,2020,2020/2021
SC Braga,Zé Carlos,22,Right-Back,Leixões,?,in,Summer,NA,Liga Nos,2020,2020/2021
SC Braga,Francisco Moura,20,Left-Back,Braga U23,-,in,Summer,0,Liga Nos,2020,2020/2021
SC Braga,Fábio Martins,27,Left Winger,Famalicão,"End of loanJul 31, 2020",in,Summer,0,Liga Nos,2020,2020/2021
SC Braga,Alef,25,Defensive Midfield,APOEL Nicosia,"End of loanJun 30, 2020",in,Summer,0,Liga Nos,2020,2020/2021
SC Braga,Luther Singh,22,Right Winger,Moreirense,"End of loanJul 31, 2020",in,Summer,0,Liga Nos,2020,2020/2021
SC Braga,Diogo Figueiras,29,Right-Back,Rio Ave FC,"End of loanJul 31, 2020",in,Summer,0,Liga Nos,2020,2020/2021
SC Braga,Lucas Cunha,23,Centre-Back,Estoril Praia,"End of loanJun 30, 2020",in,Summer,0,Liga Nos,2020,2020/2021
SC Braga,Pablo Santos,28,Centre-Back,Rubin Kazan,"End of loanJul 31, 2020",in,Summer,0,Liga Nos,2020,2020/2021
SC Braga,Xadas,22,Attacking Midfield,Marítimo,"End of loanJul 31, 2020",in,Summer,0,Liga Nos,2020,2020/2021
SC Braga,Murilo de Souza,25,Right Winger,Sporting Gijón,"End of loanJul 21, 2020",in,Summer,0,Liga Nos,2020,2020/2021
SC Braga,Trincão,20,Right Winger,FC Barcelona,£27.90m,out,Summer,27.9,Liga Nos,2020,2020/2021
SC Braga,Ahmed Hassan,27,Centre-Forward,Olympiacos,£1.80m,out,Summer,1.8,Liga Nos,2020,2020/2021
SC Braga,Alef,25,Defensive Midfield,Fehérvár,£135Th.,out,Summer,0.135,Liga Nos,2020,2020/2021
SC Braga,Wilson Eduardo,30,Left Winger,Al-Ain FC,free transfer,out,Summer,NA,Liga Nos,2020,2020/2021
SC Braga,Pedro Amador,21,Left-Back,Moreirense,?,out,Summer,NA,Liga Nos,2020,2020/2021
SC Braga,Luther Singh,23,Right Winger,Paços Ferreira,loan transfer,out,Summer,NA,Liga Nos,2020,2020/2021
SC Braga,Pablo Santos,28,Centre-Back,Hatayspor,loan transfer,out,Summer,NA,Liga Nos,2020,2020/2021
SC Braga,Nikola Stojiljkovic,28,Centre-Forward,Farense,?,out,Summer,NA,Liga Nos,2020,2020/2021
SC Braga,Bruno Wilson,23,Centre-Back,CD Tenerife,loan transfer,out,Summer,NA,Liga Nos,2020,2020/2021
SC Braga,Lucas Cunha,23,Centre-Back,Celta Vigo B,loan transfer,out,Summer,NA,Liga Nos,2020,2020/2021
SC Braga,Murilo de Souza,25,Right Winger,RCD Mallorca,loan transfer,out,Summer,NA,Liga Nos,2020,2020/2021
SC Braga,Fábio Martins,27,Left Winger,Shabab,loan transfer,out,Summer,NA,Liga Nos,2020,2020/2021
SC Braga,Xadas,22,Attacking Midfield,Mouscron,loan transfer,out,Summer,NA,Liga Nos,2020,2020/2021
SC Braga,Diogo Viana,30,Right-Back,Without Club,-,out,Summer,0,Liga Nos,2020,2020/2021
SC Braga,João Palhinha,25,Defensive Midfield,Sporting CP,"End of loanJul 31, 2020",out,Summer,0,Liga Nos,2020,2020/2021
SC Braga,Wallace,25,Centre-Back,Lazio,"End of loanJul 20, 2020",out,Summer,0,Liga Nos,2020,2020/2021
SC Braga,Abel Ruiz,20,Centre-Forward,FC Barcelona B,"End of loanJun 30, 2020",out,Summer,0,Liga Nos,2020,2020/2021
FC Famalicão,Ivan Zlobin,23,Goalkeeper,Benfica,£900Th.,in,Summer,0.9,Liga Nos,2020,2020/2021
FC Famalicão,Iván Jaime,19,Central Midfield,A. Malagueño,£450Th.,in,Summer,0.45,Liga Nos,2020,2020/2021
FC Famalicão,Dani Morer,22,Right-Back,FC Barcelona B,£360Th.,in,Summer,0.36,Liga Nos,2020,2020/2021
FC Famalicão,Joaquín Pereyra,21,Central Midfield,CA Rosario,Loan fee:£90Th.,in,Summer,0.09,Liga Nos,2020,2020/2021
FC Famalicão,Diogo Queirós,21,Centre-Back,FC Porto,free transfer,in,Summer,NA,Liga Nos,2020,2020/2021
FC Famalicão,Henrique Trevisan,23,Centre-Back,Ponte Preta,loan transfer,in,Summer,NA,Liga Nos,2020,2020/2021
FC Famalicão,Vaná Alves,29,Goalkeeper,FC Porto,free transfer,in,Summer,NA,Liga Nos,2020,2020/2021
FC Famalicão,Calvin Verdonk,23,Left-Back,Feyenoord,free transfer,in,Summer,NA,Liga Nos,2020,2020/2021
FC Famalicão,Bruno Jordão,21,Central Midfield,Wolves,loan transfer,in,Summer,NA,Liga Nos,2020,2020/2021
FC Famalicão,Dyego Sousa,31,Centre-Forward,SZ FC,loan transfer,in,Summer,NA,Liga Nos,2020,2020/2021
FC Famalicão,Marcello Trotta,28,Centre-Forward,Frosinone,loan transfer,in,Summer,NA,Liga Nos,2020,2020/2021
FC Famalicão,Edwin Herrera,22,Right-Back,Indep. Santa Fe,loan transfer,in,Summer,NA,Liga Nos,2020,2020/2021
FC Famalicão,Gil Dias,23,Right Winger,Monaco,loan transfer,in,Summer,NA,Liga Nos,2020,2020/2021
FC Famalicão,Leonardo Campana,20,Centre-Forward,Wolves,loan transfer,in,Summer,NA,Liga Nos,2020,2020/2021
FC Famalicão,Carlos Valenzuela,23,Left Winger,Barracas C.,loan transfer,in,Summer,NA,Liga Nos,2020,2020/2021
FC Famalicão,Srdjan Babic,24,Centre-Back,Red Star,loan transfer,in,Summer,NA,Liga Nos,2020,2020/2021
FC Famalicão,Jhonata Robert,20,Left Winger,Grêmio B,loan transfer,in,Summer,NA,Liga Nos,2020,2020/2021
FC Famalicão,Andrija Lukovic,25,Central Midfield,Without Club,-,in,Summer,0,Liga Nos,2020,2020/2021
FC Famalicão,Gabriel Souza,23,Goalkeeper,Famalicão U23,-,in,Summer,0,Liga Nos,2020,2020/2021
FC Famalicão,Rubén Del Campo,20,Centre-Forward,Famalicão U23,-,in,Summer,0,Liga Nos,2020,2020/2021
FC Famalicão,Luís Rocha,33,Centre-Back,Farense,"End of loanJun 30, 2020",in,Summer,0,Liga Nos,2020,2020/2021
FC Famalicão,Hugo Gomes,25,Centre-Back,Varzim,"End of loanJun 30, 2020",in,Summer,0,Liga Nos,2020,2020/2021
FC Famalicão,Pedro Gonçalves,22,Right Winger,Sporting CP,£5.85m,out,Summer,5.85,Liga Nos,2020,2020/2021
FC Famalicão,Rafael Defendi,36,Goalkeeper,Farense,free transfer,out,Summer,NA,Liga Nos,2020,2020/2021
FC Famalicão,Luís Rocha,33,Centre-Back,Chaves,?,out,Summer,NA,Liga Nos,2020,2020/2021
FC Famalicão,Thibang Phete,26,Defensive Midfield,Belenenses SAD,?,out,Summer,NA,Liga Nos,2020,2020/2021
FC Famalicão,Hugo Gomes,25,Centre-Back,Estoril Praia,?,out,Summer,NA,Liga Nos,2020,2020/2021
FC Famalicão,Walterson Silva,25,Left Winger,Moreirense,?,out,Summer,NA,Liga Nos,2020,2020/2021
FC Famalicão,Toni Martínez,23,Centre-Forward,FC Porto,?,out,Summer,NA,Liga Nos,2020,2020/2021
FC Famalicão,Lawrence Ofori,22,Central Midfield,Arouca,loan transfer,out,Summer,NA,Liga Nos,2020,2020/2021
FC Famalicão,Gabriel Souza,23,Goalkeeper,Beira-Mar,loan transfer,out,Summer,NA,Liga Nos,2020,2020/2021
FC Famalicão,Edwin Herrera,22,Right-Back,Indep. Santa Fe,"End of loanJun 30, 2021",out,Summer,0,Liga Nos,2020,2020/2021
FC Famalicão,Fábio Martins,27,Left Winger,Braga,"End of loanJul 31, 2020",out,Summer,0,Liga Nos,2020,2020/2021
FC Famalicão,Diogo Gonçalves,23,Right Midfield,Benfica,"End of loanAug 3, 2020",out,Summer,0,Liga Nos,2020,2020/2021
FC Famalicão,Álex Centelles,20,Left-Back,Valencia,"End of loanJul 31, 2020",out,Summer,0,Liga Nos,2020,2020/2021
FC Famalicão,Nehuén Pérez,20,Centre-Back,Atlético Madrid,"End of loanJul 31, 2020",out,Summer,0,Liga Nos,2020,2020/2021
FC Famalicão,Josh Tymon,20,Left-Back,Stoke City,"End of loanDec 31, 2019",out,Summer,0,Liga Nos,2020,2020/2021
FC Famalicão,Nicolás Schiappacasse,21,Left Winger,Atl. Madrid B,"End of loanJun 30, 2020",out,Summer,0,Liga Nos,2020,2020/2021
FC Famalicão,Uros Racic,22,Central Midfield,Valencia,"End of loanJul 31, 2020",out,Summer,0,Liga Nos,2020,2020/2021
FC Famalicão,Vaná Alves,29,Goalkeeper,FC Porto,"End of loanJul 30, 2020",out,Summer,0,Liga Nos,2020,2020/2021
FC Famalicão,Roderick Miranda,29,Centre-Back,Wolves,"End of loanJul 31, 2020",out,Summer,0,Liga Nos,2020,2020/2021
FC Famalicão,Racine Coly,24,Left-Back,OGC Nice,"End of loanJul 31, 2020",out,Summer,0,Liga Nos,2020,2020/2021
FC Famalicão,Ibrahim Cissé,21,Centre-Back,OGC Nice B,"End of loanJun 30, 2020",out,Summer,0,Liga Nos,2020,2020/2021
SC Farense,Rafael Defendi,36,Goalkeeper,Famalicão,free transfer,in,Summer,NA,Liga Nos,2020,2020/2021
SC Farense,Claudio Falcão,26,Defensive Midfield,Desportivo Aves,free transfer,in,Summer,NA,Liga Nos,2020,2020/2021
SC Farense,César Martins,27,Centre-Back,Santa Clara,free transfer,in,Summer,NA,Liga Nos,2020,2020/2021
SC Farense,Eduardo Mancha,24,Centre-Back,Machine Sazi,free transfer,in,Summer,NA,Liga Nos,2020,2020/2021
SC Farense,Ricardo Ferreira,27,Centre-Back,Belenenses SAD,free transfer,in,Summer,NA,Liga Nos,2020,2020/2021
SC Farense,Djalma,33,Right Winger,Alanyaspor,free transfer,in,Summer,NA,Liga Nos,2020,2020/2021
SC Farense,Amine Oudrhiri,27,Central Midfield,Leixões,?,in,Summer,NA,Liga Nos,2020,2020/2021
SC Farense,Ricardo Velho,21,Goalkeeper,Braga B,?,in,Summer,NA,Liga Nos,2020,2020/2021
SC Farense,Pedro Henrique,23,Centre-Forward,Benfica B,?,in,Summer,NA,Liga Nos,2020,2020/2021
SC Farense,Alex Pinto,22,Right-Back,Benfica B,?,in,Summer,NA,Liga Nos,2020,2020/2021
SC Farense,Brian Mansilla,23,Centre-Forward,Racing Club II,loan transfer,in,Summer,NA,Liga Nos,2020,2020/2021
SC Farense,Nikola Stojiljkovic,28,Centre-Forward,Braga,?,in,Summer,NA,Liga Nos,2020,2020/2021
SC Farense,Madi Queta,21,Second Striker,FC Porto B,?,in,Summer,NA,Liga Nos,2020,2020/2021
SC Farense,Abner,24,Left-Back,PSTC,?,in,Summer,NA,Liga Nos,2020,2020/2021
SC Farense,Bilel Aouacheria,26,Right Winger,Without Club,-,in,Summer,0,Liga Nos,2020,2020/2021
SC Farense,Pedro Simões,21,Central Midfield,Esp. Lagos,"End of loanJun 30, 2020",in,Summer,0,Liga Nos,2020,2020/2021
SC Farense,Pedro Simões,21,Central Midfield,Louletano,loan transfer,out,Summer,NA,Liga Nos,2020,2020/2021
SC Farense,Jorge Fellipe,31,Centre-Back,Al-Ta'ee,free transfer,out,Summer,NA,Liga Nos,2020,2020/2021
SC Farense,Christian Irobiso,27,Centre-Forward,Varzim,free transfer,out,Summer,NA,Liga Nos,2020,2020/2021
SC Farense,Daniel Fernandes,36,Goalkeeper,Tarxien,free transfer,out,Summer,NA,Liga Nos,2020,2020/2021
SC Farense,Telmo Watche,20,Right Winger,CF Estrela,free transfer,out,Summer,NA,Liga Nos,2020,2020/2021
SC Farense,Miguel Carvalho,24,Goalkeeper,Moura,free transfer,out,Summer,NA,Liga Nos,2020,2020/2021
SC Farense,Fabrício Simões,35,Centre-Forward,Feirense,free transfer,out,Summer,NA,Liga Nos,2020,2020/2021
SC Farense,Rafa Vieira,27,Centre-Back,Coimbra,?,out,Summer,NA,Liga Nos,2020,2020/2021
SC Farense,André Vieira,27,Central Midfield,Varzim,?,out,Summer,NA,Liga Nos,2020,2020/2021
SC Farense,Sávio Maciel,21,Centre-Back,Vila Nova FC,"End of loanOct 19, 2020",out,Summer,0,Liga Nos,2020,2020/2021
SC Farense,David Sualehe,23,Left-Back,Guimarães B,"End of loanJun 30, 2020",out,Summer,0,Liga Nos,2020,2020/2021
SC Farense,Matheus Silva,22,Right-Back,EC Bahia,"End of loanJun 30, 2020",out,Summer,0,Liga Nos,2020,2020/2021
SC Farense,Luís Rocha,33,Centre-Back,Famalicão,"End of loanJun 30, 2020",out,Summer,0,Liga Nos,2020,2020/2021
SC Farense,Arnold Issoko,28,Right Winger,SM Caen,"End of loanJun 30, 2020",out,Summer,0,Liga Nos,2020,2020/2021
Gil Vicente FC,Alaa Abbas,23,Centre-Forward,Al-Zawraa,free transfer,in,Summer,NA,Liga Nos,2020,2020/2021
Gil Vicente FC,Antoine Leautey,24,Left Winger,Chamois Niort,free transfer,in,Summer,NA,Liga Nos,2020,2020/2021
Gil Vicente FC,Joao Talocha,30,Left-Back,Riga,free transfer,in,Summer,NA,Liga Nos,2020,2020/2021
Gil Vicente FC,Tim Hall,23,Centre-Back,Karpaty,free transfer,in,Summer,NA,Liga Nos,2020,2020/2021
Gil Vicente FC,Diogo Silva,25,Centre-Back,Ypiranga-RS,free transfer,in,Summer,NA,Liga Nos,2020,2020/2021
Gil Vicente FC,Guilherme Mantuan,23,Right-Back,Corinthians,free transfer,in,Summer,NA,Liga Nos,2020,2020/2021
Gil Vicente FC,Leandrinho,23,Attacking Midfield,Botafogo,free transfer,in,Summer,NA,Liga Nos,2020,2020/2021
Gil Vicente FC,Joel Pereira,23,Right-Back,Omonia Nikosia,loan transfer,in,Summer,NA,Liga Nos,2020,2020/2021
Gil Vicente FC,Yves Baraye,28,Right Winger,Parma,?,in,Summer,NA,Liga Nos,2020,2020/2021
Gil Vicente FC,Renan Oliveira,23,Centre-Forward,PFK Lviv,loan transfer,in,Summer,NA,Liga Nos,2020,2020/2021
Gil Vicente FC,Miullen,22,Centre-Forward,Londrina-PR,?,in,Summer,NA,Liga Nos,2020,2020/2021
Gil Vicente FC,Lucas Mineiro,24,Defensive Midfield,Chapecoense,loan transfer,in,Summer,NA,Liga Nos,2020,2020/2021
Gil Vicente FC,Daniel Fuzato,23,Goalkeeper,AS Roma,loan transfer,in,Summer,NA,Liga Nos,2020,2020/2021
Gil Vicente FC,Souleymane Aw,21,Left-Back,AS Béziers,?,in,Summer,NA,Liga Nos,2020,2020/2021
Gil Vicente FC,Boubacar Hanne,21,Second Striker,Wolves U23,?,in,Summer,NA,Liga Nos,2020,2020/2021
Gil Vicente FC,Kanya Fujimoto,21,Right Winger,Tokyo Verdy,loan transfer,in,Summer,NA,Liga Nos,2020,2020/2021
Gil Vicente FC,Juan Villa,21,Attacking Midfield,Berço,-,in,Summer,0,Liga Nos,2020,2020/2021
Gil Vicente FC,Erick,22,Right Winger,Náutico,"End of loanAug 2, 2020",in,Summer,0,Liga Nos,2020,2020/2021
Gil Vicente FC,Manuel Lopes,20,Centre-Back,Leça,"End of loanJun 30, 2020",in,Summer,0,Liga Nos,2020,2020/2021
Gil Vicente FC,Juan Villa,20,Attacking Midfield,Fafe,"End of loanJun 30, 2020",in,Summer,0,Liga Nos,2020,2020/2021
Gil Vicente FC,Romário Baldé,23,Centre-Forward,Leixões,"End of loanJun 30, 2020",in,Summer,0,Liga Nos,2020,2020/2021
Gil Vicente FC,Leo Cordeiro,24,Attacking Midfield,Lus. Lourosa,"End of loanAug 2, 2020",in,Summer,0,Liga Nos,2020,2020/2021
Gil Vicente FC,Arthur Henrique,26,Left-Back,Ferroviária,free transfer,out,Summer,NA,Liga Nos,2020,2020/2021
Gil Vicente FC,Manuel Lopes,20,Centre-Back,Espinho,loan transfer,out,Summer,NA,Liga Nos,2020,2020/2021
Gil Vicente FC,Rúben Ribeiro,33,Attacking Midfield,Hatayspor,free transfer,out,Summer,NA,Liga Nos,2020,2020/2021
Gil Vicente FC,William Soares,31,Defensive Midfield,CFR Cluj,free transfer,out,Summer,NA,Liga Nos,2020,2020/2021
Gil Vicente FC,Edwin Banguera,24,Left-Back,Covilhã,?,out,Summer,NA,Liga Nos,2020,2020/2021
Gil Vicente FC,Leo Cordeiro,24,Attacking Midfield,Vilafranquense,?,out,Summer,NA,Liga Nos,2020,2020/2021
Gil Vicente FC,Erick,22,Right Winger,Braga B,"End of loanAug 2, 2020",out,Summer,0,Liga Nos,2020,2020/2021
Gil Vicente FC,Wellington Luís,25,Goalkeeper,Without Club,-,out,Summer,0,Liga Nos,2020,2020/2021
Gil Vicente FC,Romário Baldé,23,Centre-Forward,Without Club,-,out,Summer,0,Liga Nos,2020,2020/2021
Gil Vicente FC,Fernando Fonseca,23,Right-Back,Paços Ferreira,-,out,Summer,0,Liga Nos,2020,2020/2021
Gil Vicente FC,Hugo Vieira,32,Centre-Forward,Without Club,-,out,Summer,0,Liga Nos,2020,2020/2021
Gil Vicente FC,Alex Pinto,21,Right-Back,Benfica B,"End of loanJun 30, 2020",out,Summer,0,Liga Nos,2020,2020/2021
Gil Vicente FC,Bruno,26,Goalkeeper,Náutico,"End of loanJun 30, 2020",out,Summer,0,Liga Nos,2020,2020/2021
Gil Vicente FC,Bozhidar Kraev,23,Attacking Midfield,FC Midtjylland,"End of loanJul 31, 2020",out,Summer,0,Liga Nos,2020,2020/2021
Gil Vicente FC,Zakaria Naidji,25,Centre-Forward,Paradou AC,"End of loanJun 30, 2020",out,Summer,0,Liga Nos,2020,2020/2021
Gil Vicente FC,Yves Baraye,28,Right Winger,Parma,"End of loanAug 31, 2020",out,Summer,0,Liga Nos,2020,2020/2021
Gil Vicente FC,Sandro Lima,29,Centre-Forward,Anápolis-GO,"End of loanJul 28, 2020",out,Summer,0,Liga Nos,2020,2020/2021
CS Marítimo,Rafik Guitane,21,Attacking Midfield,Stade Rennais,loan transfer,in,Summer,NA,Liga Nos,2020,2020/2021
CS Marítimo,Rúben Macedo,24,Left Winger,Desportivo Aves,free transfer,in,Summer,NA,Liga Nos,2020,2020/2021
CS Marítimo,Marcelo Hermes,25,Left-Back,Cruzeiro,free transfer,in,Summer,NA,Liga Nos,2020,2020/2021
CS Marítimo,Ali Alipour,24,Centre-Forward,Persepolis,free transfer,in,Summer,NA,Liga Nos,2020,2020/2021
CS Marítimo,Jean,25,Defensive Midfield,Corinthians,free transfer,in,Summer,NA,Liga Nos,2020,2020/2021
CS Marítimo,Faiq Bolkiah,22,Right Winger,Leicester U23,free transfer,in,Summer,NA,Liga Nos,2020,2020/2021
CS Marítimo,Francois-Xavier Fumu Tamuzo,25,Right Winger,AS Béziers,?,in,Summer,NA,Liga Nos,2020,2020/2021
CS Marítimo,Joel Tagueu,26,Centre-Forward,Cruzeiro,?,in,Summer,NA,Liga Nos,2020,2020/2021
CS Marítimo,Caio Secco,29,Goalkeeper,Feirense,?,in,Summer,NA,Liga Nos,2020,2020/2021
CS Marítimo,Cláudio Winck,26,Right-Back,Vasco da Gama,?,in,Summer,NA,Liga Nos,2020,2020/2021
CS Marítimo,Marcelinho,24,Second Striker,Vizela,-,in,Summer,0,Liga Nos,2020,2020/2021
CS Marítimo,Milson,20,Left Winger,Marítimo B,-,in,Summer,0,Liga Nos,2020,2020/2021
CS Marítimo,Jean Cleber,30,Central Midfield,CSA,"End of loanJun 30, 2020",in,Summer,0,Liga Nos,2020,2020/2021
CS Marítimo,João Gamboa,23,Defensive Midfield,Chaves,"End of loanJun 30, 2020",in,Summer,0,Liga Nos,2020,2020/2021
CS Marítimo,Fabrício Baiano,28,Defensive Midfield,Genclerbirligi,"End of loanAug 3, 2020",in,Summer,0,Liga Nos,2020,2020/2021
CS Marítimo,Lucas Áfrico,25,Centre-Back,Estoril Praia,"End of loanJun 30, 2020",in,Summer,0,Liga Nos,2020,2020/2021
CS Marítimo,Marcão,24,Centre-Back,Sampaio Corrêa,"End of loanJun 30, 2020",in,Summer,0,Liga Nos,2020,2020/2021
CS Marítimo,Marcelinho,23,Second Striker,Londrina-PR,"End of loanJun 30, 2020",in,Summer,0,Liga Nos,2020,2020/2021
CS Marítimo,Leandro Barrera,29,Left Midfield,Mafra,"End of loanJun 30, 2020",in,Summer,0,Liga Nos,2020,2020/2021
CS Marítimo,Getterson,29,Centre-Forward,Al-Ain,£900Th.,out,Summer,0.9,Liga Nos,2020,2020/2021
CS Marítimo,Marcão,24,Centre-Back,Sampaio Corrêa,free transfer,out,Summer,NA,Liga Nos,2020,2020/2021
CS Marítimo,Fabrício Baiano,28,Defensive Midfield,C. Rizespor,free transfer,out,Summer,NA,Liga Nos,2020,2020/2021
CS Marítimo,Erivaldo,26,Right Winger,PFC Beroe,free transfer,out,Summer,NA,Liga Nos,2020,2020/2021
CS Marítimo,Bebeto,30,Right-Back,Tondela,free transfer,out,Summer,NA,Liga Nos,2020,2020/2021
CS Marítimo,João Gamboa,23,Defensive Midfield,Estoril Praia,?,out,Summer,NA,Liga Nos,2020,2020/2021
CS Marítimo,Nanú,26,Right-Back,FC Porto,?,out,Summer,NA,Liga Nos,2020,2020/2021
CS Marítimo,Jhon Cley,26,Attacking Midfield,CSA,"End of loanJul 30, 2020",out,Summer,0,Liga Nos,2020,2020/2021
CS Marítimo,Leandro Barrera,29,Left Midfield,Without Club,-,out,Summer,0,Liga Nos,2020,2020/2021
CS Marítimo,Rúben,30,Left-Back,Without Club,-,out,Summer,0,Liga Nos,2020,2020/2021
CS Marítimo,Daizen Maeda,22,Second Striker,Matsumoto Yama.,"End of loanJun 30, 2020",out,Summer,0,Liga Nos,2020,2020/2021
CS Marítimo,Joel Tagueu,26,Centre-Forward,Cruzeiro,"End of loanJul 31, 2020",out,Summer,0,Liga Nos,2020,2020/2021
CS Marítimo,Xadas,22,Attacking Midfield,Braga,"End of loanJul 31, 2020",out,Summer,0,Liga Nos,2020,2020/2021
Moreirense FC,Miguel Oliveira,26,Goalkeeper,Vit. Guimarães,free transfer,in,Summer,NA,Liga Nos,2020,2020/2021
Moreirense FC,Mateus Pasinato,28,Goalkeeper,Piracicaba,?,in,Summer,NA,Liga Nos,2020,2020/2021
Moreirense FC,Pedro Amador,21,Left-Back,Braga,?,in,Summer,NA,Liga Nos,2020,2020/2021
Moreirense FC,Nahuel Ferraresi,21,Centre-Back,Man City U23,loan transfer,in,Summer,NA,Liga Nos,2020,2020/2021
Moreirense FC,Yan,21,Right Winger,Palmeiras,loan transfer,in,Summer,NA,Liga Nos,2020,2020/2021
Moreirense FC,Kewin,25,Goalkeeper,Mirassol-SP,loan transfer,in,Summer,NA,Liga Nos,2020,2020/2021
Moreirense FC,Derik Lacerda,20,Centre-Forward,Coimbra,?,in,Summer,NA,Liga Nos,2020,2020/2021
Moreirense FC,Matheus Silva,22,Right-Back,EC Bahia,?,in,Summer,NA,Liga Nos,2020,2020/2021
Moreirense FC,Gonçalo Franco,19,Attacking Midfield,Leixões,?,in,Summer,NA,Liga Nos,2020,2020/2021
Moreirense FC,Felipe Pires,25,Left Winger,TSG Hoffenheim,?,in,Summer,NA,Liga Nos,2020,2020/2021
Moreirense FC,Reynaldo,23,Centre-Back,Juventude,?,in,Summer,NA,Liga Nos,2020,2020/2021
Moreirense FC,David Tavares,21,Attacking Midfield,Benfica B,loan transfer,in,Summer,NA,Liga Nos,2020,2020/2021
Moreirense FC,Walterson Silva,25,Left Winger,Famalicão,?,in,Summer,NA,Liga Nos,2020,2020/2021
Moreirense FC,Galego,23,Attacking Midfield,Portuguesa-SP,?,in,Summer,NA,Liga Nos,2020,2020/2021
Moreirense FC,André Luis,26,Centre-Forward,Chaves,?,in,Summer,NA,Liga Nos,2020,2020/2021
Moreirense FC,Afonso Figueiredo,27,Left-Back,Without Club,-,in,Summer,0,Liga Nos,2020,2020/2021
Moreirense FC,João Sousa,25,Centre-Back,Fafe,"End of loanJun 30, 2019",in,Summer,0,Liga Nos,2020,2020/2021
Moreirense FC,Elsinho,24,Attacking Midfield,SG Sacavenense,"End of loanJun 30, 2020",in,Summer,0,Liga Nos,2020,2020/2021
Moreirense FC,Gustavo Moura,24,Centre-Forward,Cova Piedade,"End of loanJun 30, 2020",in,Summer,0,Liga Nos,2020,2020/2021
Moreirense FC,Malik Abubakari,20,Centre-Forward,Fafe,"End of loanJun 30, 2020",in,Summer,0,Liga Nos,2020,2020/2021
Moreirense FC,Ricardo Almeida,23,Centre-Forward,Berço,"End of loanJun 30, 2020",in,Summer,0,Liga Nos,2020,2020/2021
Moreirense FC,Iddriss Mohammed,19,Central Midfield,Felgueiras,"End of loanJun 30, 2020",in,Summer,0,Liga Nos,2020,2020/2021
Moreirense FC,Rúben Ramos,21,Defensive Midfield,Felgueiras,"End of loanJun 30, 2020",in,Summer,0,Liga Nos,2020,2020/2021
Moreirense FC,Lucas Rodrigues,20,Left Winger,Mafra,"End of loanJun 30, 2020",in,Summer,0,Liga Nos,2020,2020/2021
Moreirense FC,João Sousa,26,Centre-Back,Louletano,"End of loanJun 30, 2020",in,Summer,0,Liga Nos,2020,2020/2021
Moreirense FC,Caleb Gomina,23,Centre-Forward,Valadares Gaia,"End of loanJun 30, 2020",in,Summer,0,Liga Nos,2020,2020/2021
Moreirense FC,Bruno Silva,27,Left-Back,Felgueiras,"End of loanJul 31, 2020",in,Summer,0,Liga Nos,2020,2020/2021
Moreirense FC,Fabio Abreu,27,Centre-Forward,Al-Batin,£2.25m,out,Summer,2.25,Liga Nos,2020,2020/2021
Moreirense FC,Ricardo Almeida,23,Centre-Forward,ARC Oleiros,free transfer,out,Summer,NA,Liga Nos,2020,2020/2021
Moreirense FC,Nenê,37,Centre-Forward,Leixões,free transfer,out,Summer,NA,Liga Nos,2020,2020/2021
Moreirense FC,Iago Santos,28,Centre-Back,Taawon,free transfer,out,Summer,NA,Liga Nos,2020,2020/2021
Moreirense FC,João Aurélio,32,Right-Back,Pafos FC,free transfer,out,Summer,NA,Liga Nos,2020,2020/2021
Moreirense FC,Pedro Trigueira,32,Goalkeeper,Tondela,free transfer,out,Summer,NA,Liga Nos,2020,2020/2021
Moreirense FC,Elsinho,24,Attacking Midfield,Beira-Mar,free transfer,out,Summer,NA,Liga Nos,2020,2020/2021
Moreirense FC,Caleb Gomina,23,Centre-Forward,Paredes,free transfer,out,Summer,NA,Liga Nos,2020,2020/2021
Moreirense FC,João Sousa,26,Centre-Back,Amora FC,free transfer,out,Summer,NA,Liga Nos,2020,2020/2021
Moreirense FC,Nuno Macedo,21,Goalkeeper,Estoril Praia,free transfer,out,Summer,NA,Liga Nos,2020,2020/2021
Moreirense FC,Bruno Silva,27,Left-Back,Mafra,?,out,Summer,NA,Liga Nos,2020,2020/2021
Moreirense FC,Rúben Ramos,21,Defensive Midfield,Mafra,loan transfer,out,Summer,NA,Liga Nos,2020,2020/2021
Moreirense FC,Malik Abubakari,20,Centre-Forward,Casa Pia,loan transfer,out,Summer,NA,Liga Nos,2020,2020/2021
Moreirense FC,Iddriss Mohammed,20,Central Midfield,Leiria,loan transfer,out,Summer,NA,Liga Nos,2020,2020/2021
Moreirense FC,Luís Machado,27,Left Winger,NorthEast Utd.,?,out,Summer,NA,Liga Nos,2020,2020/2021
Moreirense FC,Luiz Henrique,23,Attacking Midfield,Oliveirense,loan transfer,out,Summer,NA,Liga Nos,2020,2020/2021
Moreirense FC,Gustavo Moura,24,Centre-Forward,Mafra,loan transfer,out,Summer,NA,Liga Nos,2020,2020/2021
Moreirense FC,Bilel Aouacheria,26,Right Winger,Without Club,-,out,Summer,0,Liga Nos,2020,2020/2021
Moreirense FC,David Texeira,29,Centre-Forward,Without Club,-,out,Summer,0,Liga Nos,2020,2020/2021
Moreirense FC,Rafik Halliche,33,Centre-Back,Without Club,-,out,Summer,0,Liga Nos,2020,2020/2021
Moreirense FC,Djavan,32,Left-Back,Without Club,-,out,Summer,0,Liga Nos,2020,2020/2021
Moreirense FC,Gabrielzinho,23,Right Winger,Rio Ave FC,"End of loanJul 31, 2020",out,Summer,0,Liga Nos,2020,2020/2021
Moreirense FC,Mateus Pasinato,28,Goalkeeper,Piracicaba,"End of loanAug 2, 2020",out,Summer,0,Liga Nos,2020,2020/2021
Moreirense FC,Luther Singh,22,Right Winger,Braga,"End of loanJul 31, 2020",out,Summer,0,Liga Nos,2020,2020/2021
Moreirense FC,Nuno Santos,21,Attacking Midfield,Benfica B,"End of loanJul 31, 2020",out,Summer,0,Liga Nos,2020,2020/2021
CD Nacional,Vladan Danilovic,21,Defensive Midfield,B. Banja Luka,£450Th.,in,Summer,0.45,Liga Nos,2020,2020/2021
CD Nacional,Gergely Bobál,24,Centre-Forward,Zalaegerszeg,free transfer,in,Summer,NA,Liga Nos,2020,2020/2021
CD Nacional,Riccardo Piscitelli,26,Goalkeeper,Dinamo,free transfer,in,Summer,NA,Liga Nos,2020,2020/2021
CD Nacional,Rúben Freitas,27,Right-Back,Mafra,free transfer,in,Summer,NA,Liga Nos,2020,2020/2021
CD Nacional,Larry Azouni,26,Central Midfield,KV Kortrijk,free transfer,in,Summer,NA,Liga Nos,2020,2020/2021
CD Nacional,João Vigário,24,Left-Back,Tondela,free transfer,in,Summer,NA,Liga Nos,2020,2020/2021
CD Nacional,Rui Encarnação,22,Goalkeeper,Machico,free transfer,in,Summer,NA,Liga Nos,2020,2020/2021
CD Nacional,Vincent Koziello,24,Central Midfield,1. FC Köln,loan transfer,in,Summer,NA,Liga Nos,2020,2020/2021
CD Nacional,Lucas Kal,24,Centre-Back,São Paulo,loan transfer,in,Summer,NA,Liga Nos,2020,2020/2021
CD Nacional,João Victor,21,Right Winger,Osasco-SP,loan transfer,in,Summer,NA,Liga Nos,2020,2020/2021
CD Nacional,Pedrão,23,Centre-Back,Palmeiras,loan transfer,in,Summer,NA,Liga Nos,2020,2020/2021
CD Nacional,Vincent Thill,20,Attacking Midfield,FC Metz,?,in,Summer,NA,Liga Nos,2020,2020/2021
CD Nacional,Chico Ramos,25,Central Midfield,Vit. Guimarães,?,in,Summer,NA,Liga Nos,2020,2020/2021
CD Nacional,Wan Cho,19,Attacking Midfield,Nacional U19,-,in,Summer,0,Liga Nos,2020,2020/2021
CD Nacional,Giorgi Arabidze,22,Right Winger,Adanaspor,"End of loanAug 3, 2020",in,Summer,0,Liga Nos,2020,2020/2021
CD Nacional,Kaká,29,Attacking Midfield,Mafra,free transfer,out,Summer,NA,Liga Nos,2020,2020/2021
CD Nacional,Diogo Coelho,26,Centre-Back,Vilafranquense,free transfer,out,Summer,NA,Liga Nos,2020,2020/2021
CD Nacional,Jota Garcês,27,Attacking Midfield,Leixões,free transfer,out,Summer,NA,Liga Nos,2020,2020/2021
CD Nacional,Vítor Gonçalves,28,Attacking Midfield,Casa Pia,free transfer,out,Summer,NA,Liga Nos,2020,2020/2021
CD Nacional,Seung-jun Lee,20,Right-Back,Camacha,loan transfer,out,Summer,NA,Liga Nos,2020,2020/2021
CD Nacional,João Fernandes,19,Right Midfield,Camacha,loan transfer,out,Summer,NA,Liga Nos,2020,2020/2021
CD Nacional,Wan Cho,19,Attacking Midfield,Câmara Lobos,loan transfer,out,Summer,NA,Liga Nos,2020,2020/2021
CD Nacional,Felipe Lopes,32,Centre-Back,Without Club,-,out,Summer,0,Liga Nos,2020,2020/2021
CD Nacional,Nuno Campos,27,Right-Back,Mafra,-,out,Summer,0,Liga Nos,2020,2020/2021
CD Nacional,Ohoulo Framelin,23,Goalkeeper,Without Club,-,out,Summer,0,Liga Nos,2020,2020/2021
CD Nacional,Gauther,28,Goalkeeper,Without Club,-,out,Summer,0,Liga Nos,2020,2020/2021
CD Nacional,Geraldo,27,Defensive Midfield,Muçulmana,"End of loanJun 30, 2020",out,Summer,0,Liga Nos,2020,2020/2021
CD Nacional,Anthony Sosa,23,Left-Back,Progreso,"End of loanJun 30, 2020",out,Summer,0,Liga Nos,2020,2020/2021
CD Nacional,Leonel Mosevich,23,Centre-Back,Argentinos II,"End of loanJun 30, 2020",out,Summer,0,Liga Nos,2020,2020/2021
CD Nacional,Marco Borgnino,22,Left Winger,Rafaela,"End of loanJun 30, 2020",out,Summer,0,Liga Nos,2020,2020/2021
CD Nacional,Paulo Vyctor,24,Centre-Forward,Floresta-CE,"End of loanJun 30, 2020",out,Summer,0,Liga Nos,2020,2020/2021
CD Nacional,Malick Evouna,27,Centre-Forward,Santa Clara,"End of loanJun 30, 2020",out,Summer,0,Liga Nos,2020,2020/2021
CD Nacional,João Vigário,24,Left-Back,Tondela,"End of loanJun 30, 2020",out,Summer,0,Liga Nos,2020,2020/2021
FC Paços de Ferreira,Dor Jan,25,Centre-Forward,Bnei Yehuda,£90Th.,in,Summer,0.09,Liga Nos,2020,2020/2021
FC Paços de Ferreira,Martín Calderón,21,Central Midfield,RM Castilla,loan transfer,in,Summer,NA,Liga Nos,2020,2020/2021
FC Paços de Ferreira,Jordi,26,Goalkeeper,Vasco da Gama,free transfer,in,Summer,NA,Liga Nos,2020,2020/2021
FC Paços de Ferreira,Pedro Martelo,20,Centre-Forward,Depor Fabril,free transfer,in,Summer,NA,Liga Nos,2020,2020/2021
FC Paços de Ferreira,Bruno Costa,23,Central Midfield,Portimonense,loan transfer,in,Summer,NA,Liga Nos,2020,2020/2021
FC Paços de Ferreira,Lucas Silva,22,Left Winger,Flamengo,?,in,Summer,NA,Liga Nos,2020,2020/2021
FC Paços de Ferreira,Luther Singh,23,Right Winger,Braga,loan transfer,in,Summer,NA,Liga Nos,2020,2020/2021
FC Paços de Ferreira,João Pedro,23,Centre-Forward,Vit. Guimarães,?,in,Summer,NA,Liga Nos,2020,2020/2021
FC Paços de Ferreira,Michael,25,Goalkeeper,Atlético-MG,loan transfer,in,Summer,NA,Liga Nos,2020,2020/2021
FC Paços de Ferreira,David Sualehe,23,Left-Back,Guimarães B,?,in,Summer,NA,Liga Nos,2020,2020/2021
FC Paços de Ferreira,Samuel Silvera,19,Left Winger,Central Coast,?,in,Summer,NA,Liga Nos,2020,2020/2021
FC Paços de Ferreira,Nuno Lima,19,Centre-Back,Paços F. U19,-,in,Summer,0,Liga Nos,2020,2020/2021
FC Paços de Ferreira,Fernando Fonseca,23,Right-Back,Gil Vicente,-,in,Summer,0,Liga Nos,2020,2020/2021
FC Paços de Ferreira,Rafael Gava,27,Central Midfield,Cuiabá-MT,"End of loanOct 23, 2020",in,Summer,0,Liga Nos,2020,2020/2021
FC Paços de Ferreira,Gonçalo Gregório,25,Centre-Forward,Braga B,"End of loanJun 30, 2020",in,Summer,0,Liga Nos,2020,2020/2021
FC Paços de Ferreira,Pedro Marques,22,Centre-Back,Felgueiras,"End of loanJun 30, 2020",in,Summer,0,Liga Nos,2020,2020/2021
FC Paços de Ferreira,Sodiq Fatai,24,Left Winger,Chaves,"End of loanJun 30, 2020",in,Summer,0,Liga Nos,2020,2020/2021
FC Paços de Ferreira,Simão Rocha,19,Left-Back,Amarante,"End of loanJun 30, 2020",in,Summer,0,Liga Nos,2020,2020/2021
FC Paços de Ferreira,Paul Ayongo,23,Centre-Forward,Mafra,"End of loanJun 30, 2020",in,Summer,0,Liga Nos,2020,2020/2021
FC Paços de Ferreira,Bernardo Martins,22,Left Winger,Chaves,"End of loanJun 30, 2020",in,Summer,0,Liga Nos,2020,2020/2021
FC Paços de Ferreira,Abbas Ibrahim,22,Central Midfield,Arouca,"End of loanJun 30, 2020",in,Summer,0,Liga Nos,2020,2020/2021
FC Paços de Ferreira,Pedrinho,27,Attacking Midfield,Riga,free transfer,out,Summer,NA,Liga Nos,2020,2020/2021
FC Paços de Ferreira,Ricardo Ribeiro,30,Goalkeeper,Al-Jabalain,free transfer,out,Summer,NA,Liga Nos,2020,2020/2021
FC Paços de Ferreira,Samuel Silvera,19,Left Winger,Casa Pia,loan transfer,out,Summer,NA,Liga Nos,2020,2020/2021
FC Paços de Ferreira,Vasco Rocha,31,Central Midfield,Trofense,free transfer,out,Summer,NA,Liga Nos,2020,2020/2021
FC Paços de Ferreira,Gonçalo Gregório,25,Centre-Forward,Z. Sosnowiec,free transfer,out,Summer,NA,Liga Nos,2020,2020/2021
FC Paços de Ferreira,Sodiq Fatai,24,Left Winger,Varzim,free transfer,out,Summer,NA,Liga Nos,2020,2020/2021
FC Paços de Ferreira,Bruno Teles,34,Left-Back,Coimbra,free transfer,out,Summer,NA,Liga Nos,2020,2020/2021
FC Paços de Ferreira,Bruno Santos,27,Right-Back,AEL Limassol,free transfer,out,Summer,NA,Liga Nos,2020,2020/2021
FC Paços de Ferreira,André Micael,31,Centre-Back,Varzim,free transfer,out,Summer,NA,Liga Nos,2020,2020/2021
FC Paços de Ferreira,Nuno Lima,19,Centre-Back,Felgueiras,loan transfer,out,Summer,NA,Liga Nos,2020,2020/2021
FC Paços de Ferreira,Marco Ribeiro,25,Goalkeeper,Paredes,?,out,Summer,NA,Liga Nos,2020,2020/2021
FC Paços de Ferreira,Rafael Gava,27,Central Midfield,Cuiabá-MT,?,out,Summer,NA,Liga Nos,2020,2020/2021
FC Paços de Ferreira,Welthon,28,Centre-Forward,Vit. Guimarães,"End of loanJul 31, 2020",out,Summer,0,Liga Nos,2020,2020/2021
FC Paços de Ferreira,Murilo,24,Left Winger,Rio Ave FC,"End of loanAug 2, 2020",out,Summer,0,Liga Nos,2020,2020/2021
FC Porto,Evanilson,20,Centre-Forward,Tombense,£6.75m,in,Summer,6.75,Liga Nos,2020,2020/2021
FC Porto,Mehdi Taremi,28,Centre-Forward,Rio Ave FC,£4.50m,in,Summer,4.5,Liga Nos,2020,2020/2021
FC Porto,Zaidu Sanusi,23,Left-Back,Santa Clara,£3.60m,in,Summer,3.6,Liga Nos,2020,2020/2021
FC Porto,Malang Sarr,21,Centre-Back,Chelsea,Loan fee:£1.80m,in,Summer,1.8,Liga Nos,2020,2020/2021
FC Porto,Carraça,27,Right-Back,Boavista,free transfer,in,Summer,NA,Liga Nos,2020,2020/2021
FC Porto,Cláudio Ramos,28,Goalkeeper,Tondela,free transfer,in,Summer,NA,Liga Nos,2020,2020/2021
FC Porto,Felipe Anderson,27,Left Midfield,West Ham,loan transfer,in,Summer,NA,Liga Nos,2020,2020/2021
FC Porto,Nanú,26,Right-Back,Marítimo,?,in,Summer,NA,Liga Nos,2020,2020/2021
FC Porto,Toni Martínez,23,Centre-Forward,Famalicão,?,in,Summer,NA,Liga Nos,2020,2020/2021
FC Porto,Marko Grujic,24,Defensive Midfield,Liverpool,loan transfer,in,Summer,NA,Liga Nos,2020,2020/2021
FC Porto,João Mário,20,Right Midfield,FC Porto B,-,in,Summer,0,Liga Nos,2020,2020/2021
FC Porto,Jorge Fernandes,23,Centre-Back,Kasimpasa,"End of loanAug 3, 2020",in,Summer,0,Liga Nos,2020,2020/2021
FC Porto,Saidy Janko,24,Right-Back,BSC Young Boys,"End of loanAug 12, 2020",in,Summer,0,Liga Nos,2020,2020/2021
FC Porto,Fernando Andrade,27,Left Winger,Sivasspor,"End of loanAug 3, 2020",in,Summer,0,Liga Nos,2020,2020/2021
FC Porto,Chidozie Awaziem,23,Centre-Back,CD Leganés,"End of loanJul 20, 2020",in,Summer,0,Liga Nos,2020,2020/2021
FC Porto,Diogo Queirós,21,Centre-Back,Mouscron,"End of loanJun 30, 2020",in,Summer,0,Liga Nos,2020,2020/2021
FC Porto,Yordan Osorio,26,Centre-Back,Zenit S-Pb,"End of loanJul 31, 2020",in,Summer,0,Liga Nos,2020,2020/2021
FC Porto,Vaná Alves,29,Goalkeeper,Famalicão,"End of loanJul 30, 2020",in,Summer,0,Liga Nos,2020,2020/2021
FC Porto,André Pereira,25,Centre-Forward,Real Zaragoza,"End of loanAug 17, 2020",in,Summer,0,Liga Nos,2020,2020/2021
FC Porto,Fábio Silva,18,Centre-Forward,Wolves,£36.00m,out,Summer,36,Liga Nos,2020,2020/2021
FC Porto,Alex Telles,27,Left-Back,Man Utd,£13.50m,out,Summer,13.5,Liga Nos,2020,2020/2021
FC Porto,Zé Luís,29,Centre-Forward,Loko Moscow,£4.95m,out,Summer,4.95,Liga Nos,2020,2020/2021
FC Porto,Tiquinho Soares,29,Centre-Forward,TJ Teda,£4.86m,out,Summer,4.86,Liga Nos,2020,2020/2021
FC Porto,Danilo Pereira,29,Defensive Midfield,Paris SG,Loan fee:£3.60m,out,Summer,3.6,Liga Nos,2020,2020/2021
FC Porto,Yordan Osorio,26,Centre-Back,Parma,£3.60m,out,Summer,3.6,Liga Nos,2020,2020/2021
FC Porto,Saidy Janko,24,Right-Back,Real Valladolid,£1.71m,out,Summer,1.71,Liga Nos,2020,2020/2021
FC Porto,Jorge Fernandes,23,Centre-Back,Vit. Guimarães,£225Th.,out,Summer,0.225,Liga Nos,2020,2020/2021
FC Porto,Diogo Queirós,21,Centre-Back,Famalicão,free transfer,out,Summer,NA,Liga Nos,2020,2020/2021
FC Porto,André Pereira,25,Centre-Forward,Rio Ave FC,free transfer,out,Summer,NA,Liga Nos,2020,2020/2021
FC Porto,Vaná Alves,29,Goalkeeper,Famalicão,free transfer,out,Summer,NA,Liga Nos,2020,2020/2021
FC Porto,Vincent Aboubakar,28,Centre-Forward,Besiktas,free transfer,out,Summer,NA,Liga Nos,2020,2020/2021
FC Porto,Tomás Esteves,18,Right-Back,Reading,loan transfer,out,Summer,NA,Liga Nos,2020,2020/2021
FC Porto,Fernando Andrade,27,Left Winger,C. Rizespor,loan transfer,out,Summer,NA,Liga Nos,2020,2020/2021
FC Porto,Vitinha,20,Central Midfield,Wolves,loan transfer,out,Summer,NA,Liga Nos,2020,2020/2021
FC Porto,Chidozie Awaziem,23,Centre-Back,Boavista,loan transfer,out,Summer,NA,Liga Nos,2020,2020/2021
FC Porto,Iker Casillas,39,Goalkeeper,Retired,-,out,Summer,0,Liga Nos,2020,2020/2021
Rio Ave FC,Aderllan Santos,31,Centre-Back,Ahli,free transfer,in,Summer,NA,Liga Nos,2020,2020/2021
Rio Ave FC,Léo Vieira,29,Goalkeeper,Athletico-PR,free transfer,in,Summer,NA,Liga Nos,2020,2020/2021
Rio Ave FC,Gelson Dala,24,Second Striker,Sporting CP,free transfer,in,Summer,NA,Liga Nos,2020,2020/2021
Rio Ave FC,Chico Geraldes,25,Attacking Midfield,Sporting CP,free transfer,in,Summer,NA,Liga Nos,2020,2020/2021
Rio Ave FC,André Pereira,25,Centre-Forward,FC Porto,free transfer,in,Summer,NA,Liga Nos,2020,2020/2021
Rio Ave FC,Nando Pijnaker,21,Centre-Back,Grasshoppers,?,in,Summer,NA,Liga Nos,2020,2020/2021
Rio Ave FC,Ivo Pinto,30,Right-Back,Dinamo Zagreb,loan transfer,in,Summer,NA,Liga Nos,2020,2020/2021
Rio Ave FC,Ryotaro Meshino,22,Attacking Midfield,Man City,loan transfer,in,Summer,NA,Liga Nos,2020,2020/2021
Rio Ave FC,Pelé,29,Defensive Midfield,Monaco,loan transfer,in,Summer,NA,Liga Nos,2020,2020/2021
Rio Ave FC,Fábio Coentrão,32,Left-Back,Career break,-,in,Summer,0,Liga Nos,2020,2020/2021
Rio Ave FC,Gabrielzinho,23,Right Winger,Moreirense,"End of loanJul 31, 2020",in,Summer,0,Liga Nos,2020,2020/2021
Rio Ave FC,Jonathan Buatu,26,Centre-Back,Mouscron,"End of loanDec 31, 2019",in,Summer,0,Liga Nos,2020,2020/2021
Rio Ave FC,Said Ahmed Said,27,Centre-Forward,KSC Lokeren,"End of loanJun 30, 2020",in,Summer,0,Liga Nos,2020,2020/2021
Rio Ave FC,Ronan,25,Centre-Forward,Tondela,"End of loanJul 31, 2020",in,Summer,0,Liga Nos,2020,2020/2021
Rio Ave FC,Murilo,24,Left Winger,Paços Ferreira,"End of loanAug 2, 2020",in,Summer,0,Liga Nos,2020,2020/2021
Rio Ave FC,Mehdi Taremi,28,Centre-Forward,FC Porto,£4.50m,out,Summer,4.5,Liga Nos,2020,2020/2021
Rio Ave FC,Nuno Santos,25,Left Winger,Sporting CP,£3.33m,out,Summer,3.33,Liga Nos,2020,2020/2021
Rio Ave FC,Jonathan Buatu,26,Centre-Back,Sint-Truiden,?,out,Summer,NA,Liga Nos,2020,2020/2021
Rio Ave FC,Paulo Vítor,31,Goalkeeper,Chaves,?,out,Summer,NA,Liga Nos,2020,2020/2021
Rio Ave FC,Nadjack,26,Right-Back,Grasshoppers,?,out,Summer,NA,Liga Nos,2020,2020/2021
Rio Ave FC,Vitó,22,Attacking Midfield,Casa Pia,?,out,Summer,NA,Liga Nos,2020,2020/2021
Rio Ave FC,Murilo,24,Left Winger,Estoril Praia,?,out,Summer,NA,Liga Nos,2020,2020/2021
Rio Ave FC,Messias,25,Centre-Back,América-MG,"End of loanJul 30, 2020",out,Summer,0,Liga Nos,2020,2020/2021
Rio Ave FC,Aderllan Santos,31,Centre-Back,Ahli,"End of loanJun 30, 2020",out,Summer,0,Liga Nos,2020,2020/2021
Rio Ave FC,Diogo Figueiras,29,Right-Back,Braga,"End of loanJul 31, 2020",out,Summer,0,Liga Nos,2020,2020/2021
Rio Ave FC,Al Musrati,24,Defensive Midfield,Vit. Guimarães,"End of loanJul 31, 2020",out,Summer,0,Liga Nos,2020,2020/2021
CD Santa Clara,Júlio Romão,22,Defensive Midfield,Santa Cruz,free transfer,in,Summer,NA,Liga Nos,2020,2020/2021
CD Santa Clara,Mikel Villanueva,27,Centre-Back,Málaga CF,free transfer,in,Summer,NA,Liga Nos,2020,2020/2021
CD Santa Clara,Gustavo Viera,19,Centre-Forward,Liverpool FC,free transfer,in,Summer,NA,Liga Nos,2020,2020/2021
CD Santa Clara,André Mesquita,22,Right Winger,Marítimo B,free transfer,in,Summer,NA,Liga Nos,2020,2020/2021
CD Santa Clara,Shahriar Moghanlou,25,Centre-Forward,Paykan FC,free transfer,in,Summer,NA,Liga Nos,2020,2020/2021
CD Santa Clara,Cristian González,24,Centre-Back,Sevilla Atl.,free transfer,in,Summer,NA,Liga Nos,2020,2020/2021
CD Santa Clara,Mansur,27,Left-Back,Atlético-MG B,?,in,Summer,NA,Liga Nos,2020,2020/2021
CD Santa Clara,Jean Patric,23,Right Winger,Académico Viseu,-,in,Summer,0,Liga Nos,2020,2020/2021
CD Santa Clara,Diogo Motty,20,Left Winger,Castelo Branco,"End of loanJul 31, 2020",in,Summer,0,Liga Nos,2020,2020/2021
CD Santa Clara,Rodrigo Simão,19,Centre-Forward,SC Ideal,"End of loanJul 31, 2020",in,Summer,0,Liga Nos,2020,2020/2021
CD Santa Clara,Steven Pereira,26,Centre-Back,Académico Viseu,"End of loanJun 30, 2020",in,Summer,0,Liga Nos,2020,2020/2021
CD Santa Clara,Ricardinho,21,Attacking Midfield,Praiense,"End of loanJun 30, 2020",in,Summer,0,Liga Nos,2020,2020/2021
CD Santa Clara,Bruno Lamas,26,Attacking Midfield,Khor Fakkan,"End of loanJul 30, 2020",in,Summer,0,Liga Nos,2020,2020/2021
CD Santa Clara,Denis Pineda,24,Left Midfield,Estoril Praia,"End of loanJun 30, 2020",in,Summer,0,Liga Nos,2020,2020/2021
CD Santa Clara,Lucas Marques,25,Central Midfield,Estoril Praia,"End of loanJun 30, 2020",in,Summer,0,Liga Nos,2020,2020/2021
CD Santa Clara,Malick Evouna,27,Centre-Forward,Nacional,"End of loanJun 30, 2020",in,Summer,0,Liga Nos,2020,2020/2021
CD Santa Clara,Zaidu Sanusi,23,Left-Back,FC Porto,£3.60m,out,Summer,3.6,Liga Nos,2020,2020/2021
CD Santa Clara,Guilherme Schettine,24,Centre-Forward,Braga,free transfer,out,Summer,NA,Liga Nos,2020,2020/2021
CD Santa Clara,César Martins,27,Centre-Back,Farense,free transfer,out,Summer,NA,Liga Nos,2020,2020/2021
CD Santa Clara,Steven Pereira,26,Centre-Back,Oliveirense,free transfer,out,Summer,NA,Liga Nos,2020,2020/2021
CD Santa Clara,Zé Manuel,29,Centre-Forward,Gaz Metan,free transfer,out,Summer,NA,Liga Nos,2020,2020/2021
CD Santa Clara,Pablo,27,Right Winger,Guarani,?,out,Summer,NA,Liga Nos,2020,2020/2021
CD Santa Clara,Ricardinho,21,Attacking Midfield,Torreense,?,out,Summer,NA,Liga Nos,2020,2020/2021
CD Santa Clara,Rodrigo Simão,19,Centre-Forward,Operário,loan transfer,out,Summer,NA,Liga Nos,2020,2020/2021
CD Santa Clara,Diogo Motty,20,Left Winger,Mirandela,?,out,Summer,NA,Liga Nos,2020,2020/2021
CD Santa Clara,Bruno Lamas,26,Attacking Midfield,Khor Fakkan,loan transfer,out,Summer,NA,Liga Nos,2020,2020/2021
CD Santa Clara,Denis Pineda,25,Left Midfield,Técnico U.,?,out,Summer,NA,Liga Nos,2020,2020/2021
CD Santa Clara,Muhammad Candé,28,Left-Back,Without Club,-,out,Summer,0,Liga Nos,2020,2020/2021
CD Santa Clara,Chico Ramos,25,Central Midfield,Vit. Guimarães,"End of loanJul 31, 2020",out,Summer,0,Liga Nos,2020,2020/2021
Sporting CP,Pedro Gonçalves,22,Right Winger,Famalicão,£5.85m,in,Summer,5.85,Liga Nos,2020,2020/2021
Sporting CP,Nuno Santos,25,Left Winger,Rio Ave FC,£3.33m,in,Summer,3.33,Liga Nos,2020,2020/2021
Sporting CP,Zouhair Feddal,30,Centre-Back,Real Betis,£1.94m,in,Summer,1.94,Liga Nos,2020,2020/2021
Sporting CP,Tabata,23,Right Winger,Portimonense,£450Th.,in,Summer,0.45,Liga Nos,2020,2020/2021
Sporting CP,Vitorino Antunes,33,Left-Back,Getafe,free transfer,in,Summer,NA,Liga Nos,2020,2020/2021
Sporting CP,Antonio Adán,33,Goalkeeper,Atlético Madrid,free transfer,in,Summer,NA,Liga Nos,2020,2020/2021
Sporting CP,João Mário,27,Attacking Midfield,Inter,loan transfer,in,Summer,NA,Liga Nos,2020,2020/2021
Sporting CP,Pedro Porro,20,Right Midfield,Man City,loan transfer,in,Summer,NA,Liga Nos,2020,2020/2021
Sporting CP,Rodrigo Fernandes,19,Defensive Midfield,Sporting CP U23,-,in,Summer,0,Liga Nos,2020,2020/2021
Sporting CP,Daniel Bragança,21,Central Midfield,Sporting CP U23,-,in,Summer,0,Liga Nos,2020,2020/2021
Sporting CP,Gonçalo Inácio,18,Centre-Back,Sporting CP U23,-,in,Summer,0,Liga Nos,2020,2020/2021
Sporting CP,Tiago Tomás,18,Centre-Forward,Sporting CP U23,-,in,Summer,0,Liga Nos,2020,2020/2021
Sporting CP,Matheus Pereira,24,Right Winger,West Brom,"End of loanJul 31, 2020",in,Summer,0,Liga Nos,2020,2020/2021
Sporting CP,João Palhinha,25,Defensive Midfield,Braga,"End of loanJul 31, 2020",in,Summer,0,Liga Nos,2020,2020/2021
Sporting CP,Josip Misic,26,Central Midfield,PAOK Salonika,"End of loanJun 30, 2020",in,Summer,0,Liga Nos,2020,2020/2021
Sporting CP,Filipe Chaby,26,Attacking Midfield,Coimbra,"End of loanJun 30, 2020",in,Summer,0,Liga Nos,2020,2020/2021
Sporting CP,André Geraldes,29,Right-Back,M. Tel Aviv,"End of loanJul 31, 2020",in,Summer,0,Liga Nos,2020,2020/2021
Sporting CP,Lumor,23,Left-Back,RCD Mallorca,"End of loanJul 20, 2020",in,Summer,0,Liga Nos,2020,2020/2021
Sporting CP,Alan Ruiz,26,Attacking Midfield,Aldosivi,"End of loanJun 30, 2020",in,Summer,0,Liga Nos,2020,2020/2021
Sporting CP,Bruno Gaspar,27,Right-Back,Olympiacos,"End of loanAug 31, 2020",in,Summer,0,Liga Nos,2020,2020/2021
Sporting CP,Leonardo Ruiz,24,Centre-Forward,Varzim,"End of loanJun 30, 2020",in,Summer,0,Liga Nos,2020,2020/2021
Sporting CP,Abdoulay Diaby,29,Right Winger,Besiktas,"End of loanAug 3, 2020",in,Summer,0,Liga Nos,2020,2020/2021
Sporting CP,Mauro Riquicho,25,Right-Back,CD Fátima,"End of loanJun 30, 2020",in,Summer,0,Liga Nos,2020,2020/2021
Sporting CP,Bruno Paulista,24,Defensive Midfield,CD Fátima,"End of loanJun 30, 2020",in,Summer,0,Liga Nos,2020,2020/2021
Sporting CP,Wendel,23,Central Midfield,Zenit S-Pb,£18.27m,out,Summer,18.27,Liga Nos,2020,2020/2021
Sporting CP,Marcos Acuña,28,Left-Back,Sevilla FC,£9.45m,out,Summer,9.45,Liga Nos,2020,2020/2021
Sporting CP,Matheus Pereira,24,Right Winger,West Brom,£7.43m,out,Summer,7.43,Liga Nos,2020,2020/2021
Sporting CP,Luciano Vietto,26,Centre-Forward,Hilal,£6.30m,out,Summer,6.3,Liga Nos,2020,2020/2021
Sporting CP,Valentin Rosier,24,Right-Back,Besiktas,Loan fee:£180Th.,out,Summer,0.18,Liga Nos,2020,2020/2021
Sporting CP,Mauro Riquicho,25,Right-Back,CD Fátima,free transfer,out,Summer,NA,Liga Nos,2020,2020/2021
Sporting CP,Gelson Dala,24,Second Striker,Rio Ave FC,free transfer,out,Summer,NA,Liga Nos,2020,2020/2021
Sporting CP,Chico Geraldes,25,Attacking Midfield,Rio Ave FC,free transfer,out,Summer,NA,Liga Nos,2020,2020/2021
Sporting CP,Miguel Luís,21,Central Midfield,Vit. Guimarães,free transfer,out,Summer,NA,Liga Nos,2020,2020/2021
Sporting CP,Alan Ruiz,27,Attacking Midfield,Arsenal FC,free transfer,out,Summer,NA,Liga Nos,2020,2020/2021
Sporting CP,Josip Misic,26,Central Midfield,Dinamo Zagreb,loan transfer,out,Summer,NA,Liga Nos,2020,2020/2021
Sporting CP,Rodrigo Battaglia,29,Central Midfield,Alavés,loan transfer,out,Summer,NA,Liga Nos,2020,2020/2021
Sporting CP,Eduardo Henrique,25,Defensive Midfield,Crotone,loan transfer,out,Summer,NA,Liga Nos,2020,2020/2021
Sporting CP,Pedro Mendes,21,Centre-Forward,UD Almería,loan transfer,out,Summer,NA,Liga Nos,2020,2020/2021
Sporting CP,Mattheus,26,Attacking Midfield,Coritiba FC,loan transfer,out,Summer,NA,Liga Nos,2020,2020/2021
Sporting CP,Idrissa Doumbia,22,Defensive Midfield,SD Huesca,loan transfer,out,Summer,NA,Liga Nos,2020,2020/2021
Sporting CP,Abdoulay Diaby,29,Right Winger,Getafe,loan transfer,out,Summer,NA,Liga Nos,2020,2020/2021
Sporting CP,Jérémy Mathieu,36,Centre-Back,Retired,-,out,Summer,0,Liga Nos,2020,2020/2021
Sporting CP,Filipe Chaby,26,Attacking Midfield,Sporting B,-,out,Summer,0,Liga Nos,2020,2020/2021
Sporting CP,Bruno Paulista,24,Defensive Midfield,Sporting B,-,out,Summer,0,Liga Nos,2020,2020/2021
Sporting CP,Leonardo Ruiz,24,Centre-Forward,Sporting B,-,out,Summer,0,Liga Nos,2020,2020/2021
Sporting CP,André Geraldes,29,Right-Back,Sporting B,-,out,Summer,0,Liga Nos,2020,2020/2021
CD Tondela,Naoufel Khacef,22,Left-Back,NA Hussein Dey,£167Th.,in,Summer,0.167,Liga Nos,2020,2020/2021
CD Tondela,Salvador Agra,28,Right Winger,Legia Warszawa,free transfer,in,Summer,NA,Liga Nos,2020,2020/2021
CD Tondela,Pedro Trigueira,32,Goalkeeper,Moreirense,free transfer,in,Summer,NA,Liga Nos,2020,2020/2021
CD Tondela,Rafael Barbosa,24,Left Midfield,Sporting CP U23,free transfer,in,Summer,NA,Liga Nos,2020,2020/2021
CD Tondela,Bebeto,30,Right-Back,Marítimo,free transfer,in,Summer,NA,Liga Nos,2020,2020/2021
CD Tondela,Souleymane Anne,22,Centre-Forward,Guingamp,free transfer,in,Summer,NA,Liga Nos,2020,2020/2021
CD Tondela,Jaume Grau,23,Central Midfield,CA Osasuna,loan transfer,in,Summer,NA,Liga Nos,2020,2020/2021
CD Tondela,Mario González,24,Left Winger,Villarreal,loan transfer,in,Summer,NA,Liga Nos,2020,2020/2021
CD Tondela,Abdel Medioub,23,Centre-Back,G. Bordeaux B,loan transfer,in,Summer,NA,Liga Nos,2020,2020/2021
CD Tondela,Enzo Martínez,22,Centre-Back,Peñarol,loan transfer,in,Summer,NA,Liga Nos,2020,2020/2021
CD Tondela,Manuel Garruço,21,Central Midfield,Tondela Sub-23,-,in,Summer,0,Liga Nos,2020,2020/2021
CD Tondela,Tiago Almeida,18,Right-Back,Tondela U19,-,in,Summer,0,Liga Nos,2020,2020/2021
CD Tondela,Telmo Arcanjo,19,Attacking Midfield,Tondela U19,-,in,Summer,0,Liga Nos,2020,2020/2021
CD Tondela,João Mendes,25,Attacking Midfield,Coimbra,"End of loanJun 30, 2020",in,Summer,0,Liga Nos,2020,2020/2021
CD Tondela,Joel Sousa,20,Goalkeeper,Molelos,"End of loanJun 30, 2020",in,Summer,0,Liga Nos,2020,2020/2021
CD Tondela,Manu Sánchez,24,Right-Back,R. Majadahonda,"End of loanJun 30, 2020",in,Summer,0,Liga Nos,2020,2020/2021
CD Tondela,João Vigário,24,Left-Back,Nacional,"End of loanJun 30, 2020",in,Summer,0,Liga Nos,2020,2020/2021
CD Tondela,Xavier,28,Left Winger,Panathinaikos,free transfer,out,Summer,NA,Liga Nos,2020,2020/2021
CD Tondela,Cláudio Ramos,28,Goalkeeper,FC Porto,free transfer,out,Summer,NA,Liga Nos,2020,2020/2021
CD Tondela,Marko Petkovic,27,Right-Back,Without Club,free transfer,out,Summer,NA,Liga Nos,2020,2020/2021
CD Tondela,João Vigário,24,Left-Back,Nacional,free transfer,out,Summer,NA,Liga Nos,2020,2020/2021
CD Tondela,João Reis,28,Left Midfield,Chaves,free transfer,out,Summer,NA,Liga Nos,2020,2020/2021
CD Tondela,Fahd Moufi,24,Right-Back,Portimonense,free transfer,out,Summer,NA,Liga Nos,2020,2020/2021
CD Tondela,Manu Sánchez,24,Right-Back,R. Majadahonda,free transfer,out,Summer,NA,Liga Nos,2020,2020/2021
CD Tondela,Ricardo Valente,29,Left Winger,Gaz Metan,free transfer,out,Summer,NA,Liga Nos,2020,2020/2021
CD Tondela,Philipe Sampaio,25,Centre-Back,Guingamp,?,out,Summer,NA,Liga Nos,2020,2020/2021
CD Tondela,Manuel Garruço,21,Central Midfield,Beira-Mar,loan transfer,out,Summer,NA,Liga Nos,2020,2020/2021
CD Tondela,Diogo Silva,27,Goalkeeper,Fafe,-,out,Summer,0,Liga Nos,2020,2020/2021
CD Tondela,Pité,25,Left Midfield,Without Club,-,out,Summer,0,Liga Nos,2020,2020/2021
CD Tondela,Richard,20,Attacking Midfield,Internacional,"End of loanJul 31, 2020",out,Summer,0,Liga Nos,2020,2020/2021
CD Tondela,Jonathan Toro,23,Second Striker,SD Huesca,"End of loanJul 30, 2020",out,Summer,0,Liga Nos,2020,2020/2021
CD Tondela,Pepelu,21,Defensive Midfield,Levante,"End of loanJul 27, 2020",out,Summer,0,Liga Nos,2020,2020/2021
CD Tondela,Ronan,25,Centre-Forward,Rio Ave FC,"End of loanJul 31, 2020",out,Summer,0,Liga Nos,2020,2020/2021
Vitória Guimarães SC,Matous Trmal,21,Goalkeeper,Slovácko,£1.08m,in,Summer,1.08,Liga Nos,2020,2020/2021
Vitória Guimarães SC,Lyle Foster,19,Centre-Forward,Monaco,£1.08m,in,Summer,1.08,Liga Nos,2020,2020/2021
Vitória Guimarães SC,Denis Will Poha,23,Central Midfield,Stade Rennais,£270Th.,in,Summer,0.27,Liga Nos,2020,2020/2021
Vitória Guimarães SC,Jorge Fernandes,23,Centre-Back,FC Porto,£225Th.,in,Summer,0.225,Liga Nos,2020,2020/2021
Vitória Guimarães SC,Sílvio,32,Right-Back,Vitória Setúbal,free transfer,in,Summer,NA,Liga Nos,2020,2020/2021
Vitória Guimarães SC,Ricardo Quaresma,36,Right Winger,Kasimpasa,free transfer,in,Summer,NA,Liga Nos,2020,2020/2021
Vitória Guimarães SC,Bruno Varela,25,Goalkeeper,Benfica,free transfer,in,Summer,NA,Liga Nos,2020,2020/2021
Vitória Guimarães SC,Miguel Luís,21,Central Midfield,Sporting CP,free transfer,in,Summer,NA,Liga Nos,2020,2020/2021
Vitória Guimarães SC,Abdul Mumin,22,Centre-Back,Nordsjaelland,free transfer,in,Summer,NA,Liga Nos,2020,2020/2021
Vitória Guimarães SC,Noah Jean Holm,19,Centre-Forward,RB Leipzig U19,free transfer,in,Summer,NA,Liga Nos,2020,2020/2021
Vitória Guimarães SC,Jonas Carls,23,Left-Back,FC Schalke 04,loan transfer,in,Summer,NA,Liga Nos,2020,2020/2021
Vitória Guimarães SC,Nicolas Tie,19,Goalkeeper,Chelsea U23,?,in,Summer,NA,Liga Nos,2020,2020/2021
Vitória Guimarães SC,Gideon Mensah,22,Left-Back,RB Salzburg,loan transfer,in,Summer,NA,Liga Nos,2020,2020/2021
Vitória Guimarães SC,Yann Aurel Bisseck,19,Centre-Back,1. FC Köln,loan transfer,in,Summer,NA,Liga Nos,2020,2020/2021
Vitória Guimarães SC,Zié Ouattara,20,Right-Back,Guimarães B,-,in,Summer,0,Liga Nos,2020,2020/2021
Vitória Guimarães SC,Nicolas Janvier,21,Central Midfield,Guimarães B,-,in,Summer,0,Liga Nos,2020,2020/2021
Vitória Guimarães SC,Óscar Estupiñán,23,Centre-Forward,Denizlispor,"End of loanAug 3, 2020",in,Summer,0,Liga Nos,2020,2020/2021
Vitória Guimarães SC,Pepelu,22,Defensive Midfield,Levante,loan transfer,in,Summer,NA,Liga Nos,2020,2020/2021
Vitória Guimarães SC,Guillermo Celis,27,Defensive Midfield,CA Colón,"End of loanJun 30, 2020",in,Summer,0,Liga Nos,2020,2020/2021
Vitória Guimarães SC,Chico Ramos,25,Central Midfield,Santa Clara,"End of loanJul 31, 2020",in,Summer,0,Liga Nos,2020,2020/2021
Vitória Guimarães SC,Marcos Valente,26,Centre-Back,Estoril Praia,"End of loanJun 30, 2020",in,Summer,0,Liga Nos,2020,2020/2021
Vitória Guimarães SC,Sebastián Rincón,26,Right Winger,Aldosivi,"End of loanJun 30, 2020",in,Summer,0,Liga Nos,2020,2020/2021
Vitória Guimarães SC,João Correia,23,Right Winger,Chaves,"End of loanAug 2, 2020",in,Summer,0,Liga Nos,2020,2020/2021
Vitória Guimarães SC,Welthon,28,Centre-Forward,Paços Ferreira,"End of loanJul 31, 2020",in,Summer,0,Liga Nos,2020,2020/2021
Vitória Guimarães SC,Al Musrati,24,Defensive Midfield,Rio Ave FC,"End of loanJul 31, 2020",in,Summer,0,Liga Nos,2020,2020/2021
Vitória Guimarães SC,Miguel Oliveira,26,Goalkeeper,Leixões,"End of loanJun 30, 2020",in,Summer,0,Liga Nos,2020,2020/2021
Vitória Guimarães SC,Pêpê,23,Central Midfield,Olympiacos,£2.70m,out,Summer,2.7,Liga Nos,2020,2020/2021
Vitória Guimarães SC,João Carlos Teixeira,27,Attacking Midfield,Feyenoord,£1.44m,out,Summer,1.44,Liga Nos,2020,2020/2021
Vitória Guimarães SC,Guillermo Celis,27,Defensive Midfield,Deportes Tolima,£810Th.,out,Summer,0.81,Liga Nos,2020,2020/2021
Vitória Guimarães SC,Davidson,29,Left Winger,Alanyaspor,£450Th.,out,Summer,0.45,Liga Nos,2020,2020/2021
Vitória Guimarães SC,Víctor García,26,Right-Back,Alcorcón,free transfer,out,Summer,NA,Liga Nos,2020,2020/2021
Vitória Guimarães SC,Miguel Oliveira,26,Goalkeeper,Moreirense,free transfer,out,Summer,NA,Liga Nos,2020,2020/2021
Vitória Guimarães SC,Miguel Silva,25,Goalkeeper,APOEL Nicosia,free transfer,out,Summer,NA,Liga Nos,2020,2020/2021
Vitória Guimarães SC,Marcos Valente,26,Centre-Back,Estoril Praia,free transfer,out,Summer,NA,Liga Nos,2020,2020/2021
Vitória Guimarães SC,Ola John,28,Left Winger,RKC Waalwijk,free transfer,out,Summer,NA,Liga Nos,2020,2020/2021
Vitória Guimarães SC,Al Musrati,24,Defensive Midfield,Braga,free transfer,out,Summer,NA,Liga Nos,2020,2020/2021
Vitória Guimarães SC,Pedro Henrique,27,Centre-Back,Al-Wahda,loan transfer,out,Summer,NA,Liga Nos,2020,2020/2021
Vitória Guimarães SC,Frederico Venâncio,27,Centre-Back,CD Lugo,loan transfer,out,Summer,NA,Liga Nos,2020,2020/2021
Vitória Guimarães SC,Chico Ramos,25,Central Midfield,Nacional,?,out,Summer,NA,Liga Nos,2020,2020/2021
Vitória Guimarães SC,João Correia,23,Right Winger,Chaves,?,out,Summer,NA,Liga Nos,2020,2020/2021
Vitória Guimarães SC,Aziz,21,Centre-Forward,Estoril Praia,loan transfer,out,Summer,NA,Liga Nos,2020,2020/2021
Vitória Guimarães SC,João Pedro,23,Centre-Forward,Paços Ferreira,?,out,Summer,NA,Liga Nos,2020,2020/2021
Vitória Guimarães SC,Florent Hanin,30,Left-Back,Paris FC,?,out,Summer,NA,Liga Nos,2020,2020/2021
Vitória Guimarães SC,Douglas Jesus,37,Goalkeeper,Without Club,-,out,Summer,0,Liga Nos,2020,2020/2021
Vitória Guimarães SC,Welthon,28,Centre-Forward,Without Club,-,out,Summer,0,Liga Nos,2020,2020/2021
Vitória Guimarães SC,Sebastián Rincón,26,Right Winger,Guimarães B,-,out,Summer,0,Liga Nos,2020,2020/2021
Vitória Guimarães SC,Ibrahim Blati Touré,26,Central Midfield,Without Club,-,out,Summer,0,Liga Nos,2020,2020/2021
Vitória Guimarães SC,Jhonatan,29,Goalkeeper,Guimarães B,-,out,Summer,0,Liga Nos,2020,2020/2021
Vitória Guimarães SC,Valeriy Bondarenko,26,Centre-Back,Shakhtar D.,"End of loanJul 31, 2020",out,Summer,0,Liga Nos,2020,2020/2021
Vitória Guimarães SC,Denis Will Poha,23,Central Midfield,Stade Rennais,"End of loanJul 31, 2020",out,Summer,0,Liga Nos,2020,2020/2021
Vitória Guimarães SC,Léo Bonatini,26,Centre-Forward,Wolves,"End of loanJul 31, 2020",out,Summer,0,Liga Nos,2020,2020/2021
Portimonense SC,Welinton Junior,27,Right Winger,Without Club,free transfer,in,Summer,NA,Liga Nos,2020,2020/2021
Portimonense SC,Rômulo,24,Defensive Midfield,Londrina-PR,free transfer,in,Summer,NA,Liga Nos,2020,2020/2021
Portimonense SC,Fahd Moufi,24,Right-Back,Tondela,free transfer,in,Summer,NA,Liga Nos,2020,2020/2021
Portimonense SC,Júlio César,26,Left Winger,Atlético-GO,free transfer,in,Summer,NA,Liga Nos,2020,2020/2021
Portimonense SC,Lucas Tagliapietra,29,Centre-Back,Boavista,?,in,Summer,NA,Liga Nos,2020,2020/2021
Portimonense SC,Safawi Rasid,23,Right Winger,Johor DT,loan transfer,in,Summer,NA,Liga Nos,2020,2020/2021
Portimonense SC,Maurício Antônio,28,Centre-Back,Urawa Reds,loan transfer,in,Summer,NA,Liga Nos,2020,2020/2021
Portimonense SC,Fabrício,30,Centre-Forward,Urawa Reds,loan transfer,in,Summer,NA,Liga Nos,2020,2020/2021
Portimonense SC,Luquinhas,19,Attacking Midfield,Portimonense 23,-,in,Summer,0,Liga Nos,2020,2020/2021
Portimonense SC,Samuel,26,Goalkeeper,Portimonense 23,-,in,Summer,0,Liga Nos,2020,2020/2021
Portimonense SC,Fali Candé,22,Left-Back,Portimonense 23,-,in,Summer,0,Liga Nos,2020,2020/2021
Portimonense SC,Brendon Lucas,25,Centre-Back,Covilhã,"End of loanAug 2, 2020",in,Summer,0,Liga Nos,2020,2020/2021
Portimonense SC,Carlos Henriques,26,Goalkeeper,Covilhã,"End of loanJun 30, 2020",in,Summer,0,Liga Nos,2020,2020/2021
Portimonense SC,Jean Felipe,26,Right-Back,Chaves,"End of loanJun 30, 2020",in,Summer,0,Liga Nos,2020,2020/2021
Portimonense SC,Gleison,25,Second Striker,Penafiel,"End of loanJun 30, 2020",in,Summer,0,Liga Nos,2020,2020/2021
Portimonense SC,Leonardo,27,Goalkeeper,Penafiel,"End of loanAug 2, 2020",in,Summer,0,Liga Nos,2020,2020/2021
Portimonense SC,Felipe Macedo,26,Centre-Back,Penafiel,"End of loanAug 2, 2020",in,Summer,0,Liga Nos,2020,2020/2021
Portimonense SC,Tabata,23,Right Winger,Sporting CP,£450Th.,out,Summer,0.45,Liga Nos,2020,2020/2021
Portimonense SC,Felipe Macedo,26,Centre-Back,Covilhã,loan transfer,out,Summer,NA,Liga Nos,2020,2020/2021
Portimonense SC,Leonardo,27,Goalkeeper,Covilhã,loan transfer,out,Summer,NA,Liga Nos,2020,2020/2021
Portimonense SC,Carlos Henriques,26,Goalkeeper,Mafra,?,out,Summer,NA,Liga Nos,2020,2020/2021
Portimonense SC,Bruno Costa,23,Central Midfield,Paços Ferreira,loan transfer,out,Summer,NA,Liga Nos,2020,2020/2021
Portimonense SC,Jean Felipe,26,Right-Back,Covilhã,?,out,Summer,NA,Liga Nos,2020,2020/2021
Portimonense SC,Brendon Lucas,25,Centre-Back,Leixões,loan transfer,out,Summer,NA,Liga Nos,2020,2020/2021
Portimonense SC,Gleison,25,Second Striker,Covilhã,loan transfer,out,Summer,NA,Liga Nos,2020,2020/2021
Portimonense SC,Jackson Martínez,33,Centre-Forward,Without Club,-,out,Summer,0,Liga Nos,2020,2020/2021
Portimonense SC,Rômulo,24,Defensive Midfield,Londrina-PR,"End of loanJun 30, 2020",out,Summer,0,Liga Nos,2020,2020/2021
Portimonense SC,Rodrigo,22,Centre-Back,São Paulo,"End of loanJul 31, 2020",out,Summer,0,Liga Nos,2020,2020/2021
Portimonense SC,Marlos Moreno,23,Right Winger,Man City,"End of loanJun 30, 2020",out,Summer,0,Liga Nos,2020,2020/2021
Portimonense SC,Júnior Tavares,23,Left-Back,São Paulo,"End of loanJul 31, 2020",out,Summer,0,Liga Nos,2020,2020/2021
Portimonense SC,Evans Mensah,22,Left Winger,Al-Duhail SC,"End of loanJun 30, 2020",out,Summer,0,Liga Nos,2020,2020/2021
Portimonense SC,Mohanad Ali,20,Centre-Forward,Al-Duhail SC,"End of loanJun 30, 2020",out,Summer,0,Liga Nos,2020,2020/2021
Belenenses SAD,Nilton Varela,18,Left-Back,Belenenses U23,-,in,Winter,0,Liga Nos,2020,2020/2021
Belenenses SAD,Francisco Varela,26,Left-Back,San Fernando CD,free transfer,out,Winter,NA,Liga Nos,2020,2020/2021
Belenenses SAD,Robinho,23,Second Striker,Penafiel,loan transfer,out,Winter,NA,Liga Nos,2020,2020/2021
Belenenses SAD,Edi Semedo,21,Centre-Forward,Mafra,loan transfer,out,Winter,NA,Liga Nos,2020,2020/2021
Belenenses SAD,Pedro Álvaro,20,Centre-Back,Benfica B,"End of loanJan 1, 2021",out,Winter,0,Liga Nos,2020,2020/2021
SL Benfica,Lucas Veríssimo,25,Centre-Back,Santos FC,£5.85m,in,Winter,5.85,Liga Nos,2020,2020/2021
SL Benfica,Gedson Fernandes,22,Central Midfield,Spurs,"End of loanJan 31, 2021",in,Winter,0,Liga Nos,2020,2020/2021
SL Benfica,Filip Krovinovic,25,Attacking Midfield,West Brom,"End of loanJan 21, 2021",in,Winter,0,Liga Nos,2020,2020/2021
SL Benfica,Tomás Tavares,19,Right-Back,Alavés,"End of loanJan 15, 2021",in,Winter,0,Liga Nos,2020,2020/2021
SL Benfica,Germán Conti,26,Centre-Back,Atlas,"End of loanDec 31, 2020",in,Winter,0,Liga Nos,2020,2020/2021
SL Benfica,Yony González,26,Right Winger,LA Galaxy,"End of loanDec 31, 2020",in,Winter,0,Liga Nos,2020,2020/2021
SL Benfica,Gedson Fernandes,22,Central Midfield,Galatasaray,Loan fee:£450Th.,out,Winter,0.45,Liga Nos,2020,2020/2021
SL Benfica,Facundo Ferreyra,29,Centre-Forward,Celta de Vigo,free transfer,out,Winter,NA,Liga Nos,2020,2020/2021
SL Benfica,Tomás Tavares,19,Right-Back,Farense,loan transfer,out,Winter,NA,Liga Nos,2020,2020/2021
SL Benfica,Filip Krovinovic,25,Attacking Midfield,Nottm Forest,loan transfer,out,Winter,NA,Liga Nos,2020,2020/2021
SL Benfica,Ferro,23,Centre-Back,Valencia,loan transfer,out,Winter,NA,Liga Nos,2020,2020/2021
SL Benfica,Jean-Clair Todibo,21,Centre-Back,FC Barcelona,"End of loanJan 31, 2021",out,Winter,0,Liga Nos,2020,2020/2021
Boavista FC,Juninho,24,Right Midfield,Chaves,?,in,Winter,NA,Liga Nos,2020,2020/2021
Boavista FC,Alberto Bueno,32,Second Striker,Volos NPS,free transfer,out,Winter,NA,Liga Nos,2020,2020/2021
Boavista FC,Gustavo Dulanto,25,Centre-Back,Sheriff,free transfer,out,Winter,NA,Liga Nos,2020,2020/2021
Boavista FC,Musa Juwara,19,Left Winger,Bologna,"End of loanJan 9, 2021",out,Winter,0,Liga Nos,2020,2020/2021
SC Braga,Cristian Borja,27,Left-Back,Sporting CP,£2.70m,in,Winter,2.7,Liga Nos,2020,2020/2021
SC Braga,Lucas Piazon,26,Left Winger,Chelsea,free transfer,in,Winter,NA,Liga Nos,2020,2020/2021
SC Braga,Andraz Sporar,26,Centre-Forward,Sporting CP,loan transfer,in,Winter,NA,Liga Nos,2020,2020/2021
SC Braga,Andrej Lukic,26,Centre-Back,Sheriff,"End of loanDec 31, 2020",in,Winter,0,Liga Nos,2020,2020/2021
SC Braga,Caju,25,Left-Back,Goiás EC,"End of loanDec 31, 2020",in,Winter,0,Liga Nos,2020,2020/2021
SC Braga,Paulinho,28,Centre-Forward,Sporting CP,£14.40m,out,Winter,14.4,Liga Nos,2020,2020/2021
SC Braga,Diogo Figueiras,29,Right-Back,Famalicão,?,out,Winter,NA,Liga Nos,2020,2020/2021
SC Braga,Guilherme Schettine,25,Centre-Forward,UD Almería,loan transfer,out,Winter,NA,Liga Nos,2020,2020/2021
FC Famalicão,Manuel Ugarte,19,Defensive Midfield,CA Fénix,£2.70m,in,Winter,2.7,Liga Nos,2020,2020/2021
FC Famalicão,Ivo Rodrigues,25,Left Winger,Royal Antwerp,free transfer,in,Winter,NA,Liga Nos,2020,2020/2021
FC Famalicão,Maltos,20,Goalkeeper,Londrina-PR,free transfer,in,Winter,NA,Liga Nos,2020,2020/2021
FC Famalicão,Rúben Vinagre,21,Left-Back,Wolves,loan transfer,in,Winter,NA,Liga Nos,2020,2020/2021
FC Famalicão,Alexandre Guedes,26,Centre-Forward,Vit. Guimarães,?,in,Winter,NA,Liga Nos,2020,2020/2021
FC Famalicão,Bozhidar Kraev,23,Attacking Midfield,FC Midtjylland,loan transfer,in,Winter,NA,Liga Nos,2020,2020/2021
FC Famalicão,Heriberto Tavares,23,Left Winger,Stade Brest 29,loan transfer,in,Winter,NA,Liga Nos,2020,2020/2021
FC Famalicão,Diogo Figueiras,29,Right-Back,Braga,?,in,Winter,NA,Liga Nos,2020,2020/2021
FC Famalicão,Pêpê,23,Central Midfield,Olympiacos,loan transfer,in,Winter,NA,Liga Nos,2020,2020/2021
FC Famalicão,João Neto,17,Left Winger,Famalicão U23,-,in,Winter,0,Liga Nos,2020,2020/2021
FC Famalicão,Luiz Júnior,19,Goalkeeper,Famalicão U23,-,in,Winter,0,Liga Nos,2020,2020/2021
FC Famalicão,Rúben Lameiras,26,Right Winger,Vit. Guimarães,?,out,Winter,NA,Liga Nos,2020,2020/2021
FC Famalicão,Guga,23,Central Midfield,Rio Ave FC,?,out,Winter,NA,Liga Nos,2020,2020/2021
FC Famalicão,Rubén Del Campo,20,Centre-Forward,CD Numancia,loan transfer,out,Winter,NA,Liga Nos,2020,2020/2021
FC Famalicão,Marcello Trotta,28,Centre-Forward,Frosinone,"End of loanJan 22, 2021",out,Winter,0,Liga Nos,2020,2020/2021
FC Famalicão,Dyego Sousa,31,Centre-Forward,SZ FC,"End of loanJan 1, 2021",out,Winter,0,Liga Nos,2020,2020/2021
SC Farense,Hugo Vieira,32,Centre-Forward,H. C. Sapporo,free transfer,in,Winter,NA,Liga Nos,2020,2020/2021
SC Farense,Tomás Tavares,19,Right-Back,Benfica,loan transfer,in,Winter,NA,Liga Nos,2020,2020/2021
SC Farense,André Pinto,31,Centre-Back,Without Club,-,in,Winter,0,Liga Nos,2020,2020/2021
SC Farense,Licá,32,Left Winger,Without Club,-,in,Winter,0,Liga Nos,2020,2020/2021
SC Farense,Mihlali Mayambela,24,Right Winger,Coimbra,loan transfer,out,Winter,NA,Liga Nos,2020,2020/2021
SC Farense,Patrick,27,Centre-Forward,Varzim,?,out,Winter,NA,Liga Nos,2020,2020/2021
Gil Vicente FC,Paulinho,29,Right-Back,AEK Athens,free transfer,in,Winter,NA,Liga Nos,2020,2020/2021
Gil Vicente FC,Pedrinho,28,Attacking Midfield,Riga,?,in,Winter,NA,Liga Nos,2020,2020/2021
Gil Vicente FC,Pedro Marques,22,Centre-Forward,Sporting B,loan transfer,in,Winter,NA,Liga Nos,2020,2020/2021
Gil Vicente FC,Edwin Banguera,24,Left-Back,Covilhã,-,in,Winter,0,Liga Nos,2020,2020/2021
Gil Vicente FC,Quentin Beunardeau,26,Goalkeeper,Without Club,-,in,Winter,0,Liga Nos,2020,2020/2021
Gil Vicente FC,Tim Hall,23,Centre-Back,Wisla Kraków,free transfer,out,Winter,NA,Liga Nos,2020,2020/2021
Gil Vicente FC,Ahmed Isaiah,25,Second Striker,Varzim,loan transfer,out,Winter,NA,Liga Nos,2020,2020/2021
Gil Vicente FC,Juan Villa,21,Attacking Midfield,Berço,loan transfer,out,Winter,NA,Liga Nos,2020,2020/2021
Gil Vicente FC,Daniel Fuzato,23,Goalkeeper,AS Roma,"End of loanJan 4, 2021",out,Winter,0,Liga Nos,2020,2020/2021
Gil Vicente FC,Renan Oliveira,23,Centre-Forward,PFK Lviv,"End of loanJan 15, 2021",out,Winter,0,Liga Nos,2020,2020/2021
CS Marítimo,Stefano Beltrame,27,Attacking Midfield,CSKA-Sofia,free transfer,in,Winter,NA,Liga Nos,2020,2020/2021
CS Marítimo,Sassá,27,Centre-Forward,Cruzeiro,loan transfer,in,Winter,NA,Liga Nos,2020,2020/2021
CS Marítimo,Andreas Karo,24,Centre-Back,Lazio,?,in,Winter,NA,Liga Nos,2020,2020/2021
CS Marítimo,Tim Söderström,27,Left-Back,Hammarby,?,in,Winter,NA,Liga Nos,2020,2020/2021
CS Marítimo,Léo Andrade,22,Centre-Back,Marítimo U23,-,in,Winter,0,Liga Nos,2020,2020/2021
CS Marítimo,Marcelinho,24,Second Striker,Vizela,loan transfer,out,Winter,NA,Liga Nos,2020,2020/2021
CS Marítimo,Dejan Kerkez,25,Centre-Back,Mafra,loan transfer,out,Winter,NA,Liga Nos,2020,2020/2021
Moreirense FC,Abdoulaye Ba,30,Centre-Back,Dinamo,free transfer,in,Winter,NA,Liga Nos,2020,2020/2021
Moreirense FC,David Simão,30,Central Midfield,AEK Athens,loan transfer,in,Winter,NA,Liga Nos,2020,2020/2021
Moreirense FC,Rafael Martins,31,Centre-Forward,ZJ E. Greentown,?,in,Winter,NA,Liga Nos,2020,2020/2021
Moreirense FC,David Tavares,21,Attacking Midfield,Benfica B,"End of loanJan 31, 2021",out,Winter,0,Liga Nos,2020,2020/2021
CD Nacional,Pedro Mendes,21,Centre-Forward,Sporting CP,loan transfer,in,Winter,NA,Liga Nos,2020,2020/2021
CD Nacional,Dudu,21,Centre-Forward,Marinhense,?,in,Winter,NA,Liga Nos,2020,2020/2021
CD Nacional,Marco Matias,31,Right Winger,Without Club,-,in,Winter,0,Liga Nos,2020,2020/2021
CD Nacional,Éber Bessa,28,Left Midfield,Botafogo,-,in,Winter,0,Liga Nos,2020,2020/2021
CD Nacional,Aleksandar Palocevic,27,Attacking Midfield,Pohang Steelers,"End of loanDec 20, 2020",in,Winter,0,Liga Nos,2020,2020/2021
CD Nacional,Aleksandar Palocevic,27,Attacking Midfield,FC Seoul,£900Th.,out,Winter,0.9,Liga Nos,2020,2020/2021
CD Nacional,Giorgi Arabidze,22,Right Winger,Rotor Volgograd,loan transfer,out,Winter,NA,Liga Nos,2020,2020/2021
FC Paços de Ferreira,Stephen Eustáquio,24,Defensive Midfield,CD Cruz Azul,£2.25m,in,Winter,2.25,Liga Nos,2020,2020/2021
FC Paços de Ferreira,Cristian Parano,21,Attacking Midfield,San Antonio FC,free transfer,in,Winter,NA,Liga Nos,2020,2020/2021
FC Paços de Ferreira,Pedro Rebocho,25,Left-Back,Guingamp,loan transfer,in,Winter,NA,Liga Nos,2020,2020/2021
FC Paços de Ferreira,Oleg Reabciuk,22,Left-Back,Olympiacos,£1.80m,out,Winter,1.8,Liga Nos,2020,2020/2021
FC Paços de Ferreira,Simão Rocha,20,Left-Back,Real SC,loan transfer,out,Winter,NA,Liga Nos,2020,2020/2021
FC Paços de Ferreira,Pedro Martelo,21,Centre-Forward,CD Badajoz,loan transfer,out,Winter,NA,Liga Nos,2020,2020/2021
FC Paços de Ferreira,Paul Ayongo,24,Centre-Forward,Académico Viseu,?,out,Winter,NA,Liga Nos,2020,2020/2021
FC Paços de Ferreira,Simão Bertelli,27,Goalkeeper,Operário-PR,"End of loanJan 28, 2021",out,Winter,0,Liga Nos,2020,2020/2021
FC Paços de Ferreira,Stephen Eustáquio,24,Defensive Midfield,CD Cruz Azul,"End of loanJan 28, 2021",out,Winter,0,Liga Nos,2020,2020/2021
FC Paços de Ferreira,Bernardo Martins,23,Left Winger,Covilhã,loan transfer,out,Winter,NA,Liga Nos,2020,2020/2021
FC Porto,Ewerton,28,Central Midfield,Urawa Reds,"End of loanDec 31, 2020",in,Winter,0,Liga Nos,2020,2020/2021
FC Porto,Ewerton,28,Central Midfield,Portimonense,loan transfer,out,Winter,NA,Liga Nos,2020,2020/2021
FC Porto,Shoya Nakajima,26,Left Midfield,Al-Ain FC,loan transfer,out,Winter,NA,Liga Nos,2020,2020/2021
Rio Ave FC,Guga,23,Central Midfield,Famalicão,?,in,Winter,NA,Liga Nos,2020,2020/2021
Rio Ave FC,Anderson Cruz,24,Left Winger,Bolívar,?,in,Winter,NA,Liga Nos,2020,2020/2021
Rio Ave FC,Rafael Camacho,20,Right Winger,Sporting CP,loan transfer,in,Winter,NA,Liga Nos,2020,2020/2021
Rio Ave FC,Savio,25,Left-Back,Ferroviária,?,in,Winter,NA,Liga Nos,2020,2020/2021
Rio Ave FC,Junior Brandão,26,Centre-Forward,Ludogorets,loan transfer,in,Winter,NA,Liga Nos,2020,2020/2021
Rio Ave FC,Diego Lopes,26,Attacking Midfield,LC Sailors,£1.62m,out,Winter,1.62,Liga Nos,2020,2020/2021
Rio Ave FC,Bruno Moreira,33,Centre-Forward,Portimonense,?,out,Winter,NA,Liga Nos,2020,2020/2021
Rio Ave FC,Matheus Reis,25,Left-Back,Sporting CP,loan transfer,out,Winter,NA,Liga Nos,2020,2020/2021
Rio Ave FC,Lucas Piazon,26,Left Winger,Chelsea,"End of loanJan 13, 2021",out,Winter,0,Liga Nos,2020,2020/2021
CD Santa Clara,Hidemasa Morita,25,Defensive Midfield,Kawasaki Front.,free transfer,in,Winter,NA,Liga Nos,2020,2020/2021
CD Santa Clara,Rúben Oliveira,26,Attacking Midfield,Without Club,free transfer,in,Winter,NA,Liga Nos,2020,2020/2021
CD Santa Clara,Rui Costa,24,Centre-Forward,Dep. La Coruña,free transfer,in,Winter,NA,Liga Nos,2020,2020/2021
CD Santa Clara,Allano,25,Right Winger,Estoril Praia,?,in,Winter,NA,Liga Nos,2020,2020/2021
CD Santa Clara,Patrick,29,Right-Back,Coritiba FC,"End of loanDec 31, 2020",in,Winter,0,Liga Nos,2020,2020/2021
CD Santa Clara,Thiago,27,Centre-Forward,Shimizu S-Pulse,£1.80m,out,Winter,1.8,Liga Nos,2020,2020/2021
CD Santa Clara,Malick Evouna,27,Centre-Forward,CS Sfaxien,free transfer,out,Winter,NA,Liga Nos,2020,2020/2021
CD Santa Clara,Osama Rashid,29,Central Midfield,Gaziantep FK,?,out,Winter,NA,Liga Nos,2020,2020/2021
CD Santa Clara,André Mesquita,23,Right Winger,Mafra,loan transfer,out,Winter,NA,Liga Nos,2020,2020/2021
Sporting CP,Paulinho,28,Centre-Forward,Braga,£14.40m,in,Winter,14.4,Liga Nos,2020,2020/2021
Sporting CP,João Pereira,36,Right-Back,Trabzonspor,free transfer,in,Winter,NA,Liga Nos,2020,2020/2021
Sporting CP,Matheus Reis,25,Left-Back,Rio Ave FC,loan transfer,in,Winter,NA,Liga Nos,2020,2020/2021
Sporting CP,Carlos Jatoba,25,Central Midfield,CRB,"End of loanJan 31, 2021",in,Winter,0,Liga Nos,2020,2020/2021
Sporting CP,Pedro Mendes,21,Centre-Forward,UD Almería,"End of loanJan 31, 2021",in,Winter,0,Liga Nos,2020,2020/2021
Sporting CP,Abdoulay Diaby,29,Right Winger,Getafe,"End of loanJan 17, 2021",in,Winter,0,Liga Nos,2020,2020/2021
Sporting CP,Cristian Borja,27,Left-Back,Braga,£2.70m,out,Winter,2.7,Liga Nos,2020,2020/2021
Sporting CP,Tiago Ilori,27,Centre-Back,FC Lorient,loan transfer,out,Winter,NA,Liga Nos,2020,2020/2021
Sporting CP,Abdoulay Diaby,29,Right Winger,RSC Anderlecht,loan transfer,out,Winter,NA,Liga Nos,2020,2020/2021
Sporting CP,Pedro Mendes,21,Centre-Forward,Nacional,loan transfer,out,Winter,NA,Liga Nos,2020,2020/2021
Sporting CP,Rafael Camacho,20,Right Winger,Rio Ave FC,loan transfer,out,Winter,NA,Liga Nos,2020,2020/2021
Sporting CP,Andraz Sporar,26,Centre-Forward,Braga,loan transfer,out,Winter,NA,Liga Nos,2020,2020/2021
Sporting CP,Carlos Jatoba,25,Central Midfield,Sporting B,-,out,Winter,0,Liga Nos,2020,2020/2021
CD Tondela,Roberto Olabe,24,Central Midfield,SD Eibar,loan transfer,in,Winter,NA,Liga Nos,2020,2020/2021
CD Tondela,Rubilio Castillo,29,Centre-Forward,CD Motagua,"End of loanDec 31, 2020",in,Winter,0,Liga Nos,2020,2020/2021
CD Tondela,Rubilio Castillo,29,Centre-Forward,Royal Pari,?,out,Winter,NA,Liga Nos,2020,2020/2021
CD Tondela,Rúben Fonseca,20,Centre-Forward,Salgueiros,loan transfer,out,Winter,NA,Liga Nos,2020,2020/2021
CD Tondela,João Mendes,26,Attacking Midfield,Estoril Praia,loan transfer,out,Winter,NA,Liga Nos,2020,2020/2021
Vitória Guimarães SC,Rúben Lameiras,26,Right Winger,Famalicão,?,in,Winter,NA,Liga Nos,2020,2020/2021
Vitória Guimarães SC,Alexandre Guedes,26,Centre-Forward,Vegalta Sendai,"End of loanJan 2, 2021",in,Winter,0,Liga Nos,2020,2020/2021
Vitória Guimarães SC,Alexandre Guedes,26,Centre-Forward,Famalicão,?,out,Winter,NA,Liga Nos,2020,2020/2021
Vitória Guimarães SC,Denis Will Poha,23,Central Midfield,Portimonense,loan transfer,out,Winter,NA,Liga Nos,2020,2020/2021
Vitória Guimarães SC,Matheus Mascarenhas,23,Left-Back,Fluminense,"End of loanDec 31, 2021",out,Winter,0,Liga Nos,2020,2020/2021
Portimonense SC,Kosuke Nakamura,25,Goalkeeper,Kashiwa Reysol,free transfer,in,Winter,NA,Liga Nos,2020,2020/2021
Portimonense SC,Jafar Salmani,23,Left Winger,Sanat Naft,?,in,Winter,NA,Liga Nos,2020,2020/2021
Portimonense SC,Seung-woo Lee,23,Left Winger,Sint-Truiden,loan transfer,in,Winter,NA,Liga Nos,2020,2020/2021
Portimonense SC,Denis Will Poha,23,Central Midfield,Vit. Guimarães,loan transfer,in,Winter,NA,Liga Nos,2020,2020/2021
Portimonense SC,Ewerton,28,Central Midfield,FC Porto,loan transfer,in,Winter,NA,Liga Nos,2020,2020/2021
Portimonense SC,Bruno Moreira,33,Centre-Forward,Rio Ave FC,?,in,Winter,NA,Liga Nos,2020,2020/2021
Portimonense SC,Jadson,29,Centre-Back,Vasco da Gama,"End of loanJan 14, 2021",in,Winter,0,Liga Nos,2020,2020/2021
Portimonense SC,Iury,25,Centre-Forward,Reno. Yamaguchi,"End of loanDec 31, 2020",in,Winter,0,Liga Nos,2020,2020/2021
Portimonense SC,Ruster,24,Left Midfield,Londrina-PR,"End of loanDec 31, 2020",in,Winter,0,Liga Nos,2020,2020/2021
Portimonense SC,Guilherme Lazaroni,28,Left-Back,Ponte Preta,"End of loanJan 31, 2021",in,Winter,0,Liga Nos,2020,2020/2021
Portimonense SC,Shuichi Gonda,31,Goalkeeper,Shimizu S-Pulse,Loan fee:£900Th.,out,Winter,0.9,Liga Nos,2020,2020/2021
Portimonense SC,Welinton Junior,27,Right Winger,Shonan Bellmare,Loan fee:£900Th.,out,Winter,0.9,Liga Nos,2020,2020/2021
Portimonense SC,Jadson,29,Centre-Back,Vasco da Gama,loan transfer,out,Winter,NA,Liga Nos,2020,2020/2021
Portimonense SC,Safawi Rasid,23,Right Winger,Johor DT,"End of loanJan 1, 2021",out,Winter,0,Liga Nos,2020,2020/2021
Portimonense SC,Ruster,24,Left Midfield,Without Club,-,out,Winter,0,Liga Nos,2020,2020/2021
Portimonense SC,Iury,25,Centre-Forward,Without Club,-,out,Winter,0,Liga Nos,2020,2020/2021
