club_name,player_name,age,position,club_involved_name,fee,transfer_movement,transfer_period,fee_cleaned,league_name,year,season
FC Internazionale,Cristian Chivu,26,Centre-Back,AS Roma,£14.40m,in,Summer,14.4,Serie A,2007,2007/2008
FC Internazionale,David Suazo,27,Centre-Forward,Cagliari Calcio,£11.70m,in,Summer,11.7,Serie A,2007,2007/2008
FC Internazionale,Nelson Rivas,24,Centre-Back,River Plate,£6.75m,in,Summer,6.75,Serie A,2007,2007/2008
FC Internazionale,Pelé,19,Central Midfield,Vit. Guimarães,£1.80m,in,Summer,1.8,Serie A,2007,2007/2008
FC Internazionale,Enrico Alfonso,19,Goalkeeper,Chievo Verona,£1.17m,in,Summer,1.17,Serie A,2007,2007/2008
FC Internazionale,Luis Jiménez,23,Attacking Midfield,Ternana,Loan fee:£900Th.,in,Summer,0.9,Serie A,2007,2007/2008
FC Internazionale,Gianluca Litteri,19,Centre-Forward,Treviso,?,in,Summer,NA,Serie A,2007,2007/2008
FC Internazionale,Robert Acquafresca,19,Centre-Forward,Treviso,?,in,Summer,NA,Serie A,2007,2007/2008
FC Internazionale,Francesco Bolzoni,18,Central Midfield,Inter U19,-,in,Summer,0,Serie A,2007,2007/2008
FC Internazionale,Mario Balotelli,16,Centre-Forward,Inter U19,-,in,Summer,0,Serie A,2007,2007/2008
FC Internazionale,Simone Fautario,20,Left-Back,Inter U19,-,in,Summer,0,Serie A,2007,2007/2008
FC Internazionale,Attila Filkor,18,Central Midfield,Inter U19,-,in,Summer,0,Serie A,2007,2007/2008
FC Internazionale,Fabio Grosso,29,Left-Back,Olympique Lyon,£7.83m,out,Summer,7.83,Serie A,2007,2007/2008
FC Internazionale,Marco Andreolli,21,Centre-Back,AS Roma,£4.95m,out,Summer,4.95,Serie A,2007,2007/2008
FC Internazionale,Fabián Carini,27,Goalkeeper,Real Murcia,Free transfer,out,Summer,0,Serie A,2007,2007/2008
FC Internazionale,Ianis Zicu,23,Attacking Midfield,Dinamo Bucarest,Free transfer,out,Summer,0,Serie A,2007,2007/2008
FC Internazionale,Daniel Maa Boumsong,20,Defensive Midfield,Treviso,Free transfer,out,Summer,0,Serie A,2007,2007/2008
FC Internazionale,Tijani Belaid,19,Attacking Midfield,Slavia Prague,Loan fee:£36Th.,out,Summer,0.036,Serie A,2007,2007/2008
FC Internazionale,Leonardo Bonucci,20,Centre-Back,Treviso,Loan,out,Summer,0,Serie A,2007,2007/2008
FC Internazionale,Simone Fautario,20,Left-Back,Pro Sesto,Loan,out,Summer,0,Serie A,2007,2007/2008
FC Internazionale,Abdoulaye Diarra,20,Left Midfield,Cagliari Calcio,?,out,Summer,NA,Serie A,2007,2007/2008
FC Internazionale,Álvaro Recoba,31,Second Striker,Torino,Loan,out,Summer,0,Serie A,2007,2007/2008
FC Internazionale,Jonathan Biabiany,19,Right Winger,Chievo Verona,Loan,out,Summer,0,Serie A,2007,2007/2008
FC Internazionale,Robert Acquafresca,19,Centre-Forward,Cagliari Calcio,Loan,out,Summer,0,Serie A,2007,2007/2008
FC Internazionale,Matteo Lombardo,22,Left Midfield,Portosummaga,Loan,out,Summer,0,Serie A,2007,2007/2008
FC Internazionale,Fabrizio Biava,23,Midfielder,AS Pizzighettone,Loan,out,Summer,0,Serie A,2007,2007/2008
FC Internazionale,Domenico Germinale,20,Centre-Forward,Cittadella,Loan,out,Summer,0,Serie A,2007,2007/2008
FC Internazionale,Giacomo Bindi,20,Goalkeeper,Sambenedettese,Loan,out,Summer,0,Serie A,2007,2007/2008
FC Internazionale,Luca Ceccarelli,24,Centre-Back,Spezia,Loan,out,Summer,0,Serie A,2007,2007/2008
FC Internazionale,Mattia Altobelli,23,Attacking Midfield,Lecco,?,out,Summer,NA,Serie A,2007,2007/2008
FC Internazionale,Nicola Beati,24,Defensive Midfield,Arezzo,?,out,Summer,NA,Serie A,2007,2007/2008
FC Internazionale,Francesco Coco,30,Left-Back,Retired,-,out,Summer,0,Serie A,2007,2007/2008
FC Internazionale,Mariano González,26,Right Midfield,US Palermo,"End of loanJun 30, 2007",out,Summer,0,Serie A,2007,2007/2008
AS Roma,Mirko Vucinic,23,Second Striker,Lecce,£14.18m,in,Summer,14.18,Serie A,2007,2007/2008
AS Roma,Cicinho,27,Right-Back,Real Madrid,£9.90m,in,Summer,9.9,Serie A,2007,2007/2008
AS Roma,Juan,28,Centre-Back,Bay. Leverkusen,£5.67m,in,Summer,5.67,Serie A,2007,2007/2008
AS Roma,Marco Andreolli,21,Centre-Back,Inter,£4.95m,in,Summer,4.95,Serie A,2007,2007/2008
AS Roma,Ludovic Giuly,30,Right Winger,FC Barcelona,£4.05m,in,Summer,4.05,Serie A,2007,2007/2008
AS Roma,Mauro Esposito,28,Right Winger,Cagliari Calcio,£3.60m,in,Summer,3.6,Serie A,2007,2007/2008
AS Roma,Ahmed Barusso,22,Defensive Midfield,Rimini,£3.15m,in,Summer,3.15,Serie A,2007,2007/2008
AS Roma,Vitorino Antunes,20,Left-Back,Paços Ferreira,Loan fee:£270Th.,in,Summer,0.27,Serie A,2007,2007/2008
AS Roma,Keivan Zarineh,22,Centre-Forward,Rieti,Free transfer,in,Summer,0,Serie A,2007,2007/2008
AS Roma,Adrian Pit,23,Left Midfield,AC Bellinzona,Free transfer,in,Summer,0,Serie A,2007,2007/2008
AS Roma,Andrea Giacomini,20,Left Midfield,Roma U19,-,in,Summer,0,Serie A,2007,2007/2008
AS Roma,Cristian Chivu,26,Centre-Back,Inter,£14.40m,out,Summer,14.4,Serie A,2007,2007/2008
AS Roma,Daniele Galloppa,22,Central Midfield,Siena,£3.56m,out,Summer,3.56,Serie A,2007,2007/2008
AS Roma,Shabani Nonda,30,Centre-Forward,Galatasaray,£1.17m,out,Summer,1.17,Serie A,2007,2007/2008
AS Roma,Ricardo Faty,20,Defensive Midfield,Bay. Leverkusen,Loan fee:£540Th.,out,Summer,0.54,Serie A,2007,2007/2008
AS Roma,Leandro Greco,20,Central Midfield,Hellas Verona,£270Th.,out,Summer,0.27,Serie A,2007,2007/2008
AS Roma,Gianluca Galasso,23,Right-Back,Bari,£180Th.,out,Summer,0.18,Serie A,2007,2007/2008
AS Roma,Aleandro Rosi,20,Right-Back,Chievo Verona,Loan fee:£149Th.,out,Summer,0.149,Serie A,2007,2007/2008
AS Roma,Pietro Pipolo,21,Goalkeeper,Potenza SC,Loan,out,Summer,0,Serie A,2007,2007/2008
AS Roma,Andrea Giacomini,20,Left Midfield,Vicenza,Loan,out,Summer,0,Serie A,2007,2007/2008
AS Roma,Valerio Virga,21,Right-Back,Grosseto,Loan,out,Summer,0,Serie A,2007,2007/2008
AS Roma,Paolo Seppani,20,Centre-Back,Val di Sangro,Loan,out,Summer,0,Serie A,2007,2007/2008
AS Roma,Adewale Dauda Wahab,22,Central Midfield,AC Bellinzona,?,out,Summer,NA,Serie A,2007,2007/2008
AS Roma,Stefano Okaka,17,Centre-Forward,Modena,Loan,out,Summer,0,Serie A,2007,2007/2008
AS Roma,Keivan Zarineh,22,Centre-Forward,Cisco Roma,Loan,out,Summer,0,Serie A,2007,2007/2008
AS Roma,Vincenzo Montella,33,Centre-Forward,Sampdoria,Loan,out,Summer,0,Serie A,2007,2007/2008
AS Roma,Daniele Magliocchetti,21,Centre-Back,Cagliari Calcio,Loan,out,Summer,0,Serie A,2007,2007/2008
AS Roma,Édgar Álvarez,27,Right Midfield,AS Livorno,Loan,out,Summer,0,Serie A,2007,2007/2008
AS Roma,Alessio Cerci,19,Right Winger,AC Pisa,Loan,out,Summer,0,Serie A,2007,2007/2008
AS Roma,Mirko Vucinic,23,Second Striker,Lecce,"End of loanJun 30, 2007",out,Summer,0,Serie A,2007,2007/2008
AS Roma,Rodrigo Defendi,21,Centre-Back,Spurs,"End of loanJun 30, 2007",out,Summer,0,Serie A,2007,2007/2008
AS Roma,Gilberto Martínez,27,Centre-Back,Brescia,"End of loanJun 30, 2007",out,Summer,0,Serie A,2007,2007/2008
AS Roma,Francesco Tavano,28,Centre-Forward,Valencia,"End of loanJun 30, 2007",out,Summer,0,Serie A,2007,2007/2008
AS Roma,Christian Wilhelmsson,27,Right Winger,FC Nantes,"End of loanJun 30, 2007",out,Summer,0,Serie A,2007,2007/2008
AC Milan,Alexandre Pato,17,Centre-Forward,Internacional,£21.60m,in,Summer,21.6,Serie A,2007,2007/2008
AC Milan,Émerson,31,Defensive Midfield,Real Madrid,£4.50m,in,Summer,4.5,Serie A,2007,2007/2008
AC Milan,Ibrahim Bá,33,Right Midfield,Without Club,-,in,Summer,0,Serie A,2007,2007/2008
AC Milan,William-Fils Aubameyang,20,Centre-Back,Milan U19,-,in,Summer,0,Serie A,2007,2007/2008
AC Milan,Matteo Darmian,17,Right-Back,Milan U19,-,in,Summer,0,Serie A,2007,2007/2008
AC Milan,Marcus Diniz,19,Centre-Back,Milan U19,-,in,Summer,0,Serie A,2007,2007/2008
AC Milan,Massimo Donati,26,Defensive Midfield,Celtic,£4.05m,out,Summer,4.05,Serie A,2007,2007/2008
AC Milan,Alessandro Matri,22,Centre-Forward,Cagliari Calcio,£2.07m,out,Summer,2.07,Serie A,2007,2007/2008
AC Milan,Ricardo Oliveira,27,Centre-Forward,Real Zaragoza,Loan fee:£1.80m,out,Summer,1.8,Serie A,2007,2007/2008
AC Milan,Marco Borriello,25,Centre-Forward,Genoa,£1.62m,out,Summer,1.62,Serie A,2007,2007/2008
AC Milan,Christian Abbiati,29,Goalkeeper,Atlético Madrid,Loan fee:£450Th.,out,Summer,0.45,Serie A,2007,2007/2008
AC Milan,Davide Di Gennaro,19,Defensive Midfield,Bologna,Loan fee:£270Th.,out,Summer,0.27,Serie A,2007,2007/2008
AC Milan,Marco Storari,30,Goalkeeper,Levante,Loan,out,Summer,0,Serie A,2007,2007/2008
AC Milan,Leandro Grimi,22,Left-Back,Siena,Loan,out,Summer,0,Serie A,2007,2007/2008
AC Milan,Sandro Bloudek,21,Attacking Midfield,Lecco,Loan,out,Summer,0,Serie A,2007,2007/2008
AC Milan,Marcus Diniz,20,Centre-Back,Monza,Loan,out,Summer,0,Serie A,2007,2007/2008
AC Milan,Davide Astori,20,Centre-Back,Cremonese,Loan,out,Summer,0,Serie A,2007,2007/2008
AC Milan,Ignazio Abate,20,Right-Back,FC Empoli,Loan,out,Summer,0,Serie A,2007,2007/2008
AC Milan,Luca Antonelli,20,Left-Back,Bari,Loan,out,Summer,0,Serie A,2007,2007/2008
AC Milan,Romano Perticone,20,Centre-Back,Cremonese,Loan,out,Summer,0,Serie A,2007,2007/2008
AC Milan,Ferdinando Coppola,29,Goalkeeper,Atalanta,Loan,out,Summer,0,Serie A,2007,2007/2008
AC Milan,Paolo Sammarco,24,Central Midfield,Sampdoria,Loan,out,Summer,0,Serie A,2007,2007/2008
AC Milan,Giuseppe Ticli,28,Left Midfield,Without Club,-,out,Summer,0,Serie A,2007,2007/2008
AC Milan,Alessandro Costacurta,41,Centre-Back,Retired,-,out,Summer,0,Serie A,2007,2007/2008
UC Sampdoria,Andrea Caracciolo,25,Centre-Forward,US Palermo,£3.83m,in,Summer,3.83,Serie A,2007,2007/2008
UC Sampdoria,Christian Maggio,25,Right-Back,Fiorentina,£3.11m,in,Summer,3.11,Serie A,2007,2007/2008
UC Sampdoria,Reto Ziegler,21,Centre-Back,Spurs,£1.80m,in,Summer,1.8,Serie A,2007,2007/2008
UC Sampdoria,Hugo Campagnaro,27,Centre-Back,Piacenza,£1.40m,in,Summer,1.4,Serie A,2007,2007/2008
UC Sampdoria,Daniele Gastaldello,24,Centre-Back,Juventus,£1.13m,in,Summer,1.13,Serie A,2007,2007/2008
UC Sampdoria,Stefano Lucchini,26,Centre-Back,FC Empoli,£450Th.,in,Summer,0.45,Serie A,2007,2007/2008
UC Sampdoria,Antonio Cassano,25,Second Striker,Real Madrid,Loan,in,Summer,0,Serie A,2007,2007/2008
UC Sampdoria,Ikechukwu Kalu,23,Centre-Forward,FC Chiasso,Free transfer,in,Summer,0,Serie A,2007,2007/2008
UC Sampdoria,Antonio Mirante,23,Goalkeeper,Juventus,Loan,in,Summer,0,Serie A,2007,2007/2008
UC Sampdoria,Claudio Bellucci,32,Centre-Forward,Bologna,Free transfer,in,Summer,0,Serie A,2007,2007/2008
UC Sampdoria,Paolo Sammarco,24,Central Midfield,AC Milan,Loan,in,Summer,0,Serie A,2007,2007/2008
UC Sampdoria,Massimo Volta,20,Centre-Back,AC Carpenedolo,?,in,Summer,NA,Serie A,2007,2007/2008
UC Sampdoria,Vincenzo Montella,33,Centre-Forward,AS Roma,Loan,in,Summer,0,Serie A,2007,2007/2008
UC Sampdoria,Jonathan Rossini,18,Centre-Back,Sampdoria U19,-,in,Summer,0,Serie A,2007,2007/2008
UC Sampdoria,Vincenzo Fiorillo,17,Goalkeeper,Sampdoria U19,-,in,Summer,0,Serie A,2007,2007/2008
UC Sampdoria,Paolo Castellazzi,19,Central Midfield,Sampdoria U19,-,in,Summer,0,Serie A,2007,2007/2008
UC Sampdoria,Fabio Quagliarella,24,Centre-Forward,Udinese,£6.57m,out,Summer,6.57,Serie A,2007,2007/2008
UC Sampdoria,Fabio Bazzani,30,Centre-Forward,Brescia,£1.62m,out,Summer,1.62,Serie A,2007,2007/2008
UC Sampdoria,Andrea Parola,28,Defensive Midfield,Cagliari Calcio,£1.08m,out,Summer,1.08,Serie A,2007,2007/2008
UC Sampdoria,Luca Antonini,24,Left-Back,FC Empoli,£900Th.,out,Summer,0.9,Serie A,2007,2007/2008
UC Sampdoria,Giulio Falcone,33,Centre-Back,Parma,Free transfer,out,Summer,0,Serie A,2007,2007/2008
UC Sampdoria,Gianluca Berti,40,Goalkeeper,Cesena,Free transfer,out,Summer,0,Serie A,2007,2007/2008
UC Sampdoria,Paolo Castellazzi,20,Central Midfield,Pro Patria,Loan,out,Summer,0,Serie A,2007,2007/2008
UC Sampdoria,Massimo Bonanni,25,Left Midfield,Bari,Loan,out,Summer,0,Serie A,2007,2007/2008
UC Sampdoria,Bidre'ce Azor,19,Forward,Teramo,?,out,Summer,NA,Serie A,2007,2007/2008
UC Sampdoria,Fabrizio Cacciatore,20,Right-Back,Foligno,Loan,out,Summer,0,Serie A,2007,2007/2008
UC Sampdoria,Francesco Virdis,22,Centre-Forward,Ravenna,Loan,out,Summer,0,Serie A,2007,2007/2008
UC Sampdoria,Danilo Soddimo,19,Left Midfield,Sambenedettese,Loan,out,Summer,0,Serie A,2007,2007/2008
UC Sampdoria,Saidi Oluseyi Adeshokan,22,Centre-Forward,Olginatese,?,out,Summer,NA,Serie A,2007,2007/2008
UC Sampdoria,Daniele Padelli,21,Goalkeeper,AC Pisa,Loan,out,Summer,0,Serie A,2007,2007/2008
UC Sampdoria,Alessandro Romeo,20,Centre-Forward,Legnano,Loan,out,Summer,0,Serie A,2007,2007/2008
UC Sampdoria,Christian Terlizzi,27,Centre-Back,Catania,?,out,Summer,NA,Serie A,2007,2007/2008
UC Sampdoria,Ivan Zivanovic,25,Centre-Back,Without Club,-,out,Summer,0,Serie A,2007,2007/2008
UC Sampdoria,Al-Saadi Al Gaddafi,34,Attacking Midfield,Retired,-,out,Summer,0,Serie A,2007,2007/2008
UC Sampdoria,Rubén Olivera,24,Central Midfield,Juventus,"End of loanJun 30, 2007",out,Summer,0,Serie A,2007,2007/2008
UC Sampdoria,Carlo Zotti,24,Goalkeeper,AS Roma,"End of loanJun 30, 2007",out,Summer,0,Serie A,2007,2007/2008
UC Sampdoria,Reto Ziegler,21,Centre-Back,Spurs,"End of loanJun 30, 2007",out,Summer,0,Serie A,2007,2007/2008
UC Sampdoria,Christian Maggio,25,Right-Back,Fiorentina,"End of loanJun 30, 2007",out,Summer,0,Serie A,2007,2007/2008
US Palermo,Boško Janković,23,Right Winger,RCD Mallorca,£7.20m,in,Summer,7.2,Serie A,2007,2007/2008
US Palermo,Giulio Migliaccio,26,Central Midfield,Atalanta,£4.50m,in,Summer,4.5,Serie A,2007,2007/2008
US Palermo,Fabrizio Miccoli,28,Centre-Forward,Juventus,£3.87m,in,Summer,3.87,Serie A,2007,2007/2008
US Palermo,Fabio Caserta,28,Central Midfield,Catania,£3.24m,in,Summer,3.24,Serie A,2007,2007/2008
US Palermo,Samir Ujkani,18,Goalkeeper,Anderlecht U19,Free transfer,in,Summer,0,Serie A,2007,2007/2008
US Palermo,Alberto Cossentino,18,Centre-Back,Palermo U19,-,in,Summer,0,Serie A,2007,2007/2008
US Palermo,Davis Curiale,19,Centre-Forward,Palermo U19,-,in,Summer,0,Serie A,2007,2007/2008
US Palermo,Andrea Caracciolo,25,Centre-Forward,Sampdoria,£3.83m,out,Summer,3.83,Serie A,2007,2007/2008
US Palermo,David Di Michele,31,Centre-Forward,Torino,£3.42m,out,Summer,3.42,Serie A,2007,2007/2008
US Palermo,Cesare Bovo,24,Centre-Back,Genoa,£2.57m,out,Summer,2.57,Serie A,2007,2007/2008
US Palermo,Radoslaw Matusiak,25,Centre-Forward,Heerenveen,£2.43m,out,Summer,2.43,Serie A,2007,2007/2008
US Palermo,Francesco Parravicini,25,Defensive Midfield,Parma,£1.35m,out,Summer,1.35,Serie A,2007,2007/2008
US Palermo,Mariano González,26,Right Midfield,FC Porto,Loan fee:£1.08m,out,Summer,1.08,Serie A,2007,2007/2008
US Palermo,Igor Budan,27,Centre-Forward,Parma,£990Th.,out,Summer,0.99,Serie A,2007,2007/2008
US Palermo,Davide Matteini,25,Left Winger,Parma,£810Th.,out,Summer,0.81,Serie A,2007,2007/2008
US Palermo,Andrea Bovo,21,Central Midfield,Padova,£383Th.,out,Summer,0.383,Serie A,2007,2007/2008
US Palermo,Gianni Munari,24,Central Midfield,Lecce,£270Th.,out,Summer,0.27,Serie A,2007,2007/2008
US Palermo,Paolo Dellafiore,22,Centre-Back,Torino,Loan fee:£90Th.,out,Summer,0.09,Serie A,2007,2007/2008
US Palermo,Nicola Ficano,20,Left-Back,Sambenedettese,Loan,out,Summer,0,Serie A,2007,2007/2008
US Palermo,Eugenio Corini,36,Defensive Midfield,Torino,Free transfer,out,Summer,0,Serie A,2007,2007/2008
US Palermo,Salvatore Sirigu,20,Goalkeeper,Cremonese,Loan,out,Summer,0,Serie A,2007,2007/2008
US Palermo,Pietro Tripoli,20,Left Winger,Varese,£450,out,Summer,NA,Serie A,2007,2007/2008
US Palermo,Pietro Balistreri,21,Centre-Forward,US Castelnuovo,Loan,out,Summer,0,Serie A,2007,2007/2008
US Palermo,Kewullay Conteh,29,Centre-Back,UC AlbinoLeffe,?,out,Summer,NA,Serie A,2007,2007/2008
US Palermo,Maurizio Ciaramitaro,25,Central Midfield,Chievo Verona,Loan,out,Summer,0,Serie A,2007,2007/2008
US Palermo,Guillermo Giacomazzi,29,Defensive Midfield,FC Empoli,?,out,Summer,NA,Serie A,2007,2007/2008
US Palermo,Davis Curiale,19,Centre-Forward,Sambenedettese,Loan,out,Summer,0,Serie A,2007,2007/2008
SSC Napoli,Ezequiel Lavezzi,22,Second Striker,San Lorenzo,£5.04m,in,Summer,5.04,Serie A,2007,2007/2008
SSC Napoli,Marek Hamsik,19,Central Midfield,Brescia,£4.95m,in,Summer,4.95,Serie A,2007,2007/2008
SSC Napoli,Manuele Blasi,26,Central Midfield,Juventus,£4.55m,in,Summer,4.55,Serie A,2007,2007/2008
SSC Napoli,Walter Gargano,23,Defensive Midfield,Danubio FC,£2.88m,in,Summer,2.88,Serie A,2007,2007/2008
SSC Napoli,Matteo Contini,27,Centre-Back,Parma,£2.88m,in,Summer,2.88,Serie A,2007,2007/2008
SSC Napoli,Marcelo Zalayeta,28,Centre-Forward,Juventus,£1.26m,in,Summer,1.26,Serie A,2007,2007/2008
SSC Napoli,Biagio Del Giudice,18,Goalkeeper,Napoli U19,-,in,Summer,0,Serie A,2007,2007/2008
SSC Napoli,Carmine Biagio Gatti,19,Goalkeeper,Napoli U19,-,in,Summer,0,Serie A,2007,2007/2008
SSC Napoli,Piá,25,Left Winger,Treviso,Loan fee:£360Th.,out,Summer,0.36,Serie A,2007,2007/2008
SSC Napoli,Tommaso Romito,25,Centre-Back,Pescara,£135Th.,out,Summer,0.135,Serie A,2007,2007/2008
SSC Napoli,David Giubilato,30,Centre-Back,Vicenza,Free transfer,out,Summer,0,Serie A,2007,2007/2008
SSC Napoli,Luigi Vitale,19,Left-Back,Virtus Lanciano,Loan,out,Summer,0,Serie A,2007,2007/2008
SSC Napoli,Antonio Saviano,23,Goalkeeper,Sansovino,?,out,Summer,NA,Serie A,2007,2007/2008
SSC Napoli,Giuseppe Marino,19,Goalkeeper,Unknown,?,out,Summer,NA,Serie A,2007,2007/2008
SSC Napoli,Nicolás Amodio,24,Defensive Midfield,Treviso,Loan,out,Summer,0,Serie A,2007,2007/2008
SSC Napoli,Cristian Bucchi,30,Centre-Forward,Siena,Loan,out,Summer,0,Serie A,2007,2007/2008
SSC Napoli,Luca Lacrimini,29,Left-Back,Ancona,?,out,Summer,NA,Serie A,2007,2007/2008
SSC Napoli,Gaetano Grieco,24,Centre-Forward,Cavese,Loan,out,Summer,0,Serie A,2007,2007/2008
SSC Napoli,Ivano Trotta,29,Right Midfield,Treviso,?,out,Summer,NA,Serie A,2007,2007/2008
SSC Napoli,Carmine Biagio Gatti,19,Goalkeeper,Pomigliano,Loan,out,Summer,0,Serie A,2007,2007/2008
Juventus FC,Tiago,26,Central Midfield,Olympique Lyon,£11.70m,in,Summer,11.7,Serie A,2007,2007/2008
Juventus FC,Vincenzo Iaquinta,27,Centre-Forward,Udinese,£10.17m,in,Summer,10.17,Serie A,2007,2007/2008
Juventus FC,Jorge Andrade,29,Centre-Back,Dep. La Coruña,£9.00m,in,Summer,9,Serie A,2007,2007/2008
Juventus FC,Sergio Almirón,26,Central Midfield,FC Empoli,£8.10m,in,Summer,8.1,Serie A,2007,2007/2008
Juventus FC,Domenico Criscito,20,Left-Back,Genoa,£6.75m,in,Summer,6.75,Serie A,2007,2007/2008
Juventus FC,Antonio Nocerino,22,Central Midfield,Piacenza,£3.33m,in,Summer,3.33,Serie A,2007,2007/2008
Juventus FC,Cristian Molinaro,23,Left-Back,Siena,£2.25m,in,Summer,2.25,Serie A,2007,2007/2008
Juventus FC,Daniele Gastaldello,24,Centre-Back,Siena,£585Th.,in,Summer,0.585,Serie A,2007,2007/2008
Juventus FC,Rey Volpato,21,Centre-Forward,FC Empoli,£360Th.,in,Summer,0.36,Serie A,2007,2007/2008
Juventus FC,Zdenek Grygera,27,Right-Back,Ajax,Free transfer,in,Summer,0,Serie A,2007,2007/2008
Juventus FC,Hasan Salihamidzic,30,Right Midfield,Bayern Munich,Free transfer,in,Summer,0,Serie A,2007,2007/2008
Juventus FC,Jess Kedwell Vanstrattan,24,Goalkeeper,Hellas Verona,Loan,in,Summer,0,Serie A,2007,2007/2008
Juventus FC,Stefano Di Berardino,21,Centre-Back,Juve Stabia,?,in,Summer,NA,Serie A,2007,2007/2008
Juventus FC,Emanuele Belardi,29,Goalkeeper,Reggina,?,in,Summer,NA,Serie A,2007,2007/2008
Juventus FC,Cristiano Novembre,20,Goalkeeper,AJ Fano,?,in,Summer,NA,Serie A,2007,2007/2008
Juventus FC,Andrea Pisani,20,Centre-Back,Juventus U19,-,in,Summer,0,Serie A,2007,2007/2008
Juventus FC,Andrea Torta,17,Centre-Back,Juventus U19,-,in,Summer,0,Serie A,2007,2007/2008
Juventus FC,Oussama Essabr,18,Centre-Forward,Juventus U19,-,in,Summer,0,Serie A,2007,2007/2008
Juventus FC,Manuele Blasi,26,Central Midfield,SSC Napoli,£4.55m,out,Summer,4.55,Serie A,2007,2007/2008
Juventus FC,Fabrizio Miccoli,28,Centre-Forward,US Palermo,£3.87m,out,Summer,3.87,Serie A,2007,2007/2008
Juventus FC,Federico Balzaretti,25,Left-Back,Fiorentina,£3.42m,out,Summer,3.42,Serie A,2007,2007/2008
Juventus FC,Matteo Paro,24,Central Midfield,Genoa,£3.15m,out,Summer,3.15,Serie A,2007,2007/2008
Juventus FC,Paolo De Ceglie,20,Left-Back,Siena,£3.15m,out,Summer,3.15,Serie A,2007,2007/2008
Juventus FC,Olivier Kapo,26,Attacking Midfield,Birmingham,£2.07m,out,Summer,2.07,Serie A,2007,2007/2008
Juventus FC,Francesco Volpe,21,Right Winger,AS Livorno,£1.84m,out,Summer,1.84,Serie A,2007,2007/2008
Juventus FC,Marcelo Zalayeta,28,Centre-Forward,SSC Napoli,£1.26m,out,Summer,1.26,Serie A,2007,2007/2008
Juventus FC,Michele Paolucci,21,Centre-Forward,Udinese,£1.22m,out,Summer,1.22,Serie A,2007,2007/2008
Juventus FC,Daniele Gastaldello,24,Centre-Back,Sampdoria,£1.13m,out,Summer,1.13,Serie A,2007,2007/2008
Juventus FC,Felice Piccolo,23,Centre-Back,FC Empoli,£360Th.,out,Summer,0.36,Serie A,2007,2007/2008
Juventus FC,Giuseppe Sculli,26,Left Winger,Genoa,£270Th.,out,Summer,0.27,Serie A,2007,2007/2008
Juventus FC,Douglas Packer,20,Attacking Midfield,Siena,£135Th.,out,Summer,0.135,Serie A,2007,2007/2008
Juventus FC,Claudio Marchisio,21,Central Midfield,FC Empoli,Loan fee:£68Th.,out,Summer,0.068,Serie A,2007,2007/2008
Juventus FC,Robert Kovac,33,Centre-Back,Bor. Dortmund,Free transfer,out,Summer,0,Serie A,2007,2007/2008
Juventus FC,Giuliano Giannichedda,32,Defensive Midfield,AS Livorno,Free transfer,out,Summer,0,Serie A,2007,2007/2008
Juventus FC,Alessio Tacchinardi,31,Defensive Midfield,Brescia,Free transfer,out,Summer,0,Serie A,2007,2007/2008
Juventus FC,Landry Bonnefoi,23,Goalkeeper,Dijon,Free transfer,out,Summer,0,Serie A,2007,2007/2008
Juventus FC,Antonio Mirante,23,Goalkeeper,Sampdoria,Loan,out,Summer,0,Serie A,2007,2007/2008
Juventus FC,Igor Tudor,29,Centre-Back,Hajduk Split,Free transfer,out,Summer,0,Serie A,2007,2007/2008
Juventus FC,Orlando Urbano,23,Centre-Back,Potenza SC,?,out,Summer,NA,Serie A,2007,2007/2008
Juventus FC,Sebastian Giovinco,20,Second Striker,FC Empoli,Loan,out,Summer,0,Serie A,2007,2007/2008
Juventus FC,Raffaele Bianco,19,Central Midfield,Piacenza,Loan,out,Summer,0,Serie A,2007,2007/2008
Juventus FC,Davide Lanzafame,20,Centre-Forward,Bari,Loan,out,Summer,0,Serie A,2007,2007/2008
Juventus FC,Dario Venitucci,20,Attacking Midfield,Treviso,Loan,out,Summer,0,Serie A,2007,2007/2008
Juventus FC,Claudio Scarzanella,21,Goalkeeper,Ternana,?,out,Summer,NA,Serie A,2007,2007/2008
Juventus FC,Alessandro Vono,19,Goalkeeper,Valenzana Mado,Loan,out,Summer,0,Serie A,2007,2007/2008
Juventus FC,Andrea Luci,22,Defensive Midfield,Ascoli,Loan,out,Summer,0,Serie A,2007,2007/2008
Juventus FC,Davide Chiumiento,22,Attacking Midfield,FC Luzern,?,out,Summer,NA,Serie A,2007,2007/2008
Juventus FC,Rey Volpato,20,Centre-Forward,FC Empoli,?,out,Summer,NA,Serie A,2007,2007/2008
Juventus FC,Andrea Pisani,20,Centre-Back,Pistoiese,Loan,out,Summer,0,Serie A,2007,2007/2008
Juventus FC,Andrea Torta,17,Centre-Back,AJ Fano,Loan,out,Summer,0,Serie A,2007,2007/2008
Juventus FC,Valeri Bojinov,21,Centre-Forward,Fiorentina,"End of loanJun 30, 2007",out,Summer,0,Serie A,2007,2007/2008
Juventus FC,Emanuele Belardi,29,Goalkeeper,Reggina,"End of loanJun 30, 2007",out,Summer,0,Serie A,2007,2007/2008
FC Empoli,Luca Antonini,24,Left-Back,Sampdoria,£900Th.,in,Summer,0.9,Serie A,2007,2007/2008
FC Empoli,Felice Piccolo,23,Centre-Back,Juventus,£360Th.,in,Summer,0.36,Serie A,2007,2007/2008
FC Empoli,Claudio Marchisio,21,Central Midfield,Juventus,Loan fee:£68Th.,in,Summer,0.068,Serie A,2007,2007/2008
FC Empoli,Felice Prevete,20,Centre-Back,Cavese,Free transfer,in,Summer,0,Serie A,2007,2007/2008
FC Empoli,Rey Volpato,20,Centre-Forward,Juventus,?,in,Summer,NA,Serie A,2007,2007/2008
FC Empoli,Sebastian Giovinco,20,Second Striker,Juventus,Loan,in,Summer,0,Serie A,2007,2007/2008
FC Empoli,Guillermo Giacomazzi,29,Defensive Midfield,US Palermo,?,in,Summer,NA,Serie A,2007,2007/2008
FC Empoli,Ignazio Abate,20,Right-Back,AC Milan,Loan,in,Summer,0,Serie A,2007,2007/2008
FC Empoli,Pietro Arcidiacono,19,Left Winger,Empoli U19,-,in,Summer,0,Serie A,2007,2007/2008
FC Empoli,Sergio Almirón,26,Central Midfield,Juventus,£8.10m,out,Summer,8.1,Serie A,2007,2007/2008
FC Empoli,Stefano Lucchini,26,Centre-Back,Sampdoria,£450Th.,out,Summer,0.45,Serie A,2007,2007/2008
FC Empoli,Rey Volpato,21,Centre-Forward,Juventus,£360Th.,out,Summer,0.36,Serie A,2007,2007/2008
FC Empoli,Ivano Baldanzeddu,21,Right-Back,Avellino,Free transfer,out,Summer,0,Serie A,2007,2007/2008
FC Empoli,Claudio Coralli,24,Centre-Forward,Cittadella,Loan,out,Summer,0,Serie A,2007,2007/2008
FC Empoli,Gianluca Musacci,20,Central Midfield,Massese,Loan,out,Summer,0,Serie A,2007,2007/2008
FC Empoli,Pietro Arcidiacono,19,Left Winger,Monza,Loan,out,Summer,0,Serie A,2007,2007/2008
FC Empoli,Fabrizio Ficini,33,Defensive Midfield,Pistoiese,-,out,Summer,0,Serie A,2007,2007/2008
FC Empoli,Davide Matteini,25,Left Winger,US Palermo,"End of loanJun 30, 2007",out,Summer,0,Serie A,2007,2007/2008
Genoa CFC,Matteo Paro,24,Central Midfield,Juventus,£3.15m,in,Summer,3.15,Serie A,2007,2007/2008
Genoa CFC,Abdelkader Ghezzal,23,Centre-Forward,FC Crotone,£2.70m,in,Summer,2.7,Serie A,2007,2007/2008
Genoa CFC,Cesare Bovo,24,Centre-Back,US Palermo,£2.57m,in,Summer,2.57,Serie A,2007,2007/2008
Genoa CFC,Marco Borriello,25,Centre-Forward,AC Milan,£1.62m,in,Summer,1.62,Serie A,2007,2007/2008
Genoa CFC,Santos,25,Centre-Back,UC AlbinoLeffe,£1.26m,in,Summer,1.26,Serie A,2007,2007/2008
Genoa CFC,Tommaso Ghinassi,20,Centre-Back,Pistoiese,Loan fee:£630Th.,in,Summer,0.63,Serie A,2007,2007/2008
Genoa CFC,Giuseppe Sculli,26,Left Winger,Juventus,£270Th.,in,Summer,0.27,Serie A,2007,2007/2008
Genoa CFC,Danilo Sacramento,24,Attacking Midfield,UA Barbarense,Free transfer,in,Summer,0,Serie A,2007,2007/2008
Genoa CFC,Mariano Stendardo,25,Centre-Back,Messina Peloro,?,in,Summer,NA,Serie A,2007,2007/2008
Genoa CFC,N'Diaye Papa Waigo,23,Right Winger,Cesena,?,in,Summer,NA,Serie A,2007,2007/2008
Genoa CFC,Gianluca Pegolo,26,Goalkeeper,Hellas Verona,?,in,Summer,NA,Serie A,2007,2007/2008
Genoa CFC,Abdoulay Konko,23,Right-Back,Siena,?,in,Summer,NA,Serie A,2007,2007/2008
Genoa CFC,Alessandro Lucarelli,30,Centre-Back,Reggina,?,in,Summer,NA,Serie A,2007,2007/2008
Genoa CFC,Silvano Raggio Garibaldi,18,Defensive Midfield,Genoa U19,-,in,Summer,0,Serie A,2007,2007/2008
Genoa CFC,Damián Lanza,25,Goalkeeper,Without Club,-,in,Summer,0,Serie A,2007,2007/2008
Genoa CFC,Domenico Criscito,20,Left-Back,Juventus,£6.75m,out,Summer,6.75,Serie A,2007,2007/2008
Genoa CFC,Cristian Stellini,33,Left-Back,Bari,£54Th.,out,Summer,0.054,Serie A,2007,2007/2008
Genoa CFC,Nicola Barasso,25,Goalkeeper,Taranto,Free transfer,out,Summer,0,Serie A,2007,2007/2008
Genoa CFC,Adaílton,30,Second Striker,Bologna,Free transfer,out,Summer,0,Serie A,2007,2007/2008
Genoa CFC,Dario Biasi,27,Centre-Back,Cesena,Free transfer,out,Summer,0,Serie A,2007,2007/2008
Genoa CFC,Mamede,33,Central Midfield,Perugia,Free transfer,out,Summer,0,Serie A,2007,2007/2008
Genoa CFC,Alessandro Di Maio,20,Centre-Back,FC Lugano,Free transfer,out,Summer,0,Serie A,2007,2007/2008
Genoa CFC,Pedro López,23,Midfielder,Arezzo,?,out,Summer,NA,Serie A,2007,2007/2008
Genoa CFC,Gianluca Pegolo,26,Goalkeeper,Mantova,Loan,out,Summer,0,Serie A,2007,2007/2008
Genoa CFC,Luca Fusco,29,Centre-Back,Salernitana,?,out,Summer,NA,Serie A,2007,2007/2008
Genoa CFC,Matteo Siligato,21,Forward,Valenzana Mado,?,out,Summer,NA,Serie A,2007,2007/2008
Genoa CFC,Giacomo Cotellessa,28,Midfielder,Valenzana Mado,?,out,Summer,NA,Serie A,2007,2007/2008
Genoa CFC,Alessandro Moschella,20,Midfielder,Unknown,?,out,Summer,NA,Serie A,2007,2007/2008
Genoa CFC,Tiago Pires,20,Centre-Back,FC Lugano,Loan,out,Summer,0,Serie A,2007,2007/2008
Genoa CFC,Mariano Stendardo,24,Centre-Back,Messina Peloro,?,out,Summer,NA,Serie A,2007,2007/2008
Genoa CFC,Francesco Galeoto,35,Right-Back,Messina Peloro,?,out,Summer,NA,Serie A,2007,2007/2008
Genoa CFC,Michele Tarallo,26,Centre-Forward,Monza,Loan,out,Summer,0,Serie A,2007,2007/2008
Genoa CFC,Danilo Russo,19,Goalkeeper,Viareggio,Loan,out,Summer,0,Serie A,2007,2007/2008
Genoa CFC,Rivaldo González,19,Attacking Midfield,FC Lugano,Loan,out,Summer,0,Serie A,2007,2007/2008
Genoa CFC,Mirco Gasparetto,27,Centre-Forward,Chievo Verona,?,out,Summer,NA,Serie A,2007,2007/2008
Genoa CFC,Giuseppe Greco,23,Centre-Forward,Chievo Verona,?,out,Summer,NA,Serie A,2007,2007/2008
Genoa CFC,Stefano Botta,20,Central Midfield,Cesena,Loan,out,Summer,0,Serie A,2007,2007/2008
Genoa CFC,Raffaele Longo,29,Central Midfield,Modena,?,out,Summer,NA,Serie A,2007,2007/2008
Genoa CFC,Marco Ambrogioni,32,Right-Back,Gallipoli,?,out,Summer,NA,Serie A,2007,2007/2008
Genoa CFC,Diogo Tavares,19,Centre-Forward,FC Lugano,Loan,out,Summer,0,Serie A,2007,2007/2008
Genoa CFC,Fernando Forestieri,17,Second Striker,Siena,Loan,out,Summer,0,Serie A,2007,2007/2008
Genoa CFC,Filippo Carobbio,27,Central Midfield,UC AlbinoLeffe,?,out,Summer,NA,Serie A,2007,2007/2008
Genoa CFC,Giuseppe Sculli,26,Left Winger,Juventus,"End of loanJun 30, 2007",out,Summer,0,Serie A,2007,2007/2008
ACF Fiorentina,Franco Semioli,27,Right Winger,Chievo Verona,£5.40m,in,Summer,5.4,Serie A,2007,2007/2008
ACF Fiorentina,Anthony Vanden Borre,19,Right-Back,RSC Anderlecht,£3.42m,in,Summer,3.42,Serie A,2007,2007/2008
ACF Fiorentina,Federico Balzaretti,25,Left-Back,Juventus,£3.42m,in,Summer,3.42,Serie A,2007,2007/2008
ACF Fiorentina,Michele Pazienza,24,Defensive Midfield,Udinese,£2.84m,in,Summer,2.84,Serie A,2007,2007/2008
ACF Fiorentina,Daniel Osvaldo,21,Centre-Forward,Atalanta,£2.70m,in,Summer,2.7,Serie A,2007,2007/2008
ACF Fiorentina,Nikola Gulan,18,Left-Back,Partizan,£2.52m,in,Summer,2.52,Serie A,2007,2007/2008
ACF Fiorentina,Ondrej Mazuch,18,Centre-Back,1. FC Brno,£2.52m,in,Summer,2.52,Serie A,2007,2007/2008
ACF Fiorentina,Jan Hable,18,Central Midfield,Hradec Králové,£720Th.,in,Summer,0.72,Serie A,2007,2007/2008
ACF Fiorentina,Christian Vieri,33,Centre-Forward,Atalanta,Free transfer,in,Summer,0,Serie A,2007,2007/2008
ACF Fiorentina,Arturo Lupoli,20,Centre-Forward,Arsenal,Free transfer,in,Summer,0,Serie A,2007,2007/2008
ACF Fiorentina,Danilo D'Ambrosio,18,Right-Back,Fiorentina U19,-,in,Summer,0,Serie A,2007,2007/2008
ACF Fiorentina,Andrea Paolucci,20,Central Midfield,Fiorentina U19,-,in,Summer,0,Serie A,2007,2007/2008
ACF Fiorentina,David Mateo,20,Centre-Back,Fiorentina U19,-,in,Summer,0,Serie A,2007,2007/2008
ACF Fiorentina,Samuel Di Carmine,18,Centre-Forward,Fiorentina U19,-,in,Summer,0,Serie A,2007,2007/2008
ACF Fiorentina,Luca Toni,30,Centre-Forward,Bayern Munich,£9.90m,out,Summer,9.9,Serie A,2007,2007/2008
ACF Fiorentina,Valeri Bojinov,21,Centre-Forward,Man City,£7.20m,out,Summer,7.2,Serie A,2007,2007/2008
ACF Fiorentina,Reginaldo,23,Centre-Forward,Parma,£4.05m,out,Summer,4.05,Serie A,2007,2007/2008
ACF Fiorentina,Christian Maggio,25,Right-Back,Sampdoria,£3.11m,out,Summer,3.11,Serie A,2007,2007/2008
ACF Fiorentina,Daniele Cacia,24,Centre-Forward,Piacenza,£2.61m,out,Summer,2.61,Serie A,2007,2007/2008
ACF Fiorentina,Davide Brivio,19,Left-Back,Atalanta,£464Th.,out,Summer,0.464,Serie A,2007,2007/2008
ACF Fiorentina,Henry Okoroji,23,Centre-Back,Chieti,Loan,out,Summer,0,Serie A,2007,2007/2008
ACF Fiorentina,David Mateo,20,Centre-Back,Arezzo,Loan,out,Summer,0,Serie A,2007,2007/2008
ACF Fiorentina,Nikola Gulan,18,Left-Back,Partizan,Loan,out,Summer,0,Serie A,2007,2007/2008
ACF Fiorentina,Manuele Blasi,26,Central Midfield,Juventus,"End of loanJun 30, 2007",out,Summer,0,Serie A,2007,2007/2008
ACF Fiorentina,Michele Pazienza,24,Defensive Midfield,Udinese,"End of loanJun 30, 2007",out,Summer,0,Serie A,2007,2007/2008
AS Livorno,Francesco Tavano,28,Centre-Forward,Valencia,£5.40m,in,Summer,5.4,Serie A,2007,2007/2008
AS Livorno,Francesco Volpe,21,Right Winger,Juventus,£1.84m,in,Summer,1.84,Serie A,2007,2007/2008
AS Livorno,Nico Pulzetti,23,Central Midfield,Hellas Verona,£1.35m,in,Summer,1.35,Serie A,2007,2007/2008
AS Livorno,Diego Tristán,31,Centre-Forward,RCD Mallorca,£423Th.,in,Summer,0.423,Serie A,2007,2007/2008
AS Livorno,Alessandro Diamanti,24,Attacking Midfield,Prato,£360Th.,in,Summer,0.36,Serie A,2007,2007/2008
AS Livorno,Massimo Loviso,23,Defensive Midfield,Bologna,£181Th.,in,Summer,0.181,Serie A,2007,2007/2008
AS Livorno,Erjon Bogdani,30,Centre-Forward,Chievo Verona,Loan fee:£90Th.,in,Summer,0.09,Serie A,2007,2007/2008
AS Livorno,Fausto Rossini,30,Centre-Forward,Catania,Free transfer,in,Summer,0,Serie A,2007,2007/2008
AS Livorno,Giuliano Giannichedda,32,Defensive Midfield,Juventus,Free transfer,in,Summer,0,Serie A,2007,2007/2008
AS Livorno,Daniele De Vezze,27,Central Midfield,Messina Peloro,Free transfer,in,Summer,0,Serie A,2007,2007/2008
AS Livorno,Emanuele Filippini,33,Central Midfield,Treviso,?,in,Summer,NA,Serie A,2007,2007/2008
AS Livorno,Alfonso De Lucia,23,Goalkeeper,Parma,?,in,Summer,NA,Serie A,2007,2007/2008
AS Livorno,Édgar Álvarez,27,Right Midfield,AS Roma,Loan,in,Summer,0,Serie A,2007,2007/2008
AS Livorno,Vikash Dhorasoo,33,Central Midfield,Without Club,-,in,Summer,0,Serie A,2007,2007/2008
AS Livorno,Cristiano Lucarelli,31,Centre-Forward,Shakhtar D.,£7.12m,out,Summer,7.12,Serie A,2007,2007/2008
AS Livorno,Stefano Morrone,28,Central Midfield,Parma,£1.80m,out,Summer,1.8,Serie A,2007,2007/2008
AS Livorno,Dario Passoni,33,Central Midfield,Mantova,£720Th.,out,Summer,0.72,Serie A,2007,2007/2008
AS Livorno,Marc Pfertzel,26,Right-Back,VfL Bochum,£450Th.,out,Summer,0.45,Serie A,2007,2007/2008
AS Livorno,Andrea Giallombardo,26,Left-Back,Ascoli,£450Th.,out,Summer,0.45,Serie A,2007,2007/2008
AS Livorno,Niccolò Casini,22,Goalkeeper,Olbia,Free transfer,out,Summer,0,Serie A,2007,2007/2008
AS Livorno,Stefano Fanucci,28,Centre-Back,Ancona,?,out,Summer,NA,Serie A,2007,2007/2008
AS Livorno,Nicola Iannotti,22,Midfielder,Cecina,?,out,Summer,NA,Serie A,2007,2007/2008
AS Livorno,Paulinho,21,Centre-Forward,Grosseto,Loan,out,Summer,0,Serie A,2007,2007/2008
AS Livorno,Emanuele Manitta,30,Goalkeeper,Without Club,-,out,Summer,0,Serie A,2007,2007/2008
AS Livorno,Vikash Dhorasoo,34,Central Midfield,Without Club,-,out,Summer,0,Serie A,2007,2007/2008
AS Livorno,Samuel Kuffour,30,Centre-Back,AS Roma,"End of loanJun 30, 2007",out,Summer,0,Serie A,2007,2007/2008
AS Livorno,César,32,Left Midfield,Inter,"End of loanJun 30, 2007",out,Summer,0,Serie A,2007,2007/2008
AS Livorno,Stefano Fiore,32,Attacking Midfield,Valencia,"End of loanJun 30, 2007",out,Summer,0,Serie A,2007,2007/2008
AS Livorno,Carmine Coppola,28,Central Midfield,Messina Peloro,"End of loanJun 30, 2007",out,Summer,0,Serie A,2007,2007/2008
Atalanta BC,Maximiliano Pellegrino,27,Centre-Back,Vélez Sarsfield,£1.17m,in,Summer,1.17,Serie A,2007,2007/2008
Atalanta BC,Michael Cia,18,Central Midfield,Südtirol,£675Th.,in,Summer,0.675,Serie A,2007,2007/2008
Atalanta BC,Davide Brivio,19,Left-Back,Fiorentina,£464Th.,in,Summer,0.464,Serie A,2007,2007/2008
Atalanta BC,Zlatan Muslimovic,26,Centre-Forward,Udinese,£450Th.,in,Summer,0.45,Serie A,2007,2007/2008
Atalanta BC,Antonio Langella,30,Left Winger,Cagliari Calcio,Free transfer,in,Summer,0,Serie A,2007,2007/2008
Atalanta BC,George Forsyth,25,Goalkeeper,Alianza Lima,Free transfer,in,Summer,0,Serie A,2007,2007/2008
Atalanta BC,Costinha,32,Defensive Midfield,Atlético Madrid,Free transfer,in,Summer,0,Serie A,2007,2007/2008
Atalanta BC,Ferdinando Coppola,29,Goalkeeper,AC Milan,Loan,in,Summer,0,Serie A,2007,2007/2008
Atalanta BC,Tiberio Guarente,21,Central Midfield,Hellas Verona,?,in,Summer,NA,Serie A,2007,2007/2008
Atalanta BC,Diego De Ascentis,30,Defensive Midfield,Torino,?,in,Summer,NA,Serie A,2007,2007/2008
Atalanta BC,Sergio Floccari,25,Centre-Forward,Messina Peloro,?,in,Summer,NA,Serie A,2007,2007/2008
Atalanta BC,Simone Padoin,23,Left Midfield,Vicenza,?,in,Summer,NA,Serie A,2007,2007/2008
Atalanta BC,Simone Inzaghi,31,Centre-Forward,Lazio,Loan,in,Summer,0,Serie A,2007,2007/2008
Atalanta BC,Leonardo Talamonti,25,Centre-Back,River Plate,?,in,Summer,NA,Serie A,2007,2007/2008
Atalanta BC,Manuel Belleri,29,Right-Back,Lazio,Loan,in,Summer,0,Serie A,2007,2007/2008
Atalanta BC,Andrea Arrigoni,18,Defensive Midfield,Atalanta U19,-,in,Summer,0,Serie A,2007,2007/2008
Atalanta BC,Giulio Migliaccio,26,Central Midfield,US Palermo,£4.50m,out,Summer,4.5,Serie A,2007,2007/2008
Atalanta BC,Daniel Osvaldo,21,Centre-Forward,Fiorentina,£2.70m,out,Summer,2.7,Serie A,2007,2007/2008
Atalanta BC,Adriano,25,Right-Back,Monaco,£2.25m,out,Summer,2.25,Serie A,2007,2007/2008
Atalanta BC,Davide Brivio,19,Left-Back,Vicenza,£810Th.,out,Summer,0.81,Serie A,2007,2007/2008
Atalanta BC,Simone Loria,30,Centre-Back,Siena,£675Th.,out,Summer,0.675,Serie A,2007,2007/2008
Atalanta BC,Nicola Ventola,29,Centre-Forward,Torino,Free transfer,out,Summer,0,Serie A,2007,2007/2008
Atalanta BC,Christian Vieri,33,Centre-Forward,Fiorentina,Free transfer,out,Summer,0,Serie A,2007,2007/2008
Atalanta BC,Davide Bombardini,33,Left Midfield,Bologna,Free transfer,out,Summer,0,Serie A,2007,2007/2008
Atalanta BC,Nelson Abeijón,33,Defensive Midfield,River Plate,Free transfer,out,Summer,0,Serie A,2007,2007/2008
Atalanta BC,Michele Magrin,21,Central Midfield,Pro Vercelli,Free transfer,out,Summer,0,Serie A,2007,2007/2008
Atalanta BC,Andrea Arrigoni,18,Defensive Midfield,Sangiovannese,Loan,out,Summer,0,Serie A,2007,2007/2008
Atalanta BC,Michael Cia,18,Central Midfield,Sambenedettese,Loan,out,Summer,0,Serie A,2007,2007/2008
Atalanta BC,Luca Ariatti,28,Central Midfield,Lecce,?,out,Summer,NA,Serie A,2007,2007/2008
Atalanta BC,Alex Calderoni,31,Goalkeeper,Treviso,?,out,Summer,NA,Serie A,2007,2007/2008
Atalanta BC,Simone Sales,19,Right-Back,Cuoiovaldarno,?,out,Summer,NA,Serie A,2007,2007/2008
Atalanta BC,Alberto Filippini,20,Attacking Midfield,SSC Venezia,Loan,out,Summer,0,Serie A,2007,2007/2008
Atalanta BC,Karamoko Cissé,18,Centre-Forward,Hellas Verona,Loan,out,Summer,0,Serie A,2007,2007/2008
Atalanta BC,Andrea Ferrari,21,Goalkeeper,Monza,?,out,Summer,NA,Serie A,2007,2007/2008
Atalanta BC,Alessio Manzoni,20,Central Midfield,Spezia,Loan,out,Summer,0,Serie A,2007,2007/2008
Atalanta BC,Andrea Lazzari,22,Central Midfield,Grosseto,Loan,out,Summer,0,Serie A,2007,2007/2008
Atalanta BC,Andrea Consigli,20,Goalkeeper,Rimini,Loan,out,Summer,0,Serie A,2007,2007/2008
Atalanta BC,Massimo Donati,26,Defensive Midfield,AC Milan,"End of loanJun 30, 2007",out,Summer,0,Serie A,2007,2007/2008
Atalanta BC,Kewullay Conteh,29,Centre-Back,US Palermo,"End of loanJun 30, 2007",out,Summer,0,Serie A,2007,2007/2008
Atalanta BC,Leonardo Talamonti,25,Centre-Back,River Plate,"End of loanJun 30, 2007",out,Summer,0,Serie A,2007,2007/2008
AC Siena,Daniele Galloppa,22,Central Midfield,AS Roma,£3.56m,in,Summer,3.56,Serie A,2007,2007/2008
AC Siena,Paolo De Ceglie,20,Left-Back,Juventus,£3.15m,in,Summer,3.15,Serie A,2007,2007/2008
AC Siena,Simone Loria,30,Centre-Back,Atalanta,£675Th.,in,Summer,0.675,Serie A,2007,2007/2008
AC Siena,Douglas Packer,20,Attacking Midfield,Juventus,£135Th.,in,Summer,0.135,Serie A,2007,2007/2008
AC Siena,Lukas Jarolim,30,Central Midfield,Slavia Prague,Free transfer,in,Summer,0,Serie A,2007,2007/2008
AC Siena,Rosario Pepe,20,Central Midfield,Giugliano,Free transfer,in,Summer,0,Serie A,2007,2007/2008
AC Siena,Vanderson,22,Left-Back,São Bento (SP),Free transfer,in,Summer,0,Serie A,2007,2007/2008
AC Siena,Alessandro Rigoli,20,Centre-Back,US Poggibonsi,Free transfer,in,Summer,0,Serie A,2007,2007/2008
AC Siena,Dimitrios Eleftheropoulos,30,Goalkeeper,Ascoli,Free transfer,in,Summer,0,Serie A,2007,2007/2008
AC Siena,Leandro Grimi,22,Left-Back,AC Milan,Loan,in,Summer,0,Serie A,2007,2007/2008
AC Siena,Fernando Forestieri,17,Second Striker,Genoa,Loan,in,Summer,0,Serie A,2007,2007/2008
AC Siena,Cristian Bucchi,30,Centre-Forward,SSC Napoli,Loan,in,Summer,0,Serie A,2007,2007/2008
AC Siena,Rodrigo Lazzari,26,Centre-Back,Paranavaí,?,in,Summer,NA,Serie A,2007,2007/2008
AC Siena,Caetano Calil,23,Centre-Forward,Ipatinga FC,?,in,Summer,NA,Serie A,2007,2007/2008
AC Siena,Luca Rossettini,22,Centre-Back,Padova,?,in,Summer,NA,Serie A,2007,2007/2008
AC Siena,Daniele Ficagna,26,Centre-Back,Cesena,?,in,Summer,NA,Serie A,2007,2007/2008
AC Siena,Ricardo Verón,26,Central Midfield,Reggina,?,in,Summer,NA,Serie A,2007,2007/2008
AC Siena,Maximiliano Re,20,Attacking Midfield,CA Rosario,?,in,Summer,NA,Serie A,2007,2007/2008
AC Siena,Mariano Romano,17,Central Midfield,Siena U19,-,in,Summer,0,Serie A,2007,2007/2008
AC Siena,Stefano Pezzana,20,Midfielder,Siena U19,-,in,Summer,0,Serie A,2007,2007/2008
AC Siena,Cristian Molinaro,23,Left-Back,Juventus,£2.25m,out,Summer,2.25,Serie A,2007,2007/2008
AC Siena,Daniele Gastaldello,24,Centre-Back,Juventus,£585Th.,out,Summer,0.585,Serie A,2007,2007/2008
AC Siena,Nicola Pavarini,33,Goalkeeper,Parma,Free transfer,out,Summer,0,Serie A,2007,2007/2008
AC Siena,Francesco Cozza,33,Attacking Midfield,Reggina,?,out,Summer,NA,Serie A,2007,2007/2008
AC Siena,Abdoulay Konko,23,Right-Back,Genoa,?,out,Summer,NA,Serie A,2007,2007/2008
AC Siena,Ezio Brevi,37,Defensive Midfield,SSC Venezia,?,out,Summer,NA,Serie A,2007,2007/2008
AC Siena,Giovanni Bartolucci,23,Right-Back,Monza,Loan,out,Summer,0,Serie A,2007,2007/2008
AC Siena,Pasquale Iadaresta,21,Centre-Forward,Val di Sangro,Loan,out,Summer,0,Serie A,2007,2007/2008
AC Siena,Thomas Albanese,19,Centre-Forward,Ancona,Loan,out,Summer,0,Serie A,2007,2007/2008
AC Siena,Adriano Russo,20,Centre-Back,Massese,?,out,Summer,NA,Serie A,2007,2007/2008
AC Siena,Federico Melchiorri,20,Centre-Forward,Sambenedettese,?,out,Summer,NA,Serie A,2007,2007/2008
AC Siena,Alessandro Bettega,20,Central Midfield,Monza,Loan,out,Summer,0,Serie A,2007,2007/2008
AC Siena,Douglas Packer,20,Attacking Midfield,Pescara,Loan,out,Summer,0,Serie A,2007,2007/2008
AC Siena,Paolo Negro,35,Centre-Back,Retired,-,out,Summer,0,Serie A,2007,2007/2008
AC Siena,Antonio Mirante,23,Goalkeeper,Juventus,"End of loanJun 30, 2007",out,Summer,0,Serie A,2007,2007/2008
AC Siena,Leandro Rinaudo,24,Centre-Back,US Palermo,"End of loanJun 30, 2007",out,Summer,0,Serie A,2007,2007/2008
AC Siena,Daniele Galloppa,22,Central Midfield,AS Roma,"End of loanJun 30, 2007",out,Summer,0,Serie A,2007,2007/2008
AC Siena,Roman Eremenko,20,Attacking Midfield,Udinese,"End of loanJun 30, 2007",out,Summer,0,Serie A,2007,2007/2008
AC Siena,Francesco Benussi,25,Goalkeeper,Lecce,"End of loanJun 30, 2007",out,Summer,0,Serie A,2007,2007/2008
AC Siena,Luca Antonini,24,Left-Back,Sampdoria,"End of loanJun 30, 2007",out,Summer,0,Serie A,2007,2007/2008
AC Siena,Douglas Packer,20,Attacking Midfield,Juventus,"End of loanJun 30, 2007",out,Summer,0,Serie A,2007,2007/2008
Parma FC,Reginaldo,23,Centre-Forward,Fiorentina,£4.05m,in,Summer,4.05,Serie A,2007,2007/2008
Parma FC,Stefano Morrone,28,Central Midfield,AS Livorno,£1.80m,in,Summer,1.8,Serie A,2007,2007/2008
Parma FC,Francesco Parravicini,25,Defensive Midfield,US Palermo,£1.35m,in,Summer,1.35,Serie A,2007,2007/2008
Parma FC,Igor Budan,27,Centre-Forward,US Palermo,£990Th.,in,Summer,0.99,Serie A,2007,2007/2008
Parma FC,Davide Matteini,25,Left Winger,US Palermo,£810Th.,in,Summer,0.81,Serie A,2007,2007/2008
Parma FC,Bernardo Corradi,31,Centre-Forward,Man City,Loan fee:£180Th.,in,Summer,0.18,Serie A,2007,2007/2008
Parma FC,Giulio Falcone,33,Centre-Back,Sampdoria,Free transfer,in,Summer,0,Serie A,2007,2007/2008
Parma FC,Nicola Pavarini,33,Goalkeeper,Siena,Free transfer,in,Summer,0,Serie A,2007,2007/2008
Parma FC,Manuel Pascali,25,Centre-Back,AC Carpenedolo,Free transfer,in,Summer,0,Serie A,2007,2007/2008
Parma FC,Marcelo Silva,31,Defensive Midfield,Atlético-PR,Free transfer,in,Summer,0,Serie A,2007,2007/2008
Parma FC,Manuel Pascali,26,Centre-Back,Foligno,Free transfer,in,Summer,0,Serie A,2007,2007/2008
Parma FC,Giordano Vanin,21,Goalkeeper,Pro Sesto,?,in,Summer,NA,Serie A,2007,2007/2008
Parma FC,Damiano Zenoni,30,Right-Back,Udinese,?,in,Summer,NA,Serie A,2007,2007/2008
Parma FC,Alessio Tombesi,25,Left-Back,AC Carpenedolo,?,in,Summer,NA,Serie A,2007,2007/2008
Parma FC,McDonald Mariga,20,Defensive Midfield,Helsingborg,Loan,in,Summer,0,Serie A,2007,2007/2008
Parma FC,Radek Petr,20,Goalkeeper,Banik Ostrava,?,in,Summer,NA,Serie A,2007,2007/2008
Parma FC,Matteo Mandorlini,18,Central Midfield,Parma U19,-,in,Summer,0,Serie A,2007,2007/2008
Parma FC,Mattia Pin,19,Forward,Parma U19,-,in,Summer,0,Serie A,2007,2007/2008
Parma FC,Niccolò Galli,18,Central Midfield,Parma U19,-,in,Summer,0,Serie A,2007,2007/2008
Parma FC,Leandro Martínez,17,Left Winger,Parma U19,-,in,Summer,0,Serie A,2007,2007/2008
Parma FC,Matteo Contini,27,Centre-Back,SSC Napoli,£2.88m,out,Summer,2.88,Serie A,2007,2007/2008
Parma FC,Ibrahima Camara,22,Left-Back,Le Mans UC 72,£900Th.,out,Summer,0.9,Serie A,2007,2007/2008
Parma FC,Marcelo Silva,31,Defensive Midfield,Náutico,Free transfer,out,Summer,0,Serie A,2007,2007/2008
Parma FC,Vince Grella,27,Central Midfield,Torino,Free transfer,out,Summer,0,Serie A,2007,2007/2008
Parma FC,Manuel Pascali,25,Centre-Back,Foligno,Free transfer,out,Summer,0,Serie A,2007,2007/2008
Parma FC,Mattia Pin,19,Forward,Sassuolo,Loan,out,Summer,0,Serie A,2007,2007/2008
Parma FC,Damiano Ferronetti,22,Centre-Back,Udinese,?,out,Summer,NA,Serie A,2007,2007/2008
Parma FC,Jorge Bolaño,30,Central Midfield,Modena,?,out,Summer,NA,Serie A,2007,2007/2008
Parma FC,Matteo Mandorlini,18,Central Midfield,Pavia,Loan,out,Summer,0,Serie A,2007,2007/2008
Parma FC,Antonio Bocchetti,27,Left-Back,Frosinone,?,out,Summer,NA,Serie A,2007,2007/2008
Parma FC,Vitali Kutuzov,27,Centre-Forward,AC Pisa,Loan,out,Summer,0,Serie A,2007,2007/2008
Parma FC,Alberto Galuppo,21,Centre-Back,Ancona,Loan,out,Summer,0,Serie A,2007,2007/2008
Parma FC,Filippo Savi,20,Central Midfield,Arezzo,Loan,out,Summer,0,Serie A,2007,2007/2008
Parma FC,Alfonso De Lucia,23,Goalkeeper,AS Livorno,?,out,Summer,NA,Serie A,2007,2007/2008
Parma FC,Giordano Vanin,22,Goalkeeper,Livingston FC,?,out,Summer,NA,Serie A,2007,2007/2008
Parma FC,Mattia Cherubini,19,Defender,Without Club,-,out,Summer,0,Serie A,2007,2007/2008
Parma FC,Giuseppe Rossi,20,Centre-Forward,Man Utd,"End of loanJun 30, 2007",out,Summer,0,Serie A,2007,2007/2008
Parma FC,Igor Budan,27,Centre-Forward,US Palermo,"End of loanJun 30, 2007",out,Summer,0,Serie A,2007,2007/2008
Parma FC,Zlatan Muslimovic,26,Centre-Forward,Udinese,"End of loanJun 30, 2007",out,Summer,0,Serie A,2007,2007/2008
Parma FC,Francesco Parravicini,25,Defensive Midfield,US Palermo,"End of loanJun 30, 2007",out,Summer,0,Serie A,2007,2007/2008
Parma FC,Armando Perna,26,Centre-Back,Modena,"End of loanJun 30, 2007",out,Summer,0,Serie A,2007,2007/2008
SS Lazio,Fernando Muslera,21,Goalkeeper,Wanderers,£2.70m,in,Summer,2.7,Serie A,2007,2007/2008
SS Lazio,Mourad Meghni,23,Attacking Midfield,Bologna,£1.35m,in,Summer,1.35,Serie A,2007,2007/2008
SS Lazio,Aleksandar Kolarov,21,Left-Back,OFK Beograd,£833Th.,in,Summer,0.833,Serie A,2007,2007/2008
SS Lazio,Fabio Vignaroli,31,Centre-Forward,Bari,£225Th.,in,Summer,0.225,Serie A,2007,2007/2008
SS Lazio,Lionel Scaloni,29,Right-Back,Racing,Free transfer,in,Summer,0,Serie A,2007,2007/2008
SS Lazio,Simone Del Nero,25,Left Winger,Brescia,?,in,Summer,NA,Serie A,2007,2007/2008
SS Lazio,Lorenzo De Silvestri,19,Right-Back,Lazio U19,-,in,Summer,0,Serie A,2007,2007/2008
SS Lazio,Matteo Merini,19,Centre-Forward,Lazio U19,-,in,Summer,0,Serie A,2007,2007/2008
SS Lazio,Pasquale Foggia,24,Attacking Midfield,Cagliari Calcio,Loan fee:£2.25m,out,Summer,2.25,Serie A,2007,2007/2008
SS Lazio,Libis Arenas,20,Goalkeeper,Mérida UD,£563Th.,out,Summer,0.563,Serie A,2007,2007/2008
SS Lazio,Matteo Sereni,32,Goalkeeper,Torino,Free transfer,out,Summer,0,Serie A,2007,2007/2008
SS Lazio,Alberto Quadri,24,Defensive Midfield,Avellino,Loan,out,Summer,0,Serie A,2007,2007/2008
SS Lazio,Riccardo Bonetto,28,Left-Back,Bologna,Loan,out,Summer,0,Serie A,2007,2007/2008
SS Lazio,Daniele Greco,19,Central Midfield,Gallipoli,Loan,out,Summer,0,Serie A,2007,2007/2008
SS Lazio,Simone Inzaghi,31,Centre-Forward,Atalanta,Loan,out,Summer,0,Serie A,2007,2007/2008
SS Lazio,Manuel Belleri,29,Right-Back,Atalanta,Loan,out,Summer,0,Serie A,2007,2007/2008
SS Lazio,Matteo Merini,19,Centre-Forward,Gallipoli,Loan,out,Summer,0,Serie A,2007,2007/2008
SS Lazio,Angelo Peruzzi,37,Goalkeeper,Retired,-,out,Summer,0,Serie A,2007,2007/2008
SS Lazio,Luis Jiménez,23,Attacking Midfield,Ternana,"End of loanJun 30, 2007",out,Summer,0,Serie A,2007,2007/2008
Calcio Catania,Jorge Martínez,24,Right Winger,Nacional,£1.80m,in,Summer,1.8,Serie A,2007,2007/2008
Calcio Catania,Cristian Llama,21,Left Midfield,Arsenal FC,£1.62m,in,Summer,1.62,Serie A,2007,2007/2008
Calcio Catania,Mirco Antenucci,22,Centre-Forward,Giulianova,Free transfer,in,Summer,0,Serie A,2007,2007/2008
Calcio Catania,Albano Bizzarri,29,Goalkeeper,Gimnàstic,?,in,Summer,NA,Serie A,2007,2007/2008
Calcio Catania,Babù,26,Right Winger,Lecce,?,in,Summer,NA,Serie A,2007,2007/2008
Calcio Catania,Giacomo Tedesco,31,Central Midfield,Reggina,?,in,Summer,NA,Serie A,2007,2007/2008
Calcio Catania,Christian Terlizzi,27,Centre-Back,Sampdoria,?,in,Summer,NA,Serie A,2007,2007/2008
Calcio Catania,Takayuki Morimoto,19,Centre-Forward,Tokyo Verdy,?,in,Summer,NA,Serie A,2007,2007/2008
Calcio Catania,Marcello Gazzola,22,Right-Back,Torres,?,in,Summer,NA,Serie A,2007,2007/2008
Calcio Catania,Antonino Profeta,19,Central Midfield,Catania,-,in,Summer,0,Serie A,2007,2007/2008
Calcio Catania,Fabio Caserta,28,Central Midfield,US Palermo,£3.24m,out,Summer,3.24,Serie A,2007,2007/2008
Calcio Catania,Paolo Bianco,29,Centre-Back,Cagliari Calcio,£1.17m,out,Summer,1.17,Serie A,2007,2007/2008
Calcio Catania,Giorgio Lucenti,31,Right-Back,Mantova,£180Th.,out,Summer,0.18,Serie A,2007,2007/2008
Calcio Catania,Fausto Rossini,30,Centre-Forward,AS Livorno,Free transfer,out,Summer,0,Serie A,2007,2007/2008
Calcio Catania,Giorgio Corona,33,Centre-Forward,Mantova,Free transfer,out,Summer,0,Serie A,2007,2007/2008
Calcio Catania,Umberto Del Core,27,Centre-Forward,Foggia,Free transfer,out,Summer,0,Serie A,2007,2007/2008
Calcio Catania,César,28,Centre-Back,Chievo Verona,?,out,Summer,NA,Serie A,2007,2007/2008
Calcio Catania,Gianvito Plasmati,24,Centre-Forward,Foggia,Loan,out,Summer,0,Serie A,2007,2007/2008
Calcio Catania,Mattia Biso,30,Central Midfield,Spezia,?,out,Summer,NA,Serie A,2007,2007/2008
Calcio Catania,Mauro Minelli,26,Centre-Back,Triestina,Loan,out,Summer,0,Serie A,2007,2007/2008
Calcio Catania,Alessio Caroccia,17,Goalkeeper,Unknown,?,out,Summer,NA,Serie A,2007,2007/2008
Calcio Catania,Armando Pantanelli,36,Goalkeeper,Avellino,?,out,Summer,NA,Serie A,2007,2007/2008
Calcio Catania,Antonino Profeta,19,Central Midfield,Siracusa,Loan,out,Summer,0,Serie A,2007,2007/2008
Calcio Catania,Mirco Antenucci,22,Centre-Forward,SSC Venezia,Loan,out,Summer,0,Serie A,2007,2007/2008
Calcio Catania,Vincenzo Ferrante,20,Goalkeeper,Without Club,-,out,Summer,0,Serie A,2007,2007/2008
Calcio Catania,Takayuki Morimoto,19,Centre-Forward,Tokyo Verdy 1969,"End of loanJun 30, 2007",out,Summer,0,Serie A,2007,2007/2008
Reggina Calcio,Édgar Barreto,23,Central Midfield,NEC Nijmegen,£1.80m,in,Summer,1.8,Serie A,2007,2007/2008
Reggina Calcio,Kris Stadsgaard,22,Centre-Back,Nordsjaelland,£1.35m,in,Summer,1.35,Serie A,2007,2007/2008
Reggina Calcio,Mike Tullberg,21,Centre-Forward,Aarhus GF,£1.17m,in,Summer,1.17,Serie A,2007,2007/2008
Reggina Calcio,Pablo Álvarez,22,Right-Back,Nacional,£1.08m,in,Summer,1.08,Serie A,2007,2007/2008
Reggina Calcio,José Montiel,19,Attacking Midfield,Udinese,Free transfer,in,Summer,0,Serie A,2007,2007/2008
Reggina Calcio,Miguel Garcia,24,Right-Back,Sporting CP,Free transfer,in,Summer,0,Serie A,2007,2007/2008
Reggina Calcio,Emil Hallfredsson,23,Central Midfield,FK Lyn,?,in,Summer,NA,Serie A,2007,2007/2008
Reggina Calcio,Carlos Valdez,24,Centre-Back,Treviso,?,in,Summer,NA,Serie A,2007,2007/2008
Reggina Calcio,Francesco Cosenza,21,Centre-Back,Taranto,?,in,Summer,NA,Serie A,2007,2007/2008
Reggina Calcio,Daniele Cerretti,33,Goalkeeper,Sandonà,?,in,Summer,NA,Serie A,2007,2007/2008
Reggina Calcio,Nicolò Cherubin,20,Centre-Back,Cittadella,?,in,Summer,NA,Serie A,2007,2007/2008
Reggina Calcio,Leonardo Pettinari,20,Left Winger,Sangiovannese,?,in,Summer,NA,Serie A,2007,2007/2008
Reggina Calcio,Francesco Cozza,33,Attacking Midfield,Siena,?,in,Summer,NA,Serie A,2007,2007/2008
Reggina Calcio,Joelson,23,Right Winger,UC AlbinoLeffe,?,in,Summer,NA,Serie A,2007,2007/2008
Reggina Calcio,Daniele Degano,24,Second Striker,Piacenza,?,in,Summer,NA,Serie A,2007,2007/2008
Reggina Calcio,Emmanuel Cascione,23,Central Midfield,Rimini,?,in,Summer,NA,Serie A,2007,2007/2008
Reggina Calcio,Pasquale Porcaro,19,Centre-Back,Reggina Primaver,-,in,Summer,0,Serie A,2007,2007/2008
Reggina Calcio,Rolando Bianchi,24,Centre-Forward,Man City,£11.70m,out,Summer,11.7,Serie A,2007,2007/2008
Reggina Calcio,Giandomenico Mesto,25,Right-Back,Udinese,£4.05m,out,Summer,4.05,Serie A,2007,2007/2008
Reggina Calcio,Nicki Bille Nielsen,19,Centre-Forward,Martina,Loan,out,Summer,0,Serie A,2007,2007/2008
Reggina Calcio,Daniele Amerini,32,Central Midfield,Frosinone,Free transfer,out,Summer,0,Serie A,2007,2007/2008
Reggina Calcio,Davide Biondini,24,Central Midfield,Cagliari Calcio,?,out,Summer,NA,Serie A,2007,2007/2008
Reggina Calcio,Pietro Marino,20,Goalkeeper,Castelnuovo,Loan,out,Summer,0,Serie A,2007,2007/2008
Reggina Calcio,Francesco Cosenza,21,Centre-Back,Ravenna,Loan,out,Summer,0,Serie A,2007,2007/2008
Reggina Calcio,Daniele Degano,24,Second Striker,Messina Peloro,Loan,out,Summer,0,Serie A,2007,2007/2008
Reggina Calcio,Alessandro Lucarelli,30,Centre-Back,Genoa,?,out,Summer,NA,Serie A,2007,2007/2008
Reggina Calcio,Antonino Barillà,19,Central Midfield,Ravenna,Loan,out,Summer,0,Serie A,2007,2007/2008
Reggina Calcio,Ilyas Zeytulaev,24,Left Winger,Hellas Verona,?,out,Summer,NA,Serie A,2007,2007/2008
Reggina Calcio,Pasquale Porcaro,19,Centre-Back,Jesolo,Loan,out,Summer,0,Serie A,2007,2007/2008
Reggina Calcio,Palmiro Di Dio,21,Centre-Back,Bari,?,out,Summer,NA,Serie A,2007,2007/2008
Reggina Calcio,Ivan Castiglia,19,Central Midfield,Martina,Loan,out,Summer,0,Serie A,2007,2007/2008
Reggina Calcio,Gaetano Ungaro,19,Centre-Back,Taranto,Loan,out,Summer,0,Serie A,2007,2007/2008
Reggina Calcio,Antonio Giosa,23,Centre-Back,Messina Peloro,Loan,out,Summer,0,Serie A,2007,2007/2008
Reggina Calcio,Christian Puggioni,26,Goalkeeper,Perugia,Loan,out,Summer,0,Serie A,2007,2007/2008
Reggina Calcio,Emanuele Belardi,29,Goalkeeper,Juventus,?,out,Summer,NA,Serie A,2007,2007/2008
Reggina Calcio,Ricardo Verón,26,Central Midfield,Siena,?,out,Summer,NA,Serie A,2007,2007/2008
Reggina Calcio,Giacomo Tedesco,31,Central Midfield,Catania,?,out,Summer,NA,Serie A,2007,2007/2008
Reggina Calcio,Ricardo Esteves,27,Right Midfield,Marítimo,?,out,Summer,NA,Serie A,2007,2007/2008
Reggina Calcio,Giovanni Lavrendi,21,Central Midfield,AC Mezzocorona,Loan,out,Summer,0,Serie A,2007,2007/2008
Reggina Calcio,Daniel Beichler,18,Second Striker,Sturm Graz II,"End of loanJun 30, 2007",out,Summer,0,Serie A,2007,2007/2008
Reggina Calcio,Alessandro Gazzi,24,Defensive Midfield,Bari,"End of loanJun 30, 2007",out,Summer,0,Serie A,2007,2007/2008
Reggina Calcio,Pasquale Foggia,24,Attacking Midfield,Lazio,"End of loanJun 30, 2007",out,Summer,0,Serie A,2007,2007/2008
Reggina Calcio,Riccardo Nardini,24,Central Midfield,Catania,"End of loanJun 30, 2007",out,Summer,0,Serie A,2007,2007/2008
Torino FC,David Di Michele,31,Centre-Forward,US Palermo,£3.42m,in,Summer,3.42,Serie A,2007,2007/2008
Torino FC,Cesare Natali,28,Centre-Back,Udinese,£3.15m,in,Summer,3.15,Serie A,2007,2007/2008
Torino FC,Paolo Zanetti,24,Defensive Midfield,Ascoli,£1.35m,in,Summer,1.35,Serie A,2007,2007/2008
Torino FC,Sasa Bjelanovic,28,Centre-Forward,Ascoli,£954Th.,in,Summer,0.954,Serie A,2007,2007/2008
Torino FC,Salvatore Lanna,30,Left-Back,Chievo Verona,£900Th.,in,Summer,0.9,Serie A,2007,2007/2008
Torino FC,Matteo Rubin,19,Left-Back,Cittadella,£495Th.,in,Summer,0.495,Serie A,2007,2007/2008
Torino FC,Paolo Dellafiore,22,Centre-Back,US Palermo,Loan fee:£90Th.,in,Summer,0.09,Serie A,2007,2007/2008
Torino FC,Matteo Sereni,32,Goalkeeper,Lazio,Free transfer,in,Summer,0,Serie A,2007,2007/2008
Torino FC,Nicola Ventola,29,Centre-Forward,Atalanta,Free transfer,in,Summer,0,Serie A,2007,2007/2008
Torino FC,Vince Grella,27,Central Midfield,Parma,Free transfer,in,Summer,0,Serie A,2007,2007/2008
Torino FC,Eugenio Corini,36,Defensive Midfield,US Palermo,Free transfer,in,Summer,0,Serie A,2007,2007/2008
Torino FC,Dominique Malonga,18,Centre-Forward,Monaco U19,Free transfer,in,Summer,0,Serie A,2007,2007/2008
Torino FC,Marco Motta,21,Right-Back,Udinese,Loan,in,Summer,0,Serie A,2007,2007/2008
Torino FC,Álvaro Recoba,31,Second Striker,Inter,Loan,in,Summer,0,Serie A,2007,2007/2008
Torino FC,Elvis Abbruscato,26,Centre-Forward,Lecce,£1.80m,out,Summer,1.8,Serie A,2007,2007/2008
Torino FC,Vedin Music,34,Right-Back,Padova,£1.13m,out,Summer,1.13,Serie A,2007,2007/2008
Torino FC,Oscar Brevi,39,Centre-Back,SSC Venezia,Free transfer,out,Summer,0,Serie A,2007,2007/2008
Torino FC,Massimo Taibi,37,Goalkeeper,Ascoli,Free transfer,out,Summer,0,Serie A,2007,2007/2008
Torino FC,Roberto Muzzi,35,Centre-Forward,Padova,Free transfer,out,Summer,0,Serie A,2007,2007/2008
Torino FC,Diaw Doudou,31,Centre-Back,Cesena,?,out,Summer,NA,Serie A,2007,2007/2008
Torino FC,Gabriele Cioffi,31,Centre-Back,Ascoli,?,out,Summer,NA,Serie A,2007,2007/2008
Torino FC,Giorgio Cantele,21,Goalkeeper,Pavia,?,out,Summer,NA,Serie A,2007,2007/2008
Torino FC,Claudio De Sousa,21,Centre-Forward,Ancona,?,out,Summer,NA,Serie A,2007,2007/2008
Torino FC,Vito Falconieri,21,Centre-Forward,Gela,Loan,out,Summer,0,Serie A,2007,2007/2008
Torino FC,Angelo Ogbonna,19,Centre-Back,FC Crotone,Loan,out,Summer,0,Serie A,2007,2007/2008
Torino FC,Fabio Gallo,36,Defensive Midfield,Novara,?,out,Summer,NA,Serie A,2007,2007/2008
Torino FC,Jacopo Balestri,32,Left-Back,Mantova,?,out,Summer,NA,Serie A,2007,2007/2008
Torino FC,Diego De Ascentis,30,Defensive Midfield,Atalanta,?,out,Summer,NA,Serie A,2007,2007/2008
Torino FC,Andrea Ardito,30,Defensive Midfield,Lecce,?,out,Summer,NA,Serie A,2007,2007/2008
Torino FC,Luigi Martinelli,36,Right-Back,Hellas Verona,-,out,Summer,0,Serie A,2007,2007/2008
Torino FC,Giuseppe Pancaro,35,Right-Back,Retired,-,out,Summer,0,Serie A,2007,2007/2008
Torino FC,Christian Abbiati,29,Goalkeeper,AC Milan,"End of loanJun 30, 2007",out,Summer,0,Serie A,2007,2007/2008
Torino FC,Axel Konan,24,Left Winger,Lecce,"End of loanJun 30, 2007",out,Summer,0,Serie A,2007,2007/2008
Torino FC,Cesare Bovo,24,Centre-Back,US Palermo,"End of loanJun 30, 2007",out,Summer,0,Serie A,2007,2007/2008
Torino FC,Francesco Coco,30,Left-Back,Inter,"End of loanJun 30, 2007",out,Summer,0,Serie A,2007,2007/2008
Udinese Calcio,Fabio Quagliarella,24,Centre-Forward,Sampdoria,£6.57m,in,Summer,6.57,Serie A,2007,2007/2008
Udinese Calcio,Giandomenico Mesto,25,Right-Back,Reggina,£4.05m,in,Summer,4.05,Serie A,2007,2007/2008
Udinese Calcio,Antonio Floro Flores,24,Centre-Forward,Arezzo,£3.60m,in,Summer,3.6,Serie A,2007,2007/2008
Udinese Calcio,Viktor Budyanskiy,23,Central Midfield,Juventus U19,£2.70m,in,Summer,2.7,Serie A,2007,2007/2008
Udinese Calcio,Michele Paolucci,21,Centre-Forward,Juventus,£1.22m,in,Summer,1.22,Serie A,2007,2007/2008
Udinese Calcio,Gökhan Inler,23,Defensive Midfield,FC Zürich,£900Th.,in,Summer,0.9,Serie A,2007,2007/2008
Udinese Calcio,Mauricio Isla,19,Right-Back,CDUC,£473Th.,in,Summer,0.473,Serie A,2007,2007/2008
Udinese Calcio,Antonio Candreva,20,Right Midfield,Ternana,£450Th.,in,Summer,0.45,Serie A,2007,2007/2008
Udinese Calcio,Antonio Chimenti,37,Goalkeeper,Cagliari Calcio,Free transfer,in,Summer,0,Serie A,2007,2007/2008
Udinese Calcio,Damiano Ferronetti,22,Centre-Back,Parma,?,in,Summer,NA,Serie A,2007,2007/2008
Udinese Calcio,Federico Laurito,17,Centre-Forward,Udinese U19,-,in,Summer,0,Serie A,2007,2007/2008
Udinese Calcio,Mohamadou Sissoko,18,Centre-Back,Udinese U19,-,in,Summer,0,Serie A,2007,2007/2008
Udinese Calcio,Vincenzo Iaquinta,27,Centre-Forward,Juventus,£10.17m,out,Summer,10.17,Serie A,2007,2007/2008
Udinese Calcio,Sulley Muntari,22,Central Midfield,Portsmouth,£9.46m,out,Summer,9.46,Serie A,2007,2007/2008
Udinese Calcio,Cesare Natali,28,Centre-Back,Torino,£3.15m,out,Summer,3.15,Serie A,2007,2007/2008
Udinese Calcio,Michele Pazienza,24,Defensive Midfield,Fiorentina,£2.84m,out,Summer,2.84,Serie A,2007,2007/2008
Udinese Calcio,Alexis Sánchez,18,Centre-Forward,River Plate,Loan fee:£900Th.,out,Summer,0.9,Serie A,2007,2007/2008
Udinese Calcio,Zlatan Muslimovic,26,Centre-Forward,Atalanta,£450Th.,out,Summer,0.45,Serie A,2007,2007/2008
Udinese Calcio,Michele Rinaldi,20,Centre-Back,Rimini,Loan,out,Summer,0,Serie A,2007,2007/2008
Udinese Calcio,Daniele Fornaio,19,Central Midfield,Massese,Free transfer,out,Summer,0,Serie A,2007,2007/2008
Udinese Calcio,José Montiel,19,Attacking Midfield,Reggina,Free transfer,out,Summer,0,Serie A,2007,2007/2008
Udinese Calcio,Morgan De Sanctis,30,Goalkeeper,Sevilla FC,Free transfer,out,Summer,0,Serie A,2007,2007/2008
Udinese Calcio,Schumacher,20,Centre-Forward,Dijon,Loan,out,Summer,0,Serie A,2007,2007/2008
Udinese Calcio,Emanuele Politti,20,Centre-Back,Hellas Verona,?,out,Summer,NA,Serie A,2007,2007/2008
Udinese Calcio,Juan Surraco,19,Second Striker,Messina Peloro,Loan,out,Summer,0,Serie A,2007,2007/2008
Udinese Calcio,Damiano Zenoni,30,Right-Back,Parma,?,out,Summer,NA,Serie A,2007,2007/2008
Udinese Calcio,Barreto,22,Second Striker,Treviso,Loan,out,Summer,0,Serie A,2007,2007/2008
Udinese Calcio,Ferdinando Sforzini,22,Centre-Forward,Vicenza,Loan,out,Summer,0,Serie A,2007,2007/2008
Udinese Calcio,Flavio Lazzari,20,Left Winger,Messina Peloro,Loan,out,Summer,0,Serie A,2007,2007/2008
Udinese Calcio,Andrea Peron,20,Centre-Forward,Olbia,Loan,out,Summer,0,Serie A,2007,2007/2008
Udinese Calcio,Matteo Piccinni,21,Centre-Back,Massese,Loan,out,Summer,0,Serie A,2007,2007/2008
Udinese Calcio,Salvatore Masiello,25,Left-Back,Vicenza,Loan,out,Summer,0,Serie A,2007,2007/2008
Udinese Calcio,Federico Gerardi,19,Centre-Forward,Monza,Loan,out,Summer,0,Serie A,2007,2007/2008
Udinese Calcio,Marco Motta,21,Right-Back,Torino,Loan,out,Summer,0,Serie A,2007,2007/2008
Udinese Calcio,Marco Murriero,24,Goalkeeper,Martina,?,out,Summer,NA,Serie A,2007,2007/2008
Udinese Calcio,Christian Tiboni,19,Centre-Forward,AC Pisa,Loan,out,Summer,0,Serie A,2007,2007/2008
Udinese Calcio,Piermario Morosini,20,Central Midfield,Vicenza,?,out,Summer,NA,Serie A,2007,2007/2008
Udinese Calcio,Jarkko Hurme,21,Right-Back,Hellas Verona,?,out,Summer,NA,Serie A,2007,2007/2008
Udinese Calcio,Fabrizio Casazza,36,Goalkeeper,US Caravaggese,?,out,Summer,NA,Serie A,2007,2007/2008
Udinese Calcio,Carlo Sciarrone,23,Goalkeeper,Massese,?,out,Summer,NA,Serie A,2007,2007/2008
Cagliari Calcio,Pasquale Foggia,24,Attacking Midfield,Lazio,Loan fee:£2.25m,in,Summer,2.25,Serie A,2007,2007/2008
Cagliari Calcio,Alessandro Matri,22,Centre-Forward,AC Milan,£2.07m,in,Summer,2.07,Serie A,2007,2007/2008
Cagliari Calcio,Paolo Bianco,29,Centre-Back,Catania,£1.17m,in,Summer,1.17,Serie A,2007,2007/2008
Cagliari Calcio,Andrea Parola,28,Defensive Midfield,Sampdoria,£1.08m,in,Summer,1.08,Serie A,2007,2007/2008
Cagliari Calcio,Joaquín Larrivey,23,Centre-Forward,Huracán,£882Th.,in,Summer,0.882,Serie A,2007,2007/2008
Cagliari Calcio,Andrea Cossu,27,Attacking Midfield,Hellas Verona,£450Th.,in,Summer,0.45,Serie A,2007,2007/2008
Cagliari Calcio,Rijat Shala,23,Central Midfield,Foggia,?,in,Summer,NA,Serie A,2007,2007/2008
Cagliari Calcio,Jan Koprivec,19,Goalkeeper,FC Koper,?,in,Summer,NA,Serie A,2007,2007/2008
Cagliari Calcio,Robert Acquafresca,19,Centre-Forward,Inter,Loan,in,Summer,0,Serie A,2007,2007/2008
Cagliari Calcio,Vincenzo Marruocco,28,Goalkeeper,Foggia,?,in,Summer,NA,Serie A,2007,2007/2008
Cagliari Calcio,Abdoulaye Diarra,20,Left Midfield,Inter,?,in,Summer,NA,Serie A,2007,2007/2008
Cagliari Calcio,Daniele Magliocchetti,21,Centre-Back,AS Roma,Loan,in,Summer,0,Serie A,2007,2007/2008
Cagliari Calcio,Michele Fini,33,Central Midfield,Ascoli,?,in,Summer,NA,Serie A,2007,2007/2008
Cagliari Calcio,Davide Biondini,24,Central Midfield,Reggina,?,in,Summer,NA,Serie A,2007,2007/2008
Cagliari Calcio,Marco Sau,19,Centre-Forward,Cagliari U19,-,in,Summer,0,Serie A,2007,2007/2008
Cagliari Calcio,Marco Mancosu,18,Attacking Midfield,Cagliari U19,-,in,Summer,0,Serie A,2007,2007/2008
Cagliari Calcio,David Suazo,27,Centre-Forward,Inter,£11.70m,out,Summer,11.7,Serie A,2007,2007/2008
Cagliari Calcio,Mauro Esposito,28,Right Winger,AS Roma,£3.60m,out,Summer,3.6,Serie A,2007,2007/2008
Cagliari Calcio,José Semedo,22,Defensive Midfield,Charlton,Free transfer,out,Summer,0,Serie A,2007,2007/2008
Cagliari Calcio,Antonio Chimenti,37,Goalkeeper,Udinese,Free transfer,out,Summer,0,Serie A,2007,2007/2008
Cagliari Calcio,Antonio Langella,30,Left Winger,Atalanta,Free transfer,out,Summer,0,Serie A,2007,2007/2008
Cagliari Calcio,Marco Sau,19,Centre-Forward,Manfredonia,Loan,out,Summer,0,Serie A,2007,2007/2008
Cagliari Calcio,Andrea Capone,26,Attacking Midfield,Vicenza,Free transfer,out,Summer,0,Serie A,2007,2007/2008
Cagliari Calcio,Alessandro Conticchio,33,Central Midfield,Avellino,?,out,Summer,NA,Serie A,2007,2007/2008
Cagliari Calcio,Claudio Pani,21,Defensive Midfield,Modena,Loan,out,Summer,0,Serie A,2007,2007/2008
Cagliari Calcio,Simone Aresti,21,Goalkeeper,Pistoiese,Loan,out,Summer,0,Serie A,2007,2007/2008
Cagliari Calcio,Leonardo Colucci,34,Central Midfield,Cremonese,?,out,Summer,NA,Serie A,2007,2007/2008
Cagliari Calcio,Abdoulaye Diarra,20,Left Midfield,NK Maribor,?,out,Summer,NA,Serie A,2007,2007/2008
Cagliari Calcio,Davide Biondini,24,Central Midfield,Reggina,"End of loanJun 30, 2007",out,Summer,0,Serie A,2007,2007/2008
Cagliari Calcio,Paolo Bianco,29,Centre-Back,Catania,"End of loanJun 30, 2007",out,Summer,0,Serie A,2007,2007/2008
Cagliari Calcio,Simone Pepe,23,Right Winger,Udinese,"End of loanJun 30, 2007",out,Summer,0,Serie A,2007,2007/2008
Cagliari Calcio,Gabriel Peñalba,22,Central Midfield,Quilmes,"End of loanJun 30, 2007",out,Summer,0,Serie A,2007,2007/2008
FC Internazionale,Maniche,30,Central Midfield,Atlético Madrid,Loan fee:£900Th.,in,Winter,0.9,Serie A,2007,2007/2008
FC Internazionale,Ivan Fatic,19,Centre-Back,Inter U19,-,in,Winter,0,Serie A,2007,2007/2008
FC Internazionale,Lampros Choutos,28,Centre-Forward,Panionios,Free transfer,out,Winter,0,Serie A,2007,2007/2008
FC Internazionale,Adriano,25,Centre-Forward,São Paulo,Loan,out,Winter,0,Serie A,2007,2007/2008
FC Internazionale,Ibrahim Maaroufi,18,Defensive Midfield,Twente FC,Loan,out,Winter,0,Serie A,2007,2007/2008
FC Internazionale,Attila Filkor,19,Central Midfield,Grosseto,Loan,out,Winter,0,Serie A,2007,2007/2008
FC Internazionale,Enrico Alfonso,19,Goalkeeper,SSC Venezia,Loan,out,Winter,0,Serie A,2007,2007/2008
FC Internazionale,Jonathan Biabiany,19,Right Winger,Modena,Loan,out,Winter,0,Serie A,2007,2007/2008
FC Internazionale,Simone Fautario,20,Left-Back,Pistoiese,?,out,Winter,NA,Serie A,2007,2007/2008
FC Internazionale,Giacomo Bindi,20,Goalkeeper,Manfredonia,Loan,out,Winter,0,Serie A,2007,2007/2008
FC Internazionale,Matteo Lombardo,22,Left Midfield,US Caravaggese,Loan,out,Winter,0,Serie A,2007,2007/2008
AS Roma,Ahmed Barusso,23,Defensive Midfield,Galatasaray,Loan fee:£360Th.,out,Winter,0.36,Serie A,2007,2007/2008
AS Roma,Ricardo Faty,21,Defensive Midfield,FC Nantes,Loan,out,Winter,0,Serie A,2007,2007/2008
AS Roma,Samuel Kuffour,31,Centre-Back,Ajax,Free transfer,out,Winter,0,Serie A,2007,2007/2008
AS Roma,Marco Andreolli,21,Centre-Back,Vicenza,Loan,out,Winter,0,Serie A,2007,2007/2008
AC Milan,Sandro Bloudek,21,Attacking Midfield,FC Chiasso,Loan,out,Winter,0,Serie A,2007,2007/2008
AC Milan,Marco Storari,31,Goalkeeper,Cagliari Calcio,Loan fee:£9Th.,out,Winter,0.009,Serie A,2007,2007/2008
AC Milan,Patrick Kalambay,23,Right Midfield,Ancona,Loan,out,Winter,0,Serie A,2007,2007/2008
AC Milan,Leandro Grimi,22,Left-Back,Sporting CP,Loan,out,Winter,0,Serie A,2007,2007/2008
AC Milan,Luca Antonelli,20,Left-Back,Parma,Loan,out,Winter,0,Serie A,2007,2007/2008
UC Sampdoria,Nikola Gulan,18,Left-Back,Fiorentina,Loan fee:£1.35m,in,Winter,1.35,Serie A,2007,2007/2008
UC Sampdoria,Leonardo Migliónico,27,Centre-Back,Piacenza,?,in,Winter,NA,Serie A,2007,2007/2008
UC Sampdoria,Pietro Arnulfo,19,Forward,Sampdoria U19,-,in,Winter,0,Serie A,2007,2007/2008
UC Sampdoria,Andrea Caracciolo,26,Centre-Forward,Brescia,£6.35m,out,Winter,6.35,Serie A,2007,2007/2008
UC Sampdoria,Salvatore Foti,19,Centre-Forward,Messina Peloro,?,out,Winter,NA,Serie A,2007,2007/2008
UC Sampdoria,Alessandro Bastrini,20,Centre-Back,Modena,Loan,out,Winter,0,Serie A,2007,2007/2008
UC Sampdoria,Francesco Virdis,22,Centre-Forward,Pescara,Loan,out,Winter,0,Serie A,2007,2007/2008
UC Sampdoria,Giovanni Taormina,19,Left Midfield,Sorrento,Loan,out,Winter,0,Serie A,2007,2007/2008
US Palermo,Federico Balzaretti,26,Left-Back,Fiorentina,£3.42m,in,Winter,3.42,Serie A,2007,2007/2008
US Palermo,Edgar Cani,18,Centre-Forward,Pescara,£1.08m,in,Winter,1.08,Serie A,2007,2007/2008
US Palermo,Luca Di Matteo,19,Left-Back,Pescara,£855Th.,in,Winter,0.855,Serie A,2007,2007/2008
US Palermo,Aimo Diana,30,Right Midfield,Torino,£1.08m,out,Winter,1.08,Serie A,2007,2007/2008
US Palermo,Franco Brienza,28,Attacking Midfield,Reggina,Loan fee:£270Th.,out,Winter,0.27,Serie A,2007,2007/2008
US Palermo,Nicola Ficano,20,Left-Back,Martina,Loan,out,Winter,0,Serie A,2007,2007/2008
US Palermo,Marco Pisano,26,Left-Back,Torino,Loan,out,Winter,0,Serie A,2007,2007/2008
SSC Napoli,Daniele Mannini,24,Right Midfield,Brescia,£6.30m,in,Winter,6.3,Serie A,2007,2007/2008
SSC Napoli,Fabiano Santacroce,21,Centre-Back,Brescia,£4.95m,in,Winter,4.95,Serie A,2007,2007/2008
SSC Napoli,Michele Pazienza,25,Defensive Midfield,Fiorentina,£3.83m,in,Winter,3.83,Serie A,2007,2007/2008
SSC Napoli,Nicolás Navarro,22,Goalkeeper,Argentinos Jrs.,£3.03m,in,Winter,3.03,Serie A,2007,2007/2008
SSC Napoli,Piá,25,Left Winger,Catania,Loan fee:£59Th.,out,Winter,0.059,Serie A,2007,2007/2008
SSC Napoli,Roberto De Zerbi,28,Attacking Midfield,Brescia,Loan,out,Winter,0,Serie A,2007,2007/2008
SSC Napoli,Fabio Gatti,25,Defensive Midfield,Modena,?,out,Winter,NA,Serie A,2007,2007/2008
SSC Napoli,Nicolás Amodio,24,Defensive Midfield,Mantova,Loan,out,Winter,0,Serie A,2007,2007/2008
SSC Napoli,Rubén Maldonado,28,Centre-Back,Chievo Verona,Loan,out,Winter,0,Serie A,2007,2007/2008
SSC Napoli,Cristian Bucchi,30,Centre-Forward,Bologna,Loan,out,Winter,0,Serie A,2007,2007/2008
SSC Napoli,Mario Fontanella,18,Centre-Forward,Barletta,?,out,Winter,NA,Serie A,2007,2007/2008
Juventus FC,Mohamed Sissoko,23,Defensive Midfield,Liverpool,£9.90m,in,Winter,9.9,Serie A,2007,2007/2008
Juventus FC,Guglielmo Stendardo,26,Centre-Back,Lazio,Loan fee:£360Th.,in,Winter,0.36,Serie A,2007,2007/2008
Juventus FC,Jean-Alain Boumsong,28,Centre-Back,Olympique Lyon,£2.88m,out,Winter,2.88,Serie A,2007,2007/2008
Juventus FC,Domenico Criscito,21,Left-Back,Genoa,Loan fee:£900Th.,out,Winter,0.9,Serie A,2007,2007/2008
Juventus FC,Rubén Olivera,24,Central Midfield,Peñarol,Loan,out,Winter,0,Serie A,2007,2007/2008
Juventus FC,Sergio Almirón,27,Central Midfield,Monaco,Loan,out,Winter,0,Serie A,2007,2007/2008
FC Empoli,Alessandro Budel,26,Defensive Midfield,Without Club,-,in,Winter,0,Serie A,2007,2007/2008
FC Empoli,Éder,21,Second Striker,Frosinone,£1.35m,out,Winter,1.35,Serie A,2007,2007/2008
FC Empoli,Dezmon Giraldi,21,Centre-Forward,Adelaide United,Free transfer,out,Winter,0,Serie A,2007,2007/2008
FC Empoli,Felice Prevete,20,Centre-Back,FC Crotone,Free transfer,out,Winter,0,Serie A,2007,2007/2008
FC Empoli,Christian Cesaretti,20,Centre-Forward,Lucchese,Loan,out,Winter,0,Serie A,2007,2007/2008
Genoa CFC,Domenico Criscito,21,Left-Back,Juventus,Loan fee:£900Th.,in,Winter,0.9,Serie A,2007,2007/2008
Genoa CFC,Matías Masiero,19,Second Striker,Central,?,in,Winter,NA,Serie A,2007,2007/2008
Genoa CFC,Wilson,22,Centre-Forward,Corinthians,?,in,Winter,NA,Serie A,2007,2007/2008
Genoa CFC,Anthony Vanden Borre,20,Right-Back,Fiorentina,?,in,Winter,NA,Serie A,2007,2007/2008
Genoa CFC,N'Diaye Papa Waigo,23,Right Winger,Fiorentina,?,out,Winter,NA,Serie A,2007,2007/2008
Genoa CFC,Andrea Masiello,21,Centre-Back,Bari,?,out,Winter,NA,Serie A,2007,2007/2008
Genoa CFC,Francesco Bega,33,Centre-Back,Brescia,?,out,Winter,NA,Serie A,2007,2007/2008
Genoa CFC,Rivaldo González,20,Attacking Midfield,Potenza SC,?,out,Winter,NA,Serie A,2007,2007/2008
ACF Fiorentina,Manuel da Costa,21,Centre-Back,PSV Eindhoven,£4.05m,in,Winter,4.05,Serie A,2007,2007/2008
ACF Fiorentina,Daniele Cacia,24,Centre-Forward,Piacenza,£3.60m,in,Winter,3.6,Serie A,2007,2007/2008
ACF Fiorentina,N'Diaye Papa Waigo,23,Right Winger,Genoa,?,in,Winter,NA,Serie A,2007,2007/2008
ACF Fiorentina,Matthias Lepiller,19,Second Striker,Fiorentina U19,-,in,Winter,0,Serie A,2007,2007/2008
ACF Fiorentina,Michele Pazienza,25,Defensive Midfield,SSC Napoli,£3.83m,out,Winter,3.83,Serie A,2007,2007/2008
ACF Fiorentina,Federico Balzaretti,26,Left-Back,US Palermo,£3.42m,out,Winter,3.42,Serie A,2007,2007/2008
ACF Fiorentina,Nikola Gulan,18,Left-Back,Sampdoria,Loan fee:£1.35m,out,Winter,1.35,Serie A,2007,2007/2008
ACF Fiorentina,Guly,26,Attacking Midfield,Mantova,Loan fee:£45Th.,out,Winter,0.045,Serie A,2007,2007/2008
ACF Fiorentina,Arturo Lupoli,20,Centre-Forward,Treviso,Loan,out,Winter,0,Serie A,2007,2007/2008
ACF Fiorentina,Anthony Vanden Borre,20,Right-Back,Genoa,?,out,Winter,NA,Serie A,2007,2007/2008
ACF Fiorentina,Andrea Paolucci,21,Central Midfield,Cesena,Loan,out,Winter,0,Serie A,2007,2007/2008
ACF Fiorentina,Danilo D'Ambrosio,19,Right-Back,Potenza SC,?,out,Winter,NA,Serie A,2007,2007/2008
AS Livorno,Filip Krstic,19,Centre-Back,Valencia,£315Th.,in,Winter,0.315,Serie A,2007,2007/2008
AS Livorno,Sidny,26,Right-Back,Náutico,£180Th.,in,Winter,0.18,Serie A,2007,2007/2008
AS Livorno,Tommaso Vailatti,21,Right Midfield,Torino,Loan,in,Winter,0,Serie A,2007,2007/2008
AS Livorno,Matteo Melara,28,Right-Back,Torino,Loan,in,Winter,0,Serie A,2007,2007/2008
AS Livorno,Tomas Danilevicius,29,Centre-Forward,Grosseto,Loan,out,Winter,0,Serie A,2007,2007/2008
AS Livorno,Vikash Dhorasoo,34,Central Midfield,Without Club,-,out,Winter,0,Serie A,2007,2007/2008
Atalanta BC,Ivan Radovanovic,19,Defensive Midfield,Partizan,£1.35m,in,Winter,1.35,Serie A,2007,2007/2008
Atalanta BC,Michele Paolucci,21,Centre-Forward,Udinese,Loan,in,Winter,0,Serie A,2007,2007/2008
Atalanta BC,Riccardo Fissore,27,Centre-Back,Vicenza,Loan,in,Winter,0,Serie A,2007,2007/2008
Atalanta BC,Riccardo Zampagna,33,Centre-Forward,Vicenza,?,out,Winter,NA,Serie A,2007,2007/2008
Atalanta BC,Antonino D'Agostino,29,Right Midfield,Treviso,Loan,out,Winter,0,Serie A,2007,2007/2008
Atalanta BC,Antonino Bernardini,33,Defensive Midfield,Vicenza,?,out,Winter,NA,Serie A,2007,2007/2008
Atalanta BC,Marino Defendi,22,Central Midfield,Chievo Verona,Loan,out,Winter,0,Serie A,2007,2007/2008
Atalanta BC,Alberto Filippini,20,Attacking Midfield,Manfredonia,Loan,out,Winter,0,Serie A,2007,2007/2008
Atalanta BC,Stefano Mauri,19,Left Midfield,Sangiovannese,Loan,out,Winter,0,Serie A,2007,2007/2008
AC Siena,Richard Porta,24,Centre-Forward,River Plate,£3.15m,in,Winter,3.15,Serie A,2007,2007/2008
AC Siena,Artur Moraes,26,Goalkeeper,Coritiba FC,£720Th.,in,Winter,0.72,Serie A,2007,2007/2008
AC Siena,Christian Riganó,33,Centre-Forward,Levante,Loan,in,Winter,0,Serie A,2007,2007/2008
AC Siena,Houssine Kharja,25,Central Midfield,Piacenza,Loan,in,Winter,0,Serie A,2007,2007/2008
AC Siena,Mirko Guadalupi,20,Attacking Midfield,Siena U19,-,in,Winter,0,Serie A,2007,2007/2008
AC Siena,Ricardo Verón,26,Central Midfield,PAOK Salonika,£180Th.,out,Winter,0.18,Serie A,2007,2007/2008
AC Siena,Vanderson,23,Left-Back,Martina,Free transfer,out,Winter,0,Serie A,2007,2007/2008
AC Siena,Marcin Siedlarz,20,Central Midfield,Ruch Chorzow,Free transfer,out,Winter,0,Serie A,2007,2007/2008
AC Siena,Artur Moraes,26,Goalkeeper,Cesena,Loan fee:£23Th.,out,Winter,0.023,Serie A,2007,2007/2008
AC Siena,Daniele Corvia,23,Centre-Forward,Lecce,Loan,out,Winter,0,Serie A,2007,2007/2008
AC Siena,Rodrigo Lazzari,27,Centre-Back,Martina,Loan,out,Winter,0,Serie A,2007,2007/2008
AC Siena,Gennaro Esposito,22,Defensive Midfield,Cesena,Loan,out,Winter,0,Serie A,2007,2007/2008
AC Siena,Pasquale Iadaresta,21,Centre-Forward,Torres,Loan,out,Winter,0,Serie A,2007,2007/2008
Parma FC,Cristiano Lucarelli,32,Centre-Forward,Shakhtar D.,£5.13m,in,Winter,5.13,Serie A,2007,2007/2008
Parma FC,Luca Antonelli,20,Left-Back,AC Milan,Loan,in,Winter,0,Serie A,2007,2007/2008
Parma FC,Christian Anelli,18,Centre-Back,AC Montichiari,?,in,Winter,NA,Serie A,2007,2007/2008
Parma FC,Giuseppe Cardone,33,Right-Back,Cesena,?,out,Winter,NA,Serie A,2007,2007/2008
Parma FC,Daniele Paponi,19,Centre-Forward,Cesena,Loan,out,Winter,0,Serie A,2007,2007/2008
Parma FC,Alessio Tombesi,25,Left-Back,Avellino,?,out,Winter,NA,Serie A,2007,2007/2008
Parma FC,Davide Matteini,25,Left Winger,Vicenza,Loan,out,Winter,0,Serie A,2007,2007/2008
Parma FC,Niccolò Galli,19,Central Midfield,Massese,Loan,out,Winter,0,Serie A,2007,2007/2008
Parma FC,Mattia Pin,19,Forward,Cappiano Romano,Loan,out,Winter,0,Serie A,2007,2007/2008
SS Lazio,David Rozehnal,27,Centre-Back,Newcastle,Loan fee:£900Th.,in,Winter,0.9,Serie A,2007,2007/2008
SS Lazio,Stefan Radu,21,Centre-Back,Dinamo Bucarest,Loan fee:£810Th.,in,Winter,0.81,Serie A,2007,2007/2008
SS Lazio,Ousmane Dabo,30,Defensive Midfield,Man City,£237Th.,in,Winter,0.237,Serie A,2007,2007/2008
SS Lazio,Rolando Bianchi,24,Centre-Forward,Man City,Loan,in,Winter,0,Serie A,2007,2007/2008
SS Lazio,Ivan Artipoli,21,Centre-Back,Prato,?,in,Winter,NA,Serie A,2007,2007/2008
SS Lazio,Guglielmo Stendardo,26,Centre-Back,Juventus,Loan fee:£360Th.,out,Winter,0.36,Serie A,2007,2007/2008
SS Lazio,Lionel Scaloni,29,Right-Back,RCD Mallorca,Loan,out,Winter,0,Serie A,2007,2007/2008
SS Lazio,Alberto Quadri,24,Defensive Midfield,Perugia,Loan,out,Winter,0,Serie A,2007,2007/2008
SS Lazio,Stephen Makinwa,24,Centre-Forward,Reggina,Loan,out,Winter,0,Serie A,2007,2007/2008
SS Lazio,Simone Sannibale,21,Centre-Back,AC Scafatese,?,out,Winter,NA,Serie A,2007,2007/2008
SS Lazio,Matteo Merini,20,Centre-Forward,Kmita Zabierzów,Loan,out,Winter,0,Serie A,2007,2007/2008
Calcio Catania,Matías Silvestre,23,Centre-Back,Boca Juniors,£1.35m,in,Winter,1.35,Serie A,2007,2007/2008
Calcio Catania,Pablo Álvarez,23,Right-Back,Estudiantes,£923Th.,in,Winter,0.923,Serie A,2007,2007/2008
Calcio Catania,Piá,25,Left Winger,SSC Napoli,Loan fee:£59Th.,in,Winter,0.059,Serie A,2007,2007/2008
Calcio Catania,Generoso Rossi,28,Goalkeeper,Triestina,Loan,in,Winter,0,Serie A,2007,2007/2008
Calcio Catania,Francesco Millesi,27,Left Winger,Spezia,Loan,out,Winter,0,Serie A,2007,2007/2008
Calcio Catania,Riccardo Nardini,24,Central Midfield,Avellino,Loan,out,Winter,0,Serie A,2007,2007/2008
Calcio Catania,Babù,27,Right Winger,Triestina,Loan,out,Winter,0,Serie A,2007,2007/2008
Calcio Catania,Cristian Llama,21,Left Midfield,Newell's,Loan,out,Winter,0,Serie A,2007,2007/2008
Calcio Catania,Gianluca Falsini,32,Left-Back,Arezzo,?,out,Winter,NA,Serie A,2007,2007/2008
Reggina Calcio,Franco Brienza,28,Attacking Midfield,US Palermo,Loan fee:£270Th.,in,Winter,0.27,Serie A,2007,2007/2008
Reggina Calcio,Andrea Costa,21,Centre-Back,Bologna,Loan fee:£90Th.,in,Winter,0.09,Serie A,2007,2007/2008
Reggina Calcio,Bruno Cirillo,30,Centre-Back,Levante,Loan,in,Winter,0,Serie A,2007,2007/2008
Reggina Calcio,Cristhian Stuani,21,Centre-Forward,Danubio FC,?,in,Winter,NA,Serie A,2007,2007/2008
Reggina Calcio,Stephen Makinwa,24,Centre-Forward,Lazio,Loan,in,Winter,0,Serie A,2007,2007/2008
Reggina Calcio,Kris Stadsgaard,22,Centre-Back,Rosenborg BK,£450Th.,out,Winter,0.45,Serie A,2007,2007/2008
Reggina Calcio,Nicki Bille Nielsen,19,Centre-Forward,Lucchese,Loan,out,Winter,0,Serie A,2007,2007/2008
Reggina Calcio,Nicolò Cherubin,21,Centre-Back,Avellino,Loan,out,Winter,0,Serie A,2007,2007/2008
Reggina Calcio,Ivan Castiglia,19,Central Midfield,Lucchese,Loan,out,Winter,0,Serie A,2007,2007/2008
Torino FC,Aimo Diana,30,Right Midfield,US Palermo,£1.08m,in,Winter,1.08,Serie A,2007,2007/2008
Torino FC,Marco Pisano,26,Left-Back,US Palermo,Loan,in,Winter,0,Serie A,2007,2007/2008
Torino FC,Kwadwo Asamoah,19,Left Midfield,AC Bellinzona,Loan,in,Winter,0,Serie A,2007,2007/2008
Torino FC,Tommaso Vailatti,21,Right Midfield,AS Livorno,Loan,out,Winter,0,Serie A,2007,2007/2008
Torino FC,Matteo Melara,28,Right-Back,AS Livorno,Loan,out,Winter,0,Serie A,2007,2007/2008
Torino FC,Vito Falconieri,21,Centre-Forward,Catanzaro,Loan,out,Winter,0,Serie A,2007,2007/2008
Udinese Calcio,Moreno,24,Left-Back,Botafogo,Free transfer,in,Winter,0,Serie A,2007,2007/2008
Udinese Calcio,Abdul-Aziz Tetteh,17,Defensive Midfield,Liberty Prof.,Free transfer,in,Winter,0,Serie A,2007,2007/2008
Udinese Calcio,Riccardo Colombo,25,Right-Back,UC AlbinoLeffe,Loan,in,Winter,0,Serie A,2007,2007/2008
Udinese Calcio,Viktor Budyanskiy,23,Central Midfield,Lecce,Loan fee:£135Th.,out,Winter,0.135,Serie A,2007,2007/2008
Udinese Calcio,Tomás Sivok,24,Centre-Back,Sparta Praha,Loan,out,Winter,0,Serie A,2007,2007/2008
Udinese Calcio,Christian Tiboni,19,Centre-Forward,Sassuolo,Loan,out,Winter,0,Serie A,2007,2007/2008
Udinese Calcio,Michele Paolucci,21,Centre-Forward,Atalanta,Loan,out,Winter,0,Serie A,2007,2007/2008
Udinese Calcio,Ferdinando Sforzini,23,Centre-Forward,Ravenna,Loan,out,Winter,0,Serie A,2007,2007/2008
Udinese Calcio,Claudio Vargas,22,Defensive Midfield,Luqueño,Loan,out,Winter,0,Serie A,2007,2007/2008
Udinese Calcio,Andrea Peron,20,Centre-Forward,Massese,Loan,out,Winter,0,Serie A,2007,2007/2008
Udinese Calcio,Federico Gerardi,20,Centre-Forward,Sangiovannese,Loan,out,Winter,0,Serie A,2007,2007/2008
Cagliari Calcio,Jeda,28,Second Striker,Rimini,£2.25m,in,Winter,2.25,Serie A,2007,2007/2008
Cagliari Calcio,Vítor Gomes,20,Central Midfield,Rio Ave FC,Loan,in,Winter,0,Serie A,2007,2007/2008
Cagliari Calcio,Luca Capecchi,33,Goalkeeper,Ravenna,Loan,in,Winter,0,Serie A,2007,2007/2008
Cagliari Calcio,Marco Storari,31,Goalkeeper,AC Milan,Loan fee:£9Th.,in,Winter,0.009,Serie A,2007,2007/2008
Cagliari Calcio,Sebastián Rosano,20,Right Midfield,Wanderers,Loan,in,Winter,0,Serie A,2007,2007/2008
Cagliari Calcio,Rafael Acosta,18,Central Midfield,Cagliari U19,-,in,Winter,0,Serie A,2007,2007/2008
Cagliari Calcio,Enrico Cotza,19,Central Midfield,Cagliari U19,-,in,Winter,0,Serie A,2007,2007/2008
Cagliari Calcio,Daniele Ragatzu,16,Second Striker,Cagliari U19,-,in,Winter,0,Serie A,2007,2007/2008
Cagliari Calcio,Marco Fortin,33,Goalkeeper,Vicenza,?,out,Winter,NA,Serie A,2007,2007/2008
Cagliari Calcio,Joe Bizera,27,Centre-Back,M. Tel Aviv,Loan,out,Winter,0,Serie A,2007,2007/2008
Cagliari Calcio,Vincenzo Marruocco,28,Goalkeeper,Ravenna,Loan,out,Winter,0,Serie A,2007,2007/2008
Cagliari Calcio,Alessandro Budel,26,Defensive Midfield,Without Club,-,out,Winter,0,Serie A,2007,2007/2008
