club_name,player_name,age,position,club_involved_name,fee,transfer_movement,transfer_period,fee_cleaned,league_name,year,season
Olympique Lyon,Fred,21,Centre-Forward,Cruzeiro,£14.04m,in,Summer,14.04,Ligue 1,2005,2005/2006
Olympique Lyon,Tiago,24,Central Midfield,Chelsea,£9.09m,in,Summer,9.09,Ligue 1,2005,2005/2006
Olympique Lyon,John Carew,25,Centre-Forward,Besiktas,£6.84m,in,Summer,6.84,Ligue 1,2005,2005/2006
Olympique Lyon,Benoît Pedretti,24,Defensive Midfield,Marseille,£6.75m,in,Summer,6.75,Ligue 1,2005,2005/2006
Olympique Lyon,Sylvain Monsoreau,24,Centre-Back,FC Sochaux,£4.50m,in,Summer,4.5,Ligue 1,2005,2005/2006
Olympique Lyon,Rémy Riou,17,Goalkeeper,Olymp. Lyon B,-,in,Summer,0,Ligue 1,2005,2005/2006
Olympique Lyon,Karim Benzema,17,Centre-Forward,Olymp. Lyon U19,-,in,Summer,0,Ligue 1,2005,2005/2006
Olympique Lyon,Romain Beynié,18,Defensive Midfield,Olymp. Lyon B,-,in,Summer,0,Ligue 1,2005,2005/2006
Olympique Lyon,Rémy Vercoutre,25,Goalkeeper,R. Strasbourg,"End of loanJun 30, 2005",in,Summer,0,Ligue 1,2005,2005/2006
Olympique Lyon,François Clerc,22,Right-Back,Toulouse,"End of loanJun 30, 2005",in,Summer,0,Ligue 1,2005,2005/2006
Olympique Lyon,Julien Viale,23,Centre-Forward,Stade Reims,"End of loanJun 30, 2005",in,Summer,0,Ligue 1,2005,2005/2006
Olympique Lyon,Romain Sartre,22,Centre-Back,Stade Lavallois,"End of loanJun 30, 2005",in,Summer,0,Ligue 1,2005,2005/2006
Olympique Lyon,Demba Touré,20,Second Striker,Grasshoppers,"End of loanJun 30, 2005",in,Summer,0,Ligue 1,2005,2005/2006
Olympique Lyon,Alexandre Hauw,23,Left Midfield,Clermont Foot,"End of loanJun 30, 2005",in,Summer,0,Ligue 1,2005,2005/2006
Olympique Lyon,Michael Essien,22,Defensive Midfield,Chelsea,£34.20m,out,Summer,34.2,Ligue 1,2005,2005/2006
Olympique Lyon,Bryan Bergougnoux,22,Attacking Midfield,Toulouse,£3.06m,out,Summer,3.06,Ligue 1,2005,2005/2006
Olympique Lyon,Nilmar,21,Centre-Forward,Corinthians,Loan fee:£1.80m,out,Summer,1.8,Ligue 1,2005,2005/2006
Olympique Lyon,Nicolas Puydebois,24,Goalkeeper,R. Strasbourg,Free transfer,out,Summer,0,Ligue 1,2005,2005/2006
Olympique Lyon,Romain Sartre,22,Centre-Back,CS Sedan,Free transfer,out,Summer,0,Ligue 1,2005,2005/2006
Olympique Lyon,Kelly Youga,19,Left-Back,Charlton,Free transfer,out,Summer,0,Ligue 1,2005,2005/2006
Olympique Lyon,Yacine Hima,21,Central Midfield,LB Châteauroux,Loan,out,Summer,0,Ligue 1,2005,2005/2006
Olympique Lyon,Yohann Gomez,23,Defensive Midfield,SC Bastia,Free transfer,out,Summer,0,Ligue 1,2005,2005/2006
Olympique Lyon,Alexandre Hauw,23,Left Midfield,FC Gueugnon,Free transfer,out,Summer,0,Ligue 1,2005,2005/2006
Olympique Lyon,Daniel Jaccard,20,Goalkeeper,Maconnais,Free transfer,out,Summer,0,Ligue 1,2005,2005/2006
Olympique Lyon,Demba Touré,20,Second Striker,Grasshoppers,?,out,Summer,NA,Ligue 1,2005,2005/2006
Olympique Lyon,Sylvain Idangar,21,Left Winger,Valenciennes FC,Loan,out,Summer,0,Ligue 1,2005,2005/2006
LOSC Lille,Abdul Kader Keita,23,Right Winger,Al-Sadd SC,£2.70m,in,Summer,2.7,Ligue 1,2005,2005/2006
LOSC Lille,Daniel Gygax,23,Attacking Midfield,FC Zürich,£675Th.,in,Summer,0.675,Ligue 1,2005,2005/2006
LOSC Lille,Stephan Lichtsteiner,21,Right-Back,Grasshoppers,£585Th.,in,Summer,0.585,Ligue 1,2005,2005/2006
LOSC Lille,Flavien Le Postollec,21,Defensive Midfield,FC Martigues,Free transfer,in,Summer,0,Ligue 1,2005,2005/2006
LOSC Lille,Hicham Aboucherouane,24,Left Winger,Raja Casablanca,Loan,in,Summer,0,Ligue 1,2005,2005/2006
LOSC Lille,Mathieu Robail,20,Left Midfield,LOSC Lille B,-,in,Summer,0,Ligue 1,2005,2005/2006
LOSC Lille,Samuel Robail,20,Attacking Midfield,LOSC Lille B,-,in,Summer,0,Ligue 1,2005,2005/2006
LOSC Lille,Larsen Touré,21,Right Winger,LOSC Lille B,-,in,Summer,0,Ligue 1,2005,2005/2006
LOSC Lille,Serge Djamba-Shango,23,Left Winger,KV Oostende,"End of loanJun 30, 2005",in,Summer,0,Ligue 1,2005,2005/2006
LOSC Lille,Christophe Landrin,28,Central Midfield,Paris SG,Free transfer,out,Summer,0,Ligue 1,2005,2005/2006
LOSC Lille,Philippe Brunel,32,Left Midfield,FC Sochaux,Free transfer,out,Summer,0,Ligue 1,2005,2005/2006
LOSC Lille,Nicolas Raynier,21,Centre-Forward,FC Sète 34,Free transfer,out,Summer,0,Ligue 1,2005,2005/2006
LOSC Lille,Johan Audel,21,Left Winger,FC Lorient,Loan,out,Summer,0,Ligue 1,2005,2005/2006
LOSC Lille,Serge Djamba-Shango,23,Left Winger,VW Hamme,Free transfer,out,Summer,0,Ligue 1,2005,2005/2006
LOSC Lille,Claude N´Gantchéa,18,Goalkeeper,AC Cambrai,?,out,Summer,NA,Ligue 1,2005,2005/2006
LOSC Lille,Benoît Angbwa,23,Right-Back,Nacional,"End of loanJun 30, 2005",out,Summer,0,Ligue 1,2005,2005/2006
AS Monaco,Camel Meriem,25,Attacking Midfield,G. Bordeaux,£5.40m,in,Summer,5.4,Ligue 1,2005,2005/2006
AS Monaco,Toifilou Maoulida,26,Centre-Forward,Stade Rennais,Free transfer,in,Summer,0,Ligue 1,2005,2005/2006
AS Monaco,Guillaume Warmuz,35,Goalkeeper,Bor. Dortmund,Free transfer,in,Summer,0,Ligue 1,2005,2005/2006
AS Monaco,Olivier Sorlin,26,Defensive Midfield,Stade Rennais,Free transfer,in,Summer,0,Ligue 1,2005,2005/2006
AS Monaco,Gerard López,26,Central Midfield,FC Barcelona,Free transfer,in,Summer,0,Ligue 1,2005,2005/2006
AS Monaco,Olivier Kapo,24,Attacking Midfield,Juventus,Loan,in,Summer,0,Ligue 1,2005,2005/2006
AS Monaco,Malaury Martin,16,Defensive Midfield,Monaco B,-,in,Summer,0,Ligue 1,2005,2005/2006
AS Monaco,Serge Gakpé,18,Right Winger,Monaco B,-,in,Summer,0,Ligue 1,2005,2005/2006
AS Monaco,Olivier Veigneau,19,Left-Back,Monaco B,-,in,Summer,0,Ligue 1,2005,2005/2006
AS Monaco,Jimmy Juan,21,Central Midfield,Ipswich,"End of loanMay 19, 2005",in,Summer,0,Ligue 1,2005,2005/2006
AS Monaco,Nicolas Maurice-Belay,20,Left Midfield,Monaco B,-,in,Summer,0,Ligue 1,2005,2005/2006
AS Monaco,Arnaud Lescure,19,Centre-Back,Monaco U19,-,in,Summer,0,Ligue 1,2005,2005/2006
AS Monaco,Stéphane Ruffier,18,Goalkeeper,Monaco B,-,in,Summer,0,Ligue 1,2005,2005/2006
AS Monaco,Djibril Sidibé,23,Defensive Midfield,SC Bastia,"End of loanJun 30, 2005",in,Summer,0,Ligue 1,2005,2005/2006
AS Monaco,Nicolas Hislen,22,Defensive Midfield,FC Lorient,"End of loanJun 30, 2005",in,Summer,0,Ligue 1,2005,2005/2006
AS Monaco,Marco Ramos,22,Left-Back,US Créteil,"End of loanJun 30, 2005",in,Summer,0,Ligue 1,2005,2005/2006
AS Monaco,Éric Cubilier,25,Right-Back,Lens,"End of loanJun 30, 2005",in,Summer,0,Ligue 1,2005,2005/2006
AS Monaco,Julien Rodriguez,27,Centre-Back,Rangers,£1.35m,out,Summer,1.35,Ligue 1,2005,2005/2006
AS Monaco,Souleymane Camara,22,Right Winger,OGC Nice,£900Th.,out,Summer,0.9,Ligue 1,2005,2005/2006
AS Monaco,Hassan El Fakiri,28,Left-Back,Bor. M'gladbach,Free transfer,out,Summer,0,Ligue 1,2005,2005/2006
AS Monaco,Antoine Grauss,20,Left Midfield,Clermont Foot,Free transfer,out,Summer,0,Ligue 1,2005,2005/2006
AS Monaco,Stéphane Ruffier,18,Goalkeeper,Bayonne,Loan,out,Summer,0,Ligue 1,2005,2005/2006
AS Monaco,Sébastien Carole,22,Right Winger,Brighton,Free transfer,out,Summer,0,Ligue 1,2005,2005/2006
AS Monaco,Mohamed Kallon,25,Centre-Forward,Ittihad,Loan,out,Summer,0,Ligue 1,2005,2005/2006
AS Monaco,Grégory Lacombe,23,Right Winger,Vitória Setúbal,Free transfer,out,Summer,0,Ligue 1,2005,2005/2006
AS Monaco,Pontus Farnerud,25,Central Midfield,R. Strasbourg,Free transfer,out,Summer,0,Ligue 1,2005,2005/2006
AS Monaco,Shabani Nonda,28,Centre-Forward,AS Roma,Free transfer,out,Summer,0,Ligue 1,2005,2005/2006
AS Monaco,Djibril Sidibé,23,Defensive Midfield,LB Châteauroux,Free transfer,out,Summer,0,Ligue 1,2005,2005/2006
AS Monaco,Marco Ramos,22,Left-Back,LB Châteauroux,Free transfer,out,Summer,0,Ligue 1,2005,2005/2006
AS Monaco,Nicolas Hislen,22,Defensive Midfield,FC Martigues,Free transfer,out,Summer,0,Ligue 1,2005,2005/2006
AS Monaco,Joseph Dayo Oshadogan,29,Centre-Back,Ternana,?,out,Summer,NA,Ligue 1,2005,2005/2006
AS Monaco,Fabien Audard,27,Goalkeeper,FC Lorient,"End of loanJun 30, 2005",out,Summer,0,Ligue 1,2005,2005/2006
AS Monaco,Javier Saviola,23,Second Striker,FC Barcelona,"End of loanJun 30, 2005",out,Summer,0,Ligue 1,2005,2005/2006
Stade Rennais FC,John Utaka,23,Left Winger,Lens,£5.40m,in,Summer,5.4,Ligue 1,2005,2005/2006
Stade Rennais FC,Erik Edman,26,Left-Back,Spurs,£2.70m,in,Summer,2.7,Ligue 1,2005,2005/2006
Stade Rennais FC,Youssouf Hadji,25,Centre-Forward,SC Bastia,£1.44m,in,Summer,1.44,Ligue 1,2005,2005/2006
Stade Rennais FC,Alain Rochat,22,Centre-Back,BSC Young Boys,Free transfer,in,Summer,0,Ligue 1,2005,2005/2006
Stade Rennais FC,Cheick N'Diaye,20,Goalkeeper,Olympique Noisy-le-Sec,Free transfer,in,Summer,0,Ligue 1,2005,2005/2006
Stade Rennais FC,Florent Chaigneau,22,Goalkeeper,Brighton,"End of loanMay 31, 2006",in,Summer,0,Ligue 1,2005,2005/2006
Stade Rennais FC,Stéphane Mbia,19,Defensive Midfield,Rennes B,-,in,Summer,0,Ligue 1,2005,2005/2006
Stade Rennais FC,Arthur Sorin,19,Centre-Back,Rennes B,-,in,Summer,0,Ligue 1,2005,2005/2006
Stade Rennais FC,Amadou Coulibaly,20,Centre-Back,Rennes B,-,in,Summer,0,Ligue 1,2005,2005/2006
Stade Rennais FC,Sébastien Puygrenier,23,Centre-Back,AS Nancy,"End of loanJun 30, 2005",in,Summer,0,Ligue 1,2005,2005/2006
Stade Rennais FC,Frédéric Piquionne,26,Centre-Forward,Saint-Étienne,"End of loanJun 30, 2005",in,Summer,0,Ligue 1,2005,2005/2006
Stade Rennais FC,Frédéric Piquionne,26,Centre-Forward,Saint-Étienne,£2.70m,out,Summer,2.7,Ligue 1,2005,2005/2006
Stade Rennais FC,Arnaud Le Lan,27,Left-Back,Guingamp,£450Th.,out,Summer,0.45,Ligue 1,2005,2005/2006
Stade Rennais FC,Sébastien Puygrenier,23,Centre-Back,AS Nancy,£180Th.,out,Summer,0.18,Ligue 1,2005,2005/2006
Stade Rennais FC,Olivier Sorlin,26,Defensive Midfield,Monaco,Free transfer,out,Summer,0,Ligue 1,2005,2005/2006
Stade Rennais FC,Toifilou Maoulida,26,Centre-Forward,Monaco,Free transfer,out,Summer,0,Ligue 1,2005,2005/2006
Stade Rennais FC,Arthur Sorin,19,Centre-Back,Vannes,Loan,out,Summer,0,Ligue 1,2005,2005/2006
Stade Rennais FC,Amadou Makhtar N'Diaye,23,Defensive Midfield,Yverdon-Sport,Free transfer,out,Summer,0,Ligue 1,2005,2005/2006
Stade Rennais FC,Florent Chaigneau,21,Goalkeeper,Brighton,Loan,out,Summer,0,Ligue 1,2005,2005/2006
Stade Rennais FC,Ivica Mornar,31,Centre-Forward,Portsmouth,"End of loanJun 30, 2005",out,Summer,0,Ligue 1,2005,2005/2006
Stade Rennais FC,Alex Silva,20,Centre-Back,EC Vitória,"End of loanJun 30, 2005",out,Summer,0,Ligue 1,2005,2005/2006
Olympique Marseille,Mamadou Niang,25,Centre-Forward,R. Strasbourg,£6.30m,in,Summer,6.3,Ligue 1,2005,2005/2006
Olympique Marseille,Lorik Cana,22,Defensive Midfield,Paris SG,£3.60m,in,Summer,3.6,Ligue 1,2005,2005/2006
Olympique Marseille,Bostjan Cesar,22,Centre-Back,Dinamo Zagreb,£2.25m,in,Summer,2.25,Ligue 1,2005,2005/2006
Olympique Marseille,Christian Giménez,30,Centre-Forward,FC Basel,£630Th.,in,Summer,0.63,Ligue 1,2005,2005/2006
Olympique Marseille,Wilson Oruma,28,Attacking Midfield,FC Sochaux,Free transfer,in,Summer,0,Ligue 1,2005,2005/2006
Olympique Marseille,Franck Ribéry,22,Left Winger,Galatasaray,Free transfer,in,Summer,0,Ligue 1,2005,2005/2006
Olympique Marseille,Sabri Lamouchi,33,Central Midfield,Inter,Free transfer,in,Summer,0,Ligue 1,2005,2005/2006
Olympique Marseille,André Luis,25,Centre-Back,Benfica,Loan,in,Summer,0,Ligue 1,2005,2005/2006
Olympique Marseille,Andrés Mendoza,27,Centre-Forward,Metallurg D.,Loan,in,Summer,0,Ligue 1,2005,2005/2006
Olympique Marseille,Yannick Quesnel,31,Goalkeeper,Benfica,Loan,in,Summer,0,Ligue 1,2005,2005/2006
Olympique Marseille,Khalifa Ba,19,Centre-Back,Marseille B,-,in,Summer,0,Ligue 1,2005,2005/2006
Olympique Marseille,Fabien Barthez,34,Goalkeeper,Ban,-,in,Summer,0,Ligue 1,2005,2005/2006
Olympique Marseille,Mohamed Dennoun,19,Attacking Midfield,Marseille B,-,in,Summer,0,Ligue 1,2005,2005/2006
Olympique Marseille,Thomas Deruda,18,Central Midfield,Marseille B,-,in,Summer,0,Ligue 1,2005,2005/2006
Olympique Marseille,Fabrice Begeorgi,18,Left-Back,Marseille B,-,in,Summer,0,Ligue 1,2005,2005/2006
Olympique Marseille,Salomon Olembé,25,Left Midfield,Al-Rayyan SC,"End of loanMay 1, 2006",in,Summer,0,Ligue 1,2005,2005/2006
Olympique Marseille,Rudi Skacel,26,Left Midfield,Heart of Midl.,"End of loanMay 1, 2006",in,Summer,0,Ligue 1,2005,2005/2006
Olympique Marseille,Fabio Celestini,29,Defensive Midfield,Levante,"End of loanJun 30, 2005",in,Summer,0,Ligue 1,2005,2005/2006
Olympique Marseille,Thierry Racon,21,Defensive Midfield,FC Lorient,"End of loanJun 30, 2005",in,Summer,0,Ligue 1,2005,2005/2006
Olympique Marseille,Pascal Johansen,26,Central Midfield,R. Strasbourg,"End of loanJun 30, 2005",in,Summer,0,Ligue 1,2005,2005/2006
Olympique Marseille,Cédric Carrasso,23,Goalkeeper,Guingamp,"End of loanJun 30, 2005",in,Summer,0,Ligue 1,2005,2005/2006
Olympique Marseille,Cyril Chapuis,26,Centre-Forward,AC Ajaccio,"End of loanJun 30, 2005",in,Summer,0,Ligue 1,2005,2005/2006
Olympique Marseille,Delfim,28,Defensive Midfield,Moreirense,"End of loanJun 30, 2005",in,Summer,0,Ligue 1,2005,2005/2006
Olympique Marseille,Stepan Vachousek,25,Left Midfield,Austria Vienna,"End of loanJun 30, 2005",in,Summer,0,Ligue 1,2005,2005/2006
Olympique Marseille,Laurent Merlin,20,Attacking Midfield,AC Ajaccio,"End of loanJun 30, 2005",in,Summer,0,Ligue 1,2005,2005/2006
Olympique Marseille,Alain Cantareil,21,Left-Back,Nîmes Olympique,"End of loanJun 30, 2005",in,Summer,0,Ligue 1,2005,2005/2006
Olympique Marseille,Benoît Pedretti,24,Defensive Midfield,Olympique Lyon,£6.75m,out,Summer,6.75,Ligue 1,2005,2005/2006
Olympique Marseille,Eduardo Costa,22,Defensive Midfield,Espanyol,£3.60m,out,Summer,3.6,Ligue 1,2005,2005/2006
Olympique Marseille,Stepan Vachousek,25,Left Midfield,Austria Vienna,£1.35m,out,Summer,1.35,Ligue 1,2005,2005/2006
Olympique Marseille,Pascal Johansen,26,Central Midfield,R. Strasbourg,£135Th.,out,Summer,0.135,Ligue 1,2005,2005/2006
Olympique Marseille,Johnny Ecker,32,Centre-Back,Guingamp,Free transfer,out,Summer,0,Ligue 1,2005,2005/2006
Olympique Marseille,Fabrice Fiorèse,30,Right Winger,Al-Rayyan SC,Loan,out,Summer,0,Ligue 1,2005,2005/2006
Olympique Marseille,Laurent Merlin,20,Attacking Midfield,AC Ajaccio,Free transfer,out,Summer,0,Ligue 1,2005,2005/2006
Olympique Marseille,Rahmane Barry,19,Second Striker,FC Lorient,Loan,out,Summer,0,Ligue 1,2005,2005/2006
Olympique Marseille,Cyril Chapuis,26,Centre-Forward,FC Brüssel,Free transfer,out,Summer,0,Ligue 1,2005,2005/2006
Olympique Marseille,Sylvain N'Diaye,29,Defensive Midfield,Levante,Free transfer,out,Summer,0,Ligue 1,2005,2005/2006
Olympique Marseille,Salomon Olembé,24,Left Midfield,Al-Rayyan SC,Loan,out,Summer,0,Ligue 1,2005,2005/2006
Olympique Marseille,Jérémy Gavanon,21,Goalkeeper,Clermont Foot,Loan,out,Summer,0,Ligue 1,2005,2005/2006
Olympique Marseille,Philippe Christanval,26,Centre-Back,Fulham,Free transfer,out,Summer,0,Ligue 1,2005,2005/2006
Olympique Marseille,Thierry Racon,21,Defensive Midfield,Guingamp,Free transfer,out,Summer,0,Ligue 1,2005,2005/2006
Olympique Marseille,Ahmed Yahiaoui,18,Central Midfield,FC Istres,Free transfer,out,Summer,0,Ligue 1,2005,2005/2006
Olympique Marseille,Fabio Celestini,29,Defensive Midfield,Getafe,Free transfer,out,Summer,0,Ligue 1,2005,2005/2006
Olympique Marseille,Brahim Hemdani,27,Defensive Midfield,Rangers,Free transfer,out,Summer,0,Ligue 1,2005,2005/2006
Olympique Marseille,Péguy Luyindula,26,Centre-Forward,AJ Auxerre,Loan,out,Summer,0,Ligue 1,2005,2005/2006
Olympique Marseille,Rudi Skacel,26,Left Midfield,Heart of Midl.,Loan,out,Summer,0,Ligue 1,2005,2005/2006
Olympique Marseille,Habib Bamogo,23,Second Striker,FC Nantes,Loan,out,Summer,0,Ligue 1,2005,2005/2006
Olympique Marseille,Laurent Batlles,29,Attacking Midfield,Toulouse,Loan,out,Summer,0,Ligue 1,2005,2005/2006
Olympique Marseille,Yang Gai,18,Central Midfield,Without Club,-,out,Summer,0,Ligue 1,2005,2005/2006
Olympique Marseille,Pegguy Arphexad,32,Goalkeeper,Retired,-,out,Summer,0,Ligue 1,2005,2005/2006
Olympique Marseille,Bruno Cheyrou,27,Central Midfield,Liverpool,"End of loanJun 30, 2005",out,Summer,0,Ligue 1,2005,2005/2006
Olympique Marseille,Steve Marlet,31,Centre-Forward,Fulham,"End of loanJun 30, 2005",out,Summer,0,Ligue 1,2005,2005/2006
AS Saint-Étienne,Frédéric Piquionne,26,Centre-Forward,Stade Rennais,£2.70m,in,Summer,2.7,Ligue 1,2005,2005/2006
AS Saint-Étienne,Pascal Feindouno,24,Right Winger,G. Bordeaux,£2.70m,in,Summer,2.7,Ligue 1,2005,2005/2006
AS Saint-Étienne,Sébastien Mazure,26,Centre-Forward,SM Caen,£1.80m,in,Summer,1.8,Ligue 1,2005,2005/2006
AS Saint-Étienne,Damien Perquis,21,Centre-Back,Troyes,£540Th.,in,Summer,0.54,Ligue 1,2005,2005/2006
AS Saint-Étienne,Alaeddine Yahia,23,Centre-Back,Southampton,Free transfer,in,Summer,0,Ligue 1,2005,2005/2006
AS Saint-Étienne,Jody Viviani,23,Goalkeeper,Montpellier,Free transfer,in,Summer,0,Ligue 1,2005,2005/2006
AS Saint-Étienne,Siaka Tiéné,23,Left-Back,Sundowns,Free transfer,in,Summer,0,Ligue 1,2005,2005/2006
AS Saint-Étienne,Idriss Ech-Chergui,20,Attacking Midfield,Saint-Étienne B,-,in,Summer,0,Ligue 1,2005,2005/2006
AS Saint-Étienne,Samy Houri,19,Attacking Midfield,Saint-Étienne B,-,in,Summer,0,Ligue 1,2005,2005/2006
AS Saint-Étienne,Alan Mermillod,20,Goalkeeper,Saint-Étienne B,-,in,Summer,0,Ligue 1,2005,2005/2006
AS Saint-Étienne,Jessy Moulin,19,Goalkeeper,Saint-Étienne B,-,in,Summer,0,Ligue 1,2005,2005/2006
AS Saint-Étienne,Sylvain Meslien,24,Centre-Back,Troyes,"End of loanJun 30, 2005",in,Summer,0,Ligue 1,2005,2005/2006
AS Saint-Étienne,Mickael Pontal,25,Centre-Back,ASOA Valence,"End of loanJun 30, 2005",in,Summer,0,Ligue 1,2005,2005/2006
AS Saint-Étienne,Pathé Bangoura,21,Centre-Forward,ASOA Valence,"End of loanJun 30, 2005",in,Summer,0,Ligue 1,2005,2005/2006
AS Saint-Étienne,Bafétimbi Gomis,19,Centre-Forward,Troyes,"End of loanJun 30, 2005",in,Summer,0,Ligue 1,2005,2005/2006
AS Saint-Étienne,Patrice Carteron,34,Centre-Back,Cannes,Free transfer,out,Summer,0,Ligue 1,2005,2005/2006
AS Saint-Étienne,Nicolas Marin,24,Right Midfield,CS Sedan,Loan,out,Summer,0,Ligue 1,2005,2005/2006
AS Saint-Étienne,Lilian Compan,28,Centre-Forward,SM Caen,Free transfer,out,Summer,0,Ligue 1,2005,2005/2006
AS Saint-Étienne,Stéphane Hernandez,25,Centre-Back,Amiens SC,Free transfer,out,Summer,0,Ligue 1,2005,2005/2006
AS Saint-Étienne,Sylvain Meslien,24,Centre-Back,Troyes,Free transfer,out,Summer,0,Ligue 1,2005,2005/2006
AS Saint-Étienne,Mickael Pontal,25,Centre-Back,US Boulogne,Free transfer,out,Summer,0,Ligue 1,2005,2005/2006
AS Saint-Étienne,Pathé Bangoura,21,Centre-Forward,Genclerbirliyi,Free transfer,out,Summer,0,Ligue 1,2005,2005/2006
AS Saint-Étienne,Florent Guillaud,21,Goalkeeper,Retired,-,out,Summer,0,Ligue 1,2005,2005/2006
AS Saint-Étienne,Pascal Feindouno,24,Right Winger,G. Bordeaux,"End of loanJun 30, 2005",out,Summer,0,Ligue 1,2005,2005/2006
AS Saint-Étienne,Ronan Le Crom,30,Goalkeeper,Guingamp,"End of loanJun 30, 2005",out,Summer,0,Ligue 1,2005,2005/2006
AS Saint-Étienne,Frédéric Piquionne,26,Centre-Forward,Stade Rennais,"End of loanJun 30, 2005",out,Summer,0,Ligue 1,2005,2005/2006
AS Saint-Étienne,Alaeddine Yahia,23,Centre-Back,Southampton,"End of loanJun 30, 2005",out,Summer,0,Ligue 1,2005,2005/2006
AS Saint-Étienne,Javier Garrido,25,Right-Back,Valencia,"End of loanJun 30, 2005",out,Summer,0,Ligue 1,2005,2005/2006
RC Lens,Alou Diarra,23,Defensive Midfield,Liverpool,£2.70m,in,Summer,2.7,Ligue 1,2005,2005/2006
RC Lens,Aruna Dindane,24,Second Striker,RSC Anderlecht,£2.70m,in,Summer,2.7,Ligue 1,2005,2005/2006
RC Lens,Issam Jemâa,21,Centre-Forward,Esperance,£900Th.,in,Summer,0.9,Ligue 1,2005,2005/2006
RC Lens,Yohan Demont,27,Right-Back,AC Ajaccio,Free transfer,in,Summer,0,Ligue 1,2005,2005/2006
RC Lens,Jonathan Martins Pereira,19,Right-Back,RC Lens B,-,in,Summer,0,Ligue 1,2005,2005/2006
RC Lens,Kamil Zayatte,20,Centre-Back,RC Lens B,-,in,Summer,0,Ligue 1,2005,2005/2006
RC Lens,Jonathan Lacourt,18,Central Midfield,RC Lens B,-,in,Summer,0,Ligue 1,2005,2005/2006
RC Lens,Arnaud Brocard,18,Goalkeeper,RC Lens B,-,in,Summer,0,Ligue 1,2005,2005/2006
RC Lens,Abdoulaye Fayé,27,Centre-Back,FC Istres,"End of loanJun 30, 2005",in,Summer,0,Ligue 1,2005,2005/2006
RC Lens,Rod Fanni,23,Right-Back,LB Châteauroux,"End of loanJun 30, 2005",in,Summer,0,Ligue 1,2005,2005/2006
RC Lens,Bouabid Bouden,23,Centre-Forward,Al-Ahli SC,"End of loanJun 30, 2005",in,Summer,0,Ligue 1,2005,2005/2006
RC Lens,John Utaka,23,Left Winger,Stade Rennais,£5.40m,out,Summer,5.4,Ligue 1,2005,2005/2006
RC Lens,Lesly Malouda,21,Left-Back,FC Istres,Loan,out,Summer,0,Ligue 1,2005,2005/2006
RC Lens,Daouda Jabi,24,Right-Back,AC Ajaccio,Loan,out,Summer,0,Ligue 1,2005,2005/2006
RC Lens,Rod Fanni,23,Right-Back,OGC Nice,Free transfer,out,Summer,0,Ligue 1,2005,2005/2006
RC Lens,Matar Coly,20,Centre-Forward,Xamax,Free transfer,out,Summer,0,Ligue 1,2005,2005/2006
RC Lens,Abdoulaye Fayé,27,Centre-Back,Bolton,Loan,out,Summer,0,Ligue 1,2005,2005/2006
RC Lens,Jacek Bak,32,Centre-Back,Al-Rayyan SC,Free transfer,out,Summer,0,Ligue 1,2005,2005/2006
RC Lens,Stéphane Besle,21,Centre-Back,Xamax,Free transfer,out,Summer,0,Ligue 1,2005,2005/2006
RC Lens,Bouabid Bouden,23,Centre-Forward,Odense BK,Free transfer,out,Summer,0,Ligue 1,2005,2005/2006
RC Lens,Pape Sarr,27,Attacking Midfield,FC Istres,Loan,out,Summer,0,Ligue 1,2005,2005/2006
RC Lens,Dagui Bakari,30,Centre-Forward,AS Nancy,Free transfer,out,Summer,0,Ligue 1,2005,2005/2006
RC Lens,Mounir Diane,23,Attacking Midfield,SC Bastia,Loan,out,Summer,0,Ligue 1,2005,2005/2006
RC Lens,Martin Ekani,21,Right-Back,RC Lens B,-,out,Summer,0,Ligue 1,2005,2005/2006
RC Lens,Furtado,22,Defensive Midfield,RC Lens B,-,out,Summer,0,Ligue 1,2005,2005/2006
RC Lens,Alou Diarra,23,Defensive Midfield,Liverpool,"End of loanJun 30, 2005",out,Summer,0,Ligue 1,2005,2005/2006
RC Lens,Éric Cubilier,25,Right-Back,Monaco,"End of loanJun 30, 2005",out,Summer,0,Ligue 1,2005,2005/2006
AJ Auxerre,Thomas Kahlenberg,22,Central Midfield,Bröndby IF,£4.50m,in,Summer,4.5,Ligue 1,2005,2005/2006
AJ Auxerre,Oumar Kalabane,24,Centre-Back,ES Sahel,Free transfer,in,Summer,0,Ligue 1,2005,2005/2006
AJ Auxerre,Péguy Luyindula,26,Centre-Forward,Marseille,Loan,in,Summer,0,Ligue 1,2005,2005/2006
AJ Auxerre,Krisztián Vadócz,20,Central Midfield,Honvéd,?,in,Summer,NA,Ligue 1,2005,2005/2006
AJ Auxerre,Mathieu Berson,25,Defensive Midfield,Aston Villa,Loan,in,Summer,0,Ligue 1,2005,2005/2006
AJ Auxerre,Kevin Lejeune,20,Left Midfield,AJ Auxerre B,-,in,Summer,0,Ligue 1,2005,2005/2006
AJ Auxerre,Baptiste Martin,20,Centre-Back,AJ Auxerre B,-,in,Summer,0,Ligue 1,2005,2005/2006
AJ Auxerre,Ludovic Genest,17,Attacking Midfield,AJ Auxerre B,-,in,Summer,0,Ligue 1,2005,2005/2006
AJ Auxerre,Romain Poyet,24,Centre-Forward,Clermont Foot,"End of loanJun 30, 2005",in,Summer,0,Ligue 1,2005,2005/2006
AJ Auxerre,Hélder Esteves,27,Centre-Forward,Dijon,"End of loanJun 30, 2005",in,Summer,0,Ligue 1,2005,2005/2006
AJ Auxerre,Bonaventure Kalou,27,Right Winger,Paris SG,£7.65m,out,Summer,7.65,Ligue 1,2005,2005/2006
AJ Auxerre,Teemu Tainio,25,Defensive Midfield,Spurs,Free transfer,out,Summer,0,Ligue 1,2005,2005/2006
AJ Auxerre,Arnaud Gonzalez,27,Centre-Forward,Guingamp,Free transfer,out,Summer,0,Ligue 1,2005,2005/2006
AJ Auxerre,Michaël Ciani,21,Centre-Back,CS Sedan,Loan,out,Summer,0,Ligue 1,2005,2005/2006
AJ Auxerre,David Recorbet,28,Centre-Back,FC Lorient,Free transfer,out,Summer,0,Ligue 1,2005,2005/2006
AJ Auxerre,David Vandenbossche,24,Midfielder,LB Châteauroux,Free transfer,out,Summer,0,Ligue 1,2005,2005/2006
AJ Auxerre,Yannick Boumsong,21,Defensive Midfield,CSKA Sofia,Free transfer,out,Summer,0,Ligue 1,2005,2005/2006
AJ Auxerre,Hélder Esteves,28,Centre-Forward,Dijon,Free transfer,out,Summer,0,Ligue 1,2005,2005/2006
Paris Saint-Germain,Bonaventure Kalou,27,Right Winger,AJ Auxerre,£7.65m,in,Summer,7.65,Ligue 1,2005,2005/2006
Paris Saint-Germain,Vikash Dhorasoo,31,Central Midfield,AC Milan,£2.88m,in,Summer,2.88,Ligue 1,2005,2005/2006
Paris Saint-Germain,Fabrice Pancrate,25,Right Winger,Le Mans UC 72,£2.70m,in,Summer,2.7,Ligue 1,2005,2005/2006
Paris Saint-Germain,David Rozehnal,24,Centre-Back,Club Brugge,£2.70m,in,Summer,2.7,Ligue 1,2005,2005/2006
Paris Saint-Germain,Cristian Rodríguez,19,Central Midfield,Peñarol,£450Th.,in,Summer,0.45,Ligue 1,2005,2005/2006
Paris Saint-Germain,Christophe Landrin,28,Central Midfield,LOSC Lille,Free transfer,in,Summer,0,Ligue 1,2005,2005/2006
Paris Saint-Germain,Carlos Bueno,25,Centre-Forward,Peñarol,Free transfer,in,Summer,0,Ligue 1,2005,2005/2006
Paris Saint-Germain,Boukary Dramé,19,Left-Back,Paris SG B,-,in,Summer,0,Ligue 1,2005,2005/2006
Paris Saint-Germain,Nicolas Cousin,19,Goalkeeper,Paris SG B,-,in,Summer,0,Ligue 1,2005,2005/2006
Paris Saint-Germain,Ahmed Kantari,20,Centre-Back,Paris SG B,-,in,Summer,0,Ligue 1,2005,2005/2006
Paris Saint-Germain,Franck Dja Djédjé,19,Right Winger,Stade Brest 29,"End of loanJun 30, 2005",in,Summer,0,Ligue 1,2005,2005/2006
Paris Saint-Germain,Romain Rocchi,23,Defensive Midfield,SC Bastia,"End of loanJun 30, 2005",in,Summer,0,Ligue 1,2005,2005/2006
Paris Saint-Germain,Alioune Touré,26,Right Winger,Guingamp,"End of loanJun 30, 2005",in,Summer,0,Ligue 1,2005,2005/2006
Paris Saint-Germain,Bartholomew Ogbeche,20,Centre-Forward,FC Metz,"End of loanJun 30, 2005",in,Summer,0,Ligue 1,2005,2005/2006
Paris Saint-Germain,Reinaldo,26,Centre-Forward,Kashiwa Reysol,£3.60m,out,Summer,3.6,Ligue 1,2005,2005/2006
Paris Saint-Germain,Lorik Cana,22,Defensive Midfield,Marseille,£3.60m,out,Summer,3.6,Ligue 1,2005,2005/2006
Paris Saint-Germain,Selim Benachour,23,Attacking Midfield,Vit. Guimarães,£563Th.,out,Summer,0.563,Ligue 1,2005,2005/2006
Paris Saint-Germain,Romain Rocchi,23,Defensive Midfield,AC Ajaccio,£450Th.,out,Summer,0.45,Ligue 1,2005,2005/2006
Paris Saint-Germain,Danijel Ljuboja,26,Centre-Forward,VfB Stuttgart,Loan fee:£180Th.,out,Summer,0.18,Ligue 1,2005,2005/2006
Paris Saint-Germain,Alioune Touré,26,Right Winger,Leiria,£90Th.,out,Summer,0.09,Ligue 1,2005,2005/2006
Paris Saint-Germain,Filipe Teixeira,24,Right Winger,Coimbra,Free transfer,out,Summer,0,Ligue 1,2005,2005/2006
Paris Saint-Germain,Bartholomew Ogbeche,20,Centre-Forward,Al-Jazira,Free transfer,out,Summer,0,Ligue 1,2005,2005/2006
Paris Saint-Germain,Charles-Edouard Coridon,32,Attacking Midfield,Ankaragücü,Free transfer,out,Summer,0,Ligue 1,2005,2005/2006
Paris Saint-Germain,José-Karl Pierre-Fanfan,29,Centre-Back,Rangers,?,out,Summer,NA,Ligue 1,2005,2005/2006
Paris Saint-Germain,Branko Boskovic,25,Central Midfield,Troyes,Loan,out,Summer,0,Ligue 1,2005,2005/2006
Paris Saint-Germain,Hélder Cristóvão,34,Centre-Back,Without Club,-,out,Summer,0,Ligue 1,2005,2005/2006
Paris Saint-Germain,Fabrice Pancrate,25,Right Winger,Le Mans UC 72,"End of loanJun 30, 2005",out,Summer,0,Ligue 1,2005,2005/2006
FC Sochaux-Montbéliard,Moumouni Dagano,24,Centre-Forward,Guingamp,£2.70m,in,Summer,2.7,Ligue 1,2005,2005/2006
FC Sochaux-Montbéliard,Rabiu Afolabi,25,Centre-Back,Austria Vienna,£1.80m,in,Summer,1.8,Ligue 1,2005,2005/2006
FC Sochaux-Montbéliard,Miranda,20,Centre-Back,Coritiba FC,£1.80m,in,Summer,1.8,Ligue 1,2005,2005/2006
FC Sochaux-Montbéliard,Philippe Brunel,32,Left Midfield,LOSC Lille,Free transfer,in,Summer,0,Ligue 1,2005,2005/2006
FC Sochaux-Montbéliard,Pape Sow,19,Centre-Back,R. Strasbourg B,Free transfer,in,Summer,0,Ligue 1,2005,2005/2006
FC Sochaux-Montbéliard,Mourad Meghni,21,Attacking Midfield,Bologna,Loan,in,Summer,0,Ligue 1,2005,2005/2006
FC Sochaux-Montbéliard,Arnaud Bühler,20,Centre-Back,FC Aarau,?,in,Summer,NA,Ligue 1,2005,2005/2006
FC Sochaux-Montbéliard,Benjamin Genghini,19,Central Midfield,FC Sochaux B,-,in,Summer,0,Ligue 1,2005,2005/2006
FC Sochaux-Montbéliard,Badara Sène,20,Defensive Midfield,FC Sochaux B,-,in,Summer,0,Ligue 1,2005,2005/2006
FC Sochaux-Montbéliard,Steve Bernardet,20,Defensive Midfield,FC Sochaux B,-,in,Summer,0,Ligue 1,2005,2005/2006
FC Sochaux-Montbéliard,Julien Quercia,18,Centre-Forward,FC Sochaux B,-,in,Summer,0,Ligue 1,2005,2005/2006
FC Sochaux-Montbéliard,Mevlüt Erdinc,18,Centre-Forward,FC Sochaux B,-,in,Summer,0,Ligue 1,2005,2005/2006
FC Sochaux-Montbéliard,Jeremy Deichelbohrer,19,Goalkeeper,FC Sochaux B,-,in,Summer,0,Ligue 1,2005,2005/2006
FC Sochaux-Montbéliard,Maxence Flachez,32,Centre-Back,Guingamp,"End of loanJun 30, 2005",in,Summer,0,Ligue 1,2005,2005/2006
FC Sochaux-Montbéliard,Sylvain Monsoreau,24,Centre-Back,Olympique Lyon,£4.50m,out,Summer,4.5,Ligue 1,2005,2005/2006
FC Sochaux-Montbéliard,Jérémy Mathieu,21,Centre-Back,Toulouse,£4.50m,out,Summer,4.5,Ligue 1,2005,2005/2006
FC Sochaux-Montbéliard,Santos,26,Centre-Forward,Toulouse,£2.70m,out,Summer,2.7,Ligue 1,2005,2005/2006
FC Sochaux-Montbéliard,Thomas Régnier,21,Centre-Forward,Clermont Foot,Loan,out,Summer,0,Ligue 1,2005,2005/2006
FC Sochaux-Montbéliard,Maxence Flachez,32,Centre-Back,Valenciennes FC,Free transfer,out,Summer,0,Ligue 1,2005,2005/2006
FC Sochaux-Montbéliard,Sigamary Diarra,21,Left Midfield,Stade Lavallois,Free transfer,out,Summer,0,Ligue 1,2005,2005/2006
FC Sochaux-Montbéliard,Gérard Gnanhouan,26,Goalkeeper,Montpellier,Free transfer,out,Summer,0,Ligue 1,2005,2005/2006
FC Sochaux-Montbéliard,Ibrahim Tall,24,Centre-Back,Heart of Midl.,Free transfer,out,Summer,0,Ligue 1,2005,2005/2006
FC Sochaux-Montbéliard,Wilson Oruma,28,Attacking Midfield,Marseille,Free transfer,out,Summer,0,Ligue 1,2005,2005/2006
FC Sochaux-Montbéliard,Grégory Paisley,28,Left-Back,FC Metz,?,out,Summer,NA,Ligue 1,2005,2005/2006
FC Sochaux-Montbéliard,Francois Mével,23,Defender,Go Ahead Eagles,?,out,Summer,NA,Ligue 1,2005,2005/2006
FC Sochaux-Montbéliard,Steve Bernardet,20,Defensive Midfield,Pau FC,Loan,out,Summer,0,Ligue 1,2005,2005/2006
FC Sochaux-Montbéliard,Aimé Lavie,20,Defender,FC Sète 34,Loan,out,Summer,0,Ligue 1,2005,2005/2006
FC Sochaux-Montbéliard,Marcelo Luis Trapasso,29,Attacking Midfield,LB Châteauroux,?,out,Summer,NA,Ligue 1,2005,2005/2006
RC Strasbourg Alsace,Haykel Gmamdia,23,Centre-Forward,CS Sfaxien,£1.35m,in,Summer,1.35,Ligue 1,2005,2005/2006
RC Strasbourg Alsace,Amara Diané,22,Right Winger,Stade Reims,£1.17m,in,Summer,1.17,Ligue 1,2005,2005/2006
RC Strasbourg Alsace,Arthur Boka,22,Left-Back,KSK Beveren,£900Th.,in,Summer,0.9,Ligue 1,2005,2005/2006
RC Strasbourg Alsace,Hosny,20,Central Midfield,Ismaily,£720Th.,in,Summer,0.72,Ligue 1,2005,2005/2006
RC Strasbourg Alsace,Pascal Johansen,26,Central Midfield,Marseille,£135Th.,in,Summer,0.135,Ligue 1,2005,2005/2006
RC Strasbourg Alsace,Nicolas Puydebois,24,Goalkeeper,Olympique Lyon,Free transfer,in,Summer,0,Ligue 1,2005,2005/2006
RC Strasbourg Alsace,Pontus Farnerud,25,Central Midfield,Monaco,Free transfer,in,Summer,0,Ligue 1,2005,2005/2006
RC Strasbourg Alsace,Régis Gurtner,18,Goalkeeper,R. Strasbourg B,-,in,Summer,0,Ligue 1,2005,2005/2006
RC Strasbourg Alsace,Jean-Christophe Vergerolle,19,Left-Back,R. Strasbourg B,-,in,Summer,0,Ligue 1,2005,2005/2006
RC Strasbourg Alsace,Mehdi Sennaoui,19,Goalkeeper,R. Strasbourg B,-,in,Summer,0,Ligue 1,2005,2005/2006
RC Strasbourg Alsace,Ricardo Faty,18,Defensive Midfield,R. Strasbourg B,-,in,Summer,0,Ligue 1,2005,2005/2006
RC Strasbourg Alsace,Gaetan Krebs,19,Central Midfield,R. Strasbourg B,-,in,Summer,0,Ligue 1,2005,2005/2006
RC Strasbourg Alsace,Kévin Gameiro,18,Centre-Forward,R. Strasbourg B,-,in,Summer,0,Ligue 1,2005,2005/2006
RC Strasbourg Alsace,Yannick Kamanan,22,Centre-Forward,GFCO Ajaccio,"End of loanJun 30, 2005",in,Summer,0,Ligue 1,2005,2005/2006
RC Strasbourg Alsace,Vaclav Drobny,24,Centre-Back,Aston Villa,"End of loanJun 30, 2005",in,Summer,0,Ligue 1,2005,2005/2006
RC Strasbourg Alsace,Mamadou Niang,25,Centre-Forward,Marseille,£6.30m,out,Summer,6.3,Ligue 1,2005,2005/2006
RC Strasbourg Alsace,Katlego Mphela,20,Centre-Forward,Stade Reims,Loan,out,Summer,0,Ligue 1,2005,2005/2006
RC Strasbourg Alsace,Nicolas Bonis,23,Goalkeeper,Pontevedra,Free transfer,out,Summer,0,Ligue 1,2005,2005/2006
RC Strasbourg Alsace,Pascal Camadini,33,Central Midfield,SC Bastia,Free transfer,out,Summer,0,Ligue 1,2005,2005/2006
RC Strasbourg Alsace,Yannick Kamanan,22,Centre-Forward,KV Oostende,Free transfer,out,Summer,0,Ligue 1,2005,2005/2006
RC Strasbourg Alsace,Jacques Momha,22,Left-Back,Stade Lavallois,Free transfer,out,Summer,0,Ligue 1,2005,2005/2006
RC Strasbourg Alsace,Vaclav Drobny,24,Centre-Back,FK Jablonec,Free transfer,out,Summer,0,Ligue 1,2005,2005/2006
RC Strasbourg Alsace,Omer Peretz,19,Centre-Forward,Hapoel Tel Aviv,Free transfer,out,Summer,0,Ligue 1,2005,2005/2006
RC Strasbourg Alsace,Abdelilah Fahmi,31,Centre-Back,Gaziantepspor,Free transfer,out,Summer,0,Ligue 1,2005,2005/2006
RC Strasbourg Alsace,Christian Bassila,27,Centre-Back,Sunderland,Free transfer,out,Summer,0,Ligue 1,2005,2005/2006
RC Strasbourg Alsace,Yacine Abdessadki,24,Right Winger,Toulouse,Loan,out,Summer,0,Ligue 1,2005,2005/2006
RC Strasbourg Alsace,Richard Dutruel,32,Goalkeeper,Retired,-,out,Summer,0,Ligue 1,2005,2005/2006
RC Strasbourg Alsace,Rémy Vercoutre,25,Goalkeeper,Olympique Lyon,"End of loanJun 30, 2005",out,Summer,0,Ligue 1,2005,2005/2006
RC Strasbourg Alsace,Arthur Boka,22,Left-Back,KSK Beveren,"End of loanJun 30, 2005",out,Summer,0,Ligue 1,2005,2005/2006
RC Strasbourg Alsace,Pascal Johansen,26,Central Midfield,Marseille,"End of loanJun 30, 2005",out,Summer,0,Ligue 1,2005,2005/2006
OGC Nice,Bakari Koné,23,Right Winger,FC Lorient,£2.25m,in,Summer,2.25,Ligue 1,2005,2005/2006
OGC Nice,Souleymane Camara,22,Right Winger,Monaco,£900Th.,in,Summer,0.9,Ligue 1,2005,2005/2006
OGC Nice,Anthar Yahia,23,Centre-Back,SC Bastia,£900Th.,in,Summer,0.9,Ligue 1,2005,2005/2006
OGC Nice,Jérémie Moreau,24,Goalkeeper,FC Rouen 1899,Free transfer,in,Summer,0,Ligue 1,2005,2005/2006
OGC Nice,Rod Fanni,23,Right-Back,Lens,Free transfer,in,Summer,0,Ligue 1,2005,2005/2006
OGC Nice,Cyril Rool,30,Left-Back,G. Bordeaux,Free transfer,in,Summer,0,Ligue 1,2005,2005/2006
OGC Nice,Florian Boucansaud,24,Centre-Back,FC Gueugnon,Free transfer,in,Summer,0,Ligue 1,2005,2005/2006
OGC Nice,Bill Tchato,30,Left-Back,1.FC K'lautern,Free transfer,in,Summer,0,Ligue 1,2005,2005/2006
OGC Nice,Mamadou Bagayoko,26,Centre-Forward,FC Nantes,Loan,in,Summer,0,Ligue 1,2005,2005/2006
OGC Nice,Hugo Lloris,18,Goalkeeper,OGC Nice B,-,in,Summer,0,Ligue 1,2005,2005/2006
OGC Nice,Olivier Fauconnier,29,Centre-Forward,AC Ajaccio,"End of loanJun 30, 2005",in,Summer,0,Ligue 1,2005,2005/2006
OGC Nice,Anthony Scaramozzino,20,Left-Back,FC Lorient,"End of loanJun 30, 2005",in,Summer,0,Ligue 1,2005,2005/2006
OGC Nice,Abdelmalek Cherrad,24,Centre-Forward,SC Bastia,"End of loanJun 30, 2005",in,Summer,0,Ligue 1,2005,2005/2006
OGC Nice,Georges Ba,26,Centre-Forward,Le Mans UC 72,"End of loanJun 30, 2005",in,Summer,0,Ligue 1,2005,2005/2006
OGC Nice,Florian Boucansaud,24,Centre-Back,Troyes,Loan fee:£225Th.,out,Summer,0.225,Ligue 1,2005,2005/2006
OGC Nice,Anthony Scaramozzino,20,Left-Back,Gillingham FC,Loan,out,Summer,0,Ligue 1,2005,2005/2006
OGC Nice,Georges Ba,26,Centre-Forward,Troyes,Free transfer,out,Summer,0,Ligue 1,2005,2005/2006
OGC Nice,Abdelmalek Cherrad,24,Centre-Forward,SC Bastia,Free transfer,out,Summer,0,Ligue 1,2005,2005/2006
OGC Nice,Christophe Meslin,28,Centre-Forward,SC Bastia,Free transfer,out,Summer,0,Ligue 1,2005,2005/2006
OGC Nice,Thibault Scotto,26,Right-Back,Amiens SC,Loan,out,Summer,0,Ligue 1,2005,2005/2006
OGC Nice,Serge Dié,27,Defensive Midfield,K. Erciyesspor,Free transfer,out,Summer,0,Ligue 1,2005,2005/2006
OGC Nice,Jean-Paul Kalala,23,Central Midfield,Grimsby Town,Free transfer,out,Summer,0,Ligue 1,2005,2005/2006
OGC Nice,Victor Agali,26,Centre-Forward,K. Erciyesspor,Free transfer,out,Summer,0,Ligue 1,2005,2005/2006
OGC Nice,Hilaire Muñoz,22,Goalkeeper,SC Balma,Free transfer,out,Summer,0,Ligue 1,2005,2005/2006
OGC Nice,Kamel Larbi,20,Centre-Forward,FC Lorient,Loan,out,Summer,0,Ligue 1,2005,2005/2006
OGC Nice,Martin Djetou,30,Centre-Back,Without Club,-,out,Summer,0,Ligue 1,2005,2005/2006
OGC Nice,Bruno Valencony,37,Goalkeeper,Retired,-,out,Summer,0,Ligue 1,2005,2005/2006
OGC Nice,José Cobos,37,Left-Back,Retired,-,out,Summer,0,Ligue 1,2005,2005/2006
OGC Nice,Edgaras Jankauskas,30,Centre-Forward,FC Porto,"End of loanJun 30, 2005",out,Summer,0,Ligue 1,2005,2005/2006
FC Toulouse,Jérémy Mathieu,21,Centre-Back,FC Sochaux,£4.50m,in,Summer,4.5,Ligue 1,2005,2005/2006
FC Toulouse,Bryan Bergougnoux,22,Attacking Midfield,Olympique Lyon,£3.06m,in,Summer,3.06,Ligue 1,2005,2005/2006
FC Toulouse,Santos,26,Centre-Forward,FC Sochaux,£2.70m,in,Summer,2.7,Ligue 1,2005,2005/2006
FC Toulouse,Fodé Mansare,23,Left Winger,Montpellier,Free transfer,in,Summer,0,Ligue 1,2005,2005/2006
FC Toulouse,Yacine Abdessadki,24,Right Winger,R. Strasbourg,Loan,in,Summer,0,Ligue 1,2005,2005/2006
FC Toulouse,Laurent Batlles,29,Attacking Midfield,Marseille,Loan,in,Summer,0,Ligue 1,2005,2005/2006
FC Toulouse,Alexandre Bonnet,18,Left Midfield,Toulouse B,-,in,Summer,0,Ligue 1,2005,2005/2006
FC Toulouse,Cédric Fauré,26,Centre-Forward,Guingamp,"End of loanJun 30, 2005",in,Summer,0,Ligue 1,2005,2005/2006
FC Toulouse,David Suarez,26,Second Striker,Guingamp,Free transfer,out,Summer,0,Ligue 1,2005,2005/2006
FC Toulouse,Ludovic Clément,28,Defender,Montpellier,Free transfer,out,Summer,0,Ligue 1,2005,2005/2006
FC Toulouse,Anthony Braizat,27,Right Midfield,Cannes,Free transfer,out,Summer,0,Ligue 1,2005,2005/2006
FC Toulouse,Julien Sola,21,Midfielder,AS Moulins,Free transfer,out,Summer,0,Ligue 1,2005,2005/2006
FC Toulouse,Cédric Fauré,26,Centre-Forward,FC Istres,Free transfer,out,Summer,0,Ligue 1,2005,2005/2006
FC Toulouse,Predrag Ocokoljic,27,Right-Back,LB Châteauroux,Free transfer,out,Summer,0,Ligue 1,2005,2005/2006
FC Toulouse,Eduardo,25,Centre-Forward,FC Basel,Free transfer,out,Summer,0,Ligue 1,2005,2005/2006
FC Toulouse,François Clerc,22,Right-Back,Olympique Lyon,"End of loanJun 30, 2005",out,Summer,0,Ligue 1,2005,2005/2006
FC Toulouse,Stéphane Dalmat,26,Central Midfield,Inter,"End of loanJun 30, 2005",out,Summer,0,Ligue 1,2005,2005/2006
AC Ajaccio,Romain Rocchi,23,Defensive Midfield,Paris SG,£450Th.,in,Summer,0.45,Ligue 1,2005,2005/2006
AC Ajaccio,Giany Joinville,21,Centre-Back,FC Gueugnon,Free transfer,in,Summer,0,Ligue 1,2005,2005/2006
AC Ajaccio,Kamel Chafni,23,Attacking Midfield,LB Châteauroux,Free transfer,in,Summer,0,Ligue 1,2005,2005/2006
AC Ajaccio,Laurent Merlin,20,Attacking Midfield,Marseille,Free transfer,in,Summer,0,Ligue 1,2005,2005/2006
AC Ajaccio,Christophe Bastien,29,Right Midfield,FC Lorient,Free transfer,in,Summer,0,Ligue 1,2005,2005/2006
AC Ajaccio,Matthieu Scarpelli,23,Centre-Forward,Cassis Carnoux,Free transfer,in,Summer,0,Ligue 1,2005,2005/2006
AC Ajaccio,Jean-Jacques Mandrichi,21,Centre-Forward,USC Corte,Free transfer,in,Summer,0,Ligue 1,2005,2005/2006
AC Ajaccio,Daouda Jabi,24,Right-Back,Lens,Loan,in,Summer,0,Ligue 1,2005,2005/2006
AC Ajaccio,Antônio Carlos,22,Centre-Back,Fluminense,Free transfer,in,Summer,0,Ligue 1,2005,2005/2006
AC Ajaccio,Rafik Saïfi,30,Centre-Forward,FC Istres,Free transfer,in,Summer,0,Ligue 1,2005,2005/2006
AC Ajaccio,Frédéric Danjou,30,Centre-Back,SM Caen,Free transfer,in,Summer,0,Ligue 1,2005,2005/2006
AC Ajaccio,Kaba Diawara,29,Centre-Forward,Al-Kharaitiyat,Free transfer,in,Summer,0,Ligue 1,2005,2005/2006
AC Ajaccio,Stéphane Ziani,33,Attacking Midfield,SC Bastia,Free transfer,in,Summer,0,Ligue 1,2005,2005/2006
AC Ajaccio,Simon Carmignani,22,Right-Back,FC Martigues,Free transfer,in,Summer,0,Ligue 1,2005,2005/2006
AC Ajaccio,Jean-Baptiste Pierazzi,20,Central Midfield,AC Ajaccio B,-,in,Summer,0,Ligue 1,2005,2005/2006
AC Ajaccio,Xavier Bécas,26,Forward,Pau FC,"End of loanJun 30, 2005",in,Summer,0,Ligue 1,2005,2005/2006
AC Ajaccio,Yacine Bezzaz,23,Left Midfield,Valenciennes FC,Free transfer,out,Summer,0,Ligue 1,2005,2005/2006
AC Ajaccio,Nicolas Bonnal,28,Left Midfield,Stade Reims,Free transfer,out,Summer,0,Ligue 1,2005,2005/2006
AC Ajaccio,Yohan Demont,27,Right-Back,Lens,Free transfer,out,Summer,0,Ligue 1,2005,2005/2006
AC Ajaccio,Abdelnasser Ouadah,29,Left Winger,FC Metz,Free transfer,out,Summer,0,Ligue 1,2005,2005/2006
AC Ajaccio,Mamadou Seck,25,Centre-Back,K. Erciyesspor,Free transfer,out,Summer,0,Ligue 1,2005,2005/2006
AC Ajaccio,Gaspar,30,Centre-Back,Belenenses SAD,Free transfer,out,Summer,0,Ligue 1,2005,2005/2006
AC Ajaccio,David Terrier,31,Centre-Back,US Créteil,Free transfer,out,Summer,0,Ligue 1,2005,2005/2006
AC Ajaccio,Abderaouf Zarabi,26,Left-Back,FC Gueugnon,Loan,out,Summer,0,Ligue 1,2005,2005/2006
AC Ajaccio,Renaud Connen,25,Attacking Midfield,Grenoble,Loan,out,Summer,0,Ligue 1,2005,2005/2006
AC Ajaccio,Cyril Chapuis,26,Centre-Forward,Marseille,"End of loanJun 30, 2005",out,Summer,0,Ligue 1,2005,2005/2006
AC Ajaccio,Olivier Fauconnier,29,Centre-Forward,OGC Nice,"End of loanJun 30, 2005",out,Summer,0,Ligue 1,2005,2005/2006
AC Ajaccio,Laurent Merlin,20,Attacking Midfield,Marseille,"End of loanJun 30, 2005",out,Summer,0,Ligue 1,2005,2005/2006
FC Girondins Bordeaux,Edixon Perea,21,Centre-Forward,Atl. Nacional,£2.25m,in,Summer,2.25,Ligue 1,2005,2005/2006
FC Girondins Bordeaux,Henrique,22,Centre-Back,Flamengo,£675Th.,in,Summer,0.675,Ligue 1,2005,2005/2006
FC Girondins Bordeaux,Alejandro Alonso,23,Right Midfield,Huracán,£675Th.,in,Summer,0.675,Ligue 1,2005,2005/2006
FC Girondins Bordeaux,Denílson,27,Left Winger,Real Betis,Free transfer,in,Summer,0,Ligue 1,2005,2005/2006
FC Girondins Bordeaux,Paulo Costa,25,Attacking Midfield,FC Porto,Free transfer,in,Summer,0,Ligue 1,2005,2005/2006
FC Girondins Bordeaux,Laurent Leroy,29,Centre-Forward,Cannes,Free transfer,in,Summer,0,Ligue 1,2005,2005/2006
FC Girondins Bordeaux,Vasco Fernandes,18,Centre-Back,Olhanense,Loan,in,Summer,0,Ligue 1,2005,2005/2006
FC Girondins Bordeaux,Bruno Cheyrou,27,Central Midfield,Liverpool,Loan,in,Summer,0,Ligue 1,2005,2005/2006
FC Girondins Bordeaux,Vladimir Smicer,32,Attacking Midfield,Liverpool,Free transfer,in,Summer,0,Ligue 1,2005,2005/2006
FC Girondins Bordeaux,Fernando,24,Defensive Midfield,Siena,Loan,in,Summer,0,Ligue 1,2005,2005/2006
FC Girondins Bordeaux,Anicet Adjamossi,21,Right-Back,Pau FC,?,in,Summer,NA,Ligue 1,2005,2005/2006
FC Girondins Bordeaux,Ted Lavie,19,Right-Back,G. Bordeaux B,-,in,Summer,0,Ligue 1,2005,2005/2006
FC Girondins Bordeaux,Pierre Ducasse,18,Defensive Midfield,G. Bordeaux B,-,in,Summer,0,Ligue 1,2005,2005/2006
FC Girondins Bordeaux,Abdoulaye Barry,20,Centre-Back,GFCO Ajaccio,"End of loanJun 30, 2005",in,Summer,0,Ligue 1,2005,2005/2006
FC Girondins Bordeaux,Pascal Feindouno,24,Right Winger,Saint-Étienne,"End of loanJun 30, 2005",in,Summer,0,Ligue 1,2005,2005/2006
FC Girondins Bordeaux,Sylvain Franco,22,Centre-Forward,Pau FC,"End of loanJun 30, 2005",in,Summer,0,Ligue 1,2005,2005/2006
FC Girondins Bordeaux,Camel Meriem,25,Attacking Midfield,Monaco,£5.40m,out,Summer,5.4,Ligue 1,2005,2005/2006
FC Girondins Bordeaux,Pascal Feindouno,24,Right Winger,Saint-Étienne,£2.70m,out,Summer,2.7,Ligue 1,2005,2005/2006
FC Girondins Bordeaux,Albert Riera,23,Left Winger,Espanyol,£2.70m,out,Summer,2.7,Ligue 1,2005,2005/2006
FC Girondins Bordeaux,Michalis Kapsis,31,Centre-Back,Olympiacos,£450Th.,out,Summer,0.45,Ligue 1,2005,2005/2006
FC Girondins Bordeaux,Gérald Cid,22,Centre-Back,FC Istres,Loan,out,Summer,0,Ligue 1,2005,2005/2006
FC Girondins Bordeaux,Cyril Rool,30,Left-Back,OGC Nice,Free transfer,out,Summer,0,Ligue 1,2005,2005/2006
FC Girondins Bordeaux,Anicet Adjamossi,21,Right-Back,Entente SSG,Free transfer,out,Summer,0,Ligue 1,2005,2005/2006
FC Girondins Bordeaux,Abdoulaye Barry,20,Centre-Back,GFCO Ajaccio,Free transfer,out,Summer,0,Ligue 1,2005,2005/2006
FC Girondins Bordeaux,Renaud Cohade,20,Central Midfield,FC Sète 34,Loan,out,Summer,0,Ligue 1,2005,2005/2006
FC Girondins Bordeaux,Sylvain Franco,22,Centre-Forward,Retired,-,out,Summer,0,Ligue 1,2005,2005/2006
FC Girondins Bordeaux,Adonis,19,Attacking Midfield,Rio Branco-SP,"End of loanJun 30, 2005",out,Summer,0,Ligue 1,2005,2005/2006
FC Girondins Bordeaux,Kalu Uche,22,Centre-Forward,Wisla Kraków,"End of loanJun 30, 2005",out,Summer,0,Ligue 1,2005,2005/2006
FC Girondins Bordeaux,Thiago Ribeiro,19,Left Winger,Rio Branco-SP,"End of loanJun 30, 2005",out,Summer,0,Ligue 1,2005,2005/2006
FC Metz,Marcin Zewlakow,29,Centre-Forward,Exc. Mouscron,£540Th.,in,Summer,0.54,Ligue 1,2005,2005/2006
FC Metz,Abdelnasser Ouadah,29,Left Winger,AC Ajaccio,Free transfer,in,Summer,0,Ligue 1,2005,2005/2006
FC Metz,Jung-hwan Ahn,29,Second Striker,Yokohama F. M.,Free transfer,in,Summer,0,Ligue 1,2005,2005/2006
FC Metz,Cheriffe Maman-Touré,27,Midfielder,NY Red Bulls,Free transfer,in,Summer,0,Ligue 1,2005,2005/2006
FC Metz,Carl Medjani,20,Defensive Midfield,Liverpool,Loan,in,Summer,0,Ligue 1,2005,2005/2006
FC Metz,Grégory Paisley,28,Left-Back,FC Sochaux,?,in,Summer,NA,Ligue 1,2005,2005/2006
FC Metz,Szabolcs Huszti,22,Central Midfield,Ferencváros,?,in,Summer,NA,Ligue 1,2005,2005/2006
FC Metz,Christophe Marichez,30,Goalkeeper,Chamois Niort,?,in,Summer,NA,Ligue 1,2005,2005/2006
FC Metz,Sébastien Bassong,18,Centre-Back,FC Metz B,-,in,Summer,0,Ligue 1,2005,2005/2006
FC Metz,Gaëtan Bong,17,Left-Back,FC Metz B,-,in,Summer,0,Ligue 1,2005,2005/2006
FC Metz,Flavien Belson,18,Left-Back,FC Metz B,-,in,Summer,0,Ligue 1,2005,2005/2006
FC Metz,Nicolas Farina,18,Right Winger,FC Metz B,-,in,Summer,0,Ligue 1,2005,2005/2006
FC Metz,Emmanuel Francoise,18,Centre-Forward,FC Metz U19,-,in,Summer,0,Ligue 1,2005,2005/2006
FC Metz,Ibrahima Gueye,18,Midfielder,FC Metz B,-,in,Summer,0,Ligue 1,2005,2005/2006
FC Metz,Papiss Demba Cissé,20,Centre-Forward,FC Metz B,-,in,Summer,0,Ligue 1,2005,2005/2006
FC Metz,Christophe Walter,22,Defensive Midfield,Stade Reims,"End of loanJun 30, 2005",in,Summer,0,Ligue 1,2005,2005/2006
FC Metz,Stéphane Morisot,27,Defensive Midfield,CS Sedan,"End of loanJun 30, 2005",in,Summer,0,Ligue 1,2005,2005/2006
FC Metz,Sylvain Marchal,25,Centre-Back,LB Châteauroux,"End of loanJun 30, 2005",in,Summer,0,Ligue 1,2005,2005/2006
FC Metz,Mario Espartero,27,Defensive Midfield,AA La Louviere,"End of loanJun 30, 2005",in,Summer,0,Ligue 1,2005,2005/2006
FC Metz,Laurent Karim Agouazi,21,Defensive Midfield,Besançon RC,"End of loanJun 30, 2005",in,Summer,0,Ligue 1,2005,2005/2006
FC Metz,Franck Signorino,23,Left-Back,FC Nantes,£900Th.,out,Summer,0.9,Ligue 1,2005,2005/2006
FC Metz,Christophe Avezac,28,Left-Back,Dijon,Free transfer,out,Summer,0,Ligue 1,2005,2005/2006
FC Metz,Sylvain Marchal,25,Centre-Back,FC Lorient,Free transfer,out,Summer,0,Ligue 1,2005,2005/2006
FC Metz,Mario Espartero,27,Defensive Midfield,FC Brüssel,Free transfer,out,Summer,0,Ligue 1,2005,2005/2006
FC Metz,Alexandre Frutos,23,Left Winger,Brighton,Free transfer,out,Summer,0,Ligue 1,2005,2005/2006
FC Metz,Mathieu Dinet,19,Central Midfield,Stade Brest 29,Free transfer,out,Summer,0,Ligue 1,2005,2005/2006
FC Metz,Jean-Philippe Caillet,28,Centre-Back,Litex Lovetch,Free transfer,out,Summer,0,Ligue 1,2005,2005/2006
FC Metz,Mamadou Diakité,20,Defensive Midfield,Vitória Setúbal,Loan,out,Summer,0,Ligue 1,2005,2005/2006
FC Metz,Johan Eberhart,19,Defender,Saarbrücken II,Free transfer,out,Summer,0,Ligue 1,2005,2005/2006
FC Metz,Stéphane Thys,19,Forward,RAEC Mons,Loan,out,Summer,0,Ligue 1,2005,2005/2006
FC Metz,Richard Socrier,26,Centre-Forward,LB Châteauroux,Free transfer,out,Summer,0,Ligue 1,2005,2005/2006
FC Metz,Venn Toure,21,Defensive Midfield,Cannes,Free transfer,out,Summer,0,Ligue 1,2005,2005/2006
FC Metz,Guillaume Cherreau,22,Goalkeeper,Cambridge Utd.,Free transfer,out,Summer,0,Ligue 1,2005,2005/2006
FC Metz,Julien Gorius,20,Central Midfield,FC Brüssel,Free transfer,out,Summer,0,Ligue 1,2005,2005/2006
FC Metz,Benjamin Nicaise,24,Defensive Midfield,Amiens SC,Free transfer,out,Summer,0,Ligue 1,2005,2005/2006
FC Metz,Grégory Leca,25,Defensive Midfield,SM Caen,?,out,Summer,NA,Ligue 1,2005,2005/2006
FC Metz,Moktar Mangane,22,Defender,Louh.-Cuiseaux,Loan,out,Summer,0,Ligue 1,2005,2005/2006
FC Metz,Daniel Bocande,21,Midfielder,Louh.-Cuiseaux,Loan,out,Summer,0,Ligue 1,2005,2005/2006
FC Metz,Nicolas N´Dione,23,Forward,Sp. Toulon Var,?,out,Summer,NA,Ligue 1,2005,2005/2006
FC Metz,Papiss Demba Cissé,20,Centre-Forward,AS Cherbourg,Loan,out,Summer,0,Ligue 1,2005,2005/2006
FC Metz,Bartholomew Ogbeche,20,Centre-Forward,Paris SG,"End of loanJun 30, 2005",out,Summer,0,Ligue 1,2005,2005/2006
FC Metz,Ivan Gvozdenović,26,Centre-Back,Club Brugge,"End of loanJun 30, 2005",out,Summer,0,Ligue 1,2005,2005/2006
FC Metz,Ruslan Pimenov,23,Centre-Forward,Loko Moscow,"End of loanJun 1, 2005",out,Summer,0,Ligue 1,2005,2005/2006
FC Nantes,Franck Signorino,23,Left-Back,FC Metz,£900Th.,in,Summer,0.9,Ligue 1,2005,2005/2006
FC Nantes,Jean-Jacques Pierre,24,Centre-Back,Peñarol,£900Th.,in,Summer,0.9,Ligue 1,2005,2005/2006
FC Nantes,Imed Mhadhebi,29,Left Winger,ES Sahel,Free transfer,in,Summer,0,Ligue 1,2005,2005/2006
FC Nantes,Tony Heurtebis,30,Goalkeeper,Stade Brest 29,Free transfer,in,Summer,0,Ligue 1,2005,2005/2006
FC Nantes,Habib Bamogo,23,Second Striker,Marseille,Loan,in,Summer,0,Ligue 1,2005,2005/2006
FC Nantes,Dimitri Payet,18,Left Winger,FC Nantes B,-,in,Summer,0,Ligue 1,2005,2005/2006
FC Nantes,Kévin Das Neves,19,Defensive Midfield,FC Nantes B,-,in,Summer,0,Ligue 1,2005,2005/2006
FC Nantes,Willy Grondin,30,Goalkeeper,Le Mans UC 72,"End of loanJun 30, 2005",in,Summer,0,Ligue 1,2005,2005/2006
FC Nantes,Shiva N'Zigou,21,Left Winger,FC Gueugnon,"End of loanJun 30, 2005",in,Summer,0,Ligue 1,2005,2005/2006
FC Nantes,Hassan Ahamada,24,Attacking Midfield,Beira-Mar,"End of loanJun 30, 2005",in,Summer,0,Ligue 1,2005,2005/2006
FC Nantes,Florin Bratu,25,Centre-Forward,Dinamo Bucarest,Loan fee:£225Th.,out,Summer,0.225,Ligue 1,2005,2005/2006
FC Nantes,Shiva N'Zigou,21,Left Winger,Stade Reims,Free transfer,out,Summer,0,Ligue 1,2005,2005/2006
FC Nantes,Boubacar Baldé,19,Forward,Dakar UC,Free transfer,out,Summer,0,Ligue 1,2005,2005/2006
FC Nantes,Fodil Hadjadj,22,Defensive Midfield,MC Algiers,Free transfer,out,Summer,0,Ligue 1,2005,2005/2006
FC Nantes,Willy Grondin,30,Goalkeeper,Valenciennes FC,Free transfer,out,Summer,0,Ligue 1,2005,2005/2006
FC Nantes,Guillaume Rippert,20,Left-Back,Valenciennes FC,Loan,out,Summer,0,Ligue 1,2005,2005/2006
FC Nantes,Goran Rubil,24,Right Midfield,Shonan Bellmare,Free transfer,out,Summer,0,Ligue 1,2005,2005/2006
FC Nantes,Loïc Pailleres,25,Defensive Midfield,Angoulême CFC,Free transfer,out,Summer,0,Ligue 1,2005,2005/2006
FC Nantes,Denis Stinat,22,Left-Back,Dijon,Loan,out,Summer,0,Ligue 1,2005,2005/2006
FC Nantes,Alexis Thébaux,20,Goalkeeper,AS Cherbourg,Loan,out,Summer,0,Ligue 1,2005,2005/2006
FC Nantes,Stéphen Drouin,21,Left-Back,Troyes,Loan,out,Summer,0,Ligue 1,2005,2005/2006
FC Nantes,Julio Cáceres,25,Centre-Back,Atlético-MG,?,out,Summer,NA,Ligue 1,2005,2005/2006
FC Nantes,Mamadou Bagayoko,26,Centre-Forward,OGC Nice,Loan,out,Summer,0,Ligue 1,2005,2005/2006
FC Nantes,Hassan Ahamada,24,Attacking Midfield,Belenenses SAD,?,out,Summer,NA,Ligue 1,2005,2005/2006
FC Nantes,Grégory Pujol,25,Centre-Forward,RSC Anderlecht,Loan,out,Summer,0,Ligue 1,2005,2005/2006
AS Nancy-Lorraine,Kim,25,Centre-Forward,Ahli,£990Th.,in,Summer,0.99,Ligue 1,2005,2005/2006
AS Nancy-Lorraine,Adrián Sarkisian,26,Left Midfield,River Plate,£900Th.,in,Summer,0.9,Ligue 1,2005,2005/2006
AS Nancy-Lorraine,André Luiz,25,Centre-Back,Atlético-MG,£630Th.,in,Summer,0.63,Ligue 1,2005,2005/2006
AS Nancy-Lorraine,Sébastien Puygrenier,23,Centre-Back,Stade Rennais,£180Th.,in,Summer,0.18,Ligue 1,2005,2005/2006
AS Nancy-Lorraine,Saliou Lassissi,26,Centre-Back,AS Roma,Free transfer,in,Summer,0,Ligue 1,2005,2005/2006
AS Nancy-Lorraine,Abdoulaye Keita,26,Defensive Midfield,Iraklis,Free transfer,in,Summer,0,Ligue 1,2005,2005/2006
AS Nancy-Lorraine,Adailton,25,Right-Back,Criciúma EC,Free transfer,in,Summer,0,Ligue 1,2005,2005/2006
AS Nancy-Lorraine,Dagui Bakari,30,Centre-Forward,Lens,Free transfer,in,Summer,0,Ligue 1,2005,2005/2006
AS Nancy-Lorraine,Landry N'Guémo,19,Defensive Midfield,AS Nancy B,-,in,Summer,0,Ligue 1,2005,2005/2006
AS Nancy-Lorraine,Damien Mozika,18,Attacking Midfield,AS Nancy U19,-,in,Summer,0,Ligue 1,2005,2005/2006
AS Nancy-Lorraine,Demba Diagouraga,27,Midfielder,Bayonne,Free transfer,out,Summer,0,Ligue 1,2005,2005/2006
AS Nancy-Lorraine,Tchiressoua Guel,29,Central Midfield,FC Lorient,Free transfer,out,Summer,0,Ligue 1,2005,2005/2006
AS Nancy-Lorraine,Patrick Moreau,31,Defender,LB Châteauroux,Free transfer,out,Summer,0,Ligue 1,2005,2005/2006
AS Nancy-Lorraine,Julien Tournut,22,Centre-Back,Yverdon-Sport,Free transfer,out,Summer,0,Ligue 1,2005,2005/2006
AS Nancy-Lorraine,Geoffrey Doumeng,24,Central Midfield,Valenciennes FC,Free transfer,out,Summer,0,Ligue 1,2005,2005/2006
AS Nancy-Lorraine,Bertrand Fayolle,29,Centre-Forward,Amiens SC,Free transfer,out,Summer,0,Ligue 1,2005,2005/2006
AS Nancy-Lorraine,Laurent Dufresne,33,Centre-Forward,Valenciennes FC,Free transfer,out,Summer,0,Ligue 1,2005,2005/2006
AS Nancy-Lorraine,Rachid Hamdani,20,Defensive Midfield,US Raon-l'Étape,Loan,out,Summer,0,Ligue 1,2005,2005/2006
AS Nancy-Lorraine,Ludovic Guerriero,20,Defensive Midfield,US Raon-l'Étape,Loan,out,Summer,0,Ligue 1,2005,2005/2006
AS Nancy-Lorraine,Olivier Rambo,31,Right Winger,Sp. Toulon Var,Free transfer,out,Summer,0,Ligue 1,2005,2005/2006
AS Nancy-Lorraine,Dagui Bakari,31,Centre-Forward,Retired,-,out,Summer,0,Ligue 1,2005,2005/2006
AS Nancy-Lorraine,Sébastien Puygrenier,23,Centre-Back,Stade Rennais,"End of loanJun 30, 2005",out,Summer,0,Ligue 1,2005,2005/2006
Le Mans Union Club 72,Túlio de Melo,20,Centre-Forward,Atlético-MG,£1.80m,in,Summer,1.8,Ligue 1,2005,2005/2006
Le Mans Union Club 72,Ismaël Bangoura,20,Centre-Forward,GFCO Ajaccio,£270Th.,in,Summer,0.27,Ligue 1,2005,2005/2006
Le Mans Union Club 72,Romaric,22,Defensive Midfield,KSK Beveren,£225Th.,in,Summer,0.225,Ligue 1,2005,2005/2006
Le Mans Union Club 72,Luigi Lavecchia,23,Right Midfield,Juventus,Loan,in,Summer,0,Ligue 1,2005,2005/2006
Le Mans Union Club 72,Edo,21,Centre-Forward,Esperance,Free transfer,in,Summer,0,Ligue 1,2005,2005/2006
Le Mans Union Club 72,Sébastien Gormond,23,Defensive Midfield,FC Issy,Free transfer,in,Summer,0,Ligue 1,2005,2005/2006
Le Mans Union Club 72,Marko Basa,22,Centre-Back,OFK Beograd,Free transfer,in,Summer,0,Ligue 1,2005,2005/2006
Le Mans Union Club 72,Rodolphe Roche,26,Goalkeeper,LB Châteauroux,Free transfer,in,Summer,0,Ligue 1,2005,2005/2006
Le Mans Union Club 72,Davide Chiumiento,20,Attacking Midfield,Juventus,Loan,in,Summer,0,Ligue 1,2005,2005/2006
Le Mans Union Club 72,Mathieu Coutadeur,19,Central Midfield,FC Le Mans B,-,in,Summer,0,Ligue 1,2005,2005/2006
Le Mans Union Club 72,Guillaume Loriot,19,Central Midfield,FC Le Mans B,-,in,Summer,0,Ligue 1,2005,2005/2006
Le Mans Union Club 72,Clément Pinault,20,Centre-Back,FC Le Mans B,-,in,Summer,0,Ligue 1,2005,2005/2006
Le Mans Union Club 72,Bertrand Ndzomo,20,Defensive Midfield,FC Le Mans B,-,in,Summer,0,Ligue 1,2005,2005/2006
Le Mans Union Club 72,Arnaud Lisembart,20,Right-Back,FC Le Mans B,-,in,Summer,0,Ligue 1,2005,2005/2006
Le Mans Union Club 72,Jérémy Choplin,20,Centre-Back,FC Le Mans B,-,in,Summer,0,Ligue 1,2005,2005/2006
Le Mans Union Club 72,Martin Douillard,20,Left Winger,FC Le Mans B,-,in,Summer,0,Ligue 1,2005,2005/2006
Le Mans Union Club 72,Thabang Molefe,25,Centre-Back,Orlando Pirates,"End of loanJun 30, 2005",in,Summer,0,Ligue 1,2005,2005/2006
Le Mans Union Club 72,Fabrice Pancrate,25,Right Winger,Paris SG,"End of loanJun 30, 2005",in,Summer,0,Ligue 1,2005,2005/2006
Le Mans Union Club 72,Fabrice Pancrate,25,Right Winger,Paris SG,£2.70m,out,Summer,2.7,Ligue 1,2005,2005/2006
Le Mans Union Club 72,Vincent Demarconnay,22,Goalkeeper,TVEC Les Sables,Free transfer,out,Summer,0,Ligue 1,2005,2005/2006
Le Mans Union Club 72,Yannick Yenga,20,Left Winger,S. O. Châtellerault,Free transfer,out,Summer,0,Ligue 1,2005,2005/2006
Le Mans Union Club 72,Alioune Kébé,20,Centre-Forward,Tours FC,Free transfer,out,Summer,0,Ligue 1,2005,2005/2006
Le Mans Union Club 72,Zvonimir Deranja,25,Centre-Forward,Hajduk Split,Free transfer,out,Summer,0,Ligue 1,2005,2005/2006
Le Mans Union Club 72,Cédric Liabeuf,25,Attacking Midfield,Stade Brest 29,Free transfer,out,Summer,0,Ligue 1,2005,2005/2006
Le Mans Union Club 72,Sekou Baradji,21,Defensive Midfield,West Ham,Free transfer,out,Summer,0,Ligue 1,2005,2005/2006
Le Mans Union Club 72,Thabang Molefe,25,Centre-Back,Orlando Pirates,?,out,Summer,NA,Ligue 1,2005,2005/2006
Le Mans Union Club 72,Ulrick Lupède,21,Centre-Back,Tours FC,?,out,Summer,NA,Ligue 1,2005,2005/2006
Le Mans Union Club 72,Dan Eggen,35,Centre-Back,Retired,-,out,Summer,0,Ligue 1,2005,2005/2006
Le Mans Union Club 72,Olivier Pédémas,36,Goalkeeper,Retired,-,out,Summer,0,Ligue 1,2005,2005/2006
Le Mans Union Club 72,Laurent Peyrelade,35,Centre-Forward,Retired,-,out,Summer,0,Ligue 1,2005,2005/2006
Le Mans Union Club 72,Willy Grondin,30,Goalkeeper,FC Nantes,"End of loanJun 30, 2005",out,Summer,0,Ligue 1,2005,2005/2006
Le Mans Union Club 72,Mansour Boutabout,26,Centre-Forward,FC Gueugnon,"End of loanJun 30, 2005",out,Summer,0,Ligue 1,2005,2005/2006
Le Mans Union Club 72,Georges Ba,26,Centre-Forward,OGC Nice,"End of loanJun 30, 2005",out,Summer,0,Ligue 1,2005,2005/2006
Le Mans Union Club 72,Alexandre Comisetti,31,Left Midfield,Servette FC,"End of loanJun 30, 2005",out,Summer,0,Ligue 1,2005,2005/2006
ES Troyes AC,Florian Boucansaud,24,Centre-Back,OGC Nice,Loan fee:£225Th.,in,Summer,0.225,Ligue 1,2005,2005/2006
ES Troyes AC,Blaise Kouassi,30,Centre-Back,Guingamp,Free transfer,in,Summer,0,Ligue 1,2005,2005/2006
ES Troyes AC,Gaël Danic,23,Left Winger,Grenoble,Free transfer,in,Summer,0,Ligue 1,2005,2005/2006
ES Troyes AC,Auriol Guillaume,25,Defender,Guingamp,Free transfer,in,Summer,0,Ligue 1,2005,2005/2006
ES Troyes AC,Sylvain Meslien,24,Centre-Back,Saint-Étienne,Free transfer,in,Summer,0,Ligue 1,2005,2005/2006
ES Troyes AC,Éloge Enza-Yamissi,22,Defensive Midfield,Nîmes Olympique,Free transfer,in,Summer,0,Ligue 1,2005,2005/2006
ES Troyes AC,Ronan Le Crom,30,Goalkeeper,Guingamp,Loan,in,Summer,0,Ligue 1,2005,2005/2006
ES Troyes AC,Georges Ba,26,Centre-Forward,OGC Nice,Free transfer,in,Summer,0,Ligue 1,2005,2005/2006
ES Troyes AC,Branko Boskovic,25,Central Midfield,Paris SG,Loan,in,Summer,0,Ligue 1,2005,2005/2006
ES Troyes AC,Ibrahima Fayé,25,Centre-Back,SM Caen,Loan,in,Summer,0,Ligue 1,2005,2005/2006
ES Troyes AC,Zied Jaziri,27,Centre-Forward,Gaziantepspor,?,in,Summer,NA,Ligue 1,2005,2005/2006
ES Troyes AC,Stéphen Drouin,21,Left-Back,FC Nantes,Loan,in,Summer,0,Ligue 1,2005,2005/2006
ES Troyes AC,Quentin Westberg,19,Goalkeeper,ES Troyes AC B,-,in,Summer,0,Ligue 1,2005,2005/2006
ES Troyes AC,Karim Ziani,22,Attacking Midfield,FC Lorient,"End of loanJun 30, 2005",in,Summer,0,Ligue 1,2005,2005/2006
ES Troyes AC,Damien Perquis,21,Centre-Back,Saint-Étienne,£540Th.,out,Summer,0.54,Ligue 1,2005,2005/2006
ES Troyes AC,Franck Grandel,27,Goalkeeper,FC Utrecht,Free transfer,out,Summer,0,Ligue 1,2005,2005/2006
ES Troyes AC,Emanuel Perrone,22,Centre-Forward,Ionikos Nikeas,Free transfer,out,Summer,0,Ligue 1,2005,2005/2006
ES Troyes AC,Ludovic Liron,27,Centre-Back,Valenciennes FC,Free transfer,out,Summer,0,Ligue 1,2005,2005/2006
ES Troyes AC,David Vairelles,27,Centre-Back,Amiens SC,Free transfer,out,Summer,0,Ligue 1,2005,2005/2006
ES Troyes AC,Frédéric Garny,30,Forward,SCO Angers,Free transfer,out,Summer,0,Ligue 1,2005,2005/2006
ES Troyes AC,Nicolas Florentin,27,Left Winger,SM Caen,Free transfer,out,Summer,0,Ligue 1,2005,2005/2006
ES Troyes AC,Marvin Aïssi,20,Centre-Forward,FC Baden,?,out,Summer,NA,Ligue 1,2005,2005/2006
ES Troyes AC,Karim Ziani,22,Attacking Midfield,FC Lorient,?,out,Summer,NA,Ligue 1,2005,2005/2006
ES Troyes AC,Eric Marester,21,Right-Back,SC Bastia,Loan,out,Summer,0,Ligue 1,2005,2005/2006
ES Troyes AC,Sylvain Meslien,24,Centre-Back,Saint-Étienne,"End of loanJun 30, 2005",out,Summer,0,Ligue 1,2005,2005/2006
ES Troyes AC,Bafétimbi Gomis,19,Centre-Forward,Saint-Étienne,"End of loanJun 30, 2005",out,Summer,0,Ligue 1,2005,2005/2006
Olympique Lyon,Patrick Müller,29,Centre-Back,FC Basel,£3.42m,in,Winter,3.42,Ligue 1,2005,2005/2006
Olympique Lyon,Johann Truchet,22,Right-Back,Stade Reims,Loan,out,Winter,0,Ligue 1,2005,2005/2006
Olympique Lyon,Pierre-Alain Frau,25,Centre-Forward,Lens,Loan,out,Winter,0,Ligue 1,2005,2005/2006
Olympique Lyon,Julien Viale,23,Centre-Forward,FC Istres,Loan,out,Winter,0,Ligue 1,2005,2005/2006
LOSC Lille,Dante,22,Centre-Back,RSC Charleroi,Loan,out,Winter,0,Ligue 1,2005,2005/2006
AS Monaco,Marco Di Vaio,29,Centre-Forward,Valencia,Loan fee:£90Th.,in,Winter,0.09,Ligue 1,2005,2005/2006
AS Monaco,Christian Vieri,32,Centre-Forward,AC Milan,Free transfer,in,Winter,0,Ligue 1,2005,2005/2006
AS Monaco,Manuel dos Santos,31,Left-Back,Benfica,Free transfer,in,Winter,0,Ligue 1,2005,2005/2006
AS Monaco,Alexandre Licata,21,Centre-Forward,Louh.-Cuiseaux,Free transfer,in,Winter,0,Ligue 1,2005,2005/2006
AS Monaco,Emmanuel Adebayor,21,Centre-Forward,Arsenal,£9.00m,out,Winter,9,Ligue 1,2005,2005/2006
AS Monaco,Patrice Evra,24,Left-Back,Man Utd,£7.20m,out,Winter,7.2,Ligue 1,2005,2005/2006
AS Monaco,Olivier Sorlin,26,Defensive Midfield,Stade Rennais,£900Th.,out,Winter,0.9,Ligue 1,2005,2005/2006
AS Monaco,Toifilou Maoulida,26,Centre-Forward,Marseille,Loan,out,Winter,0,Ligue 1,2005,2005/2006
AS Monaco,Marko Muslin,20,Defensive Midfield,Willem II,Loan,out,Winter,0,Ligue 1,2005,2005/2006
Stade Rennais FC,John Mensah,23,Centre-Back,Chievo Verona,£1.08m,in,Winter,1.08,Ligue 1,2005,2005/2006
Stade Rennais FC,Olivier Sorlin,26,Defensive Midfield,Monaco,£900Th.,in,Winter,0.9,Ligue 1,2005,2005/2006
Stade Rennais FC,Grégory Tanagro,21,Centre-Back,FC Sète 34,Loan,out,Winter,0,Ligue 1,2005,2005/2006
Stade Rennais FC,Stéphane N'Guéma,21,Right Winger,FC Lorient,Loan,out,Winter,0,Ligue 1,2005,2005/2006
Olympique Marseille,Mickaël Pagis,32,Second Striker,R. Strasbourg,£900Th.,in,Winter,0.9,Ligue 1,2005,2005/2006
Olympique Marseille,Renato Civelli,22,Centre-Back,CA Banfield,Loan fee:£117Th.,in,Winter,0.117,Ligue 1,2005,2005/2006
Olympique Marseille,Toifilou Maoulida,26,Centre-Forward,Monaco,Loan,in,Winter,0,Ligue 1,2005,2005/2006
Olympique Marseille,Jérôme Bonnissel,32,Left-Back,Without Club,-,in,Winter,0,Ligue 1,2005,2005/2006
Olympique Marseille,Alexis Pradie,18,Centre-Back,Marseille B,-,in,Winter,0,Ligue 1,2005,2005/2006
Olympique Marseille,Anthony Flachi,19,Central Midfield,Marseille B,-,in,Winter,0,Ligue 1,2005,2005/2006
Olympique Marseille,Koji Nakata,26,Defensive Midfield,FC Basel,£630Th.,out,Winter,0.63,Ligue 1,2005,2005/2006
Olympique Marseille,Leyti N'Diaye,20,Centre-Back,US Créteil,Loan,out,Winter,0,Ligue 1,2005,2005/2006
Olympique Marseille,Koke,22,Centre-Forward,Sporting CP,Loan,out,Winter,0,Ligue 1,2005,2005/2006
Olympique Marseille,Andrés Mendoza,27,Centre-Forward,Metallurg D.,"End of loanDec 1, 2005",out,Winter,0,Ligue 1,2005,2005/2006
AS Saint-Étienne,Hélder Postiga,23,Centre-Forward,FC Porto,Loan fee:£720Th.,in,Winter,0.72,Ligue 1,2005,2005/2006
AS Saint-Étienne,Bruno Basto,27,Left-Back,Without Club,-,in,Winter,0,Ligue 1,2005,2005/2006
AS Saint-Étienne,Idriss Ech-Chergui,20,Attacking Midfield,Bayonne,Free transfer,out,Winter,0,Ligue 1,2005,2005/2006
RC Lens,Pierre-Alain Frau,25,Centre-Forward,Olympique Lyon,Loan,in,Winter,0,Ligue 1,2005,2005/2006
RC Lens,Guillermo Rodríguez,21,Centre-Back,Danubio FC,Loan,in,Winter,0,Ligue 1,2005,2005/2006
RC Lens,Pape Sarr,27,Attacking Midfield,FC Istres,"End of loanDec 1, 2005",in,Winter,0,Ligue 1,2005,2005/2006
RC Lens,Jérôme Leroy,31,Attacking Midfield,B. Jerusalem,£450Th.,out,Winter,0.45,Ligue 1,2005,2005/2006
RC Lens,Pape Sarr,28,Attacking Midfield,Stade Brest 29,Free transfer,out,Winter,0,Ligue 1,2005,2005/2006
AJ Auxerre,Benjani,27,Centre-Forward,Portsmouth,£5.40m,out,Winter,5.4,Ligue 1,2005,2005/2006
AJ Auxerre,Abou Diaby,19,Central Midfield,Arsenal,£2.70m,out,Winter,2.7,Ligue 1,2005,2005/2006
AJ Auxerre,Hassan Yebda,21,Central Midfield,Stade Lavallois,Loan,out,Winter,0,Ligue 1,2005,2005/2006
Paris Saint-Germain,Paulo César,27,Right Midfield,Santos FC,"End of loanJan 10, 2006",in,Winter,0,Ligue 1,2005,2005/2006
Paris Saint-Germain,Sergey Semak,29,Central Midfield,FK Moskau,£2.70m,out,Winter,2.7,Ligue 1,2005,2005/2006
FC Sochaux-Montbéliard,Dusko Tosic,20,Centre-Back,OFK Beograd,£450Th.,in,Winter,0.45,Ligue 1,2005,2005/2006
FC Sochaux-Montbéliard,Weldon,25,Centre-Forward,Cruzeiro,Loan,in,Winter,0,Ligue 1,2005,2005/2006
FC Sochaux-Montbéliard,Valéry Mézague,22,Attacking Midfield,Montpellier,?,in,Winter,NA,Ligue 1,2005,2005/2006
FC Sochaux-Montbéliard,Thomas Régnier,21,Centre-Forward,Clermont Foot,"End of loanDec 31, 2005",in,Winter,0,Ligue 1,2005,2005/2006
FC Sochaux-Montbéliard,Jaouad Zairi,23,Right Midfield,Ittihad,Loan fee:£630Th.,out,Winter,0.63,Ligue 1,2005,2005/2006
FC Sochaux-Montbéliard,Ahmed Samir Farag,19,Left-Back,El Ahly,Loan,out,Winter,0,Ligue 1,2005,2005/2006
FC Sochaux-Montbéliard,Mohamed Kader,26,Centre-Forward,Guingamp,Free transfer,out,Winter,0,Ligue 1,2005,2005/2006
FC Sochaux-Montbéliard,Fabien Lavoyer,19,Centre-Back,SO Romorantin,Free transfer,out,Winter,0,Ligue 1,2005,2005/2006
RC Strasbourg Alsace,Edgar Loué,22,Defensive Midfield,Raja Casablanca,£450Th.,in,Winter,0.45,Ligue 1,2005,2005/2006
RC Strasbourg Alsace,Abou Mosalem,24,Left-Back,El Ahly,£135Th.,in,Winter,0.135,Ligue 1,2005,2005/2006
RC Strasbourg Alsace,Szilard Nemeth,28,Second Striker,Middlesbrough,Loan,in,Winter,0,Ligue 1,2005,2005/2006
RC Strasbourg Alsace,Yacine Abdessadki,24,Right Winger,Toulouse,"End of loanDec 31, 2005",in,Winter,0,Ligue 1,2005,2005/2006
RC Strasbourg Alsace,Mickaël Pagis,32,Second Striker,Marseille,£900Th.,out,Winter,0.9,Ligue 1,2005,2005/2006
RC Strasbourg Alsace,Éric Mouloungui,21,Centre-Forward,FC Gueugnon,Loan,out,Winter,0,Ligue 1,2005,2005/2006
OGC Nice,Onyekachi Apam,19,Centre-Back,Enugu Rangers,Loan fee:£225Th.,in,Winter,0.225,Ligue 1,2005,2005/2006
OGC Nice,David Bellion,23,Centre-Forward,Man Utd,Loan,in,Winter,0,Ligue 1,2005,2005/2006
OGC Nice,Drissa Diakité,20,Centre-Back,MC Algiers,Free transfer,in,Winter,0,Ligue 1,2005,2005/2006
OGC Nice,Kamel Larbi,20,Centre-Forward,FC Lorient,"End of loanDec 1, 2005",in,Winter,0,Ligue 1,2005,2005/2006
OGC Nice,Anthony Scaramozzino,20,Left-Back,Gillingham FC,"End of loanDec 31, 2005",in,Winter,0,Ligue 1,2005,2005/2006
OGC Nice,Franck Padovani,20,Centre-Forward,Sp. Toulon Var,Loan,out,Winter,0,Ligue 1,2005,2005/2006
FC Toulouse,Benjamin Psaume,21,Right Winger,FC Sète 34,Loan,out,Winter,0,Ligue 1,2005,2005/2006
FC Toulouse,Yacine Abdessadki,24,Right Winger,R. Strasbourg,"End of loanDec 31, 2005",out,Winter,0,Ligue 1,2005,2005/2006
AC Ajaccio,Moussa N'Diaye,26,Right Winger,FC Istres,Loan,in,Winter,0,Ligue 1,2005,2005/2006
AC Ajaccio,Christophe Bastien,29,Right Midfield,CS Sedan,Free transfer,out,Winter,0,Ligue 1,2005,2005/2006
AC Ajaccio,Laurent Merlin,21,Attacking Midfield,LB Châteauroux,Free transfer,out,Winter,0,Ligue 1,2005,2005/2006
FC Girondins Bordeaux,Beto Severo,29,Centre-Back,Sporting CP,£900Th.,in,Winter,0.9,Ligue 1,2005,2005/2006
FC Girondins Bordeaux,Laurent Leroy,29,Centre-Forward,US Créteil,Free transfer,out,Winter,0,Ligue 1,2005,2005/2006
FC Girondins Bordeaux,Paulo Costa,26,Attacking Midfield,Aris Saloniki,Free transfer,out,Winter,0,Ligue 1,2005,2005/2006
FC Girondins Bordeaux,Kodjo Julien Afanou,28,Centre-Back,Without Club,-,out,Winter,0,Ligue 1,2005,2005/2006
FC Metz,Wilmer Aguirre,22,Right Winger,Alianza Lima,£450Th.,in,Winter,0.45,Ligue 1,2005,2005/2006
FC Metz,Souleymane Youla,24,Centre-Forward,Besiktas,Loan fee:£360Th.,in,Winter,0.36,Ligue 1,2005,2005/2006
FC Metz,Ruslan Pimenov,24,Centre-Forward,Loko Moscow,Loan fee:£180Th.,in,Winter,0.18,Ligue 1,2005,2005/2006
FC Metz,Jamal Alioui,23,Right-Back,FC Crotone,Loan,in,Winter,0,Ligue 1,2005,2005/2006
FC Metz,Mamadou Diakité,20,Defensive Midfield,Vitória Setúbal,"End of loanDec 31, 2005",in,Winter,0,Ligue 1,2005,2005/2006
FC Metz,Samuel Allegro,27,Right-Back,LB Châteauroux,Free transfer,out,Winter,0,Ligue 1,2005,2005/2006
FC Metz,Grégory Paisley,28,Left-Back,Troyes,Free transfer,out,Winter,0,Ligue 1,2005,2005/2006
FC Metz,Marcin Zewlakow,29,Centre-Forward,Exc. Mouscron,Loan,out,Winter,0,Ligue 1,2005,2005/2006
FC Metz,Jung-hwan Ahn,30,Second Striker,MSV Duisburg,Free transfer,out,Winter,0,Ligue 1,2005,2005/2006
FC Nantes,Dennis Oliech,20,Right Winger,Al-Arabi SC,£2.43m,in,Winter,2.43,Ligue 1,2005,2005/2006
FC Nantes,Julio Hernán Rossi,28,Centre-Forward,FC Basel,£630Th.,in,Winter,0.63,Ligue 1,2005,2005/2006
FC Nantes,Karim El Mourabet,18,Centre-Back,FC Nantes B,-,in,Winter,0,Ligue 1,2005,2005/2006
FC Nantes,Alexander Viveros,28,Left-Back,Grasshoppers,Loan,out,Winter,0,Ligue 1,2005,2005/2006
FC Nantes,Gilles Yapi,24,Defensive Midfield,BSC Young Boys,Loan,out,Winter,0,Ligue 1,2005,2005/2006
AS Nancy-Lorraine,Romain Chouleur,19,Left Winger,AS Nancy B,-,in,Winter,0,Ligue 1,2005,2005/2006
AS Nancy-Lorraine,Manuel da Costa,19,Centre-Back,AS Nancy B,-,in,Winter,0,Ligue 1,2005,2005/2006
AS Nancy-Lorraine,Basile Camerling,18,Centre-Forward,AS Nancy B,-,in,Winter,0,Ligue 1,2005,2005/2006
AS Nancy-Lorraine,Saliou Lassissi,27,Centre-Back,AC Bellinzona,Free transfer,out,Winter,0,Ligue 1,2005,2005/2006
AS Nancy-Lorraine,Olivier Rambo,31,Right Winger,Sp. Toulon Var,Free transfer,out,Winter,0,Ligue 1,2005,2005/2006
AS Nancy-Lorraine,Dagui Bakari,31,Centre-Forward,Retired,-,out,Winter,0,Ligue 1,2005,2005/2006
Le Mans Union Club 72,Grafite,26,Centre-Forward,São Paulo,£3.15m,in,Winter,3.15,Ligue 1,2005,2005/2006
Le Mans Union Club 72,Cédric Fauré,26,Centre-Forward,FC Istres,Loan,in,Winter,0,Ligue 1,2005,2005/2006
Le Mans Union Club 72,Jérémy Choplin,20,Centre-Back,Bayonne,Loan,out,Winter,0,Ligue 1,2005,2005/2006
ES Troyes AC,Grégory Paisley,28,Left-Back,FC Metz,Free transfer,in,Winter,0,Ligue 1,2005,2005/2006
ES Troyes AC,Ali Zitouni,24,Right Winger,Esperance,Loan,in,Winter,0,Ligue 1,2005,2005/2006
ES Troyes AC,Gaël Danic,24,Left Winger,FC Lorient,Loan,out,Winter,0,Ligue 1,2005,2005/2006
ES Troyes AC,Nabil Berkak,21,Right-Back,Entente SSG,Loan,out,Winter,0,Ligue 1,2005,2005/2006
