club_name,player_name,age,position,club_involved_name,fee,transfer_movement,fee_cleaned,league_name,year,season
Spartak Nalchik,Miodrag Dzudovic,26,Centre-Back,Volyn Lutsk,£90k,in,0.09,Premier Liga,2005,2005/2006
Spartak Nalchik,Levan Gvazava,25,Attacking Midfield,Dinamo Batumi,Free Transfer,in,0,Premier Liga,2005,2005/2006
Spartak Nalchik,Newton Ben Katanha,22,Centre-Forward,MPPJ Selangor,Free Transfer,in,0,Premier Liga,2005,2005/2006
Spartak Nalchik,Erik Korchagin,26,Centre-Forward,Shinnik,Free Transfer,in,0,Premier Liga,2005,2005/2006
Spartak Nalchik,Ngasanya Saddam Ilongo,21,Defensive Midfield,Loko Moscow,Loan,in,0,Premier Liga,2005,2005/2006
Spartak Nalchik,Gogita Gogua,22,Central Midfield,Khimki,?,in,NA,Premier Liga,2005,2005/2006
Spartak Nalchik,Vitali Lanko,28,Centre-Forward,Metall-Kuzbass,?,in,NA,Premier Liga,2005,2005/2006
Spartak Nalchik,Dmitri Michkov,25,Defensive Midfield,Rubin Kazan,?,in,NA,Premier Liga,2005,2005/2006
Spartak Nalchik,Aleksandr Zarutskiy,36,Defender,SK Tavriya,?,in,NA,Premier Liga,2005,2005/2006
Spartak Nalchik,Roman Kontsedalov,19,Central Midfield,Loko Moscow II,Loan,in,0,Premier Liga,2005,2005/2006
Spartak Nalchik,Jefthon,23,Centre-Back,Kuban Krasnodar,Loan,in,0,Premier Liga,2005,2005/2006
Spartak Nalchik,Andrii Poroshyn,27,Centre-Forward,Loko Moscow II,?,in,NA,Premier Liga,2005,2005/2006
Spartak Nalchik,Sergey Serdyukov,24,Centre-Forward,Dinamo Makhachkala,Loan,in,0,Premier Liga,2005,2005/2006
Spartak Nalchik,Mario Juric,28,Right Winger,Shinnik,?,in,NA,Premier Liga,2005,2005/2006
Spartak Nalchik,Stanislav Dyachenko,20,Right-Back,Volyn Lutsk,?,in,NA,Premier Liga,2005,2005/2006
Spartak Nalchik,Denis Evsikov,24,Left-Back,Terek Grozny,?,in,NA,Premier Liga,2005,2005/2006
Spartak Nalchik,Aslan Mashukov,21,Defensive Midfield,Spartak N. II,-,in,0,Premier Liga,2005,2005/2006
Spartak Nalchik,Marat Shogenov,21,Central Midfield,Torpedo Volzhsky,"End of loanDec 31, 2005",in,0,Premier Liga,2005,2005/2006
Spartak Nalchik,Sultan Khuranov,21,Centre-Back,Mashuk-KMV,,in,NA,Premier Liga,2005,2005/2006
Spartak Nalchik,Konstantin Sineokov,26,Right-Back,Spartak-MZK,Free Transfer,out,0,Premier Liga,2005,2005/2006
Spartak Nalchik,Anzor Kunizhev,30,Centre-Forward,Volgar-Gazprom,Free Transfer,out,0,Premier Liga,2005,2005/2006
Spartak Nalchik,Anatoli Romanovich,26,Centre-Back,Shinnik,?,out,NA,Premier Liga,2005,2005/2006
Spartak Nalchik,Alim Khabilov,21,Centre-Forward,Avangard Kursk,?,out,NA,Premier Liga,2005,2005/2006
Spartak Nalchik,Marat Shogenov,20,Central Midfield,Torpedo Volzhsky,Loan,out,0,Premier Liga,2005,2005/2006
Spartak Nalchik,Hamlet Siukaev,24,Right Winger,Volgar-Gazprom,?,out,NA,Premier Liga,2005,2005/2006
Spartak Nalchik,Marat Shogenov,21,Central Midfield,Gazovik Orenburg,?,out,NA,Premier Liga,2005,2005/2006
Spartak Nalchik,Marat Dzakhmishev,25,Central Midfield,S-UGP Anapa,?,out,NA,Premier Liga,2005,2005/2006
Spartak Nalchik,Andrii Poroshyn,27,Centre-Forward,Loko Moscow II,"End of loanDec 1, 2005",out,0,Premier Liga,2005,2005/2006
Spartak Nalchik,Sergey Ovchinnikov,21,Centre-Forward,Loko Moscow II,"End of loanDec 31, 2005",out,0,Premier Liga,2005,2005/2006
Spartak Nalchik,Sultan Khuranov,21,Centre-Back,Unknown,,out,NA,Premier Liga,2005,2005/2006
Spartak Nalchik,Vladimir Kuzmichev,25,Left Winger,CSKA Moscow,"End of loanJun 30, 2005",out,0,Premier Liga,2005,2005/2006
Luch Vladivostok,Kirill Makarov,18,Attacking Midfield,Zenit 2 S-Pb,£270k,in,0.27,Premier Liga,2005,2005/2006
Luch Vladivostok,Andrey Movsesyan,30,Centre-Forward,FK Moskau,Free Transfer,in,0,Premier Liga,2005,2005/2006
Luch Vladivostok,Dmytro Semochko,26,Left-Back,Dnipro,?,in,NA,Premier Liga,2005,2005/2006
Luch Vladivostok,Roman Romanov,24,Centre-Back,Zenit 2 S-Pb,?,in,NA,Premier Liga,2005,2005/2006
Luch Vladivostok,Mikhail Rekudanov,20,Centre-Back,Nika Moskau,Loan,in,0,Premier Liga,2005,2005/2006
Luch Vladivostok,Aleksandr Petukhov,25,Centre-Forward,M. Lipetsk,?,in,NA,Premier Liga,2005,2005/2006
Luch Vladivostok,Dmitri N. Smirnov,25,Centre-Back,Khimki,?,in,NA,Premier Liga,2005,2005/2006
Luch Vladivostok,Willer,25,Attacking Midfield,Dinamo Bryansk,?,in,NA,Premier Liga,2005,2005/2006
Luch Vladivostok,Ruslan Adzhindzhal,31,Central Midfield,Terek Grozny,?,in,NA,Premier Liga,2005,2005/2006
Luch Vladivostok,Andrey Ospeshinski,26,Centre-Forward,Khimki,?,in,NA,Premier Liga,2005,2005/2006
Luch Vladivostok,Georgi Lomaia,26,Goalkeeper,Khimki,?,in,NA,Premier Liga,2005,2005/2006
Luch Vladivostok,Sergey Ivanov,21,Goalkeeper,Spartak Nizhniy Novgorod,£68k,out,0.068,Premier Liga,2005,2005/2006
Luch Vladivostok,Konstantin Gordiyuk,27,Centre-Back,Sibir,?,out,NA,Premier Liga,2005,2005/2006
Luch Vladivostok,Andrey Otyutskiy,23,Centre-Back,Volgar-Gazprom,?,out,NA,Premier Liga,2005,2005/2006
Luch Vladivostok,Ruslan Surodin,23,Defensive Midfield,Volgar-Gazprom,?,out,NA,Premier Liga,2005,2005/2006
Luch Vladivostok,Zurab Tsiklauri,31,Centre-Forward,Yunit Samara,?,out,NA,Premier Liga,2005,2005/2006
Luch Vladivostok,Mikhail Rekudanov,20,Centre-Back,Nika Moskau,"End of loanDec 1, 2005",out,0,Premier Liga,2005,2005/2006
CSKA Moscow,Jô,18,Centre-Forward,Corinthians,£4.50m,in,4.5,Premier Liga,2005,2005/2006
CSKA Moscow,Ivan Taranov,19,Centre-Back,CSKA Moscow II,-,in,0,Premier Liga,2005,2005/2006
CSKA Moscow,Aleksandr Antipenko,23,Centre-Forward,Khimki,"End of loanDec 1, 2005",in,0,Premier Liga,2005,2005/2006
CSKA Moscow,Alan Kusov,24,Central Midfield,Spartak Ch.,"End of loanDec 1, 2005",in,0,Premier Liga,2005,2005/2006
CSKA Moscow,Osmar Ferreyra,22,Attacking Midfield,PSV Eindhoven,"End of loanDec 31, 2005",in,0,Premier Liga,2005,2005/2006
CSKA Moscow,Serghei Dadu,24,Centre-Forward,Spartak V-kavkaz,"End of loanDec 1, 2005",in,0,Premier Liga,2005,2005/2006
CSKA Moscow,Vladimir Kuzmichev,26,Left Winger,Anzhi,"End of loanDec 31, 2005",in,0,Premier Liga,2005,2005/2006
CSKA Moscow,Anton Grigorjev,20,Centre-Back,CSKA Moscow II,-,in,0,Premier Liga,2005,2005/2006
CSKA Moscow,Juris Laizans,26,Defensive Midfield,Torpedo Moscow,"End of loanDec 1, 2005",in,0,Premier Liga,2005,2005/2006
CSKA Moscow,Spartak Gogniev,24,Centre-Forward,Spartak V-kavkaz,"End of loanDec 31, 2005",in,0,Premier Liga,2005,2005/2006
CSKA Moscow,Vladimir Kuzmichev,25,Left Winger,Spartak Nalchik,"End of loanJun 30, 2005",in,0,Premier Liga,2005,2005/2006
CSKA Moscow,Bohdan Shershun,24,Centre-Back,Dnipro,£405k,out,0.405,Premier Liga,2005,2005/2006
CSKA Moscow,Vladimir Kuzmichev,26,Left Winger,Kuban Krasnodar,Free Transfer,out,0,Premier Liga,2005,2005/2006
CSKA Moscow,Spartak Gogniev,24,Centre-Forward,Saturn,Loan,out,0,Premier Liga,2005,2005/2006
CSKA Moscow,Sergey Samodin,20,Centre-Forward,Spartak Nizhniy Novgorod,Loan,out,0,Premier Liga,2005,2005/2006
CSKA Moscow,Juris Laizans,26,Defensive Midfield,Torpedo Moscow,Loan,out,0,Premier Liga,2005,2005/2006
CSKA Moscow,Juris Laizans,26,Defensive Midfield,Rostov,Loan,out,0,Premier Liga,2005,2005/2006
CSKA Moscow,Alan Kusov,23,Central Midfield,Spartak Ch.,Loan,out,0,Premier Liga,2005,2005/2006
CSKA Moscow,Sergey Pravosud,19,Centre-Forward,Shinnik,Loan,out,0,Premier Liga,2005,2005/2006
CSKA Moscow,Aleksandr Antipenko,23,Centre-Forward,Anzhi,Loan,out,0,Premier Liga,2005,2005/2006
CSKA Moscow,Vladimir Kuzmichev,25,Left Winger,Anzhi,Loan,out,0,Premier Liga,2005,2005/2006
CSKA Moscow,Alan Kusov,24,Central Midfield,Career break,-,out,0,Premier Liga,2005,2005/2006
CSKA Moscow,Serghei Dadu,24,Centre-Forward,CSKA Moscow II,-,out,0,Premier Liga,2005,2005/2006
Spartak Moscow,Mozart,25,Defensive Midfield,Reggina,£4.05m,in,4.05,Premier Liga,2005,2005/2006
Spartak Moscow,Martin Stranzl,25,Centre-Back,VfB Stuttgart,£4.05m,in,4.05,Premier Liga,2005,2005/2006
Spartak Moscow,Vladimir Bystrov,21,Right Midfield,Zenit S-Pb,£3.60m,in,3.6,Premier Liga,2005,2005/2006
Spartak Moscow,Quincy Owusu-Abeyie,19,Left Winger,Arsenal,£2.25m,in,2.25,Premier Liga,2005,2005/2006
Spartak Moscow,Dmitri Torbinski,21,Central Midfield,Spartak II,-,in,0,Premier Liga,2005,2005/2006
Spartak Moscow,Aleksey Rebko,19,Central Midfield,Spartak II,-,in,0,Premier Liga,2005,2005/2006
Spartak Moscow,Pavel Pogrebnyak,22,Centre-Forward,Shinnik,"End of loanDec 31, 2005",in,0,Premier Liga,2005,2005/2006
Spartak Moscow,Gabriel Tamas,22,Centre-Back,Dinamo Bukarest,"End of loanDec 1, 2005",in,0,Premier Liga,2005,2005/2006
Spartak Moscow,Roman Vasilyuk,26,Centre-Forward,Hapoel Tel Aviv,"End of loanJun 30, 2005",in,0,Premier Liga,2005,2005/2006
Spartak Moscow,Luc Zoa,26,Centre-Back,Anzhi,"End of loanJun 30, 2005",in,0,Premier Liga,2005,2005/2006
Spartak Moscow,Ales Urbanek,25,Left-Back,Sparta Praha,"End of loanJun 30, 2005",in,0,Premier Liga,2005,2005/2006
Spartak Moscow,Nemanja Vidic‎,24,Centre-Back,Man Utd,£9.45m,out,9.45,Premier Liga,2005,2005/2006
Spartak Moscow,Aleksandr Samedov,20,Right Winger,Loko Moscow,£3.60m,out,3.6,Premier Liga,2005,2005/2006
Spartak Moscow,Pavel Pogrebnyak,22,Centre-Forward,Tom Tomsk,£1.80m,out,1.8,Premier Liga,2005,2005/2006
Spartak Moscow,Dmitri Parfenov,31,Right-Back,Dinamo Moscow,Free Transfer,out,0,Premier Liga,2005,2005/2006
Spartak Moscow,Yuri Kovtun,35,Left-Back,Spartak V-kavkaz,Free Transfer,out,0,Premier Liga,2005,2005/2006
Spartak Moscow,Andrezinho,23,Attacking Midfield,Sabah,?,out,NA,Premier Liga,2005,2005/2006
Spartak Moscow,Roman Vasilyuk,26,Centre-Forward,Gomel,?,out,NA,Premier Liga,2005,2005/2006
Spartak Moscow,Florin Soava,27,Centre-Back,KS Samara,Loan,out,0,Premier Liga,2005,2005/2006
Spartak Moscow,Luc Zoa,26,Centre-Back,Anzhi,?,out,NA,Premier Liga,2005,2005/2006
Spartak Moscow,Ales Urbanek,25,Left-Back,Artmedia Brat.,?,out,NA,Premier Liga,2005,2005/2006
Spartak Moscow,Andrejs Rubins,27,Left Winger,Shinnik,Loan,out,0,Premier Liga,2005,2005/2006
Lokomotiv Moscow,Aleksandr Samedov,20,Right Winger,Spartak Moscow,£3.60m,in,3.6,Premier Liga,2005,2005/2006
Lokomotiv Moscow,Emir Spahic,25,Centre-Back,Torpedo Moscow,£2.70m,in,2.7,Premier Liga,2005,2005/2006
Lokomotiv Moscow,Amr Zaki,22,Centre-Forward,Enppi,£2.70m,in,2.7,Premier Liga,2005,2005/2006
Lokomotiv Moscow,Garry O'Connor,22,Centre-Forward,Hibernian FC,£2.16m,in,2.16,Premier Liga,2005,2005/2006
Lokomotiv Moscow,Marián Had,23,Centre-Back,1. FC Brno,£1.80m,in,1.8,Premier Liga,2005,2005/2006
Lokomotiv Moscow,Eldin Jakupovic,21,Goalkeeper,Grasshoppers,£1.80m,in,1.8,Premier Liga,2005,2005/2006
Lokomotiv Moscow,Branislav Ivanovic,21,Centre-Back,OFK Beograd,£900k,in,0.9,Premier Liga,2005,2005/2006
Lokomotiv Moscow,Dramane Traoré,23,Centre-Forward,Club Africain,£900k,in,0.9,Premier Liga,2005,2005/2006
Lokomotiv Moscow,Dmitri Kruglov,21,Left-Back,Levadia,£540k,in,0.54,Premier Liga,2005,2005/2006
Lokomotiv Moscow,Essau Kanyenda,22,Centre-Forward,Rostov,£360k,in,0.36,Premier Liga,2005,2005/2006
Lokomotiv Moscow,Laryea Kingston,25,Central Midfield,Terek Grozny,Free Transfer,in,0,Premier Liga,2005,2005/2006
Lokomotiv Moscow,André Bikey,20,Centre-Back,Shinnik,?,in,NA,Premier Liga,2005,2005/2006
Lokomotiv Moscow,Francesco Ruopolo,22,Centre-Forward,Parma,Loan,in,0,Premier Liga,2005,2005/2006
Lokomotiv Moscow,Ngasanya Saddam Ilongo,21,Defensive Midfield,Wigan,?,in,NA,Premier Liga,2005,2005/2006
Lokomotiv Moscow,Ruslan Pimenov,24,Centre-Forward,Spartak V-kavkaz,"End of loanDec 1, 2005",in,0,Premier Liga,2005,2005/2006
Lokomotiv Moscow,Mikhail Ashvetia,28,Centre-Forward,Rostov,"End of loanDec 1, 2005",in,0,Premier Liga,2005,2005/2006
Lokomotiv Moscow,Maksim Buznikin,28,Centre-Forward,Rostov,"End of loanDec 1, 2005",in,0,Premier Liga,2005,2005/2006
Lokomotiv Moscow,Winston Parks,24,Centre-Forward,Saturn,"End of loanDec 31, 2005",in,0,Premier Liga,2005,2005/2006
Lokomotiv Moscow,James Obiorah,26,Centre-Forward,FC Niort,"End of loanJun 30, 2005",in,0,Premier Liga,2005,2005/2006
Lokomotiv Moscow,Ruslan Pimenov,23,Centre-Forward,FC Metz,"End of loanJun 1, 2005",in,0,Premier Liga,2005,2005/2006
Lokomotiv Moscow,Aleksey Bugaev,24,Centre-Back,Tom Tomsk,£450k,out,0.45,Premier Liga,2005,2005/2006
Lokomotiv Moscow,Mikhail Ashvetia,28,Centre-Forward,Rubin Kazan,£405k,out,0.405,Premier Liga,2005,2005/2006
Lokomotiv Moscow,Maksim Buznikin,28,Centre-Forward,Rostov,£360k,out,0.36,Premier Liga,2005,2005/2006
Lokomotiv Moscow,Ruslan Pimenov,24,Centre-Forward,FC Metz,Loan fee:£180k,out,0.18,Premier Liga,2005,2005/2006
Lokomotiv Moscow,Ruslan Pimenov,23,Centre-Forward,Spartak V-kavkaz,Loan fee:£90k,out,0.09,Premier Liga,2005,2005/2006
Lokomotiv Moscow,Francisco Lima,34,Defensive Midfield,Qatar SC,Loan,out,0,Premier Liga,2005,2005/2006
Lokomotiv Moscow,Sergey Ovchinnikov,35,Goalkeeper,Dinamo Moscow,Free Transfer,out,0,Premier Liga,2005,2005/2006
Lokomotiv Moscow,Dmitri Khokhlov,30,Central Midfield,Dinamo Moscow,Free Transfer,out,0,Premier Liga,2005,2005/2006
Lokomotiv Moscow,James Obiorah,26,Centre-Forward,Grazer AK,Free Transfer,out,0,Premier Liga,2005,2005/2006
Lokomotiv Moscow,Maksim Buznikin,28,Centre-Forward,Rostov,Loan,out,0,Premier Liga,2005,2005/2006
Lokomotiv Moscow,Ngasanya Saddam Ilongo,21,Defensive Midfield,Spartak Nalchik,Loan,out,0,Premier Liga,2005,2005/2006
Lokomotiv Moscow,Mikhail Ashvetia,27,Centre-Forward,Rostov,Loan,out,0,Premier Liga,2005,2005/2006
Lokomotiv Moscow,Sergey Omeljanchuk,25,Centre-Back,Shinnik,Loan,out,0,Premier Liga,2005,2005/2006
Lokomotiv Moscow,Winston Parks,23,Centre-Forward,Saturn,Loan,out,0,Premier Liga,2005,2005/2006
Lokomotiv Moscow,Zaur Khapov,41,Goalkeeper,Retired,-,out,0,Premier Liga,2005,2005/2006
Lokomotiv Moscow,Francesco Ruopolo,22,Centre-Forward,Parma,"End of loanDec 1, 2005",out,0,Premier Liga,2005,2005/2006
Rubin Kazan,Mikhail Ashvetia,28,Centre-Forward,Loko Moscow,£405k,in,0.405,Premier Liga,2005,2005/2006
Rubin Kazan,Aleksandr Ryazantsev,19,Central Midfield,FK Moskau II,£360k,in,0.36,Premier Liga,2005,2005/2006
Rubin Kazan,Giorgi Kinkladze,31,Attacking Midfield,Anorthosis,£270k,in,0.27,Premier Liga,2005,2005/2006
Rubin Kazan,Dmitri Vasiljev,28,Defensive Midfield,Shinnik,£270k,in,0.27,Premier Liga,2005,2005/2006
Rubin Kazan,Roman Shirokov,24,Central Midfield,Saturn,£135k,in,0.135,Premier Liga,2005,2005/2006
Rubin Kazan,Nukri Revishvili,18,Goalkeeper,Torpedo Kutaisi,£90k,in,0.09,Premier Liga,2005,2005/2006
Rubin Kazan,Baiano,27,Right-Back,Palmeiras,Free Transfer,in,0,Premier Liga,2005,2005/2006
Rubin Kazan,Dzhambulad Bazaev,26,Right Winger,Spartak V-kavkaz,Free Transfer,in,0,Premier Liga,2005,2005/2006
Rubin Kazan,Alexandru Gatcan,21,Defensive Midfield,Spartak II,Free Transfer,in,0,Premier Liga,2005,2005/2006
Rubin Kazan,Konstantin Skrylnikov,25,Left Midfield,Tom Tomsk,?,in,NA,Premier Liga,2005,2005/2006
Rubin Kazan,Wálter García,21,Centre-Back,San Lorenzo,?,in,NA,Premier Liga,2005,2005/2006
Rubin Kazan,Aloisio Chulapa,30,Centre-Forward,Atlético-PR,"End of loanOct 1, 2005",in,0,Premier Liga,2005,2005/2006
Rubin Kazan,Aleksandr Bukharov,20,Centre-Forward,Rubin Kazan II,-,in,0,Premier Liga,2005,2005/2006
Rubin Kazan,Dmitri Michkov,25,Defensive Midfield,Vityaz Podolsk,"End of loanDec 1, 2005",in,0,Premier Liga,2005,2005/2006
Rubin Kazan,Adam Petrous,27,Centre-Back,Austria Vienna,"End of loanJun 30, 2005",in,0,Premier Liga,2005,2005/2006
Rubin Kazan,Tomas Cizek,27,Attacking Midfield,FK Moskau,£450k,out,0.45,Premier Liga,2005,2005/2006
Rubin Kazan,Roni,28,Centre-Forward,Goiás EC,£180k,out,0.18,Premier Liga,2005,2005/2006
Rubin Kazan,Ebou Sillah,25,Left Winger,RBC Roosendaal,Free Transfer,out,0,Premier Liga,2005,2005/2006
Rubin Kazan,Andrey Konovalov,31,Central Midfield,Shinnik,Free Transfer,out,0,Premier Liga,2005,2005/2006
Rubin Kazan,Aloisio Chulapa,30,Centre-Forward,São Paulo,Free Transfer,out,0,Premier Liga,2005,2005/2006
Rubin Kazan,Igor Simutenkov,32,Centre-Forward,Dinamo Voronezh,Free Transfer,out,0,Premier Liga,2005,2005/2006
Rubin Kazan,Vitalijs Astafjevs,34,Defensive Midfield,Skonto Riga,Free Transfer,out,0,Premier Liga,2005,2005/2006
Rubin Kazan,Mohamed Moustapha Mané,21,Centre-Forward,Jeanne d'Arc,?,out,NA,Premier Liga,2005,2005/2006
Rubin Kazan,Adam Petrous,27,Centre-Back,Sparta Praha,?,out,NA,Premier Liga,2005,2005/2006
Rubin Kazan,Óscar Díaz,21,Left-Back,Quindío,?,out,NA,Premier Liga,2005,2005/2006
Rubin Kazan,Dmitri Michkov,25,Defensive Midfield,Spartak Nalchik,?,out,NA,Premier Liga,2005,2005/2006
Rubin Kazan,Dmitri Michkov,25,Defensive Midfield,Vityaz Podolsk,Loan,out,0,Premier Liga,2005,2005/2006
Rubin Kazan,Aleksey Bakharev,28,Central Midfield,Shakhtar D.,"End of loanJun 30, 2005",out,0,Premier Liga,2005,2005/2006
FK Moskau,Sergey Semak,29,Central Midfield,Paris SG,£2.70m,in,2.7,Premier Liga,2005,2005/2006
FK Moskau,Roman Adamov,23,Centre-Forward,Terek Grozny,£450k,in,0.45,Premier Liga,2005,2005/2006
FK Moskau,Tomas Cizek,27,Attacking Midfield,Rubin Kazan,£450k,in,0.45,Premier Liga,2005,2005/2006
FK Moskau,Isaac Okoronkwo,27,Centre-Back,Spartak V-kavkaz,Free Transfer,in,0,Premier Liga,2005,2005/2006
FK Moskau,Petr Bystrov,26,Left Midfield,Saturn,Free Transfer,in,0,Premier Liga,2005,2005/2006
FK Moskau,Dilaver Zrnanovic,21,Centre-Back,FK Buducnost,?,in,NA,Premier Liga,2005,2005/2006
FK Moskau,Dmitri Golubov,20,Centre-Forward,FK Moskau II,-,in,0,Premier Liga,2005,2005/2006
FK Moskau,Valeri Leonov,25,Right Midfield,Tom Tomsk,"End of loanDec 1, 2005",in,0,Premier Liga,2005,2005/2006
FK Moskau,Kirill Nababkin,19,Right-Back,FK Moskau II,-,in,0,Premier Liga,2005,2005/2006
FK Moskau,Cristian Dorin Tudor,23,Centre-Forward,Spartak V-kavkaz,"End of loanDec 1, 2005",in,0,Premier Liga,2005,2005/2006
FK Moskau,Budun Budunov,30,Centre-Forward,Tom Tomsk,"End of loanDec 31, 2005",in,0,Premier Liga,2005,2005/2006
FK Moskau,Andrey Nikolaev,23,Centre-Forward,Metall-Kuzbass,"End of loanDec 31, 2005",in,0,Premier Liga,2005,2005/2006
FK Moskau,Ruslan Baltiyev,27,Attacking Midfield,Shinnik,"End of loanDec 1, 2005",in,0,Premier Liga,2005,2005/2006
FK Moskau,Vladimirs Kolesnicenko,25,Attacking Midfield,Venta Kuldiga,"End of loanJun 30, 2005",in,0,Premier Liga,2005,2005/2006
FK Moskau,Baba Adamu,25,Centre-Forward,KS Samara,£180k,out,0.18,Premier Liga,2005,2005/2006
FK Moskau,Andrey Movsesyan,30,Centre-Forward,Luch Vladivostok,Free Transfer,out,0,Premier Liga,2005,2005/2006
FK Moskau,Andrey Nikolaev,23,Centre-Forward,Sibir,Free Transfer,out,0,Premier Liga,2005,2005/2006
FK Moskau,Maksym Biletsky,25,Left Midfield,Rostov,Free Transfer,out,0,Premier Liga,2005,2005/2006
FK Moskau,Kirill Orlov,22,Right-Back,Rostov,Loan,out,0,Premier Liga,2005,2005/2006
FK Moskau,Rolandas Dziaukstas,27,Centre-Back,Saturn,?,out,NA,Premier Liga,2005,2005/2006
FK Moskau,Vladimirs Kolesnicenko,25,Attacking Midfield,Ventspils,?,out,NA,Premier Liga,2005,2005/2006
FK Moskau,Ruslan Baltiyev,26,Attacking Midfield,Shinnik,Loan,out,0,Premier Liga,2005,2005/2006
FK Moskau,Valeri Leonov,25,Right Midfield,Terek Grozny,Loan,out,0,Premier Liga,2005,2005/2006
FK Moskau,Budun Budunov,30,Centre-Forward,Terek Grozny,Loan,out,0,Premier Liga,2005,2005/2006
FK Moskau,Andrey Nikolaev,22,Centre-Forward,Metall-Kuzbass,Loan,out,0,Premier Liga,2005,2005/2006
FK Moskau,Budun Budunov,29,Centre-Forward,Tom Tomsk,Loan,out,0,Premier Liga,2005,2005/2006
FK Moskau,Ruslan Baltiyev,27,Attacking Midfield,FK Moskau II,-,out,0,Premier Liga,2005,2005/2006
FK Moskau,Sergey Shustikov,35,Centre-Back,Retired,-,out,0,Premier Liga,2005,2005/2006
FK Moskau,Cristian Dorin Tudor,23,Centre-Forward,FK Moskau II,-,out,0,Premier Liga,2005,2005/2006
Zenit St. Petersburg,Aleksandr Anyukov,22,Right-Back,KS Samara,£2.70m,in,2.7,Premier Liga,2005,2005/2006
Zenit St. Petersburg,Dong-jin Kim,24,Left-Back,FC Seoul,£1.80m,in,1.8,Premier Liga,2005,2005/2006
Zenit St. Petersburg,Jaroslav Nesvadba,23,Left-Back,FK Jablonec,£405k,in,0.405,Premier Liga,2005,2005/2006
Zenit St. Petersburg,Yeong-min Hyeon,26,Left-Back,Ulsan,Free Transfer,in,0,Premier Liga,2005,2005/2006
Zenit St. Petersburg,Robertas Poskus,26,Centre-Forward,KS Samara,Free Transfer,in,0,Premier Liga,2005,2005/2006
Zenit St. Petersburg,Darko Maletic,25,Right Midfield,Shinnik,"End of loanDec 1, 2005",in,0,Premier Liga,2005,2005/2006
Zenit St. Petersburg,Dmitri Makarov,23,Centre-Forward,Amkar Perm,"End of loanDec 1, 2005",in,0,Premier Liga,2005,2005/2006
Zenit St. Petersburg,Oleg Trifonov,24,Left Midfield,Kuban Krasnodar,"End of loanDec 31, 2005",in,0,Premier Liga,2005,2005/2006
Zenit St. Petersburg,Martin Horak,25,Centre-Back,Rostov,"End of loanDec 1, 2005",in,0,Premier Liga,2005,2005/2006
Zenit St. Petersburg,Marek Kincl,32,Centre-Forward,Rapid Vienna,"End of loanJun 30, 2005",in,0,Premier Liga,2005,2005/2006
Zenit St. Petersburg,Martin Horak,24,Centre-Back,Denizlispor,"End of loanJun 30, 2005",in,0,Premier Liga,2005,2005/2006
Zenit St. Petersburg,Valentin Filatov,23,Left-Back,Nosta,"End of loanJun 30, 2005",in,0,Premier Liga,2005,2005/2006
Zenit St. Petersburg,Vladimir Bystrov,21,Right Midfield,Spartak Moscow,£3.60m,out,3.6,Premier Liga,2005,2005/2006
Zenit St. Petersburg,Marek Kincl,32,Centre-Forward,Rapid Vienna,£360k,out,0.36,Premier Liga,2005,2005/2006
Zenit St. Petersburg,Lukas Hartig,28,Centre-Forward,Artmedia Brat.,£180k,out,0.18,Premier Liga,2005,2005/2006
Zenit St. Petersburg,Darko Maletic,25,Right Midfield,FC Vaslui,Free Transfer,out,0,Premier Liga,2005,2005/2006
Zenit St. Petersburg,Oleg Trifonov,24,Left Midfield,Kuban Krasnodar,Loan,out,0,Premier Liga,2005,2005/2006
Zenit St. Petersburg,Valentin Filatov,23,Left-Back,Petrotrest,Free Transfer,out,0,Premier Liga,2005,2005/2006
Zenit St. Petersburg,Martin Horak,25,Centre-Back,Shinnik,Loan,out,0,Premier Liga,2005,2005/2006
Zenit St. Petersburg,Martin Horak,24,Centre-Back,Rostov,Loan,out,0,Premier Liga,2005,2005/2006
Zenit St. Petersburg,Oleg Trifonov,24,Left Midfield,Zenit II,-,out,0,Premier Liga,2005,2005/2006
Zenit St. Petersburg,Dragan Cadikovski,23,Centre-Forward,Zenit II,-,out,0,Premier Liga,2005,2005/2006
Zenit St. Petersburg,Dmitri Makarov,23,Centre-Forward,Retired,-,out,0,Premier Liga,2005,2005/2006
Torpedo Moscow,Emir Spahic,24,Centre-Back,Shinnik,£1.49m,in,1.49,Premier Liga,2005,2005/2006
Torpedo Moscow,Aleksandr Danishevski,21,Centre-Forward,Khimki,£900k,in,0.9,Premier Liga,2005,2005/2006
Torpedo Moscow,Andrey Perov,24,Defensive Midfield,Khimki,£450k,in,0.45,Premier Liga,2005,2005/2006
Torpedo Moscow,Ljubomir Kantonistov,27,Attacking Midfield,Kuban Krasnodar,£450k,in,0.45,Premier Liga,2005,2005/2006
Torpedo Moscow,Denis Tumasyan,20,Centre-Back,FF Jaro,£270k,in,0.27,Premier Liga,2005,2005/2006
Torpedo Moscow,Dmitri Lentsevich,22,Centre-Back,Dinamo Minsk,Free Transfer,in,0,Premier Liga,2005,2005/2006
Torpedo Moscow,Aleksandr Geynrikh,20,Centre-Forward,Pakhtakor,Free Transfer,in,0,Premier Liga,2005,2005/2006
Torpedo Moscow,Juris Laizans,26,Defensive Midfield,CSKA Moscow,Loan,in,0,Premier Liga,2005,2005/2006
Torpedo Moscow,Andrey Kolesnikov,21,Centre-Back,Ural,?,in,NA,Premier Liga,2005,2005/2006
Torpedo Moscow,Dmitri Sokolov,17,Left Midfield,Torpedo II,-,in,0,Premier Liga,2005,2005/2006
Torpedo Moscow,Viktor Bolikhov,22,Attacking Midfield,Anzhi,"End of loanDec 31, 2005",in,0,Premier Liga,2005,2005/2006
Torpedo Moscow,Pavel Mamaev,17,Central Midfield,Torpedo II,-,in,0,Premier Liga,2005,2005/2006
Torpedo Moscow,Igor Byrlov,19,Left Winger,Torpedo II,-,in,0,Premier Liga,2005,2005/2006
Torpedo Moscow,Igor Semshov,27,Central Midfield,Dinamo Moscow,£4.05m,out,4.05,Premier Liga,2005,2005/2006
Torpedo Moscow,Emir Spahic,25,Centre-Back,Loko Moscow,£2.70m,out,2.7,Premier Liga,2005,2005/2006
Torpedo Moscow,Andres Oper,27,Centre-Forward,Roda JC,£180k,out,0.18,Premier Liga,2005,2005/2006
Torpedo Moscow,Sergey Korovushkin,26,Centre-Forward,Avangard Kursk,£90k,out,0.09,Premier Liga,2005,2005/2006
Torpedo Moscow,Sergey Osipov,27,Right Winger,Chornomorets,£90k,out,0.09,Premier Liga,2005,2005/2006
Torpedo Moscow,Dmitri Rovnejko,25,Centre-Back,Soligorsk,Free Transfer,out,0,Premier Liga,2005,2005/2006
Torpedo Moscow,Andrey Panferov,25,Left Winger,Kryvbas,Free Transfer,out,0,Premier Liga,2005,2005/2006
Torpedo Moscow,Nikola Jolovic,26,Centre-Back,Saturn,Free Transfer,out,0,Premier Liga,2005,2005/2006
Torpedo Moscow,Mantas Samusiovas,27,Centre-Back,Suduva,Loan,out,0,Premier Liga,2005,2005/2006
Torpedo Moscow,Ilya Abaev,24,Goalkeeper,Anzhi,Loan,out,0,Premier Liga,2005,2005/2006
Torpedo Moscow,Sergey Chernogaev,22,Defensive Midfield,Shinnik,Loan,out,0,Premier Liga,2005,2005/2006
Torpedo Moscow,Juris Laizans,26,Defensive Midfield,CSKA Moscow,"End of loanDec 1, 2005",out,0,Premier Liga,2005,2005/2006
Dinamo Moscow,Maniche,27,Central Midfield,FC Porto,£14.40m,in,14.4,Premier Liga,2005,2005/2006
Dinamo Moscow,Georgios Seitaridis,24,Right-Back,FC Porto,£9.00m,in,9,Premier Liga,2005,2005/2006
Dinamo Moscow,Joseph Enakarhire,22,Centre-Back,Sporting CP,£5.40m,in,5.4,Premier Liga,2005,2005/2006
Dinamo Moscow,Igor Semshov,27,Central Midfield,Torpedo Moscow,£4.05m,in,4.05,Premier Liga,2005,2005/2006
Dinamo Moscow,Costinha,30,Defensive Midfield,FC Porto,£3.60m,in,3.6,Premier Liga,2005,2005/2006
Dinamo Moscow,Thiago Silva,20,Centre-Back,FC Porto,£3.15m,in,3.15,Premier Liga,2005,2005/2006
Dinamo Moscow,Leandro Fernández,22,Centre-Back,River Plate,£2.70m,in,2.7,Premier Liga,2005,2005/2006
Dinamo Moscow,Nuno Espírito Santo,31,Goalkeeper,FC Porto,£2.25m,in,2.25,Premier Liga,2005,2005/2006
Dinamo Moscow,Jorge Luís,29,Left-Back,Braga,£2.25m,in,2.25,Premier Liga,2005,2005/2006
Dinamo Moscow,Patrick Ovie,27,Centre-Back,KS Samara,£1.80m,in,1.8,Premier Liga,2005,2005/2006
Dinamo Moscow,Denis Kolodin,23,Centre-Back,KS Samara,£1.80m,in,1.8,Premier Liga,2005,2005/2006
Dinamo Moscow,Aleksey Smertin,30,Defensive Midfield,Chelsea,£1.35m,in,1.35,Premier Liga,2005,2005/2006
Dinamo Moscow,Arunas Klimavicius,22,Centre-Back,Ekranas,£900k,in,0.9,Premier Liga,2005,2005/2006
Dinamo Moscow,Dmitri Parfenov,31,Right-Back,Spartak Moscow,Free Transfer,in,0,Premier Liga,2005,2005/2006
Dinamo Moscow,Sergey Ovchinnikov,35,Goalkeeper,Loko Moscow,Free Transfer,in,0,Premier Liga,2005,2005/2006
Dinamo Moscow,Dmitri Khokhlov,30,Central Midfield,Loko Moscow,Free Transfer,in,0,Premier Liga,2005,2005/2006
Dinamo Moscow,Andrés Mendoza,27,Centre-Forward,Metalurh D.,Loan,in,0,Premier Liga,2005,2005/2006
Dinamo Moscow,Jean,26,Centre-Back,Saturn,Loan,in,0,Premier Liga,2005,2005/2006
Dinamo Moscow,Dmitri Kombarov,18,Left-Back,Dinamo M II,-,in,0,Premier Liga,2005,2005/2006
Dinamo Moscow,Sergey Kuznetsov,19,Central Midfield,Loko Moscow II,£765k,out,0.765,Premier Liga,2005,2005/2006
Dinamo Moscow,Sergey Yashin,25,Right Winger,Saturn,£360k,out,0.36,Premier Liga,2005,2005/2006
Dinamo Moscow,Maniche,28,Central Midfield,Chelsea,Loan fee:£270k,out,0.27,Premier Liga,2005,2005/2006
Dinamo Moscow,Maksym Levitsky,33,Goalkeeper,Sibir,£90k,out,0.09,Premier Liga,2005,2005/2006
Dinamo Moscow,Stanislav Murygin,21,Second Striker,Khimki,Free Transfer,out,0,Premier Liga,2005,2005/2006
Dinamo Moscow,Tadas Labukas,21,Second Striker,Zalgiris,Free Transfer,out,0,Premier Liga,2005,2005/2006
Dinamo Moscow,Frechaut,28,Right-Back,Braga,Free Transfer,out,0,Premier Liga,2005,2005/2006
Dinamo Moscow,Dmitri Polovinchuk,23,Left-Back,Saturn,Free Transfer,out,0,Premier Liga,2005,2005/2006
Dinamo Moscow,Roman Berezovskiy,31,Goalkeeper,Khimki,Free Transfer,out,0,Premier Liga,2005,2005/2006
Dinamo Moscow,Oleg Shkabara,22,Defensive Midfield,Gomel,Free Transfer,out,0,Premier Liga,2005,2005/2006
Dinamo Moscow,Luís Loureiro,28,Defensive Midfield,Sporting CP,Free Transfer,out,0,Premier Liga,2005,2005/2006
Dinamo Moscow,Vladimir Beschastnykh,31,Centre-Forward,Orel,Free Transfer,out,0,Premier Liga,2005,2005/2006
Dinamo Moscow,Alexandru Covalenco,27,Centre-Back,Volgar-Gazprom,Free Transfer,out,0,Premier Liga,2005,2005/2006
Dinamo Moscow,Michal Hanek,25,Centre-Back,Sparta Praha,Free Transfer,out,0,Premier Liga,2005,2005/2006
Dinamo Moscow,Martin Hasek,35,Defensive Midfield,Sparta Praha,Free Transfer,out,0,Premier Liga,2005,2005/2006
Dinamo Moscow,Radoslav Batak,27,Centre-Back,Ankaraspor,?,out,NA,Premier Liga,2005,2005/2006
Dinamo Moscow,German Kutarba,26,Defensive Midfield,Metalurh Z.,?,out,NA,Premier Liga,2005,2005/2006
Dinamo Moscow,Thiago Silva,21,Centre-Back,Fluminense,Loan,out,0,Premier Liga,2005,2005/2006
Dinamo Moscow,Jovan Tanasijevic,27,Centre-Back,Rostov,Loan,out,0,Premier Liga,2005,2005/2006
Dinamo Moscow,Jorge Ribeiro,24,Left-Back,Málaga CF,Loan,out,0,Premier Liga,2005,2005/2006
Shinnik Yaroslavl,Adrian Iordache,24,Centre-Back,Dinamo Bukarest,£225k,in,0.225,Premier Liga,2005,2005/2006
Shinnik Yaroslavl,Alexey Nikolaev,26,Right-Back,Pakhtakor,Free Transfer,in,0,Premier Liga,2005,2005/2006
Shinnik Yaroslavl,Igor Budisa,27,Centre-Back,Eintracht Trier,Free Transfer,in,0,Premier Liga,2005,2005/2006
Shinnik Yaroslavl,Adrian Iordache,24,Centre-Forward,APO Levadiakos,Free Transfer,in,0,Premier Liga,2005,2005/2006
Shinnik Yaroslavl,Andrey Konovalov,31,Central Midfield,Rubin Kazan,Free Transfer,in,0,Premier Liga,2005,2005/2006
Shinnik Yaroslavl,Yuri Dmytrulin,30,Right-Back,SK Tavriya,Free Transfer,in,0,Premier Liga,2005,2005/2006
Shinnik Yaroslavl,Yuri Mamaev,21,Central Midfield,Stuttgart II,Free Transfer,in,0,Premier Liga,2005,2005/2006
Shinnik Yaroslavl,Gennadi Nizhegorodov,28,Centre-Back,Terek Grozny,Free Transfer,in,0,Premier Liga,2005,2005/2006
Shinnik Yaroslavl,Vladimir But,27,Attacking Midfield,Hannover 96,Free Transfer,in,0,Premier Liga,2005,2005/2006
Shinnik Yaroslavl,Aleksandr Shirko,28,Centre-Forward,Terek Grozny,Free Transfer,in,0,Premier Liga,2005,2005/2006
Shinnik Yaroslavl,Sergey Chernogaev,22,Defensive Midfield,Torpedo Moscow,Loan,in,0,Premier Liga,2005,2005/2006
Shinnik Yaroslavl,Leonid Koshelev,25,Left Midfield,Pakhtakor,Loan,in,0,Premier Liga,2005,2005/2006
Shinnik Yaroslavl,Martin Horak,25,Centre-Back,Zenit S-Pb,Loan,in,0,Premier Liga,2005,2005/2006
Shinnik Yaroslavl,Leonid Koshelev,26,Left Midfield,Pakhtakor,?,in,NA,Premier Liga,2005,2005/2006
Shinnik Yaroslavl,Andrejs Rubins,27,Left Winger,Spartak Moscow,Loan,in,0,Premier Liga,2005,2005/2006
Shinnik Yaroslavl,Ilya Dolmatov,20,Centre-Forward,Sportacademclub,?,in,NA,Premier Liga,2005,2005/2006
Shinnik Yaroslavl,Ilia Blyznyuk,32,Goalkeeper,Kryvbas,?,in,NA,Premier Liga,2005,2005/2006
Shinnik Yaroslavl,Marek Bakos,22,Centre-Forward,Puchov,?,in,NA,Premier Liga,2005,2005/2006
Shinnik Yaroslavl,Sergey Pravosud,19,Centre-Forward,CSKA Moscow,Loan,in,0,Premier Liga,2005,2005/2006
Shinnik Yaroslavl,Ruslan Baltiyev,26,Attacking Midfield,FK Moskau,Loan,in,0,Premier Liga,2005,2005/2006
Shinnik Yaroslavl,Sergey Omeljanchuk,25,Centre-Back,Loko Moscow,Loan,in,0,Premier Liga,2005,2005/2006
Shinnik Yaroslavl,Vyacheslav Vishnevskiy,28,Right Winger,Orel,?,in,NA,Premier Liga,2005,2005/2006
Shinnik Yaroslavl,Anatoli Romanovich,26,Centre-Back,Spartak Nalchik,?,in,NA,Premier Liga,2005,2005/2006
Shinnik Yaroslavl,Aleksandr Malyshev,25,Goalkeeper,Ural,"End of loanDec 31, 2005",in,0,Premier Liga,2005,2005/2006
Shinnik Yaroslavl,Emir Spahic,24,Centre-Back,Torpedo Moscow,£1.49m,out,1.49,Premier Liga,2005,2005/2006
Shinnik Yaroslavl,Krzysztof Lagiewka,22,Centre-Back,KS Samara,£360k,out,0.36,Premier Liga,2005,2005/2006
Shinnik Yaroslavl,Serge Branco,25,Right-Back,KS Samara,£315k,out,0.315,Premier Liga,2005,2005/2006
Shinnik Yaroslavl,Dmitri Vasiljev,28,Defensive Midfield,Rubin Kazan,£270k,out,0.27,Premier Liga,2005,2005/2006
Shinnik Yaroslavl,Aleksandr Kulchiy,31,Defensive Midfield,Tom Tomsk,Free Transfer,out,0,Premier Liga,2005,2005/2006
Shinnik Yaroslavl,Dmitri Vasiljev,20,Left Winger,KS Samara,Free Transfer,out,0,Premier Liga,2005,2005/2006
Shinnik Yaroslavl,Erik Korchagin,26,Centre-Forward,Spartak Nalchik,Free Transfer,out,0,Premier Liga,2005,2005/2006
Shinnik Yaroslavl,Aleksandr Tumenko,22,Central Midfield,Baltika,Free Transfer,out,0,Premier Liga,2005,2005/2006
Shinnik Yaroslavl,Mykhailo Starostiak,32,Right-Back,Kryvbas,Free Transfer,out,0,Premier Liga,2005,2005/2006
Shinnik Yaroslavl,Jaroslaw Tkocz,32,Goalkeeper,Ural,Free Transfer,out,0,Premier Liga,2005,2005/2006
Shinnik Yaroslavl,Willians,26,Defensive Midfield,Londrina-PR,Free Transfer,out,0,Premier Liga,2005,2005/2006
Shinnik Yaroslavl,Evgeni Karev,19,Left-Back,Spartak Ch.,Free Transfer,out,0,Premier Liga,2005,2005/2006
Shinnik Yaroslavl,Andrey Dyatel,25,Defensive Midfield,Spartak Nizhniy Novgorod,£36k,out,0.036,Premier Liga,2005,2005/2006
Shinnik Yaroslavl,André Bikey,20,Centre-Back,Loko Moscow,?,out,NA,Premier Liga,2005,2005/2006
Shinnik Yaroslavl,Vyacheslav Vishnevskiy,28,Right Winger,SK Tavriya,?,out,NA,Premier Liga,2005,2005/2006
Shinnik Yaroslavl,Sergey Shtanyuk,31,Centre-Back,Metalurh Z.,?,out,NA,Premier Liga,2005,2005/2006
Shinnik Yaroslavl,Sergey Gello,19,Centre-Back,Unknown,?,out,NA,Premier Liga,2005,2005/2006
Shinnik Yaroslavl,Mario Juric,28,Right Winger,Spartak Nalchik,?,out,NA,Premier Liga,2005,2005/2006
Shinnik Yaroslavl,Renat Dubinskiy,26,Left-Back,Ural,?,out,NA,Premier Liga,2005,2005/2006
Shinnik Yaroslavl,Egor Shevchenko,27,Attacking Midfield,Petrotrest,?,out,NA,Premier Liga,2005,2005/2006
Shinnik Yaroslavl,Ilya Dolmatov,20,Centre-Forward,Sibir,Loan,out,0,Premier Liga,2005,2005/2006
Shinnik Yaroslavl,Platon Zakharchuk,32,Goalkeeper,KamAZ,?,out,NA,Premier Liga,2005,2005/2006
Shinnik Yaroslavl,Pavel Pogrebnyak,22,Centre-Forward,Spartak Moscow,"End of loanDec 31, 2005",out,0,Premier Liga,2005,2005/2006
Shinnik Yaroslavl,Leonid Koshelev,25,Left Midfield,Pakhtakor,"End of loanDec 1, 2005",out,0,Premier Liga,2005,2005/2006
Shinnik Yaroslavl,Vladimir But,28,Attacking Midfield,Without Club,-,out,0,Premier Liga,2005,2005/2006
Shinnik Yaroslavl,Ruslan Baltiyev,27,Attacking Midfield,FK Moskau,"End of loanDec 1, 2005",out,0,Premier Liga,2005,2005/2006
Shinnik Yaroslavl,Darko Maletic,25,Right Midfield,Zenit S-Pb,"End of loanDec 1, 2005",out,0,Premier Liga,2005,2005/2006
Tom Tomsk,Pavel Pogrebnyak,22,Centre-Forward,Spartak Moscow,£1.80m,in,1.8,Premier Liga,2005,2005/2006
Tom Tomsk,Andrey Proshin,20,Centre-Back,Khimki,£495k,in,0.495,Premier Liga,2005,2005/2006
Tom Tomsk,Aleksey Bugaev,24,Centre-Back,Loko Moscow,£450k,in,0.45,Premier Liga,2005,2005/2006
Tom Tomsk,Vasili Khomutovski,27,Goalkeeper,Steaua Bukarest,£450k,in,0.45,Premier Liga,2005,2005/2006
Tom Tomsk,Andrius Skerla,28,Centre-Back,Dunfermline A.,£225k,in,0.225,Premier Liga,2005,2005/2006
Tom Tomsk,Branislav Krunic,26,Central Midfield,Volyn Lutsk,£212k,in,0.212,Premier Liga,2005,2005/2006
Tom Tomsk,Hrvoje Vejic,28,Centre-Back,Hajduk Split,£180k,in,0.18,Premier Liga,2005,2005/2006
Tom Tomsk,Alexander Mladenov,23,Attacking Midfield,CSKA Sofia,Free Transfer,in,0,Premier Liga,2005,2005/2006
Tom Tomsk,Atanas Bornosuzov,25,Midfielder,Naftex Burgas,Free Transfer,in,0,Premier Liga,2005,2005/2006
Tom Tomsk,Aleksandr Kulchiy,31,Defensive Midfield,Shinnik,Free Transfer,in,0,Premier Liga,2005,2005/2006
Tom Tomsk,Budun Budunov,29,Centre-Forward,FK Moskau,Loan,in,0,Premier Liga,2005,2005/2006
Tom Tomsk,Andrius Gedgaudas,26,Midfielder,FBK Kaunas,?,in,NA,Premier Liga,2005,2005/2006
Tom Tomsk,Andrey Demkin,29,Centre-Forward,Sibir,"End of loanDec 1, 2005",in,0,Premier Liga,2005,2005/2006
Tom Tomsk,Aleksandr Shvetsov,24,Defensive Midfield,Anzhi,"End of loanDec 1, 2005",in,0,Premier Liga,2005,2005/2006
Tom Tomsk,Rustam Bulatov,31,Centre-Back,Anzhi,Free Transfer,out,0,Premier Liga,2005,2005/2006
Tom Tomsk,Dmitri Skoblyakov,25,Left Winger,Spartak Nizhniy Novgorod,Free Transfer,out,0,Premier Liga,2005,2005/2006
Tom Tomsk,Aleksandr Familtsev,30,Centre-Back,Tobol Kostanay,Free Transfer,out,0,Premier Liga,2005,2005/2006
Tom Tomsk,Aleksandr Shvetsov,24,Defensive Midfield,Anzhi,Loan,out,0,Premier Liga,2005,2005/2006
Tom Tomsk,Vladimir Mazov,24,Defensive Midfield,Khimki,?,out,NA,Premier Liga,2005,2005/2006
Tom Tomsk,Pavel Mogilevskiy,25,Right-Back,Sodovik,?,out,NA,Premier Liga,2005,2005/2006
Tom Tomsk,Mikhail Vanev,24,Defensive Midfield,Zvezda Irkutsk,Loan,out,0,Premier Liga,2005,2005/2006
Tom Tomsk,Ilia Blyznyuk,31,Goalkeeper,Kryvbas,?,out,NA,Premier Liga,2005,2005/2006
Tom Tomsk,Andrius Gedgaudas,27,Midfielder,Atlantas,?,out,NA,Premier Liga,2005,2005/2006
Tom Tomsk,Sergey Yaskovich,33,Centre-Back,Aktobe,?,out,NA,Premier Liga,2005,2005/2006
Tom Tomsk,Jevgeni Novikov,25,Defensive Midfield,FC Flora,?,out,NA,Premier Liga,2005,2005/2006
Tom Tomsk,Tomas Vychodil,29,Centre-Back,Sibir,?,out,NA,Premier Liga,2005,2005/2006
Tom Tomsk,Andrey Demkin,29,Centre-Forward,Sibir,Loan,out,0,Premier Liga,2005,2005/2006
Tom Tomsk,Pavel Dyakonov,32,Goalkeeper,Fakel Voronezh,?,out,NA,Premier Liga,2005,2005/2006
Tom Tomsk,Konstantin Skrylnikov,25,Left Midfield,Rubin Kazan,?,out,NA,Premier Liga,2005,2005/2006
Tom Tomsk,Aleksey Medvedev,28,Centre-Forward,Saturn,"End of loanDec 31, 2005",out,0,Premier Liga,2005,2005/2006
Tom Tomsk,Aleksandr Shvetsov,25,Defensive Midfield,Tom Tomsk II,-,out,0,Premier Liga,2005,2005/2006
Tom Tomsk,Valeri Leonov,25,Right Midfield,FK Moskau,"End of loanDec 1, 2005",out,0,Premier Liga,2005,2005/2006
Tom Tomsk,Budun Budunov,30,Centre-Forward,FK Moskau,"End of loanDec 31, 2005",out,0,Premier Liga,2005,2005/2006
Saturn Ramenskoe,Simon Vukcevic,19,Right Winger,Partizan,£3.60m,in,3.6,Premier Liga,2005,2005/2006
Saturn Ramenskoe,Aleksey Eremenko Jr.,22,Attacking Midfield,Lecce,£1.35m,in,1.35,Premier Liga,2005,2005/2006
Saturn Ramenskoe,Jean,23,Centre-Forward,Flamengo,£810k,in,0.81,Premier Liga,2005,2005/2006
Saturn Ramenskoe,Ruslan Nakhushev,21,Centre-Back,Khimki,£675k,in,0.675,Premier Liga,2005,2005/2006
Saturn Ramenskoe,Edgaras Cesnauskis,21,Left Midfield,Dynamo Kyiv,£630k,in,0.63,Premier Liga,2005,2005/2006
Saturn Ramenskoe,Adriano,25,Centre-Forward,Figueirense FC,£450k,in,0.45,Premier Liga,2005,2005/2006
Saturn Ramenskoe,Luka Vucko,21,Centre-Back,Hajduk Split,£450k,in,0.45,Premier Liga,2005,2005/2006
Saturn Ramenskoe,Jan Durica,24,Centre-Back,Artmedia Brat.,£428k,in,0.428,Premier Liga,2005,2005/2006
Saturn Ramenskoe,Peter Petras,26,Centre-Back,Artmedia Brat.,£383k,in,0.383,Premier Liga,2005,2005/2006
Saturn Ramenskoe,Sergey Yashin,25,Right Winger,Dinamo Moscow,£360k,in,0.36,Premier Liga,2005,2005/2006
Saturn Ramenskoe,Martin Jakubko,25,Centre-Forward,Banska Bystrica,£315k,in,0.315,Premier Liga,2005,2005/2006
Saturn Ramenskoe,Nikola Jolovic,26,Centre-Back,Torpedo Moscow,Free Transfer,in,0,Premier Liga,2005,2005/2006
Saturn Ramenskoe,Dmitri Polovinchuk,23,Left-Back,Dinamo Moscow,Free Transfer,in,0,Premier Liga,2005,2005/2006
Saturn Ramenskoe,Spartak Gogniev,24,Centre-Forward,CSKA Moscow,Loan,in,0,Premier Liga,2005,2005/2006
Saturn Ramenskoe,Rolandas Dziaukstas,27,Centre-Back,FK Moskau,?,in,NA,Premier Liga,2005,2005/2006
Saturn Ramenskoe,Branislav Obzera,24,Right Winger,Artmedia Brat.,Loan,in,0,Premier Liga,2005,2005/2006
Saturn Ramenskoe,Winston Parks,23,Centre-Forward,Loko Moscow,Loan,in,0,Premier Liga,2005,2005/2006
Saturn Ramenskoe,Aleksey Medvedev,28,Centre-Forward,Tom Tomsk,"End of loanDec 31, 2005",in,0,Premier Liga,2005,2005/2006
Saturn Ramenskoe,Antonio Barijho,28,Centre-Forward,CA Banfield,"End of loanJul 4, 2005",in,0,Premier Liga,2005,2005/2006
Saturn Ramenskoe,Antonio Barijho,28,Centre-Forward,Barcelona SC,"End of loanDec 31, 2005",in,0,Premier Liga,2005,2005/2006
Saturn Ramenskoe,Renat Sabitov,20,Defensive Midfield,Saturn II,-,in,0,Premier Liga,2005,2005/2006
Saturn Ramenskoe,Viacheslav Sviderskyi,27,Centre-Back,Arsenal Kyiv,£270k,out,0.27,Premier Liga,2005,2005/2006
Saturn Ramenskoe,Roman Lengyel,26,Centre-Back,Kuban Krasnodar,£180k,out,0.18,Premier Liga,2005,2005/2006
Saturn Ramenskoe,Aleksey Medvedev,28,Centre-Forward,KS Samara,£135k,out,0.135,Premier Liga,2005,2005/2006
Saturn Ramenskoe,Roman Shirokov,24,Central Midfield,Rubin Kazan,£135k,out,0.135,Premier Liga,2005,2005/2006
Saturn Ramenskoe,Petr Bystrov,26,Left Midfield,FK Moskau,Free Transfer,out,0,Premier Liga,2005,2005/2006
Saturn Ramenskoe,Serghei Rogaciov,28,Centre-Forward,Aktobe,Free Transfer,out,0,Premier Liga,2005,2005/2006
Saturn Ramenskoe,Antonio Barijho,29,Centre-Forward,Independiente,Free Transfer,out,0,Premier Liga,2005,2005/2006
Saturn Ramenskoe,Andrey Kanchelskis,36,Right Midfield,KS Samara,Free Transfer,out,0,Premier Liga,2005,2005/2006
Saturn Ramenskoe,Martín Hidalgo,30,Left-Back,Libertad,?,out,NA,Premier Liga,2005,2005/2006
Saturn Ramenskoe,Javier Delgado,30,Left Midfield,Nacional,?,out,NA,Premier Liga,2005,2005/2006
Saturn Ramenskoe,Andrey Malay,32,Left-Back,Sodovik,?,out,NA,Premier Liga,2005,2005/2006
Saturn Ramenskoe,Antonio Barijho,28,Centre-Forward,Barcelona SC,Loan,out,0,Premier Liga,2005,2005/2006
Saturn Ramenskoe,Jean,26,Centre-Back,Dinamo Moscow,Loan,out,0,Premier Liga,2005,2005/2006
Saturn Ramenskoe,Antonio Barijho,28,Centre-Forward,CA Banfield,Loan,out,0,Premier Liga,2005,2005/2006
Saturn Ramenskoe,Diego Ianiero,19,Centre-Back,Argentinos Jrs.,"End of loanDec 31, 2005",out,0,Premier Liga,2005,2005/2006
Saturn Ramenskoe,Winston Parks,24,Centre-Forward,Loko Moscow,"End of loanDec 31, 2005",out,0,Premier Liga,2005,2005/2006
Saturn Ramenskoe,Viktor Onopko,36,Centre-Back,Retired,-,out,0,Premier Liga,2005,2005/2006
Saturn Ramenskoe,Nicolás Pavlovich,27,Centre-Forward,Without Club,-,out,0,Premier Liga,2005,2005/2006
Amkar Perm,Evgeni Savin,21,Centre-Forward,Khimki,£450k,in,0.45,Premier Liga,2005,2005/2006
Amkar Perm,Vitali Grishin,25,Left Midfield,Khimki,£405k,in,0.405,Premier Liga,2005,2005/2006
Amkar Perm,Evgeni Yordanov,27,Centre-Forward,CSKA Sofia,£180k,in,0.18,Premier Liga,2005,2005/2006
Amkar Perm,Branko Radovanovic,24,Centre-Forward,Zeleznik Belgr.,Free Transfer,in,0,Premier Liga,2005,2005/2006
Amkar Perm,Martin Kushev,31,Centre-Forward,Litex Lovetch,Free Transfer,in,0,Premier Liga,2005,2005/2006
Amkar Perm,Ildar Akhmetzyanov,21,Defensive Midfield,Neftekhimik,Free Transfer,in,0,Premier Liga,2005,2005/2006
Amkar Perm,Evgeni Shcherbakov,19,Attacking Midfield,Dinamo Barnaul,?,in,NA,Premier Liga,2005,2005/2006
Amkar Perm,Roman Vorobjov,21,Central Midfield,Metall-Kuzbass,?,in,NA,Premier Liga,2005,2005/2006
Amkar Perm,Sergey Mitin,25,Central Midfield,Metall-Kuzbass,"End of loanDec 1, 2005",in,0,Premier Liga,2005,2005/2006
Amkar Perm,Pavel Alikin,21,Centre-Back,Amkar Perm II,-,in,0,Premier Liga,2005,2005/2006
Amkar Perm,Branimir Subasic,23,Centre-Forward,Neftchi Baku,£135k,out,0.135,Premier Liga,2005,2005/2006
Amkar Perm,Anatolii Didenko,23,Centre-Forward,Metalist,Free Transfer,out,0,Premier Liga,2005,2005/2006
Amkar Perm,Branko Radovanovic,24,Centre-Forward,GS Kallithea,Free Transfer,out,0,Premier Liga,2005,2005/2006
Amkar Perm,Sergey Savochkin,29,Defensive Midfield,Nosta,?,out,NA,Premier Liga,2005,2005/2006
Amkar Perm,Igor Bakhtin,32,Central Midfield,Ural,?,out,NA,Premier Liga,2005,2005/2006
Amkar Perm,Maksim Aristarkhov,25,Centre-Forward,Terek Grozny,?,out,NA,Premier Liga,2005,2005/2006
Amkar Perm,Dmitri Pyatibratov,29,Centre-Back,Zvezda Irkutsk,?,out,NA,Premier Liga,2005,2005/2006
Amkar Perm,Sergey Mitin,25,Central Midfield,Salyut Belgorod,?,out,NA,Premier Liga,2005,2005/2006
Amkar Perm,Vladimir Leonchenko,33,Central Midfield,Spartak V-kavkaz,?,out,NA,Premier Liga,2005,2005/2006
Amkar Perm,Maksim Povorov,28,Right-Back,Ural,?,out,NA,Premier Liga,2005,2005/2006
Amkar Perm,Konstantin Genich,27,Central Midfield,Retired,-,out,0,Premier Liga,2005,2005/2006
Amkar Perm,Dmitri Makarov,23,Centre-Forward,Zenit S-Pb,"End of loanDec 1, 2005",out,0,Premier Liga,2005,2005/2006
FK Rostov,Maksim Buznikin,28,Centre-Forward,Loko Moscow,£360k,in,0.36,Premier Liga,2005,2005/2006
FK Rostov,Gocha Khojava,20,Attacking Midfield,Anorthosis,£45k,in,0.045,Premier Liga,2005,2005/2006
FK Rostov,Maksym Biletsky,25,Left Midfield,FK Moskau,Free Transfer,in,0,Premier Liga,2005,2005/2006
FK Rostov,Alberto,30,Centre-Forward,Corinthians,Free Transfer,in,0,Premier Liga,2005,2005/2006
FK Rostov,Jovan Tanasijevic,27,Centre-Back,Dinamo Moscow,Loan,in,0,Premier Liga,2005,2005/2006
FK Rostov,Maksim Buznikin,28,Centre-Forward,Loko Moscow,Loan,in,0,Premier Liga,2005,2005/2006
FK Rostov,Martin Horak,24,Centre-Back,Zenit S-Pb,Loan,in,0,Premier Liga,2005,2005/2006
FK Rostov,Kirill Orlov,22,Right-Back,FK Moskau,Loan,in,0,Premier Liga,2005,2005/2006
FK Rostov,Juris Laizans,26,Defensive Midfield,CSKA Moscow,Loan,in,0,Premier Liga,2005,2005/2006
FK Rostov,Timofey Kalachev,24,Right Midfield,Khimki,?,in,NA,Premier Liga,2005,2005/2006
FK Rostov,Mikhail Ashvetia,27,Centre-Forward,Loko Moscow,Loan,in,0,Premier Liga,2005,2005/2006
FK Rostov,Wes Charles,29,Centre-Back,Bray Wanderers,Loan,in,0,Premier Liga,2005,2005/2006
FK Rostov,Sergey Bendz,22,Centre-Back,Rostov II,-,in,0,Premier Liga,2005,2005/2006
FK Rostov,Essau Kanyenda,22,Centre-Forward,Loko Moscow,£360k,out,0.36,Premier Liga,2005,2005/2006
FK Rostov,Bennett Mnguni,31,Left Midfield,TJ Teda,£270k,out,0.27,Premier Liga,2005,2005/2006
FK Rostov,Georgi Aslanidi,21,Attacking Midfield,SKA Rostov,Free Transfer,out,0,Premier Liga,2005,2005/2006
FK Rostov,Gift Kampamba,27,Right Winger,Black Aces,Free Transfer,out,0,Premier Liga,2005,2005/2006
FK Rostov,Nikolay Shirshov,31,Right-Back,SKA Rostov,Free Transfer,out,0,Premier Liga,2005,2005/2006
FK Rostov,Japhet Zwane,31,Left Winger,Golden Arrows,Free Transfer,out,0,Premier Liga,2005,2005/2006
FK Rostov,Vadim Khinchagov,24,Right Midfield,SKA Rostov,Free Transfer,out,0,Premier Liga,2005,2005/2006
FK Rostov,Andrey Akopyants,28,Attacking Midfield,Chernomorets N.,Free Transfer,out,0,Premier Liga,2005,2005/2006
FK Rostov,Aleksandr Alkhazov,21,Centre-Forward,Spartak Nizhniy Novgorod,Free Transfer,out,0,Premier Liga,2005,2005/2006
FK Rostov,Tony David Coyle,29,Centre-Back,SuperSport Utd.,Free Transfer,out,0,Premier Liga,2005,2005/2006
FK Rostov,Alberto,30,Centre-Forward,Atlético-MG,Free Transfer,out,0,Premier Liga,2005,2005/2006
FK Rostov,Rowan Hendricks,26,Right Winger,SuperSport Utd.,?,out,NA,Premier Liga,2005,2005/2006
FK Rostov,Gocha Khojava,20,Attacking Midfield,Stal Alchevsk,Loan,out,0,Premier Liga,2005,2005/2006
FK Rostov,Javier Mancini,27,Midfielder,Unknown,?,out,NA,Premier Liga,2005,2005/2006
FK Rostov,Vits Rimkus,32,Centre-Forward,Ventspils,?,out,NA,Premier Liga,2005,2005/2006
FK Rostov,Mikhail Ashvetia,28,Centre-Forward,Loko Moscow,"End of loanDec 1, 2005",out,0,Premier Liga,2005,2005/2006
FK Rostov,Mustapha Bidoudane,29,Centre-Forward,Raja Casablanca,"End of loanDec 1, 2005",out,0,Premier Liga,2005,2005/2006
FK Rostov,Maksim Buznikin,28,Centre-Forward,Loko Moscow,"End of loanDec 1, 2005",out,0,Premier Liga,2005,2005/2006
FK Rostov,Wes Charles,29,Centre-Back,Bray Wanderers,"End of loanDec 1, 2005",out,0,Premier Liga,2005,2005/2006
FK Rostov,Martin Horak,25,Centre-Back,Zenit S-Pb,"End of loanDec 1, 2005",out,0,Premier Liga,2005,2005/2006
Krylya Sovetov Samara,Benoît Angbwa,24,Right-Back,Nacional,£450k,in,0.45,Premier Liga,2005,2005/2006
Krylya Sovetov Samara,Krzysztof Lagiewka,22,Centre-Back,Shinnik,£360k,in,0.36,Premier Liga,2005,2005/2006
Krylya Sovetov Samara,Serge Branco,25,Right-Back,Shinnik,£315k,in,0.315,Premier Liga,2005,2005/2006
Krylya Sovetov Samara,Baba Adamu,25,Centre-Forward,FK Moskau,£180k,in,0.18,Premier Liga,2005,2005/2006
Krylya Sovetov Samara,Aleksey Medvedev,28,Centre-Forward,Saturn,£135k,in,0.135,Premier Liga,2005,2005/2006
Krylya Sovetov Samara,Makhach Gadzhiev,18,Right Midfield,Spartak II,£90k,in,0.09,Premier Liga,2005,2005/2006
Krylya Sovetov Samara,Andrii Husin,33,Defensive Midfield,Dynamo Kyiv,Free Transfer,in,0,Premier Liga,2005,2005/2006
Krylya Sovetov Samara,Nerijus Barasa,27,Right-Back,Spartak V-kavkaz,Loan,in,0,Premier Liga,2005,2005/2006
Krylya Sovetov Samara,David Mujiri,27,Attacking Midfield,Sturm Graz,Free Transfer,in,0,Premier Liga,2005,2005/2006
Krylya Sovetov Samara,Cosmin Barcauan,26,Centre-Back,Shakhtar D.,Loan,in,0,Premier Liga,2005,2005/2006
Krylya Sovetov Samara,Marko Topic,29,Centre-Forward,VfL Wolfsburg,Free Transfer,in,0,Premier Liga,2005,2005/2006
Krylya Sovetov Samara,Andrey Kanchelskis,36,Right Midfield,Saturn,Free Transfer,in,0,Premier Liga,2005,2005/2006
Krylya Sovetov Samara,Dmitri Vasiljev,20,Left Winger,Shinnik,Free Transfer,in,0,Premier Liga,2005,2005/2006
Krylya Sovetov Samara,Andrey Solomatin,29,Left-Back,Obolon Kyiv,Free Transfer,in,0,Premier Liga,2005,2005/2006
Krylya Sovetov Samara,Florin Soava,27,Centre-Back,Spartak Moscow,Loan,in,0,Premier Liga,2005,2005/2006
Krylya Sovetov Samara,Bakhtiyar Ashurmatov,29,Centre-Back,Pakhtakor,?,in,NA,Premier Liga,2005,2005/2006
Krylya Sovetov Samara,Aleksey Skvernyuk,20,Left Midfield,KS Samara II,-,in,0,Premier Liga,2005,2005/2006
Krylya Sovetov Samara,Aleksandr Anyukov,22,Right-Back,Zenit S-Pb,£2.70m,out,2.7,Premier Liga,2005,2005/2006
Krylya Sovetov Samara,Denis Kolodin,23,Centre-Back,Dinamo Moscow,£1.80m,out,1.8,Premier Liga,2005,2005/2006
Krylya Sovetov Samara,Patrick Ovie,27,Centre-Back,Dinamo Moscow,£1.80m,out,1.8,Premier Liga,2005,2005/2006
Krylya Sovetov Samara,Ognjen Koroman,26,Right Winger,Terek Grozny,£1.80m,out,1.8,Premier Liga,2005,2005/2006
Krylya Sovetov Samara,Andrey Karyaka,27,Left Winger,Benfica,£900k,out,0.9,Premier Liga,2005,2005/2006
Krylya Sovetov Samara,Moisés Moura,25,Centre-Back,Cruzeiro,£900k,out,0.9,Premier Liga,2005,2005/2006
Krylya Sovetov Samara,Marat Bikmaev,20,Centre-Forward,Rubin Kazan II,Free Transfer,out,0,Premier Liga,2005,2005/2006
Krylya Sovetov Samara,Robertas Poskus,26,Centre-Forward,Zenit S-Pb,Free Transfer,out,0,Premier Liga,2005,2005/2006
Krylya Sovetov Samara,Laryea Kingston,24,Central Midfield,Terek Grozny,Free Transfer,out,0,Premier Liga,2005,2005/2006
Krylya Sovetov Samara,Dmitri Kudryashov,22,Central Midfield,Anzhi,Free Transfer,out,0,Premier Liga,2005,2005/2006
Krylya Sovetov Samara,Souza,30,Attacking Midfield,Flamengo,Free Transfer,out,0,Premier Liga,2005,2005/2006
Krylya Sovetov Samara,Andrey Solomatin,30,Left-Back,Spartak Nizhniy Novgorod,Free Transfer,out,0,Premier Liga,2005,2005/2006
Krylya Sovetov Samara,Oleksandr Lavrentsov,32,Goalkeeper,Orel,?,out,NA,Premier Liga,2005,2005/2006
Krylya Sovetov Samara,Nerijus Barasa,27,Right-Back,Spartak V-kavkaz,"End of loanDec 1, 2005",out,0,Premier Liga,2005,2005/2006
Krylya Sovetov Samara,Cosmin Barcauan,27,Centre-Back,Shakhtar D.,"End of loanDec 1, 2005",out,0,Premier Liga,2005,2005/2006
Krylya Sovetov Samara,Omari Tetradze,36,Right-Back,Retired,-,out,0,Premier Liga,2005,2005/2006
