club_name,player_name,age,position,club_involved_name,fee,transfer_movement,transfer_period,fee_cleaned,league_name,year,season
Fortuna Sittard,Ruud Hesp,34,Goalkeeper,FC Barcelona,£1.08m,in,Summer,1.08,Eredivisie,2000,2000/2001
Fortuna Sittard,Marcel Akerboom,18,Centre-Back,Ajax U19,Free transfer,in,Summer,0,Eredivisie,2000,2000/2001
Fortuna Sittard,Sofiane el Khadri,17,Right Midfield,RFC Lüttich,Free transfer,in,Summer,0,Eredivisie,2000,2000/2001
Fortuna Sittard,Mark Zegers,23,Goalkeeper,Excelsior,Free transfer,in,Summer,0,Eredivisie,2000,2000/2001
Fortuna Sittard,Ismael Ayaz,21,Forward,Eindhoven,Loan,in,Summer,0,Eredivisie,2000,2000/2001
Fortuna Sittard,Stijn Haeldermans,25,Left Winger,Lommel SK,Free transfer,in,Summer,0,Eredivisie,2000,2000/2001
Fortuna Sittard,David Klimek,18,Left-Back,Schalke 04 U19,Free transfer,in,Summer,0,Eredivisie,2000,2000/2001
Fortuna Sittard,Jochem van der Hoeven,24,Centre-Back,Sparta R.,Free transfer,in,Summer,0,Eredivisie,2000,2000/2001
Fortuna Sittard,Rolf Martin Landerl,23,Attacking Midfield,AZ Alkmaar,Free transfer,in,Summer,0,Eredivisie,2000,2000/2001
Fortuna Sittard,Jo Geerinckx,21,Right-Back,KFC Verbr. Geel,?,in,Summer,NA,Eredivisie,2000,2000/2001
Fortuna Sittard,Harrie Gommans,17,Centre-Forward,Fortuna U19,-,in,Summer,0,Eredivisie,2000,2000/2001
Fortuna Sittard,Pascal Averdijk,23,Forward,FC Groningen,,in,Summer,NA,Eredivisie,2000,2000/2001
Fortuna Sittard,Kevin Hofland,21,Centre-Back,PSV Eindhoven,Free transfer,out,Summer,0,Eredivisie,2000,2000/2001
Fortuna Sittard,Orhan Özkaya,22,Attacking Midfield,KFC Uerdingen,Free transfer,out,Summer,0,Eredivisie,2000,2000/2001
Fortuna Sittard,Brenny Evers,21,Right-Back,Helmond Sport,?,out,Summer,NA,Eredivisie,2000,2000/2001
Fortuna Sittard,François Gesthuizen,27,Right Midfield,Cambuur L.,?,out,Summer,NA,Eredivisie,2000,2000/2001
Fortuna Sittard,Dorel Zegrean,30,Left-Back,BFC Dynamo,?,out,Summer,NA,Eredivisie,2000,2000/2001
Fortuna Sittard,Remco van der Schaaf,21,Centre-Back,Vitesse,"End of loanJun 30, 2000",out,Summer,0,Eredivisie,2000,2000/2001
Fortuna Sittard,Matthew Amoah,19,Centre-Forward,Vitesse,"End of loanJun 30, 2000",out,Summer,0,Eredivisie,2000,2000/2001
RBC Roosendaal,Ramon Luijten,18,Central Midfield,MOC ´17,Free transfer,in,Summer,0,Eredivisie,2000,2000/2001
RBC Roosendaal,Pascal Heije,20,Defensive Midfield,Ajax U21,Loan,in,Summer,0,Eredivisie,2000,2000/2001
RBC Roosendaal,Martijn Kuiper,21,Centre-Back,Vitesse,Loan,in,Summer,0,Eredivisie,2000,2000/2001
RBC Roosendaal,Darl Douglas,20,Right Winger,Ajax U21,Loan,in,Summer,0,Eredivisie,2000,2000/2001
RBC Roosendaal,Pieter Huistra,33,Left Winger,Lierse SK,Free transfer,in,Summer,0,Eredivisie,2000,2000/2001
RBC Roosendaal,Sander Keller,20,Centre-Back,FC Utrecht,?,in,Summer,NA,Eredivisie,2000,2000/2001
RBC Roosendaal,Geert den Ouden,23,Centre-Forward,Excelsior,?,in,Summer,NA,Eredivisie,2000,2000/2001
RBC Roosendaal,Riga Mustapha,18,Right Winger,Vitesse,Loan,in,Summer,0,Eredivisie,2000,2000/2001
RBC Roosendaal,John Veldman,32,Centre-Back,Vitesse,?,in,Summer,NA,Eredivisie,2000,2000/2001
RBC Roosendaal,Regi Blinker,31,Left Midfield,Celtic,?,in,Summer,NA,Eredivisie,2000,2000/2001
RBC Roosendaal,Glenn Helder,31,Left Winger,MTK Hungária,?,in,Summer,NA,Eredivisie,2000,2000/2001
RBC Roosendaal,Winston Bakboord,28,Left-Back,Helmond Sport,?,in,Summer,NA,Eredivisie,2000,2000/2001
RBC Roosendaal,Stefano Ricci,25,Defender,Salernitana,?,in,Summer,NA,Eredivisie,2000,2000/2001
RBC Roosendaal,Maarten Schops,24,Defensive Midfield,RKC Waalwijk,Loan,in,Summer,0,Eredivisie,2000,2000/2001
RBC Roosendaal,John van Loenhout,23,Attacking Midfield,RKC Waalwijk,?,out,Summer,NA,Eredivisie,2000,2000/2001
RBC Roosendaal,Björn Langeveld,22,Defender,Vlissingen,?,out,Summer,NA,Eredivisie,2000,2000/2001
RBC Roosendaal,Maarten Schops,25,Defensive Midfield,RKC Waalwijk,"End of loanJun 30, 2001",out,Summer,0,Eredivisie,2000,2000/2001
RBC Roosendaal,Miodrag Bozovic,32,Defender,Retired,-,out,Summer,0,Eredivisie,2000,2000/2001
RBC Roosendaal,Iwan Redan,19,Centre-Forward,Vitesse U21,"End of loanJun 30, 2000",out,Summer,0,Eredivisie,2000,2000/2001
AZ Alkmaar,Robin Nelisse,22,Centre-Forward,Feyenoord,£1.62m,in,Summer,1.62,Eredivisie,2000,2000/2001
AZ Alkmaar,Jan Kromkamp,19,Right-Back,Go Ahead Eagles,£1.35m,in,Summer,1.35,Eredivisie,2000,2000/2001
AZ Alkmaar,Reinier Robbemond,28,Right Midfield,FC Utrecht,Free transfer,in,Summer,0,Eredivisie,2000,2000/2001
AZ Alkmaar,Paul Matthijs,23,Defensive Midfield,FC Groningen,?,in,Summer,NA,Eredivisie,2000,2000/2001
AZ Alkmaar,Henk Timmer,28,Goalkeeper,FC Zwolle,?,in,Summer,NA,Eredivisie,2000,2000/2001
AZ Alkmaar,Jannes Wolters,21,Centre-Back,Emmen,?,in,Summer,NA,Eredivisie,2000,2000/2001
AZ Alkmaar,Arnold Nijkamp,27,Goalkeeper,FC Volendam,?,in,Summer,NA,Eredivisie,2000,2000/2001
AZ Alkmaar,Arno Schaap,25,Midfielder,Dordrecht'90,?,in,Summer,NA,Eredivisie,2000,2000/2001
AZ Alkmaar,Khalid Boulahrouz,18,Centre-Back,AZ Alkmaar U21,-,in,Summer,0,Eredivisie,2000,2000/2001
AZ Alkmaar,Jamal Dibi,20,Attacking Midfield,Telstar,"End of loanJun 30, 2000",in,Summer,0,Eredivisie,2000,2000/2001
AZ Alkmaar,Fernando Ricksen,23,Right-Back,Rangers,£4.86m,out,Summer,4.86,Eredivisie,2000,2000/2001
AZ Alkmaar,Kenan Durmusoglu,27,Defensive Midfield,Cambuur L.,Free transfer,out,Summer,0,Eredivisie,2000,2000/2001
AZ Alkmaar,Rick Hooijboer,25,Centre-Back,Haarlem,Free transfer,out,Summer,0,Eredivisie,2000,2000/2001
AZ Alkmaar,Rolf Martin Landerl,23,Attacking Midfield,Fortuna Sittard,Free transfer,out,Summer,0,Eredivisie,2000,2000/2001
AZ Alkmaar,Andrés Carevic,21,Defensive Midfield,Marte,?,out,Summer,NA,Eredivisie,2000,2000/2001
AZ Alkmaar,Ferdino Hernández,29,Left Winger,Wigan,?,out,Summer,NA,Eredivisie,2000,2000/2001
AZ Alkmaar,Taoufik Ameziane,22,Right-Back,Achilles Veen,?,out,Summer,NA,Eredivisie,2000,2000/2001
De Graafschap Doetinchem,Ruslan Valeev,18,Attacking Midfield,M'gladbach II,Free transfer,in,Summer,0,Eredivisie,2000,2000/2001
De Graafschap Doetinchem,Bakary Diakité,19,Second Striker,VfL Bochum II,Free transfer,in,Summer,0,Eredivisie,2000,2000/2001
De Graafschap Doetinchem,Jeremy Overbeek Bloem,19,Midfielder,Vitesse,?,in,Summer,NA,Eredivisie,2000,2000/2001
De Graafschap Doetinchem,Konstantinos Dedeletakis,20,Centre-Forward,OFI Crete,?,in,Summer,NA,Eredivisie,2000,2000/2001
De Graafschap Doetinchem,Sonny Silooy,36,Centre-Back,Unitas,Free transfer,out,Summer,0,Eredivisie,2000,2000/2001
De Graafschap Doetinchem,Jasper Ketting,23,Forward,Rijnsburgse B.,Free transfer,out,Summer,0,Eredivisie,2000,2000/2001
De Graafschap Doetinchem,René Rabelink,20,Central Midfield,1.FC Bocholt,Free transfer,out,Summer,0,Eredivisie,2000,2000/2001
De Graafschap Doetinchem,Ville Väisänen,23,Centre-Forward,Ethn. Piraeus,?,out,Summer,NA,Eredivisie,2000,2000/2001
De Graafschap Doetinchem,Marcel Keizer,31,Midfielder,Emmen,?,out,Summer,NA,Eredivisie,2000,2000/2001
De Graafschap Doetinchem,Koen Baakman,20,Forward,Unknown,?,out,Summer,NA,Eredivisie,2000,2000/2001
De Graafschap Doetinchem,Patrik Fredholm,22,Midfielder,Castel di Sangr,?,out,Summer,NA,Eredivisie,2000,2000/2001
De Graafschap Doetinchem,Ron Olyslager,36,Goalkeeper,Retired,-,out,Summer,0,Eredivisie,2000,2000/2001
De Graafschap Doetinchem,Hazem Emam,25,Attacking Midfield,Udinese,"End of loanJun 30, 2000",out,Summer,0,Eredivisie,2000,2000/2001
De Graafschap Doetinchem,Elijah Louhenapessy,23,Defensive Midfield,Udinese,"End of loanJun 30, 2000",out,Summer,0,Eredivisie,2000,2000/2001
De Graafschap Doetinchem,Ousmane Sanda Sanda,18,Midfielder,Udinese,"End of loanJun 30, 2000",out,Summer,0,Eredivisie,2000,2000/2001
De Graafschap Doetinchem,Robert Fuchs,25,Central Midfield,PSV Eindhoven,"End of loanJun 30, 2000",out,Summer,0,Eredivisie,2000,2000/2001
Ajax Amsterdam,Tomás Galásek,27,Defensive Midfield,Willem II,£2.43m,in,Summer,2.43,Eredivisie,2000,2000/2001
Ajax Amsterdam,Petri Pasanen,19,Centre-Back,FC Lahti,£2.34m,in,Summer,2.34,Eredivisie,2000,2000/2001
Ajax Amsterdam,André Bergdölmo,28,Centre-Back,Rosenborg BK,?,in,Summer,NA,Eredivisie,2000,2000/2001
Ajax Amsterdam,Daniel Cruz,19,Attacking Midfield,CD América,?,in,Summer,NA,Eredivisie,2000,2000/2001
Ajax Amsterdam,Kwame Quansah,17,Defensive Midfield,Asante Kotoko,?,in,Summer,NA,Eredivisie,2000,2000/2001
Ajax Amsterdam,Tijani Babangida,27,Right Winger,Genclerbirligi,"End of loanMay 1, 2001",in,Summer,0,Eredivisie,2000,2000/2001
Ajax Amsterdam,Rafael van der Vaart,17,Attacking Midfield,Ajax U19,-,in,Summer,0,Eredivisie,2000,2000/2001
Ajax Amsterdam,Youssouf Hersi,17,Right Winger,Ajax U19,-,in,Summer,0,Eredivisie,2000,2000/2001
Ajax Amsterdam,Pius Ikedia,19,Right Winger,Ajax U21,-,in,Summer,0,Eredivisie,2000,2000/2001
Ajax Amsterdam,Andy van der Meyde,20,Right Winger,Twente FC,"End of loanJun 30, 2000",in,Summer,0,Eredivisie,2000,2000/2001
Ajax Amsterdam,Cedric van der Gun,21,Centre-Forward,FC Den Bosch,"End of loanJun 30, 2000",in,Summer,0,Eredivisie,2000,2000/2001
Ajax Amsterdam,Giorgi Kinkladze,26,Attacking Midfield,Derby,"End of loanJun 30, 2000",in,Summer,0,Eredivisie,2000,2000/2001
Ajax Amsterdam,Peter Hoekstra,27,Left Winger,SD Compostela,"End of loanJun 30, 2000",in,Summer,0,Eredivisie,2000,2000/2001
Ajax Amsterdam,Giorgi Kinkladze,26,Attacking Midfield,Derby,£4.50m,out,Summer,4.5,Eredivisie,2000,2000/2001
Ajax Amsterdam,Frank Verlaat,32,Centre-Back,Werder Bremen,£1.89m,out,Summer,1.89,Eredivisie,2000,2000/2001
Ajax Amsterdam,Mitchell Piqué,20,Left-Back,Twente FC,Loan,out,Summer,0,Eredivisie,2000,2000/2001
Ajax Amsterdam,Jason Culina,19,Central Midfield,Germ. Beerschot,Loan,out,Summer,0,Eredivisie,2000,2000/2001
Ajax Amsterdam,Stanley Menzo,36,Goalkeeper,AGOVV,Free transfer,out,Summer,0,Eredivisie,2000,2000/2001
Ajax Amsterdam,Serge van den Ban,20,Goalkeeper,Haarlem,?,out,Summer,NA,Eredivisie,2000,2000/2001
Ajax Amsterdam,John Nieuwenburg,21,Defensive Midfield,Sparta R.,Loan,out,Summer,0,Eredivisie,2000,2000/2001
Ajax Amsterdam,Peter Hoekstra,27,Left Winger,FC Groningen,?,out,Summer,NA,Eredivisie,2000,2000/2001
Ajax Amsterdam,Brian Laudrup,31,Right Winger,Retired,-,out,Summer,0,Eredivisie,2000,2000/2001
Vitesse Arnhem,Bob Peeters,26,Centre-Forward,Roda JC,£5.67m,in,Summer,5.67,Eredivisie,2000,2000/2001
Vitesse Arnhem,Didier Martel,28,Forward,FC Utrecht,£2.48m,in,Summer,2.48,Eredivisie,2000,2000/2001
Vitesse Arnhem,Tim Cornelisse,22,Right-Back,RKC Waalwijk,£2.25m,in,Summer,2.25,Eredivisie,2000,2000/2001
Vitesse Arnhem,Edwin Zoetebier,30,Goalkeeper,Feyenoord,£405Th.,in,Summer,0.405,Eredivisie,2000,2000/2001
Vitesse Arnhem,Max Mbedi,17,Centre-Forward,Jeunesse Star,Free transfer,in,Summer,0,Eredivisie,2000,2000/2001
Vitesse Arnhem,Patrick Pothuizen,28,Centre-Back,NEC Nijmegen,?,in,Summer,NA,Eredivisie,2000,2000/2001
Vitesse Arnhem,Jhonny van Beukering,16,Centre-Forward,Vitesse U19,-,in,Summer,0,Eredivisie,2000,2000/2001
Vitesse Arnhem,Ruud Knol,19,Centre-Back,Vitesse U19,-,in,Summer,0,Eredivisie,2000,2000/2001
Vitesse Arnhem,Émile Mbamba,17,Forward,Vitesse U19,-,in,Summer,0,Eredivisie,2000,2000/2001
Vitesse Arnhem,Marian Zeman,25,Centre-Back,Grasshoppers,"End of loanJun 30, 2000",in,Summer,0,Eredivisie,2000,2000/2001
Vitesse Arnhem,Remco van der Schaaf,21,Centre-Back,Fortuna Sittard,"End of loanJun 30, 2000",in,Summer,0,Eredivisie,2000,2000/2001
Vitesse Arnhem,Matthew Amoah,19,Centre-Forward,Fortuna Sittard,"End of loanJun 30, 2000",in,Summer,0,Eredivisie,2000,2000/2001
Vitesse Arnhem,Yevgen Levchenko,22,Central Midfield,Cambuur L.,"End of loanJun 30, 2000",in,Summer,0,Eredivisie,2000,2000/2001
Vitesse Arnhem,Pierre van Hooijdonk,30,Centre-Forward,Benfica,£6.12m,out,Summer,6.12,Eredivisie,2000,2000/2001
Vitesse Arnhem,Kader Camara,18,Defensive Midfield,KRC Harelbeke,Free transfer,out,Summer,0,Eredivisie,2000,2000/2001
Vitesse Arnhem,Nenad Grozdic,26,Central Midfield,Lens,Free transfer,out,Summer,0,Eredivisie,2000,2000/2001
Vitesse Arnhem,Arco Jochemsen,29,Right Midfield,Feyenoord,Free transfer,out,Summer,0,Eredivisie,2000,2000/2001
Vitesse Arnhem,Martijn Kuiper,21,Centre-Back,RBC Roosendaal,Loan,out,Summer,0,Eredivisie,2000,2000/2001
Vitesse Arnhem,Konstantinos Chaniotakis,31,Goalkeeper,Paniliakos,Free transfer,out,Summer,0,Eredivisie,2000,2000/2001
Vitesse Arnhem,Peter Wisgerhof,20,Centre-Back,NEC Nijmegen,Loan,out,Summer,0,Eredivisie,2000,2000/2001
Vitesse Arnhem,Riga Mustapha,18,Right Winger,RBC Roosendaal,Loan,out,Summer,0,Eredivisie,2000,2000/2001
Vitesse Arnhem,John Veldman,32,Centre-Back,RBC Roosendaal,?,out,Summer,NA,Eredivisie,2000,2000/2001
Vitesse Arnhem,Dejan Curovic,31,Centre-Forward,FC Groningen,?,out,Summer,NA,Eredivisie,2000,2000/2001
Vitesse Arnhem,Jeremy Overbeek Bloem,19,Midfielder,De Graafschap,?,out,Summer,NA,Eredivisie,2000,2000/2001
Vitesse Arnhem,Marco De Marchi,33,Centre-Back,Dundee FC,?,out,Summer,NA,Eredivisie,2000,2000/2001
Sparta Rotterdam,Rui Almeida Monteiro,23,Midfielder,Dordrecht'90,?,in,Summer,NA,Eredivisie,2000,2000/2001
Sparta Rotterdam,John Nieuwenburg,21,Defensive Midfield,Ajax,Loan,in,Summer,0,Eredivisie,2000,2000/2001
Sparta Rotterdam,Maurits van Dalen,19,Defender,Unknown,?,in,Summer,NA,Eredivisie,2000,2000/2001
Sparta Rotterdam,Rui Monteiro,23,Forward,Dordrecht'90,?,in,Summer,NA,Eredivisie,2000,2000/2001
Sparta Rotterdam,Danny Koevermans,21,Centre-Forward,Sparta U21,-,in,Summer,0,Eredivisie,2000,2000/2001
Sparta Rotterdam,Jochem van der Hoeven,24,Centre-Back,Fortuna Sittard,Free transfer,out,Summer,0,Eredivisie,2000,2000/2001
Sparta Rotterdam,Antoine van der Linden,24,Centre-Back,Swindon Town,Free transfer,out,Summer,0,Eredivisie,2000,2000/2001
Sparta Rotterdam,John den Dunnen,27,Left Winger,FC Zwolle,Free transfer,out,Summer,0,Eredivisie,2000,2000/2001
Sparta Rotterdam,Alex van Duijvenbode,25,Defender,Dordrecht'90,Free transfer,out,Summer,0,Eredivisie,2000,2000/2001
Sparta Rotterdam,Mark Noorlander,29,Centre-Back,ADO Den Haag,?,out,Summer,NA,Eredivisie,2000,2000/2001
Sparta Rotterdam,Nixon Dias,20,Forward,ADO Den Haag,?,out,Summer,NA,Eredivisie,2000,2000/2001
NEC Nijmegen,Gjorgji Hristov,24,Centre-Forward,Barnsley FC,Free transfer,in,Summer,0,Eredivisie,2000,2000/2001
NEC Nijmegen,Mike Zonneveld,19,Left-Back,Go Ahead Eagles,Free transfer,in,Summer,0,Eredivisie,2000,2000/2001
NEC Nijmegen,Albert van der Sleen,37,Goalkeeper,Eindhoven,Free transfer,in,Summer,0,Eredivisie,2000,2000/2001
NEC Nijmegen,Erik Wegh,20,Defensive Midfield,Vitesse U19,Free transfer,in,Summer,0,Eredivisie,2000,2000/2001
NEC Nijmegen,Kevin Moeliker,20,Goalkeeper,Dordrecht'90,Free transfer,in,Summer,0,Eredivisie,2000,2000/2001
NEC Nijmegen,Guillano Grot,17,Forward,De Treffers U19,Free transfer,in,Summer,0,Eredivisie,2000,2000/2001
NEC Nijmegen,Peter Wisgerhof,20,Centre-Back,Vitesse,Loan,in,Summer,0,Eredivisie,2000,2000/2001
NEC Nijmegen,Youssef Rossi,27,Centre-Back,Dunfermline A.,£198Th.,out,Summer,0.198,Eredivisie,2000,2000/2001
NEC Nijmegen,Roy Grootaert,22,Centre-Back,VVV-Venlo,Free transfer,out,Summer,0,Eredivisie,2000,2000/2001
NEC Nijmegen,Maikel Renfurm,24,Right Winger,KR Reykjavík,?,out,Summer,NA,Eredivisie,2000,2000/2001
NEC Nijmegen,Bas Roorda,27,Goalkeeper,Roda JC,?,out,Summer,NA,Eredivisie,2000,2000/2001
NEC Nijmegen,Patrick Pothuizen,28,Centre-Back,Vitesse,?,out,Summer,NA,Eredivisie,2000,2000/2001
NEC Nijmegen,Maarten Atmodikoro,29,Right-Back,ADO Den Haag,?,out,Summer,NA,Eredivisie,2000,2000/2001
NEC Nijmegen,Wilfried Brookhuis,38,Goalkeeper,Retired,-,out,Summer,0,Eredivisie,2000,2000/2001
Willem II Tilburg,Özcan Özkaya,19,Forward,MVV Maastricht,?,in,Summer,NA,Eredivisie,2000,2000/2001
Willem II Tilburg,Youssef Mariana,26,Left Midfield,Al-Shaab,?,in,Summer,NA,Eredivisie,2000,2000/2001
Willem II Tilburg,Stefan Fabrie,19,Goalkeeper,Unknown,?,in,Summer,NA,Eredivisie,2000,2000/2001
Willem II Tilburg,Marcel Meeuwis,19,Defensive Midfield,Willem II U21,-,in,Summer,0,Eredivisie,2000,2000/2001
Willem II Tilburg,Reinder Hendriks,27,Centre-Back,Cambuur L.,"End of loanJul 1, 2000",in,Summer,0,Eredivisie,2000,2000/2001
Willem II Tilburg,Tomás Galásek,27,Defensive Midfield,Ajax,£2.43m,out,Summer,2.43,Eredivisie,2000,2000/2001
Willem II Tilburg,Casper Nelis,24,Goalkeeper,Almere City Am.,Free transfer,out,Summer,0,Eredivisie,2000,2000/2001
Willem II Tilburg,Erwin Hermes,30,Left Winger,FC Den Bosch,?,out,Summer,NA,Eredivisie,2000,2000/2001
Willem II Tilburg,Marcel Valk,33,Right Midfield,ADO Den Haag,?,out,Summer,NA,Eredivisie,2000,2000/2001
Willem II Tilburg,Hes Van Kapel,22,Midfielder,TOP Oss,,out,Summer,NA,Eredivisie,2000,2000/2001
Willem II Tilburg,Adil Ramzi,22,Left Midfield,Udinese,"End of loanJun 30, 2000",out,Summer,0,Eredivisie,2000,2000/2001
NAC Breda,Csaba Fehér,24,Defensive Midfield,KFC Verbr. Geel,£405Th.,in,Summer,0.405,Eredivisie,2000,2000/2001
NAC Breda,Orlando Engelaar,20,Defensive Midfield,Feyenoord U21,Free transfer,in,Summer,0,Eredivisie,2000,2000/2001
NAC Breda,Christian Opschoor,19,Right Winger,Kozakken Boys,Free transfer,in,Summer,0,Eredivisie,2000,2000/2001
NAC Breda,Gábor Babos,25,Goalkeeper,MTK Hungária,?,in,Summer,NA,Eredivisie,2000,2000/2001
NAC Breda,Arno Doomernik,29,Defensive Midfield,Roda JC,?,in,Summer,NA,Eredivisie,2000,2000/2001
NAC Breda,Niels Kerkhof,20,Defender,PSV U21,?,in,Summer,NA,Eredivisie,2000,2000/2001
NAC Breda,Jerome Riverola,21,Midfielder,Unknown,?,in,Summer,NA,Eredivisie,2000,2000/2001
NAC Breda,Karim Sedouki,21,Midfielder,Unknown,?,in,Summer,NA,Eredivisie,2000,2000/2001
NAC Breda,Archil Arveladze,27,Centre-Forward,1. FC Köln,Free transfer,out,Summer,0,Eredivisie,2000,2000/2001
NAC Breda,Dennis van der Ree,21,Right-Back,FC Utrecht,"End of loanJul 1, 2000",out,Summer,0,Eredivisie,2000,2000/2001
NAC Breda,Jan Willem van Ede,37,Goalkeeper,Twente FC,?,out,Summer,NA,Eredivisie,2000,2000/2001
NAC Breda,Peter Thomson,23,Forward,Luton,?,out,Summer,NA,Eredivisie,2000,2000/2001
NAC Breda,Danny D'Hondt,36,Goalkeeper,Without Club,-,out,Summer,0,Eredivisie,2000,2000/2001
NAC Breda,Jan Gaasbeek,37,Midfielder,Retired,-,out,Summer,0,Eredivisie,2000,2000/2001
NAC Breda,Remco Frijters,22,Defender,NAC Breda U21,-,out,Summer,0,Eredivisie,2000,2000/2001
PSV Eindhoven,Mateja Kezman,21,Centre-Forward,Partizan,£12.60m,in,Summer,12.6,Eredivisie,2000,2000/2001
PSV Eindhoven,Kevin Hofland,21,Centre-Back,Fortuna Sittard,Free transfer,in,Summer,0,Eredivisie,2000,2000/2001
PSV Eindhoven,Dennis Bo Mortensen,19,Centre-Forward,KB (FCK II),Free transfer,in,Summer,0,Eredivisie,2000,2000/2001
PSV Eindhoven,Marquinho,18,Attacking Midfield,Alianza Lima,?,in,Summer,NA,Eredivisie,2000,2000/2001
PSV Eindhoven,Cleberson,22,Defender,São Paulo,?,in,Summer,NA,Eredivisie,2000,2000/2001
PSV Eindhoven,Adil Ramzi,22,Left Midfield,Udinese,"End of loanJul 1, 2000",in,Summer,0,Eredivisie,2000,2000/2001
PSV Eindhoven,Jürgen Colin,19,Centre-Back,PSV U19,-,in,Summer,0,Eredivisie,2000,2000/2001
PSV Eindhoven,Gino Coutinho,17,Goalkeeper,PSV U19,-,in,Summer,0,Eredivisie,2000,2000/2001
PSV Eindhoven,Theo Lucius,23,Defensive Midfield,FC Utrecht,"End of loanJul 1, 2000",in,Summer,0,Eredivisie,2000,2000/2001
PSV Eindhoven,Kasper Bögelund,19,Right-Back,PSV U19,-,in,Summer,0,Eredivisie,2000,2000/2001
PSV Eindhoven,Cláudio,21,Centre-Forward,EC Vitória,"End of loanJun 30, 2000",in,Summer,0,Eredivisie,2000,2000/2001
PSV Eindhoven,Robert Fuchs,25,Central Midfield,De Graafschap,"End of loanJun 30, 2000",in,Summer,0,Eredivisie,2000,2000/2001
PSV Eindhoven,Andrius Skerla,23,Centre-Back,Dunfermline A.,£216Th.,out,Summer,0.216,Eredivisie,2000,2000/2001
PSV Eindhoven,Tomasz Iwan,29,Right Midfield,Trabzonspor,Free transfer,out,Summer,0,Eredivisie,2000,2000/2001
PSV Eindhoven,Luc Nilis,33,Centre-Forward,Aston Villa,?,out,Summer,NA,Eredivisie,2000,2000/2001
PSV Eindhoven,Sergey Temryukov,21,Centre-Back,Eindhoven,Loan,out,Summer,0,Eredivisie,2000,2000/2001
PSV Eindhoven,Godwin Attram,19,Centre-Forward,Silkeborg IF,Loan,out,Summer,0,Eredivisie,2000,2000/2001
PSV Eindhoven,Stan Valckx,36,Centre-Back,Retired,-,out,Summer,0,Eredivisie,2000,2000/2001
Twente Enschede FC,Tom van der Leegte,23,Defensive Midfield,RKC Waalwijk,Loan fee:£1.62m,in,Summer,1.62,Eredivisie,2000,2000/2001
Twente Enschede FC,Ellery Cairo,21,Right Winger,Feyenoord,£405Th.,in,Summer,0.405,Eredivisie,2000,2000/2001
Twente Enschede FC,Mitchell Piqué,20,Left-Back,Ajax,Loan,in,Summer,0,Eredivisie,2000,2000/2001
Twente Enschede FC,Fouzi El Brazi,23,Centre-Back,Servette FC,Free transfer,in,Summer,0,Eredivisie,2000,2000/2001
Twente Enschede FC,Boudewijn Pahlplatz,28,Forward,Heerenveen,?,in,Summer,NA,Eredivisie,2000,2000/2001
Twente Enschede FC,Jan Willem van Ede,37,Goalkeeper,NAC Breda,?,in,Summer,NA,Eredivisie,2000,2000/2001
Twente Enschede FC,Peter Mentink,22,Defender,Unknown,?,in,Summer,NA,Eredivisie,2000,2000/2001
Twente Enschede FC,Jeffrey de Visscher,19,Right Winger,FC Twente U19,-,in,Summer,0,Eredivisie,2000,2000/2001
Twente Enschede FC,Berthil ter Avest,29,Left Midfield,Bor. M'gladbach,Free transfer,out,Summer,0,Eredivisie,2000,2000/2001
Twente Enschede FC,Jörg Sobiech,31,Left-Back,Waldh. Mannheim,Free transfer,out,Summer,0,Eredivisie,2000,2000/2001
Twente Enschede FC,Cees Paauwe,22,Goalkeeper,Cambuur L.,Loan,out,Summer,0,Eredivisie,2000,2000/2001
Twente Enschede FC,Pascal de Vries,23,Midfielder,Emmen,?,out,Summer,NA,Eredivisie,2000,2000/2001
Twente Enschede FC,Frédéric Peiremans,26,Defensive Midfield,Real Sociedad,?,out,Summer,NA,Eredivisie,2000,2000/2001
Twente Enschede FC,Aldo Swager,34,Goalkeeper,Veendam,?,out,Summer,NA,Eredivisie,2000,2000/2001
Twente Enschede FC,Rico Steinmann,32,Right Midfield,Retired,-,out,Summer,0,Eredivisie,2000,2000/2001
Twente Enschede FC,Andy van der Meyde,20,Right Winger,Ajax,"End of loanJun 30, 2000",out,Summer,0,Eredivisie,2000,2000/2001
SC Heerenveen,Said Bakkati,18,Right-Back,GVAV Rapiditas,Free transfer,in,Summer,0,Eredivisie,2000,2000/2001
SC Heerenveen,René van der Weij,17,Forward,SC Cambuur U19,Free transfer,in,Summer,0,Eredivisie,2000,2000/2001
SC Heerenveen,Arjan Ebbinge,25,Centre-Back,Veendam,?,in,Summer,NA,Eredivisie,2000,2000/2001
SC Heerenveen,Ignacio Tuhuteru,26,Left Winger,FC Zwolle,?,in,Summer,NA,Eredivisie,2000,2000/2001
SC Heerenveen,Santi Kolk,18,Right Winger,ADO Den Haag,?,in,Summer,NA,Eredivisie,2000,2000/2001
SC Heerenveen,Rafael,21,Centre-Forward,HJK Helsinki,?,in,Summer,NA,Eredivisie,2000,2000/2001
SC Heerenveen,Dragan Sladakovic,17,Midfielder,Emmen,?,in,Summer,NA,Eredivisie,2000,2000/2001
SC Heerenveen,Ian Claes,18,Forward,St.Truiden Res.,?,in,Summer,NA,Eredivisie,2000,2000/2001
SC Heerenveen,Angelo Cijntje,19,Right-Back,Heerenveen U21,-,in,Summer,0,Eredivisie,2000,2000/2001
SC Heerenveen,Allan Jepsen,23,Left Midfield,Aalborg BK,£486Th.,out,Summer,0.486,Eredivisie,2000,2000/2001
SC Heerenveen,Mendes,24,Centre-Forward,Unknown,Free transfer,out,Summer,0,Eredivisie,2000,2000/2001
SC Heerenveen,Ivan Tsvetkov,20,Centre-Forward,Veendam,?,out,Summer,NA,Eredivisie,2000,2000/2001
SC Heerenveen,Boudewijn Pahlplatz,28,Forward,Twente FC,?,out,Summer,NA,Eredivisie,2000,2000/2001
SC Heerenveen,Ties Heldens,21,Midfielder,Veendam,?,out,Summer,NA,Eredivisie,2000,2000/2001
SC Heerenveen,Mika Pulkkinen,27,Centre-Back,SW Bregenz,?,out,Summer,NA,Eredivisie,2000,2000/2001
SC Heerenveen,Dumitru Mitrita,29,Left-Back,Steaua Bukarest,?,out,Summer,NA,Eredivisie,2000,2000/2001
RKC Waalwijk,Joey Gudjónsson,20,Central Midfield,KRC Genk,£338Th.,in,Summer,0.338,Eredivisie,2000,2000/2001
RKC Waalwijk,Fabian Peppinck,22,Right-Back,OJC Rosmalen,Free transfer,in,Summer,0,Eredivisie,2000,2000/2001
RKC Waalwijk,Iwan Redan,19,Centre-Forward,Vitesse U21,Free transfer,in,Summer,0,Eredivisie,2000,2000/2001
RKC Waalwijk,John van Loenhout,23,Attacking Midfield,RBC Roosendaal,?,in,Summer,NA,Eredivisie,2000,2000/2001
RKC Waalwijk,Zeljko Petrovic,34,Right-Back,Urawa Reds,?,in,Summer,NA,Eredivisie,2000,2000/2001
RKC Waalwijk,Ivar van Dinteren,21,Attacking Midfield,FC Groningen,?,in,Summer,NA,Eredivisie,2000,2000/2001
RKC Waalwijk,Arjan Human,21,Forward,VV Kloetinge,?,in,Summer,NA,Eredivisie,2000,2000/2001
RKC Waalwijk,Maarten Schops,25,Defensive Midfield,RBC Roosendaal,"End of loanJun 30, 2001",in,Summer,0,Eredivisie,2000,2000/2001
RKC Waalwijk,Jeroen Verhoeven,20,Goalkeeper,RKC U21,-,in,Summer,0,Eredivisie,2000,2000/2001
RKC Waalwijk,Rick Hoogendorp,25,Centre-Forward,Celta de Vigo,"End of loanJun 30, 2000",in,Summer,0,Eredivisie,2000,2000/2001
RKC Waalwijk,Tim Cornelisse,22,Right-Back,Vitesse,£2.25m,out,Summer,2.25,Eredivisie,2000,2000/2001
RKC Waalwijk,Tom van der Leegte,23,Defensive Midfield,Twente FC,Loan fee:£1.62m,out,Summer,1.62,Eredivisie,2000,2000/2001
RKC Waalwijk,Augustus Dumbar,21,Forward,Mighty Barrolle,Free transfer,out,Summer,0,Eredivisie,2000,2000/2001
RKC Waalwijk,Ad Leemans,24,Right-Back,TOP Oss,?,out,Summer,NA,Eredivisie,2000,2000/2001
RKC Waalwijk,Charles Chiemezie,20,Forward,Unknown,?,out,Summer,NA,Eredivisie,2000,2000/2001
RKC Waalwijk,Maarten Schops,24,Defensive Midfield,RBC Roosendaal,Loan,out,Summer,0,Eredivisie,2000,2000/2001
RKC Waalwijk,Richard Beekink,28,Midfielder,Without Club,-,out,Summer,0,Eredivisie,2000,2000/2001
RKC Waalwijk,Michel van Zundert,22,Defender,Dordrecht'90,"End of loanJun 30, 2000",out,Summer,0,Eredivisie,2000,2000/2001
Feyenoord Rotterdam,Brett Emerton,21,Right Midfield,Sydney Olympic,£1.62m,in,Summer,1.62,Eredivisie,2000,2000/2001
Feyenoord Rotterdam,Arco Jochemsen,29,Right Midfield,Vitesse,Free transfer,in,Summer,0,Eredivisie,2000,2000/2001
Feyenoord Rotterdam,Zbigniew Malkowski,22,Goalkeeper,Stomil Olsztyn,Free transfer,in,Summer,0,Eredivisie,2000,2000/2001
Feyenoord Rotterdam,Stephen Laybutt,22,Left-Back,Brisbane Strikers FC,?,in,Summer,NA,Eredivisie,2000,2000/2001
Feyenoord Rotterdam,Leonardo,17,Second Striker,Feyenoord U19,-,in,Summer,0,Eredivisie,2000,2000/2001
Feyenoord Rotterdam,Cor Varkevisser,18,Goalkeeper,Feyenoord U19,-,in,Summer,0,Eredivisie,2000,2000/2001
Feyenoord Rotterdam,Patricio Graff,24,Left-Back,FC Den Bosch,"End of loanJun 30, 2000",in,Summer,0,Eredivisie,2000,2000/2001
Feyenoord Rotterdam,Robin Nelisse,22,Centre-Forward,Cambuur L.,"End of loanJun 30, 2000",in,Summer,0,Eredivisie,2000,2000/2001
Feyenoord Rotterdam,Julio Cruz,25,Centre-Forward,Bologna,£7.38m,out,Summer,7.38,Eredivisie,2000,2000/2001
Feyenoord Rotterdam,Bert Konterman,29,Centre-Back,Rangers,£6.53m,out,Summer,6.53,Eredivisie,2000,2000/2001
Feyenoord Rotterdam,Robin Nelisse,22,Centre-Forward,AZ Alkmaar,£1.62m,out,Summer,1.62,Eredivisie,2000,2000/2001
Feyenoord Rotterdam,Ellery Cairo,21,Right Winger,Twente FC,£405Th.,out,Summer,0.405,Eredivisie,2000,2000/2001
Feyenoord Rotterdam,Mo Allach,26,Right-Back,FC Groningen,£405Th.,out,Summer,0.405,Eredivisie,2000,2000/2001
Feyenoord Rotterdam,Edwin Zoetebier,30,Goalkeeper,Vitesse,£405Th.,out,Summer,0.405,Eredivisie,2000,2000/2001
Feyenoord Rotterdam,Thomas Buffel,19,Right Winger,Excelsior,Loan,out,Summer,0,Eredivisie,2000,2000/2001
Feyenoord Rotterdam,Ronald Graafland,21,Goalkeeper,Excelsior,Free transfer,out,Summer,0,Eredivisie,2000,2000/2001
Feyenoord Rotterdam,Somália,23,Centre-Forward,América-MG,?,out,Summer,NA,Eredivisie,2000,2000/2001
Feyenoord Rotterdam,Patricio Graff,24,Left-Back,Sporting Gijón,-,out,Summer,0,Eredivisie,2000,2000/2001
FC Groningen,Mo Allach,26,Right-Back,Feyenoord,£405Th.,in,Summer,0.405,Eredivisie,2000,2000/2001
FC Groningen,Wouter van den Herik,20,Left Winger,Telstar,Free transfer,in,Summer,0,Eredivisie,2000,2000/2001
FC Groningen,Erwin van de Looi,28,Centre-Back,Stuttg. Kickers,?,in,Summer,NA,Eredivisie,2000,2000/2001
FC Groningen,Dejan Curovic,31,Centre-Forward,Vitesse,?,in,Summer,NA,Eredivisie,2000,2000/2001
FC Groningen,Roel Janssen,24,Defender,MVV Maastricht,?,in,Summer,NA,Eredivisie,2000,2000/2001
FC Groningen,Peter Hoekstra,27,Left Winger,Ajax,?,in,Summer,NA,Eredivisie,2000,2000/2001
FC Groningen,Paul Matthijs,23,Defensive Midfield,AZ Alkmaar,?,out,Summer,NA,Eredivisie,2000,2000/2001
FC Groningen,Ivar van Dinteren,21,Attacking Midfield,RKC Waalwijk,?,out,Summer,NA,Eredivisie,2000,2000/2001
FC Groningen,Melchior Schoenmakers,24,Centre-Back,FC Den Bosch,?,out,Summer,NA,Eredivisie,2000,2000/2001
FC Groningen,Pascal Averdijk,23,Forward,Fortuna Sittard,,out,Summer,NA,Eredivisie,2000,2000/2001
FC Groningen,Leon Kantelberg,21,Left Winger,FC Utrecht,"End of loanJun 30, 2000",out,Summer,0,Eredivisie,2000,2000/2001
FC Utrecht,Stefaan Tanghe,28,Attacking Midfield,Exc. Mouscron,£900Th.,in,Summer,0.9,Eredivisie,2000,2000/2001
FC Utrecht,Igor Gluscevic,26,Centre-Forward,Aris Saloniki,Free transfer,in,Summer,0,Eredivisie,2000,2000/2001
FC Utrecht,Dave van den Bergh,24,Left Midfield,Rayo Vallecano,Free transfer,in,Summer,0,Eredivisie,2000,2000/2001
FC Utrecht,Dennis van der Ree,21,Right-Back,NAC Breda,"End of loanJul 1, 2000",in,Summer,0,Eredivisie,2000,2000/2001
FC Utrecht,Tibor Dombi,26,Right Midfield,E. Frankfurt,Free transfer,in,Summer,0,Eredivisie,2000,2000/2001
FC Utrecht,Dennis Scharrenburg,21,Midfielder,Cambuur L.,"End of loanJun 30, 2000",in,Summer,0,Eredivisie,2000,2000/2001
FC Utrecht,Hendrik van Beelen,20,Attacking Midfield,Heracles Almelo,"End of loanJun 30, 2000",in,Summer,0,Eredivisie,2000,2000/2001
FC Utrecht,Leon Kantelberg,21,Left Winger,FC Groningen,"End of loanJun 30, 2000",in,Summer,0,Eredivisie,2000,2000/2001
FC Utrecht,Jamie Forrester,25,Left Winger,Walsall,"End of loanJun 30, 2000",in,Summer,0,Eredivisie,2000,2000/2001
FC Utrecht,Didier Martel,28,Forward,Vitesse,£2.48m,out,Summer,2.48,Eredivisie,2000,2000/2001
FC Utrecht,Reinier Robbemond,28,Right Midfield,AZ Alkmaar,Free transfer,out,Summer,0,Eredivisie,2000,2000/2001
FC Utrecht,Sander Keller,20,Centre-Back,RBC Roosendaal,?,out,Summer,NA,Eredivisie,2000,2000/2001
FC Utrecht,Jordy Zuidam,19,Defensive Midfield,Go Ahead Eagles,Loan,out,Summer,0,Eredivisie,2000,2000/2001
FC Utrecht,Giuseppe Imburgia,20,Centre-Back,AC Bellinzona,?,out,Summer,NA,Eredivisie,2000,2000/2001
FC Utrecht,Jamie Forrester,25,Left Winger,Northampton,?,out,Summer,NA,Eredivisie,2000,2000/2001
FC Utrecht,Hendrik van Beelen,20,Attacking Midfield,Cambuur L.,Loan,out,Summer,0,Eredivisie,2000,2000/2001
FC Utrecht,Theo Lucius,23,Defensive Midfield,PSV Eindhoven,"End of loanJul 1, 2000",out,Summer,0,Eredivisie,2000,2000/2001
Roda JC Kerkrade,Giannis Anastasiou,27,Centre-Forward,RSC Anderlecht,£900Th.,in,Summer,0.9,Eredivisie,2000,2000/2001
Roda JC Kerkrade,Sven Vandenbroeck,20,Defensive Midfield,KV Mechelen,£675Th.,in,Summer,0.675,Eredivisie,2000,2000/2001
Roda JC Kerkrade,Bas Roorda,27,Goalkeeper,NEC Nijmegen,?,in,Summer,NA,Eredivisie,2000,2000/2001
Roda JC Kerkrade,Edrissa Sonko,20,Right Winger,RSC Anderlecht,?,in,Summer,NA,Eredivisie,2000,2000/2001
Roda JC Kerkrade,Samir Ouindi,20,Forward,Roda JC U21,-,in,Summer,0,Eredivisie,2000,2000/2001
Roda JC Kerkrade,Fatih Sonkaya,18,Right-Back,VVV-Venlo,"End of loanJun 30, 2000",in,Summer,0,Eredivisie,2000,2000/2001
Roda JC Kerkrade,Bob Peeters,26,Centre-Forward,Vitesse,£5.67m,out,Summer,5.67,Eredivisie,2000,2000/2001
Roda JC Kerkrade,Joos Valgaeren,24,Centre-Back,Celtic,£5.13m,out,Summer,5.13,Eredivisie,2000,2000/2001
Roda JC Kerkrade,Peter Van Houdt,23,Centre-Forward,Bor. M'gladbach,£450Th.,out,Summer,0.45,Eredivisie,2000,2000/2001
Roda JC Kerkrade,Müslüm Karabulut,18,Centre-Forward,Kocaelispor,£180Th.,out,Summer,0.18,Eredivisie,2000,2000/2001
Roda JC Kerkrade,Bas Jacobs,20,Left Winger,VVV-Venlo,Free transfer,out,Summer,0,Eredivisie,2000,2000/2001
Roda JC Kerkrade,Grégory Delwarte,22,Goalkeeper,Maasl Maasmechel,Free transfer,out,Summer,0,Eredivisie,2000,2000/2001
Roda JC Kerkrade,Arno Doomernik,29,Defensive Midfield,NAC Breda,?,out,Summer,NA,Eredivisie,2000,2000/2001
Roda JC Kerkrade,Stephan 't Hart,29,Defender,VVV-Venlo,?,out,Summer,NA,Eredivisie,2000,2000/2001
Fortuna Sittard,Rolf Martin Landerl,23,Attacking Midfield,AZ Alkmaar,Free transfer,in,Winter,0,Eredivisie,2000,2000/2001
Fortuna Sittard,Nenad Bjekovic,26,Centre-Forward,Partizan,?,in,Winter,NA,Eredivisie,2000,2000/2001
Fortuna Sittard,Fritz Emeran,24,Right-Back,KRC Genk,Loan,in,Winter,0,Eredivisie,2000,2000/2001
Fortuna Sittard,Jaromír Paciorek,21,Midfielder,FC Brno,Free transfer,out,Winter,0,Eredivisie,2000,2000/2001
Fortuna Sittard,Ismael Ayaz,21,Forward,Eindhoven,"End of loanDec 31, 2000",out,Winter,0,Eredivisie,2000,2000/2001
RBC Roosendaal,Tomasz Iwan,29,Right Midfield,Trabzonspor,Free transfer,in,Winter,0,Eredivisie,2000,2000/2001
RBC Roosendaal,Oscar Moens,27,Goalkeeper,AZ Alkmaar,Loan,in,Winter,0,Eredivisie,2000,2000/2001
RBC Roosendaal,Maurice Verberne,29,Centre-Back,TOP Oss,Free transfer,out,Winter,0,Eredivisie,2000,2000/2001
AZ Alkmaar,Rolf Martin Landerl,23,Attacking Midfield,Fortuna Sittard,Free transfer,out,Winter,0,Eredivisie,2000,2000/2001
AZ Alkmaar,Oscar Moens,27,Goalkeeper,RBC Roosendaal,Loan,out,Winter,0,Eredivisie,2000,2000/2001
De Graafschap Doetinchem,John van den Brom,34,Attacking Midfield,Vitesse,?,in,Winter,NA,Eredivisie,2000,2000/2001
De Graafschap Doetinchem,Brutil Hosé,21,Centre-Forward,Ajax,Loan,in,Winter,0,Eredivisie,2000,2000/2001
De Graafschap Doetinchem,Robert Fuchs,25,Central Midfield,PSV Eindhoven,Loan,in,Winter,0,Eredivisie,2000,2000/2001
De Graafschap Doetinchem,Eric Viscaal,32,Centre-Forward,KV Mechelen,?,out,Winter,NA,Eredivisie,2000,2000/2001
De Graafschap Doetinchem,Abdul Rahman Issah,20,Centre-Back,AC Bellinzona,?,out,Winter,NA,Eredivisie,2000,2000/2001
Ajax Amsterdam,Jesper Grönkjaer,23,Left Winger,Chelsea,£10.67m,out,Winter,10.67,Eredivisie,2000,2000/2001
Ajax Amsterdam,Aaron Mokoena,20,Centre-Back,Germ. Beerschot,Free transfer,out,Winter,0,Eredivisie,2000,2000/2001
Ajax Amsterdam,Tijani Babangida,27,Right Winger,Genclerbirligi,Loan,out,Winter,0,Eredivisie,2000,2000/2001
Ajax Amsterdam,Brutil Hosé,21,Centre-Forward,De Graafschap,Loan,out,Winter,0,Eredivisie,2000,2000/2001
Ajax Amsterdam,Kevin Bobson,20,Left Winger,Ajax U21,-,out,Winter,0,Eredivisie,2000,2000/2001
Vitesse Arnhem,Gert Claessens,28,Left Midfield,Real Oviedo,£689Th.,in,Winter,0.689,Eredivisie,2000,2000/2001
Vitesse Arnhem,Patrick Pothuizen,28,Centre-Back,Twente FC,Loan,out,Winter,0,Eredivisie,2000,2000/2001
Vitesse Arnhem,John van den Brom,34,Attacking Midfield,De Graafschap,?,out,Winter,NA,Eredivisie,2000,2000/2001
Sparta Rotterdam,Dennis de Nooijer,31,Centre-Forward,Heerenveen,Loan,in,Winter,0,Eredivisie,2000,2000/2001
Sparta Rotterdam,Humphrey Rudge,23,Centre-Back,Roda JC,Loan,in,Winter,0,Eredivisie,2000,2000/2001
Sparta Rotterdam,Romeo Wouden,30,Left Winger,Retired,-,out,Winter,0,Eredivisie,2000,2000/2001
NEC Nijmegen,Dennis Schulp,22,Central Midfield,Willem II,Free transfer,in,Winter,0,Eredivisie,2000,2000/2001
Willem II Tilburg,Wout van Steenveldt,20,Attacking Midfield,RKC Waalwijk,NA,in,Winter,NA,Eredivisie,2000,2000/2001
Willem II Tilburg,Dennis Schulp,22,Central Midfield,NEC Nijmegen,Free transfer,out,Winter,0,Eredivisie,2000,2000/2001
Willem II Tilburg,Richard van der Heijden,20,Centre-Forward,TOP Oss,?,out,Winter,NA,Eredivisie,2000,2000/2001
NAC Breda,Bryan Roy,30,Left Winger,Hertha BSC,Free transfer,in,Winter,0,Eredivisie,2000,2000/2001
NAC Breda,Mark Schenning,30,Centre-Back,FC Den Bosch,?,in,Winter,NA,Eredivisie,2000,2000/2001
NAC Breda,Robbie Haemhouts,17,Central Midfield,NAC Breda U19,-,in,Winter,0,Eredivisie,2000,2000/2001
NAC Breda,Michael Hansen,29,Central Midfield,Esbjerg fB,?,out,Winter,NA,Eredivisie,2000,2000/2001
PSV Eindhoven,Ivica Kralj,27,Goalkeeper,Partizan,Loan,out,Winter,0,Eredivisie,2000,2000/2001
PSV Eindhoven,Robert Fuchs,25,Central Midfield,De Graafschap,Loan,out,Winter,0,Eredivisie,2000,2000/2001
PSV Eindhoven,Cláudio,21,Centre-Forward,EC Vitória,Loan,out,Winter,0,Eredivisie,2000,2000/2001
Twente Enschede FC,Sjaak Polak,24,Left-Back,Excelsior,£203Th.,in,Winter,0.203,Eredivisie,2000,2000/2001
Twente Enschede FC,Fouzi El Brazi,23,Centre-Back,Servette FC,Free transfer,in,Winter,0,Eredivisie,2000,2000/2001
Twente Enschede FC,Patrick Pothuizen,28,Centre-Back,Vitesse,Loan,in,Winter,0,Eredivisie,2000,2000/2001
Twente Enschede FC,Nick Hoekstra,19,Central Midfield,VVV-Venlo,?,out,Winter,NA,Eredivisie,2000,2000/2001
Twente Enschede FC,Jan Verlinden,23,Right-Back,Lierse SK,Loan,out,Winter,0,Eredivisie,2000,2000/2001
SC Heerenveen,Marcus Allbäck,27,Centre-Forward,Örgryte,£990Th.,in,Winter,0.99,Eredivisie,2000,2000/2001
SC Heerenveen,Sander van Gessel,24,Defensive Midfield,FC Groningen,Loan,in,Winter,0,Eredivisie,2000,2000/2001
SC Heerenveen,Angelo Cijntje,20,Right-Back,KuPS,Loan,out,Winter,0,Eredivisie,2000,2000/2001
SC Heerenveen,Dennis de Nooijer,31,Centre-Forward,Sparta R.,Loan,out,Winter,0,Eredivisie,2000,2000/2001
RKC Waalwijk,Radoslav Samardzic,30,Centre-Forward,Feyenoord,Loan,in,Winter,0,Eredivisie,2000,2000/2001
RKC Waalwijk,Roberto Lanckohr,31,Attacking Midfield,Grazer AK,Loan,out,Winter,0,Eredivisie,2000,2000/2001
RKC Waalwijk,Wout van Steenveldt,20,Attacking Midfield,Willem II,,out,Winter,NA,Eredivisie,2000,2000/2001
Feyenoord Rotterdam,Johan Elmander,19,Centre-Forward,Örgryte,£2.61m,in,Winter,2.61,Eredivisie,2000,2000/2001
Feyenoord Rotterdam,Radoslav Samardzic,30,Centre-Forward,RKC Waalwijk,Loan,out,Winter,0,Eredivisie,2000,2000/2001
Feyenoord Rotterdam,Steve Olfers,18,Centre-Back,Excelsior,?,out,Winter,NA,Eredivisie,2000,2000/2001
FC Groningen,Faysal El Idrissi,23,Attacking Midfield,Santa Clara,Free transfer,in,Winter,0,Eredivisie,2000,2000/2001
FC Groningen,Melchior Schoenmakers,25,Centre-Back,FC Den Bosch,?,in,Winter,NA,Eredivisie,2000,2000/2001
FC Groningen,Arjen Robben,16,Right Winger,Groningen U19,-,in,Winter,0,Eredivisie,2000,2000/2001
FC Groningen,Sander van Gessel,24,Defensive Midfield,Heerenveen,Loan,out,Winter,0,Eredivisie,2000,2000/2001
FC Groningen,Roel Janssen,25,Defender,Veendam,Loan,out,Winter,0,Eredivisie,2000,2000/2001
FC Utrecht,Azubuike Oliseh,22,Centre-Back,FC Jokerit,Loan,out,Winter,0,Eredivisie,2000,2000/2001
FC Utrecht,Marinus Dijkhuizen,28,Centre-Forward,Dunfermline A.,Free transfer,out,Winter,0,Eredivisie,2000,2000/2001
FC Utrecht,Leon Kantelberg,22,Left Winger,Helmond Sport,Free transfer,out,Winter,0,Eredivisie,2000,2000/2001
Roda JC Kerkrade,Ivan Vicelich,24,Defensive Midfield,Football Kingz,Free transfer,in,Winter,0,Eredivisie,2000,2000/2001
Roda JC Kerkrade,Humphrey Rudge,23,Centre-Back,Sparta R.,Loan,out,Winter,0,Eredivisie,2000,2000/2001
