club_name,player_name,age,position,club_involved_name,fee,transfer_movement,transfer_period,fee_cleaned,league_name,year,season
Borussia Dortmund,Sunday Oliseh,25,Defensive Midfield,Juventus,£6.75m,in,Summer,6.75,1 Bundesliga,2000,2000/2001
Borussia Dortmund,Jörg Heinrich,30,Left-Back,Fiorentina,£3.69m,in,Summer,3.69,1 Bundesliga,2000,2000/2001
Borussia Dortmund,Dr. Philipp Laux,27,Goalkeeper,SSV Ulm 1846,£203Th.,in,Summer,0.203,1 Bundesliga,2000,2000/2001
Borussia Dortmund,Christoph Metzelder,19,Centre-Back,Preußen Münster,£180Th.,in,Summer,0.18,1 Bundesliga,2000,2000/2001
Borussia Dortmund,Francis Bugri,19,Attacking Midfield,B. Dortmund II,-,in,Summer,0,1 Bundesliga,2000,2000/2001
Borussia Dortmund,Sergej Barbarez,28,Second Striker,Hamburger SV,£1.62m,out,Summer,1.62,1 Bundesliga,2000,2000/2001
Borussia Dortmund,Karsten Baumann,30,Centre-Back,RW Oberhausen,Free transfer,out,Summer,0,1 Bundesliga,2000,2000/2001
Borussia Dortmund,Wolfgang Feiersinger,35,Sweeper,LASK,Free transfer,out,Summer,0,1 Bundesliga,2000,2000/2001
Borussia Dortmund,Andreas Möller,32,Attacking Midfield,FC Schalke 04,Free transfer,out,Summer,0,1 Bundesliga,2000,2000/2001
Borussia Dortmund,Jovan Kirovski,24,Right Winger,Sporting CP,Free transfer,out,Summer,0,1 Bundesliga,2000,2000/2001
Bayer 04 Leverkusen,Marquinhos,18,Attacking Midfield,Avaí FC,£4.05m,in,Summer,4.05,1 Bundesliga,2000,2000/2001
Bayer 04 Leverkusen,Pascal Ojigwe,23,Defensive Midfield,1. FC Köln,£1.89m,in,Summer,1.89,1 Bundesliga,2000,2000/2001
Bayer 04 Leverkusen,Pascal Zuberbühler,29,Goalkeeper,FC Basel,Loan fee:£1.35m,in,Summer,1.35,1 Bundesliga,2000,2000/2001
Bayer 04 Leverkusen,Andreas Neuendorf,25,Central Midfield,Hertha BSC,£675Th.,in,Summer,0.675,1 Bundesliga,2000,2000/2001
Bayer 04 Leverkusen,Seyed Ali Mousavi,26,Centre-Forward,SC Fortuna Köln,?,in,Summer,NA,1 Bundesliga,2000,2000/2001
Bayer 04 Leverkusen,Landon Donovan,18,Second Striker,Leverkusen II,-,in,Summer,0,1 Bundesliga,2000,2000/2001
Bayer 04 Leverkusen,Tom Starke,19,Goalkeeper,Leverkusen U19,-,in,Summer,0,1 Bundesliga,2000,2000/2001
Bayer 04 Leverkusen,Anel Dzaka,19,Attacking Midfield,Leverkusen II,-,in,Summer,0,1 Bundesliga,2000,2000/2001
Bayer 04 Leverkusen,Mehdi Pashazadeh,26,Centre-Back,SC Fortuna Köln,"End of loanJun 30, 2000",in,Summer,0,1 Bundesliga,2000,2000/2001
Bayer 04 Leverkusen,Andreas Voss,21,Defensive Midfield,MSV Duisburg,"End of loanJun 30, 2000",in,Summer,0,1 Bundesliga,2000,2000/2001
Bayer 04 Leverkusen,Émerson,24,Defensive Midfield,AS Roma,£16.20m,out,Summer,16.2,1 Bundesliga,2000,2000/2001
Bayer 04 Leverkusen,Zoran Mamic,28,Centre-Back,VfL Bochum,£450Th.,out,Summer,0.45,1 Bundesliga,2000,2000/2001
Bayer 04 Leverkusen,Miroslaw Spizak,21,Centre-Forward,Unterhaching,Loan fee:£135Th.,out,Summer,0.135,1 Bundesliga,2000,2000/2001
Bayer 04 Leverkusen,Andreas Voss,21,Defensive Midfield,VfL Wolfsburg,Loan fee:£135Th.,out,Summer,0.135,1 Bundesliga,2000,2000/2001
Bayer 04 Leverkusen,Stefan Beinlich,28,Attacking Midfield,Hertha BSC,Free transfer,out,Summer,0,1 Bundesliga,2000,2000/2001
Bayer 04 Leverkusen,Landon Donovan,19,Second Striker,Quakes,Loan,out,Summer,0,1 Bundesliga,2000,2000/2001
Bayer 04 Leverkusen,Rüdiger Vollborn,37,Goalkeeper,Retired,-,out,Summer,0,1 Bundesliga,2000,2000/2001
Bayern Munich,Willy Sagnol,23,Right-Back,Monaco,£6.93m,in,Summer,6.93,1 Bundesliga,2000,2000/2001
Bayern Munich,Ciriaco Sforza,30,Central Midfield,1.FC K'lautern,£2.07m,in,Summer,2.07,1 Bundesliga,2000,2000/2001
Bayern Munich,Alou Diarra,18,Defensive Midfield,Louh.-Cuiseaux,Free transfer,in,Summer,0,1 Bundesliga,2000,2000/2001
Bayern Munich,Owen Hargreaves,19,Defensive Midfield,FC Bayern II,-,in,Summer,0,1 Bundesliga,2000,2000/2001
Bayern Munich,Berkant Göktan,19,Centre-Forward,Arm. Bielefeld,"End of loanJun 30, 2000",in,Summer,0,1 Bundesliga,2000,2000/2001
Bayern Munich,Alexander Bugera,21,Left-Back,MSV Duisburg,"End of loanJun 30, 2000",in,Summer,0,1 Bundesliga,2000,2000/2001
Bayern Munich,David Jarolim,21,Defensive Midfield,1.FC Nuremberg,£180Th.,out,Summer,0.18,1 Bundesliga,2000,2000/2001
Bayern Munich,Alexander Bugera,21,Left-Back,Unterhaching,Loan fee:£68Th.,out,Summer,0.068,1 Bundesliga,2000,2000/2001
Bayern Munich,Nils-Eric Johansson,20,Left-Back,1.FC Nuremberg,Free transfer,out,Summer,0,1 Bundesliga,2000,2000/2001
Bayern Munich,Sven Scheuer,29,Goalkeeper,Adanaspor,Free transfer,out,Summer,0,1 Bundesliga,2000,2000/2001
Bayern Munich,Markus Babbel,27,Centre-Back,Liverpool,Free transfer,out,Summer,0,1 Bundesliga,2000,2000/2001
Bayern Munich,Frank Wiblishauser,22,Left-Back,1.FC Nuremberg,Free transfer,out,Summer,0,1 Bundesliga,2000,2000/2001
TSV 1860 Munich,Vidar Riseth,28,Centre-Back,Celtic,£1.35m,in,Summer,1.35,1 Bundesliga,2000,2000/2001
TSV 1860 Munich,Simon Jentzsch,24,Goalkeeper,Karlsruher SC,£450Th.,in,Summer,0.45,1 Bundesliga,2000,2000/2001
TSV 1860 Munich,Mate Lacic,19,Centre-Back,RNK Split,£135Th.,in,Summer,0.135,1 Bundesliga,2000,2000/2001
TSV 1860 Munich,Markus Beierle,28,Centre-Forward,MSV Duisburg,Free transfer,in,Summer,0,1 Bundesliga,2000,2000/2001
TSV 1860 Munich,Erik Mykland,28,Central Midfield,Panathinaikos,Free transfer,in,Summer,0,1 Bundesliga,2000,2000/2001
TSV 1860 Munich,Daniel Bierofka,21,Left Midfield,FC Bayern II,Free transfer,in,Summer,0,1 Bundesliga,2000,2000/2001
TSV 1860 Munich,Achim Pfuderer,24,Centre-Back,Stuttg. Kickers,Free transfer,in,Summer,0,1 Bundesliga,2000,2000/2001
TSV 1860 Munich,Thomas Weller,19,Defensive Midfield,SC Paderborn,Free transfer,in,Summer,0,1 Bundesliga,2000,2000/2001
TSV 1860 Munich,Jochen Kientz,27,Centre-Back,Panionios,"End of loanJun 30, 2000",in,Summer,0,1 Bundesliga,2000,2000/2001
TSV 1860 Munich,Guido Gorges,27,Centre-Back,Greuther Fürth,£135Th.,out,Summer,0.135,1 Bundesliga,2000,2000/2001
TSV 1860 Munich,Michél Dinzey,27,Left Midfield,Hannover 96,£113Th.,out,Summer,0.113,1 Bundesliga,2000,2000/2001
TSV 1860 Munich,Michael Öller,21,Defensive Midfield,Greuther Fürth,Free transfer,out,Summer,0,1 Bundesliga,2000,2000/2001
TSV 1860 Munich,Thomas Meggle,25,Attacking Midfield,FC St. Pauli,Free transfer,out,Summer,0,1 Bundesliga,2000,2000/2001
TSV 1860 Munich,Jochen Kientz,27,Centre-Back,Hamburger SV,Free transfer,out,Summer,0,1 Bundesliga,2000,2000/2001
TSV 1860 Munich,Daniel Hoffmann,28,Goalkeeper,Kocaelispor,Free transfer,out,Summer,0,1 Bundesliga,2000,2000/2001
TSV 1860 Munich,Olaf Bodden,32,Centre-Forward,Retired,-,out,Summer,0,1 Bundesliga,2000,2000/2001
TSV 1860 Munich,Mate Lacic,19,Centre-Back,1860 München II,-,out,Summer,0,1 Bundesliga,2000,2000/2001
1.FC Kaiserslautern,Vratislav Lokvenc,26,Centre-Forward,Sparta Praha,£2.84m,in,Summer,2.84,1 Bundesliga,2000,2000/2001
1.FC Kaiserslautern,Petr Gabriel,27,Centre-Back,Sparta Praha,£1.35m,in,Summer,1.35,1 Bundesliga,2000,2000/2001
1.FC Kaiserslautern,Dimitrios Grammozis,21,Defensive Midfield,Hamburger SV,£810Th.,in,Summer,0.81,1 Bundesliga,2000,2000/2001
1.FC Kaiserslautern,Alan Grozdanic,18,Midfielder,Rudar Velenje,Free transfer,in,Summer,0,1 Bundesliga,2000,2000/2001
1.FC Kaiserslautern,Murat Yakin,25,Centre-Back,FC Basel,?,in,Summer,NA,1 Bundesliga,2000,2000/2001
1.FC Kaiserslautern,Miroslav Klose,22,Centre-Forward,K'lautern II,-,in,Summer,0,1 Bundesliga,2000,2000/2001
1.FC Kaiserslautern,Rüdiger Ziehl,22,Defensive Midfield,K'lautern II,-,in,Summer,0,1 Bundesliga,2000,2000/2001
1.FC Kaiserslautern,Samir Kamouna,28,Sweeper,Bursaspor,"End of loanJun 30, 2000",in,Summer,0,1 Bundesliga,2000,2000/2001
1.FC Kaiserslautern,Ciriaco Sforza,30,Central Midfield,Bayern Munich,£2.07m,out,Summer,2.07,1 Bundesliga,2000,2000/2001
1.FC Kaiserslautern,Martin Wagner,32,Left Midfield,VfL Wolfsburg,Free transfer,out,Summer,0,1 Bundesliga,2000,2000/2001
1.FC Kaiserslautern,Andreas Reinke,31,Goalkeeper,Iraklis,Free transfer,out,Summer,0,1 Bundesliga,2000,2000/2001
1.FC Kaiserslautern,Júnior,22,Right Midfield,1.FC Nuremberg,Free transfer,out,Summer,0,1 Bundesliga,2000,2000/2001
1.FC Kaiserslautern,János Hrutka,25,Centre-Back,Ferencváros,Free transfer,out,Summer,0,1 Bundesliga,2000,2000/2001
1.FC Kaiserslautern,Roger Lutz,35,Centre-Back,F91 Dudelange,Free transfer,out,Summer,0,1 Bundesliga,2000,2000/2001
1.FC Kaiserslautern,János Hrutka,25,Centre-Back,E. Frankfurt,?,out,Summer,NA,1 Bundesliga,2000,2000/2001
Hamburger SV,Milan Fukal,25,Centre-Back,Sparta Praha,£2.61m,in,Summer,2.61,1 Bundesliga,2000,2000/2001
Hamburger SV,Marcel Ketelaer,22,Left Midfield,Bor. M'gladbach,£2.52m,in,Summer,2.52,1 Bundesliga,2000,2000/2001
Hamburger SV,Sergej Barbarez,28,Second Striker,Bor. Dortmund,£1.62m,in,Summer,1.62,1 Bundesliga,2000,2000/2001
Hamburger SV,Marek Heinz,22,Centre-Forward,Sigma Olomouc,£1.44m,in,Summer,1.44,1 Bundesliga,2000,2000/2001
Hamburger SV,Carsten Wehlmann,28,Goalkeeper,FC St. Pauli,£360Th.,in,Summer,0.36,1 Bundesliga,2000,2000/2001
Hamburger SV,Mathias Schober,24,Goalkeeper,FC Schalke 04,Loan fee:£90Th.,in,Summer,0.09,1 Bundesliga,2000,2000/2001
Hamburger SV,Marinus Bester,31,Centre-Forward,Lüneburger SK,Free transfer,in,Summer,0,1 Bundesliga,2000,2000/2001
Hamburger SV,Ronald Maul,27,Left-Back,Arm. Bielefeld,Free transfer,in,Summer,0,1 Bundesliga,2000,2000/2001
Hamburger SV,Jan Sandmann,22,Right-Back,1.FC Magdeburg,Free transfer,in,Summer,0,1 Bundesliga,2000,2000/2001
Hamburger SV,Benjamin Kruse,22,Centre-Back,SC Norderstedt,Free transfer,in,Summer,0,1 Bundesliga,2000,2000/2001
Hamburger SV,Thomas Hillenbrand,20,Goalkeeper,Karlsruhe II,Free transfer,in,Summer,0,1 Bundesliga,2000,2000/2001
Hamburger SV,Jochen Kientz,27,Centre-Back,1860 Munich,Free transfer,in,Summer,0,1 Bundesliga,2000,2000/2001
Hamburger SV,Stig Töfting,30,Defensive Midfield,Aarhus GF,Free transfer,in,Summer,0,1 Bundesliga,2000,2000/2001
Hamburger SV,Thomas Gravesen,24,Defensive Midfield,Everton,£3.15m,out,Summer,3.15,1 Bundesliga,2000,2000/2001
Hamburger SV,Fabian Ernst,21,Defensive Midfield,Werder Bremen,£900Th.,out,Summer,0.9,1 Bundesliga,2000,2000/2001
Hamburger SV,Dimitrios Grammozis,21,Defensive Midfield,1.FC K'lautern,£810Th.,out,Summer,0.81,1 Bundesliga,2000,2000/2001
Hamburger SV,Alexander Bade,29,Goalkeeper,1. FC Köln,£113Th.,out,Summer,0.113,1 Bundesliga,2000,2000/2001
Hamburger SV,Vanja Grubac,29,Centre-Forward,OFK Beograd,£90Th.,out,Summer,0.09,1 Bundesliga,2000,2000/2001
Hamburger SV,Sasa Ilic,29,Goalkeeper,Vardar,Free transfer,out,Summer,0,1 Bundesliga,2000,2000/2001
Hamburger SV,Rasoul Khatibi,21,Centre-Forward,Pas Teheran,"End of loanJun 30, 2000",out,Summer,0,1 Bundesliga,2000,2000/2001
SC Freiburg,Soumaila Coulibaly,22,Attacking Midfield,Zamalek,£180Th.,in,Summer,0.18,1 Bundesliga,2000,2000/2001
SC Freiburg,Sebastian Kehl,20,Defensive Midfield,Hannover 96,£90Th.,in,Summer,0.09,1 Bundesliga,2000,2000/2001
SC Freiburg,Ferydoon Zandi,21,Attacking Midfield,SV Meppen,Free transfer,in,Summer,0,1 Bundesliga,2000,2000/2001
SC Freiburg,Régis Dorn,20,Centre-Forward,R. Strasbourg,Free transfer,in,Summer,0,1 Bundesliga,2000,2000/2001
SC Freiburg,Michele Borrozzino,23,Left Midfield,SC Freiburg II,-,in,Summer,0,1 Bundesliga,2000,2000/2001
SC Freiburg,Miran Pavlin,28,Attacking Midfield,Karlsruher SC,"End of loanJun 30, 2000",in,Summer,0,1 Bundesliga,2000,2000/2001
SC Freiburg,Miran Pavlin,28,Attacking Midfield,FC Porto,£810Th.,out,Summer,0.81,1 Bundesliga,2000,2000/2001
SC Freiburg,Ali Günes,21,Central Midfield,Fenerbahce,£690Th.,out,Summer,0.69,1 Bundesliga,2000,2000/2001
SC Freiburg,Steffen Korell,28,Sweeper,Bor. M'gladbach,Free transfer,out,Summer,0,1 Bundesliga,2000,2000/2001
SC Freiburg,Stefan Hampl,25,Right Winger,W. Burghausen,£11Th.,out,Summer,0.011,1 Bundesliga,2000,2000/2001
SC Freiburg,László Kanyuk,21,Attacking Midfield,VfR Aalen,Loan,out,Summer,0,1 Bundesliga,2000,2000/2001
SC Freiburg,Mehdi Ben Slimane,26,Right Winger,Bor. M'gladbach,Loan,out,Summer,0,1 Bundesliga,2000,2000/2001
SpVgg Unterhaching,David Zdrilic,26,Centre-Forward,SSV Ulm 1846,£693Th.,in,Summer,0.693,1 Bundesliga,2000,2000/2001
SpVgg Unterhaching,Francisco Copado,25,Second Striker,TeBe Berlin,£180Th.,in,Summer,0.18,1 Bundesliga,2000,2000/2001
SpVgg Unterhaching,Miroslaw Spizak,21,Centre-Forward,Bay. Leverkusen,Loan fee:£135Th.,in,Summer,0.135,1 Bundesliga,2000,2000/2001
SpVgg Unterhaching,Alexander Bugera,21,Left-Back,Bayern Munich,Loan fee:£68Th.,in,Summer,0.068,1 Bundesliga,2000,2000/2001
SpVgg Unterhaching,Guido Koltermann,25,Goalkeeper,VfL Wolfsburg,£45Th.,in,Summer,0.045,1 Bundesliga,2000,2000/2001
SpVgg Unterhaching,Thomas Glas,20,Centre-Forward,FC Ingolstadt,Free transfer,in,Summer,0,1 Bundesliga,2000,2000/2001
SpVgg Unterhaching,Murat Tekes,25,Forward,FC Starnberg,Free transfer,in,Summer,0,1 Bundesliga,2000,2000/2001
SpVgg Unterhaching,Dietmar Hirsch,28,Defensive Midfield,MSV Duisburg,Free transfer,in,Summer,0,1 Bundesliga,2000,2000/2001
SpVgg Unterhaching,Jochen Seitz,23,Left Winger,VfB Stuttgart,£225Th.,out,Summer,0.225,1 Bundesliga,2000,2000/2001
SpVgg Unterhaching,Mark Zimmermann,26,Centre-Forward,Stuttg. Kickers,£180Th.,out,Summer,0.18,1 Bundesliga,2000,2000/2001
SpVgg Unterhaching,Stefan Frühbeis,21,Centre-Back,W. Burghausen,Free transfer,out,Summer,0,1 Bundesliga,2000,2000/2001
SpVgg Unterhaching,Stefan Hillinger,20,Centre-Forward,TSV Buchbach,Free transfer,out,Summer,0,1 Bundesliga,2000,2000/2001
SpVgg Unterhaching,Udo Mai,32,Goalkeeper,FC Miesbach,Free transfer,out,Summer,0,1 Bundesliga,2000,2000/2001
SpVgg Unterhaching,Alberto Méndez,25,Attacking Midfield,Arsenal,"End of loanJun 30, 2000",out,Summer,0,1 Bundesliga,2000,2000/2001
1. FC Köln,Darko Pivaljevic,25,Centre-Forward,Royal Antwerp,£1.35m,in,Summer,1.35,1 Bundesliga,2000,2000/2001
1. FC Köln,Miroslav Baranek,26,Attacking Midfield,Sparta Praha,£1.35m,in,Summer,1.35,1 Bundesliga,2000,2000/2001
1. FC Köln,Markus Kreuz,23,Left Midfield,Hannover 96,£900Th.,in,Summer,0.9,1 Bundesliga,2000,2000/2001
1. FC Köln,Jens Keller,29,Centre-Back,VfB Stuttgart,£675Th.,in,Summer,0.675,1 Bundesliga,2000,2000/2001
1. FC Köln,Alexander Bade,29,Goalkeeper,Hamburger SV,£113Th.,in,Summer,0.113,1 Bundesliga,2000,2000/2001
1. FC Köln,Alassane Ouédraogo,19,Right Midfield,RSC Charleroi,£68Th.,in,Summer,0.068,1 Bundesliga,2000,2000/2001
1. FC Köln,Ivan Vukomanovic,23,Defensive Midfield,G. Bordeaux,Free transfer,in,Summer,0,1 Bundesliga,2000,2000/2001
1. FC Köln,Ivica Grlic,24,Defensive Midfield,SC Fortuna Köln,Free transfer,in,Summer,0,1 Bundesliga,2000,2000/2001
1. FC Köln,Archil Arveladze,27,Centre-Forward,NAC Breda,Free transfer,in,Summer,0,1 Bundesliga,2000,2000/2001
1. FC Köln,Markus Dworrak,22,Left Winger,1.FC Köln II,-,in,Summer,0,1 Bundesliga,2000,2000/2001
1. FC Köln,Pascal Ojigwe,23,Defensive Midfield,Bay. Leverkusen,£1.89m,out,Summer,1.89,1 Bundesliga,2000,2000/2001
1. FC Köln,Ralph Hasenhüttl,32,Centre-Forward,Greuther Fürth,Free transfer,out,Summer,0,1 Bundesliga,2000,2000/2001
1. FC Köln,Karsten Hutwelker,28,Left Midfield,Saarbrücken,Free transfer,out,Summer,0,1 Bundesliga,2000,2000/2001
1. FC Köln,Sebastian Selke,26,Goalkeeper,KFC Uerdingen,Free transfer,out,Summer,0,1 Bundesliga,2000,2000/2001
1. FC Köln,Ronny Teuber,34,Goalkeeper,Greuther Fürth,?,out,Summer,NA,1 Bundesliga,2000,2000/2001
1. FC Köln,Markus Bähr,25,Defender,SV Sandhausen,?,out,Summer,NA,1 Bundesliga,2000,2000/2001
VfB Stuttgart,Silvio Meißner,27,Defensive Midfield,Arm. Bielefeld,£1.08m,in,Summer,1.08,1 Bundesliga,2000,2000/2001
VfB Stuttgart,Jochen Seitz,23,Left Winger,Unterhaching,£225Th.,in,Summer,0.225,1 Bundesliga,2000,2000/2001
VfB Stuttgart,Aleksandr Hleb,19,Attacking Midfield,BATE Borisov,£135Th.,in,Summer,0.135,1 Bundesliga,2000,2000/2001
VfB Stuttgart,Ales Chvalovsky,21,Goalkeeper,Chmel Blsany,Free transfer,in,Summer,0,1 Bundesliga,2000,2000/2001
VfB Stuttgart,Stefan Blank,23,Left-Back,Hannover 96,Free transfer,in,Summer,0,1 Bundesliga,2000,2000/2001
VfB Stuttgart,Giannis Amanatidis,18,Centre-Forward,Stuttgart II,-,in,Summer,0,1 Bundesliga,2000,2000/2001
VfB Stuttgart,Andreas Hinkel,18,Right-Back,Stuttgart U19,-,in,Summer,0,1 Bundesliga,2000,2000/2001
VfB Stuttgart,Timo Wenzel,22,Centre-Back,Stuttgart II,-,in,Summer,0,1 Bundesliga,2000,2000/2001
VfB Stuttgart,Christian Tiffert,18,Defensive Midfield,Without Club,-,in,Summer,0,1 Bundesliga,2000,2000/2001
VfB Stuttgart,Marc Ziegler,24,Goalkeeper,Arm. Bielefeld,"End of loanJun 30, 2000",in,Summer,0,1 Bundesliga,2000,2000/2001
VfB Stuttgart,Jens Keller,29,Centre-Back,1. FC Köln,£675Th.,out,Summer,0.675,1 Bundesliga,2000,2000/2001
VfB Stuttgart,Achim Hollerieth,26,Goalkeeper,Waldh. Mannheim,£180Th.,out,Summer,0.18,1 Bundesliga,2000,2000/2001
VfB Stuttgart,Timo Rost,21,Defensive Midfield,Austria Vienna,Free transfer,out,Summer,0,1 Bundesliga,2000,2000/2001
VfB Stuttgart,Marc Ziegler,24,Goalkeeper,Bursaspor,Free transfer,out,Summer,0,1 Bundesliga,2000,2000/2001
VfB Stuttgart,Franz Wohlfahrt,36,Goalkeeper,Austria Vienna,Free transfer,out,Summer,0,1 Bundesliga,2000,2000/2001
VfB Stuttgart,Mitko Stojkovski,27,Defensive Midfield,Pelister Bitola,Free transfer,out,Summer,0,1 Bundesliga,2000,2000/2001
VfB Stuttgart,Srgjan Zaharievski,26,Central Midfield,Campomaiorense,Free transfer,out,Summer,0,1 Bundesliga,2000,2000/2001
VfB Stuttgart,Didi,24,Centre-Forward,FC St. Gallen,Free transfer,out,Summer,0,1 Bundesliga,2000,2000/2001
VfB Stuttgart,Nico Frommer,22,Centre-Forward,SSV Reutlingen,Free transfer,out,Summer,0,1 Bundesliga,2000,2000/2001
VfB Stuttgart,Sasa Markovic,28,Midfielder,FK Obilic,Free transfer,out,Summer,0,1 Bundesliga,2000,2000/2001
VfB Stuttgart,Sreto Ristic,24,Centre-Forward,Campomaiorense,Free transfer,out,Summer,0,1 Bundesliga,2000,2000/2001
VfB Stuttgart,Thomas Kies,24,Right-Back,Waldh. Mannheim,Free transfer,out,Summer,0,1 Bundesliga,2000,2000/2001
VfB Stuttgart,Martin Spanring,30,Centre-Back,Bursaspor,?,out,Summer,NA,1 Bundesliga,2000,2000/2001
SV Werder Bremen,Frank Verlaat,32,Centre-Back,Ajax,£1.89m,in,Summer,1.89,1 Bundesliga,2000,2000/2001
SV Werder Bremen,Ivica Banovic,19,Defensive Midfield,NK Zagreb,£1.71m,in,Summer,1.71,1 Bundesliga,2000,2000/2001
SV Werder Bremen,Mladen Krstajic,26,Centre-Back,Partizan,£1.13m,in,Summer,1.13,1 Bundesliga,2000,2000/2001
SV Werder Bremen,Fabian Ernst,21,Defensive Midfield,Hamburger SV,£900Th.,in,Summer,0.9,1 Bundesliga,2000,2000/2001
SV Werder Bremen,Tim Borowski,20,Central Midfield,W. Bremen II,-,in,Summer,0,1 Bundesliga,2000,2000/2001
SV Werder Bremen,Paul Stalteri,22,Right-Back,W. Bremen II,-,in,Summer,0,1 Bundesliga,2000,2000/2001
SV Werder Bremen,Lars Schmedes,19,Midfielder,W. Bremen II,-,in,Summer,0,1 Bundesliga,2000,2000/2001
SV Werder Bremen,Lodewijk Roembiak,31,Defensive Midfield,FC Aarau,"End of loanJun 30, 2000",in,Summer,0,1 Bundesliga,2000,2000/2001
SV Werder Bremen,Sören Seidel,27,Central Midfield,MSV Duisburg,£230Th.,out,Summer,0.23,1 Bundesliga,2000,2000/2001
SV Werder Bremen,Júlio César,37,Centre-Back,América-RN,Free transfer,out,Summer,0,1 Bundesliga,2000,2000/2001
SV Werder Bremen,Mamadou Masseye Thioub,20,Centre-Forward,Without Club,-,out,Summer,0,1 Bundesliga,2000,2000/2001
Eintracht Frankfurt,Markus Lösch,28,Defensive Midfield,1.FC Nuremberg,Free transfer,in,Summer,0,1 Bundesliga,2000,2000/2001
Eintracht Frankfurt,Sasa Ciric,32,Centre-Forward,TeBe Berlin,Free transfer,in,Summer,0,1 Bundesliga,2000,2000/2001
Eintracht Frankfurt,Ralf Schmitt,23,Centre-Forward,FV Speyer,Free transfer,in,Summer,0,1 Bundesliga,2000,2000/2001
Eintracht Frankfurt,Gerd Wimmer,23,Right-Back,Rapid Vienna,Free transfer,in,Summer,0,1 Bundesliga,2000,2000/2001
Eintracht Frankfurt,Peter Deißenberger,23,Central Midfield,Würzburger FV,Free transfer,in,Summer,0,1 Bundesliga,2000,2000/2001
Eintracht Frankfurt,János Hrutka,25,Centre-Back,1.FC K'lautern,?,in,Summer,NA,1 Bundesliga,2000,2000/2001
Eintracht Frankfurt,Jermaine Jones,18,Defensive Midfield,Frankfurt U19,-,in,Summer,0,1 Bundesliga,2000,2000/2001
Eintracht Frankfurt,Christoph Preuß,18,Defensive Midfield,Frankfurt U19,-,in,Summer,0,1 Bundesliga,2000,2000/2001
Eintracht Frankfurt,Giuseppe Gemiti,19,Left-Back,Frankfurt U19,-,in,Summer,0,1 Bundesliga,2000,2000/2001
Eintracht Frankfurt,Alexander Rosen,21,Defensive Midfield,FC Augsburg,"End of loanJun 30, 2000",in,Summer,0,1 Bundesliga,2000,2000/2001
Eintracht Frankfurt,Erol Bulut,25,Left-Back,Trabzonspor,"End of loanJun 30, 2000",in,Summer,0,1 Bundesliga,2000,2000/2001
Eintracht Frankfurt,Jan Aage Fjörtoft,34,Centre-Forward,Stabæk Fotball,Free transfer,out,Summer,0,1 Bundesliga,2000,2000/2001
Eintracht Frankfurt,Uwe Schneider,28,Centre-Back,VfR Aalen,Free transfer,out,Summer,0,1 Bundesliga,2000,2000/2001
Eintracht Frankfurt,Tibor Dombi,26,Right Midfield,FC Utrecht,Free transfer,out,Summer,0,1 Bundesliga,2000,2000/2001
Eintracht Frankfurt,Patrick Falk,20,Attacking Midfield,E. Braunschweig,?,out,Summer,NA,1 Bundesliga,2000,2000/2001
FC Schalke 04,Tomasz Hajto,27,Centre-Back,MSV Duisburg,£675Th.,in,Summer,0.675,1 Bundesliga,2000,2000/2001
FC Schalke 04,Jörg Böhme,26,Left Midfield,Arm. Bielefeld,£675Th.,in,Summer,0.675,1 Bundesliga,2000,2000/2001
FC Schalke 04,Sladan Peric,18,Centre-Back,Copenhagen U19,£225Th.,in,Summer,0.225,1 Bundesliga,2000,2000/2001
FC Schalke 04,Andreas Möller,32,Attacking Midfield,Bor. Dortmund,Free transfer,in,Summer,0,1 Bundesliga,2000,2000/2001
FC Schalke 04,Mike Büskens,32,Left Midfield,MSV Duisburg,Free transfer,in,Summer,0,1 Bundesliga,2000,2000/2001
FC Schalke 04,Christian Mikolajczak,19,Defensive Midfield,Schalke 04 U19,-,in,Summer,0,1 Bundesliga,2000,2000/2001
FC Schalke 04,Ali Göl,23,Centre-Forward,Schalke 04 II,-,in,Summer,0,1 Bundesliga,2000,2000/2001
FC Schalke 04,Marc Wilmots,31,Attacking Midfield,G. Bordeaux,£3.15m,out,Summer,3.15,1 Bundesliga,2000,2000/2001
FC Schalke 04,Krisztián Szóllar,19,Defensive Midfield,RW Essen,Loan fee:£90Th.,out,Summer,0.09,1 Bundesliga,2000,2000/2001
FC Schalke 04,Mathias Schober,24,Goalkeeper,Hamburger SV,Loan fee:£90Th.,out,Summer,0.09,1 Bundesliga,2000,2000/2001
FC Schalke 04,Andreas Müller,37,Defensive Midfield,Retired,-,out,Summer,0,1 Bundesliga,2000,2000/2001
FC Hansa Rostock,Andreas Jakobsson,27,Centre-Back,Helsingborg,£1.13m,in,Summer,1.13,1 Bundesliga,2000,2000/2001
FC Hansa Rostock,Rayk Schröder,25,Right-Back,Energie Cottbus,Free transfer,in,Summer,0,1 Bundesliga,2000,2000/2001
FC Hansa Rostock,René Rydlewicz,26,Right Midfield,Arm. Bielefeld,Free transfer,in,Summer,0,1 Bundesliga,2000,2000/2001
FC Hansa Rostock,Ronny Thielemann,26,Defensive Midfield,Energie Cottbus,£90Th.,out,Summer,0.09,1 Bundesliga,2000,2000/2001
FC Hansa Rostock,Olaf Holetschek,31,Sweeper,Chemnitzer FC,Free transfer,out,Summer,0,1 Bundesliga,2000,2000/2001
FC Hansa Rostock,Björn Laars,25,Centre-Back,Babelsberg 03,Free transfer,out,Summer,0,1 Bundesliga,2000,2000/2001
VfL Wolfsburg,Andreas Voss,21,Defensive Midfield,Bay. Leverkusen,Loan fee:£135Th.,in,Summer,0.135,1 Bundesliga,2000,2000/2001
VfL Wolfsburg,Sven Müller,20,Right Midfield,FC Augsburg,£63Th.,in,Summer,0.063,1 Bundesliga,2000,2000/2001
VfL Wolfsburg,Martin Wagner,32,Left Midfield,1.FC K'lautern,Free transfer,in,Summer,0,1 Bundesliga,2000,2000/2001
VfL Wolfsburg,Mike Busch,19,Centre-Forward,Hannover 96,Free transfer,in,Summer,0,1 Bundesliga,2000,2000/2001
VfL Wolfsburg,Simon Fahner,22,Left Midfield,Leverkusen II,Free transfer,in,Summer,0,1 Bundesliga,2000,2000/2001
VfL Wolfsburg,Tomislav Maric,27,Centre-Forward,Stuttg. Kickers,Free transfer,in,Summer,0,1 Bundesliga,2000,2000/2001
VfL Wolfsburg,Dietmar Kühbauer,29,Central Midfield,Real Sociedad,Free transfer,in,Summer,0,1 Bundesliga,2000,2000/2001
VfL Wolfsburg,Joshua Kennedy,17,Centre-Forward,Carlton SC,Free transfer,in,Summer,0,1 Bundesliga,2000,2000/2001
VfL Wolfsburg,Detlev Dammeier,31,Defensive Midfield,Arm. Bielefeld,£207Th.,out,Summer,0.207,1 Bundesliga,2000,2000/2001
VfL Wolfsburg,Holger Ballwanz,32,Defensive Midfield,Hannover 96,£180Th.,out,Summer,0.18,1 Bundesliga,2000,2000/2001
VfL Wolfsburg,Jéan-Kasongo Banza,26,Centre-Forward,MSV Duisburg,Loan fee:£90Th.,out,Summer,0.09,1 Bundesliga,2000,2000/2001
VfL Wolfsburg,Guido Koltermann,25,Goalkeeper,Unterhaching,£45Th.,out,Summer,0.045,1 Bundesliga,2000,2000/2001
VfL Wolfsburg,Nico Däbritz,28,Defensive Midfield,Hannover 96,Free transfer,out,Summer,0,1 Bundesliga,2000,2000/2001
VfL Wolfsburg,Vitus Nagorny,22,Centre-Forward,Karlsruher SC,Free transfer,out,Summer,0,1 Bundesliga,2000,2000/2001
VfL Wolfsburg,Christian Wück,27,Second Striker,Arm. Bielefeld,Free transfer,out,Summer,0,1 Bundesliga,2000,2000/2001
VfL Wolfsburg,Gerald Schröder,24,Left Midfield,SC Verl,Free transfer,out,Summer,0,1 Bundesliga,2000,2000/2001
VfL Wolfsburg,Mathias Stammann,32,Midfielder,Retired,-,out,Summer,0,1 Bundesliga,2000,2000/2001
VfL Bochum,Martin Meichelbeck,23,Centre-Back,Greuther Fürth,£585Th.,in,Summer,0.585,1 Bundesliga,2000,2000/2001
VfL Bochum,Zoran Mamic,28,Centre-Back,Bay. Leverkusen,£450Th.,in,Summer,0.45,1 Bundesliga,2000,2000/2001
VfL Bochum,Damir Milinovic,27,Centre-Back,HNK Rijeka,£270Th.,in,Summer,0.27,1 Bundesliga,2000,2000/2001
VfL Bochum,Christian Vander,19,Goalkeeper,KFC Uerdingen,£113Th.,in,Summer,0.113,1 Bundesliga,2000,2000/2001
VfL Bochum,Ante Covic,24,Right Midfield,Hertha BSC,Free transfer,in,Summer,0,1 Bundesliga,2000,2000/2001
VfL Bochum,Sergey Mandreko,28,Left-Back,Hertha BSC,Free transfer,in,Summer,0,1 Bundesliga,2000,2000/2001
VfL Bochum,Angel Parla-Diaz,24,Attacking Midfield,TSG Dülmen,Free transfer,in,Summer,0,1 Bundesliga,2000,2000/2001
VfL Bochum,Paul Freier,20,Right Midfield,VfL Bochum II,-,in,Summer,0,1 Bundesliga,2000,2000/2001
VfL Bochum,Sven Boy,23,Centre-Back,Greuther Fürth,£135Th.,out,Summer,0.135,1 Bundesliga,2000,2000/2001
VfL Bochum,Jacek Ratajczak,26,Centre-Forward,Babelsberg 03,Free transfer,out,Summer,0,1 Bundesliga,2000,2000/2001
VfL Bochum,Olaf Schreiber,30,Left Midfield,Retired,-,out,Summer,0,1 Bundesliga,2000,2000/2001
Hertha BSC,Tomasz Kuszczak,18,Goalkeeper,KFC Uerdingen,Free transfer,in,Summer,0,1 Bundesliga,2000,2000/2001
Hertha BSC,Rui Marques,22,Centre-Back,SSV Ulm 1846,Free transfer,in,Summer,0,1 Bundesliga,2000,2000/2001
Hertha BSC,Stefan Beinlich,28,Attacking Midfield,Bay. Leverkusen,Free transfer,in,Summer,0,1 Bundesliga,2000,2000/2001
Hertha BSC,Sead Zilic,17,Centre-Forward,Fiorentina,Free transfer,in,Summer,0,1 Bundesliga,2000,2000/2001
Hertha BSC,Michael Eckhardt,21,Goalkeeper,Aschaffenburg,Free transfer,in,Summer,0,1 Bundesliga,2000,2000/2001
Hertha BSC,Thorben Marx,19,Defensive Midfield,Hertha BSC U19,-,in,Summer,0,1 Bundesliga,2000,2000/2001
Hertha BSC,Benjamin Köhler,19,Left Midfield,Hertha BSC II,-,in,Summer,0,1 Bundesliga,2000,2000/2001
Hertha BSC,Piotr Reiss,28,Centre-Forward,MSV Duisburg,"End of loanJun 30, 2000",in,Summer,0,1 Bundesliga,2000,2000/2001
Hertha BSC,Ivica Olic,20,Centre-Forward,NK Marsonia,"End of loanJun 30, 2000",in,Summer,0,1 Bundesliga,2000,2000/2001
Hertha BSC,Andreas Neuendorf,25,Central Midfield,Bay. Leverkusen,£675Th.,out,Summer,0.675,1 Bundesliga,2000,2000/2001
Hertha BSC,Ivica Olic,20,Centre-Forward,NK Marsonia,£585Th.,out,Summer,0.585,1 Bundesliga,2000,2000/2001
Hertha BSC,Ilija Aracic,29,Centre-Forward,Arm. Bielefeld,£522Th.,out,Summer,0.522,1 Bundesliga,2000,2000/2001
Hertha BSC,Ante Covic,24,Right Midfield,VfL Bochum,Free transfer,out,Summer,0,1 Bundesliga,2000,2000/2001
Hertha BSC,Sergey Mandreko,28,Left-Back,VfL Bochum,Free transfer,out,Summer,0,1 Bundesliga,2000,2000/2001
Hertha BSC,René Renno,21,Goalkeeper,TeBe Berlin,Free transfer,out,Summer,0,1 Bundesliga,2000,2000/2001
Hertha BSC,Joe Bacak,27,Midfielder,Ethn. Asteras,?,out,Summer,NA,1 Bundesliga,2000,2000/2001
Hertha BSC,Andreas Thom,34,Centre-Forward,Hertha BSC II,-,out,Summer,0,1 Bundesliga,2000,2000/2001
FC Energie Cottbus,Ferenc Horváth,27,Centre-Forward,KRC Genk,£450Th.,in,Summer,0.45,1 Bundesliga,2000,2000/2001
FC Energie Cottbus,Laurentiu Reghecampf,24,Right Midfield,Steaua Bukarest,£288Th.,in,Summer,0.288,1 Bundesliga,2000,2000/2001
FC Energie Cottbus,Faruk Hujdurovic,30,Centre-Back,SV Ried,£180Th.,in,Summer,0.18,1 Bundesliga,2000,2000/2001
FC Energie Cottbus,Toni Micevski,30,Attacking Midfield,Pelister Bitola,£158Th.,in,Summer,0.158,1 Bundesliga,2000,2000/2001
FC Energie Cottbus,Bruno Akrapovic,32,Defensive Midfield,TeBe Berlin,£158Th.,in,Summer,0.158,1 Bundesliga,2000,2000/2001
FC Energie Cottbus,Ronny Thielemann,26,Defensive Midfield,Hansa Rostock,£90Th.,in,Summer,0.09,1 Bundesliga,2000,2000/2001
FC Energie Cottbus,Toralf Konetzke,27,Forward,SC Fortuna Köln,Free transfer,in,Summer,0,1 Bundesliga,2000,2000/2001
FC Energie Cottbus,Gunnar Berntsen,22,Goalkeeper,FFC Viktoria 91,Free transfer,in,Summer,0,1 Bundesliga,2000,2000/2001
FC Energie Cottbus,Vilmos Sebők,27,Centre-Back,Waldh. Mannheim,Free transfer,in,Summer,0,1 Bundesliga,2000,2000/2001
FC Energie Cottbus,Andrzej Kobylanski,29,Left Midfield,Hannover 96,Free transfer,in,Summer,0,1 Bundesliga,2000,2000/2001
FC Energie Cottbus,Tamás Szekeres,27,Centre-Back,KAA Gent,?,in,Summer,NA,1 Bundesliga,2000,2000/2001
FC Energie Cottbus,Martin Neubert,19,Centre-Back,E. Cottbus II,-,in,Summer,0,1 Bundesliga,2000,2000/2001
FC Energie Cottbus,Thomas Neubert,19,Centre-Forward,E. Cottbus II,-,in,Summer,0,1 Bundesliga,2000,2000/2001
FC Energie Cottbus,Sven Unversucht,21,Centre-Forward,E. Cottbus II,-,in,Summer,0,1 Bundesliga,2000,2000/2001
FC Energie Cottbus,Ferenc Horváth,27,Centre-Forward,M. Tel Aviv,£405Th.,out,Summer,0.405,1 Bundesliga,2000,2000/2001
FC Energie Cottbus,Rayk Schröder,25,Right-Back,Hansa Rostock,Free transfer,out,Summer,0,1 Bundesliga,2000,2000/2001
FC Energie Cottbus,Marcel Rath,24,Centre-Forward,FC St. Pauli,Free transfer,out,Summer,0,1 Bundesliga,2000,2000/2001
FC Energie Cottbus,Frank Seifert,27,Central Midfield,Rot-Weiß Erfurt,Free transfer,out,Summer,0,1 Bundesliga,2000,2000/2001
FC Energie Cottbus,Matthias Müller,21,Forward,Daytona Beach Eagles,Free transfer,out,Summer,0,1 Bundesliga,2000,2000/2001
FC Energie Cottbus,Miroslav Jovic,29,Centre-Forward,Carl Zeiss Jena,Free transfer,out,Summer,0,1 Bundesliga,2000,2000/2001
FC Energie Cottbus,Lars Hirschfeld,21,Goalkeeper,Calgary Storm,Free transfer,out,Summer,0,1 Bundesliga,2000,2000/2001
FC Energie Cottbus,Marco Eckstein,25,Goalkeeper,Sachsen Leipzig,£23Th.,out,Summer,0.023,1 Bundesliga,2000,2000/2001
FC Energie Cottbus,Mike Jesse,27,Right Midfield,TeBe Berlin,?,out,Summer,NA,1 Bundesliga,2000,2000/2001
FC Energie Cottbus,Olaf Renn,30,Right Midfield,Without Club,-,out,Summer,0,1 Bundesliga,2000,2000/2001
FC Energie Cottbus,Detlef Irrgang,34,Attacking Midfield,Retired,-,out,Summer,0,1 Bundesliga,2000,2000/2001
FC Energie Cottbus,Oleksii Kurylenko,27,Defender,Without Club,-,out,Summer,0,1 Bundesliga,2000,2000/2001
Borussia Dortmund,Tomas Rosicky,20,Attacking Midfield,Sparta Praha,£13.05m,in,Winter,13.05,1 Bundesliga,2000,2000/2001
Borussia Dortmund,Jan Derek Sörensen,29,Right Winger,Rosenborg BK,£720Th.,in,Winter,0.72,1 Bundesliga,2000,2000/2001
Borussia Dortmund,Emmanuel Krontiris,17,Centre-Forward,TeBe Berlin,£225Th.,in,Winter,0.225,1 Bundesliga,2000,2000/2001
Borussia Dortmund,Conor Casey,19,Centre-Forward,Portland Pilots,Free transfer,in,Winter,0,1 Bundesliga,2000,2000/2001
Borussia Dortmund,Vladimir But,23,Attacking Midfield,SC Freiburg,£450Th.,out,Winter,0.45,1 Bundesliga,2000,2000/2001
Borussia Dortmund,Ibrahim Tanko,23,Second Striker,SC Freiburg,Free transfer,out,Winter,0,1 Bundesliga,2000,2000/2001
Bayer 04 Leverkusen,Lúcio,22,Centre-Back,Internacional,£7.65m,in,Winter,7.65,1 Bundesliga,2000,2000/2001
Bayer 04 Leverkusen,Diego Placente,23,Left-Back,River Plate,£6.57m,in,Winter,6.57,1 Bundesliga,2000,2000/2001
Bayer 04 Leverkusen,Dimitar Berbatov,19,Centre-Forward,CSKA Sofia,£2.25m,in,Winter,2.25,1 Bundesliga,2000,2000/2001
Bayer 04 Leverkusen,Vratislav Gresko,23,Left-Back,Inter,£4.50m,out,Winter,4.5,1 Bundesliga,2000,2000/2001
Bayer 04 Leverkusen,Torben Hoffmann,26,Centre-Back,1860 Munich,£675Th.,out,Winter,0.675,1 Bundesliga,2000,2000/2001
Bayer 04 Leverkusen,Mehdi Pashazadeh,27,Centre-Back,Esteghlal FC,Free transfer,out,Winter,0,1 Bundesliga,2000,2000/2001
Bayer 04 Leverkusen,Seyed Ali Mousavi,26,Centre-Forward,Esteghlal FC,?,out,Winter,NA,1 Bundesliga,2000,2000/2001
Bayer 04 Leverkusen,Pascal Zuberbühler,29,Goalkeeper,FC Basel,"End of loanDec 31, 2000",out,Winter,0,1 Bundesliga,2000,2000/2001
Bayern Munich,Thomas Strunz,32,Defensive Midfield,Retired,-,out,Winter,0,1 Bundesliga,2000,2000/2001
TSV 1860 Munich,Torben Hoffmann,26,Centre-Back,Bay. Leverkusen,£675Th.,in,Winter,0.675,1 Bundesliga,2000,2000/2001
TSV 1860 Munich,Martin Cizek,26,Left Midfield,Unterhaching,£702Th.,out,Winter,0.702,1 Bundesliga,2000,2000/2001
TSV 1860 Munich,Christian Prosenik,32,Central Midfield,Austria Vienna,Free transfer,out,Winter,0,1 Bundesliga,2000,2000/2001
1.FC Kaiserslautern,Tomasz Klos,27,Centre-Back,AJ Auxerre,£990Th.,in,Winter,0.99,1 Bundesliga,2000,2000/2001
1.FC Kaiserslautern,Nenad Bjelica,29,Central Midfield,NK Osijek,£450Th.,in,Winter,0.45,1 Bundesliga,2000,2000/2001
1.FC Kaiserslautern,José Dominguez,26,Left Winger,Spurs,£288Th.,in,Winter,0.288,1 Bundesliga,2000,2000/2001
1.FC Kaiserslautern,Marco Stark,19,Centre-Back,K'lautern II,-,in,Winter,0,1 Bundesliga,2000,2000/2001
1.FC Kaiserslautern,Igli Tare,27,Centre-Forward,Brescia,Loan,out,Winter,0,1 Bundesliga,2000,2000/2001
1.FC Kaiserslautern,Murat Yakin,26,Centre-Back,FC Basel,?,out,Winter,NA,1 Bundesliga,2000,2000/2001
1.FC Kaiserslautern,Samir Kamouna,28,Sweeper,El Ahly,?,out,Winter,NA,1 Bundesliga,2000,2000/2001
Hamburger SV,Tomas Ujfalusi,22,Centre-Back,Sigma Olomouc,£1.35m,in,Winter,1.35,1 Bundesliga,2000,2000/2001
Hamburger SV,Erik Meijer,31,Centre-Forward,Liverpool,Free transfer,in,Winter,0,1 Bundesliga,2000,2000/2001
Hamburger SV,Christof Babatz,26,Defensive Midfield,1.FSV Mainz 05,£45Th.,out,Winter,0.045,1 Bundesliga,2000,2000/2001
Hamburger SV,Jacek Dembiński,31,Right Winger,Widzew Lodz,Free transfer,out,Winter,0,1 Bundesliga,2000,2000/2001
Hamburger SV,Harald Spörl,34,Right Midfield,LR Ahlen,Free transfer,out,Winter,0,1 Bundesliga,2000,2000/2001
Hamburger SV,Karsten Bäron,27,Centre-Forward,Retired,-,out,Winter,0,1 Bundesliga,2000,2000/2001
SC Freiburg,Vladimir But,23,Attacking Midfield,Bor. Dortmund,£450Th.,in,Winter,0.45,1 Bundesliga,2000,2000/2001
SC Freiburg,Ibrahim Tanko,23,Second Striker,Bor. Dortmund,Free transfer,in,Winter,0,1 Bundesliga,2000,2000/2001
SC Freiburg,Giorgi Kiknadze,24,Defensive Midfield,Torpedo Kutaisi,£45Th.,in,Winter,0.045,1 Bundesliga,2000,2000/2001
SC Freiburg,Mehdi Ben Slimane,26,Right Winger,Bor. M'gladbach,"End of loanDec 1, 2000",in,Winter,0,1 Bundesliga,2000,2000/2001
SC Freiburg,Mehdi Ben Slimane,27,Right Winger,Al-Nassr,Loan,out,Winter,0,1 Bundesliga,2000,2000/2001
SpVgg Unterhaching,Martin Cizek,26,Left Midfield,1860 Munich,£702Th.,in,Winter,0.702,1 Bundesliga,2000,2000/2001
SpVgg Unterhaching,Dzoni Novak,31,Left Midfield,CS Sedan,£225Th.,in,Winter,0.225,1 Bundesliga,2000,2000/2001
SpVgg Unterhaching,Abdelaziz Ahanfouf,22,Centre-Forward,Hansa Rostock,£113Th.,in,Winter,0.113,1 Bundesliga,2000,2000/2001
1. FC Köln,Andrew Sinkala,21,Centre-Back,FC Bayern II,£68Th.,in,Winter,0.068,1 Bundesliga,2000,2000/2001
1. FC Köln,Ivan Vukomanovic,23,Defensive Midfield,Red Star,Free transfer,out,Winter,0,1 Bundesliga,2000,2000/2001
1. FC Köln,Michael Rösele,26,Right Midfield,LR Ahlen,?,out,Winter,NA,1 Bundesliga,2000,2000/2001
VfB Stuttgart,Adhemar,28,Centre-Forward,São Caetano,£1.53m,in,Winter,1.53,1 Bundesliga,2000,2000/2001
VfB Stuttgart,Rui Marques,23,Centre-Back,Hertha BSC,Loan,in,Winter,0,1 Bundesliga,2000,2000/2001
VfB Stuttgart,Thomas Ernst,33,Goalkeeper,VfL Bochum,£45Th.,in,Winter,0.045,1 Bundesliga,2000,2000/2001
VfB Stuttgart,Giannis Amanatidis,19,Centre-Forward,Greuther Fürth,Loan,out,Winter,0,1 Bundesliga,2000,2000/2001
VfB Stuttgart,Pavel Kuka,32,Centre-Forward,Slavia Prague,Free transfer,out,Winter,0,1 Bundesliga,2000,2000/2001
VfB Stuttgart,Thomas Berthold,36,Centre-Back,Adanaspor,?,out,Winter,NA,1 Bundesliga,2000,2000/2001
SV Werder Bremen,Dong-gook Lee,21,Centre-Forward,Pohang Steelers,Loan fee:£90Th.,in,Winter,0.09,1 Bundesliga,2000,2000/2001
SV Werder Bremen,Raphael Wicky,23,Defensive Midfield,Atlético Madrid,£900Th.,out,Winter,0.9,1 Bundesliga,2000,2000/2001
SV Werder Bremen,Jacek Chanko,26,Defender,Pogon Szczecin,£360Th.,out,Winter,0.36,1 Bundesliga,2000,2000/2001
SV Werder Bremen,Dirk Flock,28,Right Midfield,Arm. Bielefeld,£207Th.,out,Winter,0.207,1 Bundesliga,2000,2000/2001
SV Werder Bremen,Lodewijk Roembiak,31,Defensive Midfield,Waldh. Mannheim,Loan,out,Winter,0,1 Bundesliga,2000,2000/2001
SV Werder Bremen,Thiago,25,Centre-Back,Sport Recife,?,out,Winter,NA,1 Bundesliga,2000,2000/2001
Eintracht Frankfurt,Tommy Berntsen,27,Centre-Back,Lillestrøm SK,£1.69m,in,Winter,1.69,1 Bundesliga,2000,2000/2001
Eintracht Frankfurt,Pawel Kryszalowicz,26,Centre-Forward,Amica Wronki,£1.26m,in,Winter,1.26,1 Bundesliga,2000,2000/2001
Eintracht Frankfurt,Karel Rada,29,Centre-Back,Slavia Prague,£630Th.,in,Winter,0.63,1 Bundesliga,2000,2000/2001
Eintracht Frankfurt,Serge Branco,20,Right-Back,E. Braunschweig,£225Th.,in,Winter,0.225,1 Bundesliga,2000,2000/2001
Eintracht Frankfurt,Andreas Menger,28,Goalkeeper,MSV Duisburg,Free transfer,in,Winter,0,1 Bundesliga,2000,2000/2001
Eintracht Frankfurt,Bachirou Salou,30,Centre-Forward,Hansa Rostock,Loan fee:£162Th.,out,Winter,0.162,1 Bundesliga,2000,2000/2001
Eintracht Frankfurt,Erol Bulut,25,Left-Back,Adanaspor,Loan fee:£113Th.,out,Winter,0.113,1 Bundesliga,2000,2000/2001
Eintracht Frankfurt,Alexander Rosen,21,Defensive Midfield,VfL Osnabrück,Loan,out,Winter,0,1 Bundesliga,2000,2000/2001
Eintracht Frankfurt,Petar Hubchev,36,Sweeper,E. Frankfurt II,-,out,Winter,0,1 Bundesliga,2000,2000/2001
Eintracht Frankfurt,Thomas Zampach,31,Right Midfield,E. Frankfurt II,-,out,Winter,0,1 Bundesliga,2000,2000/2001
FC Hansa Rostock,Bachirou Salou,30,Centre-Forward,E. Frankfurt,Loan fee:£162Th.,in,Winter,0.162,1 Bundesliga,2000,2000/2001
FC Hansa Rostock,Abdelaziz Ahanfouf,22,Centre-Forward,Unterhaching,£113Th.,out,Winter,0.113,1 Bundesliga,2000,2000/2001
VfL Wolfsburg,Stefan Schnoor,29,Centre-Back,Derby,Free transfer,in,Winter,0,1 Bundesliga,2000,2000/2001
VfL Wolfsburg,Brian O'Neil,28,Centre-Back,Derby,£675Th.,out,Winter,0.675,1 Bundesliga,2000,2000/2001
VfL Bochum,Sören Colding,28,Right-Back,Bröndby IF,£900Th.,in,Winter,0.9,1 Bundesliga,2000,2000/2001
VfL Bochum,Thomas Christiansen,27,Centre-Forward,Herfölge BK,£113Th.,in,Winter,0.113,1 Bundesliga,2000,2000/2001
VfL Bochum,Achim Weber,31,Centre-Forward,RW Oberhausen,£450Th.,out,Winter,0.45,1 Bundesliga,2000,2000/2001
VfL Bochum,René Müller,26,Centre-Forward,RW Oberhausen,Free transfer,out,Winter,0,1 Bundesliga,2000,2000/2001
VfL Bochum,Thomas Ernst,33,Goalkeeper,VfB Stuttgart,£45Th.,out,Winter,0.045,1 Bundesliga,2000,2000/2001
Hertha BSC,Bryan Roy,30,Left Winger,NAC Breda,Free transfer,out,Winter,0,1 Bundesliga,2000,2000/2001
Hertha BSC,Rui Marques,23,Centre-Back,VfB Stuttgart,Loan,out,Winter,0,1 Bundesliga,2000,2000/2001
FC Energie Cottbus,Hamid Termina,23,Midfielder,Wydad AC,Free transfer,in,Winter,0,1 Bundesliga,2000,2000/2001
FC Energie Cottbus,Mohamed Lakhouil,25,Forward,Wydad AC,?,in,Winter,NA,1 Bundesliga,2000,2000/2001
FC Energie Cottbus,Ferenc Horváth,27,Centre-Forward,M. Tel Aviv,£405Th.,out,Winter,0.405,1 Bundesliga,2000,2000/2001
FC Energie Cottbus,Kevin McKenna,21,Centre-Back,Heart of Midl.,£225Th.,out,Winter,0.225,1 Bundesliga,2000,2000/2001
FC Energie Cottbus,Toralf Konetzke,28,Forward,FC St. Pauli,Free transfer,out,Winter,0,1 Bundesliga,2000,2000/2001
FC Energie Cottbus,Sabin Ilie,25,Centre-Forward,Dinamo Bucarest,Free transfer,out,Winter,0,1 Bundesliga,2000,2000/2001
FC Energie Cottbus,Patryk Rachwal,19,Defensive Midfield,Sachsen Leipzig,Loan,out,Winter,0,1 Bundesliga,2000,2000/2001
