club_name,player_name,age,position,club_involved_name,fee,transfer_movement,fee_cleaned,league_name,year,season
CSKA Moscow,Vágner Love,20,Centre-Forward,Palmeiras,£5.58m,in,5.58,Premier Liga,2004,2004/2005
CSKA Moscow,Dudu Cearense,21,Central Midfield,Kashiwa Reysol,£3.15m,in,3.15,Premier Liga,2004,2004/2005
CSKA Moscow,Milos Krasic,19,Central Midfield,Vojvodina,£2.03m,in,2.03,Premier Liga,2004,2004/2005
CSKA Moscow,Serghei Dadu,23,Centre-Forward,Spartak V-kavkaz,£450k,in,0.45,Premier Liga,2004,2004/2005
CSKA Moscow,Spartak Gogniev,23,Centre-Forward,Rotor Volgograd,"End of loanDec 31, 2004",in,0,Premier Liga,2004,2004/2005
CSKA Moscow,Igor Piyuk,22,Centre-Forward,Fakel Voronezh,"End of loanDec 31, 2004",in,0,Premier Liga,2004,2004/2005
CSKA Moscow,Aleksandr Salugin,16,Centre-Forward,CSKA Moscow II,-,in,0,Premier Liga,2004,2004/2005
CSKA Moscow,Aleksandr Antipenko,22,Centre-Forward,Tom Tomsk,"End of loanDec 1, 2004",in,0,Premier Liga,2004,2004/2005
CSKA Moscow,Sergey Pravosud,18,Centre-Forward,CSKA Moscow II,-,in,0,Premier Liga,2004,2004/2005
CSKA Moscow,Alan Kusov,23,Central Midfield,Spartak V-kavkaz,"End of loanDec 1, 2004",in,0,Premier Liga,2004,2004/2005
CSKA Moscow,Sergey Samodin,19,Centre-Forward,CSKA Moscow II,-,in,0,Premier Liga,2004,2004/2005
CSKA Moscow,Jiri Jarosik,27,Centre-Back,Chelsea,£10.80m,out,10.8,Premier Liga,2004,2004/2005
CSKA Moscow,Sergey Semak,28,Central Midfield,Paris SG,£2.25m,out,2.25,Premier Liga,2004,2004/2005
CSKA Moscow,Dmitri Kirichenko,27,Centre-Forward,FK Moskau,£720k,out,0.72,Premier Liga,2004,2004/2005
CSKA Moscow,Artur Tlisov,22,Central Midfield,Kuban Krasnodar,£180k,out,0.18,Premier Liga,2004,2004/2005
CSKA Moscow,Aleksandr Geynrikh,20,Centre-Forward,Pakhtakor,Free Transfer,out,0,Premier Liga,2004,2004/2005
CSKA Moscow,Denis Popov,25,Centre-Forward,Kuban Krasnodar,Free Transfer,out,0,Premier Liga,2004,2004/2005
CSKA Moscow,Aleksandr Antipenko,22,Centre-Forward,Khimki,Loan,out,0,Premier Liga,2004,2004/2005
CSKA Moscow,Spartak Gogniev,23,Centre-Forward,Rotor Volgograd,Loan,out,0,Premier Liga,2004,2004/2005
CSKA Moscow,Spartak Gogniev,23,Centre-Forward,Spartak V-kavkaz,Loan,out,0,Premier Liga,2004,2004/2005
CSKA Moscow,Igor Piyuk,22,Centre-Forward,KamAZ,?,out,NA,Premier Liga,2004,2004/2005
CSKA Moscow,Osmar Ferreyra,21,Attacking Midfield,PSV Eindhoven,Loan,out,0,Premier Liga,2004,2004/2005
CSKA Moscow,Serghei Dadu,23,Centre-Forward,Spartak V-kavkaz,Loan,out,0,Premier Liga,2004,2004/2005
Spartak Moscow,Fernando Cavenaghi,20,Centre-Forward,River Plate,£7.74m,in,7.74,Premier Liga,2004,2004/2005
Spartak Moscow,Nemanja Vidic‎,22,Centre-Back,Red Star,£4.01m,in,4.01,Premier Liga,2004,2004/2005
Spartak Moscow,Clemente Rodríguez,23,Left-Back,Boca Juniors,£3.60m,in,3.6,Premier Liga,2004,2004/2005
Spartak Moscow,Radoslav Kovac,25,Centre-Back,Sparta Praha,£3.60m,in,3.6,Premier Liga,2004,2004/2005
Spartak Moscow,Martin Jiranek,25,Centre-Back,Reggina,£2.97m,in,2.97,Premier Liga,2004,2004/2005
Spartak Moscow,Serghei Covalciuc,22,Central Midfield,Karpaty,£1.62m,in,1.62,Premier Liga,2004,2004/2005
Spartak Moscow,Andrejs Rubins,26,Left Winger,Shinnik,£900k,in,0.9,Premier Liga,2004,2004/2005
Spartak Moscow,Dmitri Alenichev,31,Central Midfield,FC Porto,£900k,in,0.9,Premier Liga,2004,2004/2005
Spartak Moscow,Emanuel Pogatetz,22,Centre-Back,Grazer AK,Loan fee:£270k,in,0.27,Premier Liga,2004,2004/2005
Spartak Moscow,Dmitri Khomich,20,Goalkeeper,Spartak V-kavkaz,£225k,in,0.225,Premier Liga,2004,2004/2005
Spartak Moscow,Nikita Bazhenov,19,Centre-Forward,Saturn,Free Transfer,in,0,Premier Liga,2004,2004/2005
Spartak Moscow,Denis Boyarintsev,26,Right Midfield,Rubin Kazan,Free Transfer,in,0,Premier Liga,2004,2004/2005
Spartak Moscow,Serghei Covalciuc,22,Central Midfield,Karpaty,Loan,in,0,Premier Liga,2004,2004/2005
Spartak Moscow,Andrezinho,22,Attacking Midfield,Fluminense,?,in,NA,Premier Liga,2004,2004/2005
Spartak Moscow,Egor Titov,28,Attacking Midfield,Ban,?,in,NA,Premier Liga,2004,2004/2005
Spartak Moscow,Ignas Dedura,26,Centre-Back,Skonto Riga,?,in,NA,Premier Liga,2004,2004/2005
Spartak Moscow,Roman Vasilyuk,26,Centre-Forward,Dynamo Brest,"End of loanDec 31, 2004",in,0,Premier Liga,2004,2004/2005
Spartak Moscow,Roman Shishkin,17,Right-Back,Spartak II,-,in,0,Premier Liga,2004,2004/2005
Spartak Moscow,Artem Kontsevoj,21,Centre-Forward,Chernomorets N.,"End of loanDec 31, 2004",in,0,Premier Liga,2004,2004/2005
Spartak Moscow,Aleksey Zuev,23,Goalkeeper,Spartak II,-,in,0,Premier Liga,2004,2004/2005
Spartak Moscow,Pavel Pogrebnyak,21,Centre-Forward,Khimki,"End of loanDec 31, 2004",in,0,Premier Liga,2004,2004/2005
Spartak Moscow,Aleksandr Danishevski,20,Centre-Forward,Khimki,£720k,out,0.72,Premier Liga,2004,2004/2005
Spartak Moscow,Valeri Abramidze,24,Centre-Back,Khimki,£450k,out,0.45,Premier Liga,2004,2004/2005
Spartak Moscow,Pavel Pogrebnyak,21,Centre-Forward,Shinnik,Loan fee:£180k,out,0.18,Premier Liga,2004,2004/2005
Spartak Moscow,Srdjan Stanic,22,Attacking Midfield,Khimki,Free Transfer,out,0,Premier Liga,2004,2004/2005
Spartak Moscow,Goran Trobok,30,Defensive Midfield,SH Shenhua,Free Transfer,out,0,Premier Liga,2004,2004/2005
Spartak Moscow,Marcelo Sosa,26,Defensive Midfield,Atlético Madrid,Free Transfer,out,0,Premier Liga,2004,2004/2005
Spartak Moscow,Ibra Kébé,26,Left-Back,Spartak V-kavkaz,Free Transfer,out,0,Premier Liga,2004,2004/2005
Spartak Moscow,Dusan Petkovic,30,Centre-Back,OFK Beograd,Free Transfer,out,0,Premier Liga,2004,2004/2005
Spartak Moscow,Georgi Lomaia,24,Goalkeeper,Khimki,?,out,NA,Premier Liga,2004,2004/2005
Spartak Moscow,Gabriel Tamas,21,Centre-Back,Dinamo Bukarest,Loan,out,0,Premier Liga,2004,2004/2005
Spartak Moscow,Roman Vasilyuk,26,Centre-Forward,Hapoel Tel Aviv,Loan,out,0,Premier Liga,2004,2004/2005
Spartak Moscow,Ales Urbanek,24,Left-Back,Sparta Praha,Loan,out,0,Premier Liga,2004,2004/2005
Spartak Moscow,Luc Zoa,25,Centre-Back,Anzhi,Loan,out,0,Premier Liga,2004,2004/2005
Spartak Moscow,Pavel Pogrebnyak,20,Centre-Forward,Khimki,Loan,out,0,Premier Liga,2004,2004/2005
Spartak Moscow,Artem Kontsevoj,21,Centre-Forward,MTZ-Ripo Minsk,?,out,NA,Premier Liga,2004,2004/2005
Spartak Moscow,Pavel Krylov,17,Centre-Back,Shinnik II,-,out,0,Premier Liga,2004,2004/2005
Spartak Moscow,Serghei Covalciuc,22,Central Midfield,Karpaty,"End of loanDec 31, 2004",out,0,Premier Liga,2004,2004/2005
Spartak Moscow,Emanuel Pogatetz,22,Centre-Back,Grazer AK,"End of loanMay 31, 2005",out,0,Premier Liga,2004,2004/2005
Spartak Moscow,Igor Mitreski,26,Centre-Back,Without Club,-,out,0,Premier Liga,2004,2004/2005
Lokomotiv Moscow,Francisco Lima,33,Defensive Midfield,AS Roma,£5.13m,in,5.13,Premier Liga,2004,2004/2005
Lokomotiv Moscow,Aleksey Bugaev,23,Centre-Back,Torpedo Moscow,£1.80m,in,1.8,Premier Liga,2004,2004/2005
Lokomotiv Moscow,Sergey Omeljanchuk,24,Centre-Back,Arsenal Kyiv,£585k,in,0.585,Premier Liga,2004,2004/2005
Lokomotiv Moscow,Aleksey Polyakov,30,Goalkeeper,KS Samara,Free Transfer,in,0,Premier Liga,2004,2004/2005
Lokomotiv Moscow,Igor Lebedenko,21,Right Winger,Torpedo Moscow,Free Transfer,in,0,Premier Liga,2004,2004/2005
Lokomotiv Moscow,Mindaugas Panka,20,Defensive Midfield,FC Vilnius,Loan,in,0,Premier Liga,2004,2004/2005
Lokomotiv Moscow,Milan Jovanovic,23,Left Winger,Shakhtar D.,?,in,NA,Premier Liga,2004,2004/2005
Lokomotiv Moscow,Maksim Buznikin,27,Centre-Forward,Rotor Volgograd,"End of loanDec 1, 2004",in,0,Premier Liga,2004,2004/2005
Lokomotiv Moscow,Milan Obradovic,26,Centre-Back,Bor. M'gladbach,"End of loanJun 30, 2004",in,0,Premier Liga,2004,2004/2005
Lokomotiv Moscow,Jorge Wagner,26,Left Winger,Internacional,£450k,out,0.45,Premier Liga,2004,2004/2005
Lokomotiv Moscow,Ruslan Pimenov,23,Centre-Forward,FC Metz,Loan fee:£225k,out,0.225,Premier Liga,2004,2004/2005
Lokomotiv Moscow,Jacob Lekgetho,30,Left-Back,M. Swallows,Free Transfer,out,0,Premier Liga,2004,2004/2005
Lokomotiv Moscow,James Obiorah,26,Centre-Forward,FC Niort,Loan,out,0,Premier Liga,2004,2004/2005
Lokomotiv Moscow,Deividas Cesnauskis,23,Right-Back,FBK Kaunas,Free Transfer,out,0,Premier Liga,2004,2004/2005
Lokomotiv Moscow,Milan Obradovic,26,Centre-Back,FK Zvezdara,Free Transfer,out,0,Premier Liga,2004,2004/2005
Lokomotiv Moscow,Gennadi Nizhegorodov,27,Centre-Back,Terek Grozny,Free Transfer,out,0,Premier Liga,2004,2004/2005
Lokomotiv Moscow,Denis Evsikov,23,Left-Back,Terek Grozny,?,out,NA,Premier Liga,2004,2004/2005
Lokomotiv Moscow,Ruslan Nigmatullin,30,Goalkeeper,Terek Grozny,?,out,NA,Premier Liga,2004,2004/2005
Lokomotiv Moscow,Maksim Buznikin,27,Centre-Forward,Rotor Volgograd,Loan,out,0,Premier Liga,2004,2004/2005
Lokomotiv Moscow,Mindaugas Panka,20,Defensive Midfield,FC Vilnius,"End of loanDec 31, 2004",out,0,Premier Liga,2004,2004/2005
Lokomotiv Moscow,Andrey Golovkov,21,Right Midfield,Retired,-,out,0,Premier Liga,2004,2004/2005
Rubin Kazan,Damani Ralph,24,Centre-Forward,Chicago Fire,£1.35m,in,1.35,Premier Liga,2004,2004/2005
Rubin Kazan,Cédric Roussel,26,Centre-Forward,KRC Genk,£990k,in,0.99,Premier Liga,2004,2004/2005
Rubin Kazan,Jörgen Jalland,27,Defensive Midfield,Vålerenga,£450k,in,0.45,Premier Liga,2004,2004/2005
Rubin Kazan,Aleksandrs Kolinko,29,Goalkeeper,Rostov,£180k,in,0.18,Premier Liga,2004,2004/2005
Rubin Kazan,Lasha Salukvadze,23,Centre-Back,Dinamo Tbilisi,£180k,in,0.18,Premier Liga,2004,2004/2005
Rubin Kazan,Vitalijs Astafjevs,33,Defensive Midfield,Admira Wacker,£90k,in,0.09,Premier Liga,2004,2004/2005
Rubin Kazan,Igor Simutenkov,31,Centre-Forward,Wizards,Free Transfer,in,0,Premier Liga,2004,2004/2005
Rubin Kazan,Radosav Bulić,27,Central Midfield,Red Star,Free Transfer,in,0,Premier Liga,2004,2004/2005
Rubin Kazan,Rustem Khuzin,32,Right-Back,Amkar Perm,?,in,NA,Premier Liga,2004,2004/2005
Rubin Kazan,Orestas Buitkus,29,Midfielder,Skonto Riga,?,in,NA,Premier Liga,2004,2004/2005
Rubin Kazan,Pavel Kharchik,25,Goalkeeper,Neftekhimik,?,in,NA,Premier Liga,2004,2004/2005
Rubin Kazan,Aleksey Bakharev,28,Central Midfield,Shakhtar D.,Loan,in,0,Premier Liga,2004,2004/2005
Rubin Kazan,Óscar Díaz,20,Left-Back,Saturn,?,in,NA,Premier Liga,2004,2004/2005
Rubin Kazan,Dmitri Michkov,24,Defensive Midfield,SKA-Energia,"End of loanDec 1, 2004",in,0,Premier Liga,2004,2004/2005
Rubin Kazan,Lenar Gilmullin,19,Left-Back,Rubin Kazan II,-,in,0,Premier Liga,2004,2004/2005
Rubin Kazan,Roni,27,Centre-Forward,KS Samara,"End of loanDec 1, 2004",in,0,Premier Liga,2004,2004/2005
Rubin Kazan,Abdelkarim Kissi,24,Defensive Midfield,Litex Lovetch,Free Transfer,out,0,Premier Liga,2004,2004/2005
Rubin Kazan,Valeri Chizhov,29,Goalkeeper,Saturn,Free Transfer,out,0,Premier Liga,2004,2004/2005
Rubin Kazan,Roman Sharonov,28,Centre-Back,Terek Grozny,Free Transfer,out,0,Premier Liga,2004,2004/2005
Rubin Kazan,Adam Petrous,27,Centre-Back,Austria Vienna,Loan,out,0,Premier Liga,2004,2004/2005
Rubin Kazan,Aloisio Chulapa,29,Centre-Forward,Atlético-PR,Loan,out,0,Premier Liga,2004,2004/2005
Rubin Kazan,Denis Boyarintsev,26,Right Midfield,Spartak Moscow,Free Transfer,out,0,Premier Liga,2004,2004/2005
Rubin Kazan,Roni,27,Centre-Forward,KS Samara,Loan,out,0,Premier Liga,2004,2004/2005
Rubin Kazan,Jiri Novotny,34,Centre-Back,FK Most,Free Transfer,out,0,Premier Liga,2004,2004/2005
Rubin Kazan,Sergey Kozko,29,Goalkeeper,FK Moskau,Free Transfer,out,0,Premier Liga,2004,2004/2005
Rubin Kazan,Richard Dostalek,30,Central Midfield,Slovácko,?,out,NA,Premier Liga,2004,2004/2005
Rubin Kazan,Oleg Nechaev,33,Centre-Forward,Lada Togliatti,?,out,NA,Premier Liga,2004,2004/2005
Rubin Kazan,Cédric Roussel,27,Centre-Forward,Standard Liège,Loan,out,0,Premier Liga,2004,2004/2005
Rubin Kazan,Radosav Bulić,27,Central Midfield,Spartak Nizhniy Novgorod,?,out,NA,Premier Liga,2004,2004/2005
Rubin Kazan,Dmitri Michkov,24,Defensive Midfield,SKA-Energia,Loan,out,0,Premier Liga,2004,2004/2005
Rubin Kazan,Carlos Castro,25,Left-Back,LD Alajuelense,?,out,NA,Premier Liga,2004,2004/2005
Rubin Kazan,Mindaugas Kalonas,20,Attacking Midfield,Metalurgs,?,out,NA,Premier Liga,2004,2004/2005
Rubin Kazan,Sergey Kharlamov,31,Centre-Back,Retired,-,out,0,Premier Liga,2004,2004/2005
FK Moskau,Damian Gorawski,25,Right Winger,Wisla Kraków,£1.62m,in,1.62,Premier Liga,2004,2004/2005
FK Moskau,Dmitri Kirichenko,27,Centre-Forward,CSKA Moscow,£720k,in,0.72,Premier Liga,2004,2004/2005
FK Moskau,Cristian Dorin Tudor,21,Centre-Forward,Sheriff,£630k,in,0.63,Premier Liga,2004,2004/2005
FK Moskau,Yuri Zhevnov,23,Goalkeeper,BATE Borisov,£405k,in,0.405,Premier Liga,2004,2004/2005
FK Moskau,Pompiliu Stoica,28,Left-Back,Steaua Bukarest,£293k,in,0.293,Premier Liga,2004,2004/2005
FK Moskau,Mariusz Jop,25,Centre-Back,Wisla Kraków,£180k,in,0.18,Premier Liga,2004,2004/2005
FK Moskau,Sergey Kozko,29,Goalkeeper,Rubin Kazan,Free Transfer,in,0,Premier Liga,2004,2004/2005
FK Moskau,Stanislav Ivanov,23,Central Midfield,Sheriff,Free Transfer,in,0,Premier Liga,2004,2004/2005
FK Moskau,Oleg Kuzmin,23,Right-Back,Uralan,Free Transfer,in,0,Premier Liga,2004,2004/2005
FK Moskau,Dmitri Godunok,28,Centre-Back,Tom Tomsk,Free Transfer,in,0,Premier Liga,2004,2004/2005
FK Moskau,Stanton Fredericks,26,Attacking Midfield,Kaizer Chiefs,Free Transfer,in,0,Premier Liga,2004,2004/2005
FK Moskau,Petr Marshinskiy,18,Defender,Torpedo Moscow,?,in,NA,Premier Liga,2004,2004/2005
FK Moskau,Vladimir Korytko,25,Attacking Midfield,Spartak V-kavkaz,"End of loanDec 1, 2004",in,0,Premier Liga,2004,2004/2005
FK Moskau,Vedran Celiscak,22,Left-Back,Orel,"End of loanDec 1, 2004",in,0,Premier Liga,2004,2004/2005
FK Moskau,Baba Adamu,24,Centre-Forward,Al-Nasr,"End of loanJun 30, 2004",in,0,Premier Liga,2004,2004/2005
FK Moskau,Vladimirs Kolesnicenko,24,Attacking Midfield,Skonto Riga,"End of loanJun 30, 2004",in,0,Premier Liga,2004,2004/2005
FK Moskau,Narvik Sirkhaev,30,Attacking Midfield,Terek Grozny,£293k,out,0.293,Premier Liga,2004,2004/2005
FK Moskau,Andris Vanins,24,Goalkeeper,Venta Kuldiga,Free Transfer,out,0,Premier Liga,2004,2004/2005
FK Moskau,Sergey Yaskovich,32,Centre-Back,Tom Tomsk,Free Transfer,out,0,Premier Liga,2004,2004/2005
FK Moskau,Amir Karic,31,Left-Back,AEL Limassol,Free Transfer,out,0,Premier Liga,2004,2004/2005
FK Moskau,Munever Rizvic,31,Centre-Back,FK Buducnost,Free Transfer,out,0,Premier Liga,2004,2004/2005
FK Moskau,Cristian Dorin Tudor,22,Centre-Forward,Spartak V-kavkaz,Loan,out,0,Premier Liga,2004,2004/2005
FK Moskau,Vedran Celiscak,22,Left-Back,HSK Posusje,?,out,NA,Premier Liga,2004,2004/2005
FK Moskau,Gustavo Pinto,25,Central Midfield,CS Emelec,?,out,NA,Premier Liga,2004,2004/2005
FK Moskau,Vladimirs Kolesnicenko,24,Attacking Midfield,Venta Kuldiga,Loan,out,0,Premier Liga,2004,2004/2005
FK Moskau,Vladimir Korytko,25,Attacking Midfield,Terek Grozny,?,out,NA,Premier Liga,2004,2004/2005
FK Moskau,Valeri Leonov,24,Right Midfield,Tom Tomsk,Loan,out,0,Premier Liga,2004,2004/2005
FK Moskau,Andrey Ostrovski,30,Centre-Back,Arsenal Kyiv,?,out,NA,Premier Liga,2004,2004/2005
Zenit St. Petersburg,Erik Hagen,29,Centre-Back,Vålerenga,£2.16m,in,2.16,Premier Liga,2004,2004/2005
Zenit St. Petersburg,Dragan Cadikovski,22,Centre-Forward,NK Celje,£720k,in,0.72,Premier Liga,2004,2004/2005
Zenit St. Petersburg,Ivica Krizanac,25,Centre-Back,Grodzisk,£585k,in,0.585,Premier Liga,2004,2004/2005
Zenit St. Petersburg,Jan Flachbart,26,Right-Back,FK Jablonec,£450k,in,0.45,Premier Liga,2004,2004/2005
Zenit St. Petersburg,Martin Skrtel,19,Centre-Back,AS Trencin,£270k,in,0.27,Premier Liga,2004,2004/2005
Zenit St. Petersburg,Oleg Trifonov,23,Left Midfield,Rotor Volgograd,Free Transfer,in,0,Premier Liga,2004,2004/2005
Zenit St. Petersburg,Oleg Kozhanov,17,Second Striker,Zenit II,-,in,0,Premier Liga,2004,2004/2005
Zenit St. Petersburg,Konstantin Konoplev,24,Central Midfield,Torpedo Moscow,"End of loanDec 1, 2004",in,0,Premier Liga,2004,2004/2005
Zenit St. Petersburg,Konstantin Lobov,23,Left-Back,Luch Vladivostok,£180k,out,0.18,Premier Liga,2004,2004/2005
Zenit St. Petersburg,Sergey Ivanov,20,Goalkeeper,Luch Vladivostok,£90k,out,0.09,Premier Liga,2004,2004/2005
Zenit St. Petersburg,Konstantin Konoplev,24,Central Midfield,Volgar-Gazprom,Free Transfer,out,0,Premier Liga,2004,2004/2005
Zenit St. Petersburg,Igor Nedorezov,23,Centre-Back,Luch Vladivostok,Free Transfer,out,0,Premier Liga,2004,2004/2005
Zenit St. Petersburg,Aleksey Katulskiy,27,Centre-Back,Ural,Free Transfer,out,0,Premier Liga,2004,2004/2005
Zenit St. Petersburg,Konstantin Konoplev,24,Central Midfield,Torpedo Moscow,Loan fee:£32k,out,0.032,Premier Liga,2004,2004/2005
Zenit St. Petersburg,Martin Horak,24,Centre-Back,Denizlispor,Loan,out,0,Premier Liga,2004,2004/2005
Zenit St. Petersburg,Daniel Chirita,30,Centre-Back,Stal Alchevsk,?,out,NA,Premier Liga,2004,2004/2005
Zenit St. Petersburg,Valentin Filatov,22,Left-Back,Nosta,Loan,out,0,Premier Liga,2004,2004/2005
Zenit St. Petersburg,Maksim Astafjev,21,Right Winger,Luch Vladivostok,?,out,NA,Premier Liga,2004,2004/2005
Zenit St. Petersburg,Darko Maletic,24,Right Midfield,Shinnik,Loan,out,0,Premier Liga,2004,2004/2005
Zenit St. Petersburg,Marek Kincl,31,Centre-Forward,Rapid Vienna,Loan,out,0,Premier Liga,2004,2004/2005
Zenit St. Petersburg,Dmitri Makarov,22,Centre-Forward,Amkar Perm,Loan,out,0,Premier Liga,2004,2004/2005
Torpedo Moscow,Sergey Korovushkin,26,Centre-Forward,Arsenal Tula,£225k,in,0.225,Premier Liga,2004,2004/2005
Torpedo Moscow,Djordje Jokic,23,Centre-Back,OFK Beograd,£180k,in,0.18,Premier Liga,2004,2004/2005
Torpedo Moscow,Dmitri Komarovski,18,Second Striker,BATE Borisov,Free Transfer,in,0,Premier Liga,2004,2004/2005
Torpedo Moscow,Konstantin Konoplev,24,Central Midfield,Zenit S-Pb,Loan fee:£32k,in,0.032,Premier Liga,2004,2004/2005
Torpedo Moscow,Enar Jääger,20,Centre-Back,FC Flora,?,in,NA,Premier Liga,2004,2004/2005
Torpedo Moscow,Evgeni Lutsenko,17,Centre-Forward,Torpedo II,-,in,0,Premier Liga,2004,2004/2005
Torpedo Moscow,Andrey Panferov,24,Left Winger,Torpedo II,-,in,0,Premier Liga,2004,2004/2005
Torpedo Moscow,Leonid Lagun,26,Left Midfield,SKA-Energia,"End of loanDec 1, 2004",in,0,Premier Liga,2004,2004/2005
Torpedo Moscow,Dmitri Rovnejko,24,Centre-Back,Rotor Volgograd,"End of loanDec 31, 2004",in,0,Premier Liga,2004,2004/2005
Torpedo Moscow,Aleksey Bugaev,23,Centre-Back,Loko Moscow,£1.80m,out,1.8,Premier Liga,2004,2004/2005
Torpedo Moscow,Aleksandr Lukhvich,34,Centre-Back,Dinamo Minsk,Free Transfer,out,0,Premier Liga,2004,2004/2005
Torpedo Moscow,Leonid Lagun,26,Left Midfield,Soligorsk,Free Transfer,out,0,Premier Liga,2004,2004/2005
Torpedo Moscow,Igor Lebedenko,21,Right Winger,Loko Moscow,Free Transfer,out,0,Premier Liga,2004,2004/2005
Torpedo Moscow,Dmitri Rovnejko,24,Centre-Back,Rotor Volgograd,Loan,out,0,Premier Liga,2004,2004/2005
Torpedo Moscow,Petr Marshinskiy,18,Defender,FK Moskau,?,out,NA,Premier Liga,2004,2004/2005
Torpedo Moscow,Nikola Virijevic,NA,Forward,Torpedo-SKA,?,out,NA,Premier Liga,2004,2004/2005
Torpedo Moscow,Viktor Bolikhov,21,Attacking Midfield,Anzhi,Loan,out,0,Premier Liga,2004,2004/2005
Torpedo Moscow,Konstantin Konoplev,24,Central Midfield,Zenit S-Pb,"End of loanDec 1, 2004",out,0,Premier Liga,2004,2004/2005
Dinamo Moscow,Derlei,29,Centre-Forward,FC Porto,£6.75m,in,6.75,Premier Liga,2004,2004/2005
Dinamo Moscow,Cícero,18,Centre-Forward,Braga,£3.15m,in,3.15,Premier Liga,2004,2004/2005
Dinamo Moscow,Danny,21,Attacking Midfield,Sporting CP,£2.70m,in,2.7,Premier Liga,2004,2004/2005
Dinamo Moscow,Luís Loureiro,28,Defensive Midfield,Braga,£1.80m,in,1.8,Premier Liga,2004,2004/2005
Dinamo Moscow,Maksim Romashchenko,28,Left Midfield,Trabzonspor,£1.44m,in,1.44,Premier Liga,2004,2004/2005
Dinamo Moscow,Andrejs Prohorenkovs,27,Defensive Midfield,M. Tel Aviv,£900k,in,0.9,Premier Liga,2004,2004/2005
Dinamo Moscow,Sergey Kuznetsov,18,Central Midfield,Luch Vladivostok,£630k,in,0.63,Premier Liga,2004,2004/2005
Dinamo Moscow,Frechaut,27,Right-Back,Boavista,£630k,in,0.63,Premier Liga,2004,2004/2005
Dinamo Moscow,Maksym Levitsky,31,Goalkeeper,Chernomorets N.,£360k,in,0.36,Premier Liga,2004,2004/2005
Dinamo Moscow,Vladimir Beschastnykh,30,Centre-Forward,Kuban Krasnodar,Free Transfer,in,0,Premier Liga,2004,2004/2005
Dinamo Moscow,Jorge Ribeiro,23,Left-Back,Gil Vicente,Free Transfer,in,0,Premier Liga,2004,2004/2005
Dinamo Moscow,German Kutarba,26,Defensive Midfield,Arsenal Kyiv,?,in,NA,Premier Liga,2004,2004/2005
Dinamo Moscow,Oleg Shkabara,21,Defensive Midfield,BATE Borisov,"End of loanDec 31, 2004",in,0,Premier Liga,2004,2004/2005
Dinamo Moscow,Otar Khizaneishvili,23,Centre-Back,SC Freiburg,£720k,out,0.72,Premier Liga,2004,2004/2005
Dinamo Moscow,Erik Korchagin,25,Centre-Forward,Shinnik,£135k,out,0.135,Premier Liga,2004,2004/2005
Dinamo Moscow,Andrey Dyatel,24,Defensive Midfield,Shinnik,£59k,out,0.059,Premier Liga,2004,2004/2005
Dinamo Moscow,Dillon Sheppard,25,Left Midfield,Seven Stars,Free Transfer,out,0,Premier Liga,2004,2004/2005
Dinamo Moscow,Martin Hysky,28,Centre-Back,Energie Cottbus,Free Transfer,out,0,Premier Liga,2004,2004/2005
Dinamo Moscow,Stanislav Vlcek,28,Right Winger,Slavia Prag,Free Transfer,out,0,Premier Liga,2004,2004/2005
Dinamo Moscow,Andrejs Prohorenkovs,27,Defensive Midfield,M. Tel Aviv,Free Transfer,out,0,Premier Liga,2004,2004/2005
Dinamo Moscow,Andrey Demkin,28,Centre-Forward,Tom Tomsk,Free Transfer,out,0,Premier Liga,2004,2004/2005
Dinamo Moscow,Alberto,29,Centre-Forward,Corinthians,?,out,NA,Premier Liga,2004,2004/2005
Dinamo Moscow,Vidak Bratic,28,Centre-Back,Red Star,?,out,NA,Premier Liga,2004,2004/2005
Dinamo Moscow,Tomas Tamosauskas,21,Central Midfield,FBK Kaunas,?,out,NA,Premier Liga,2004,2004/2005
Dinamo Moscow,Martin Zboncak,28,Left-Back,Slavia Prag,?,out,NA,Premier Liga,2004,2004/2005
Dinamo Moscow,Erich Brabec,27,Centre-Back,Spartak V-kavkaz,?,out,NA,Premier Liga,2004,2004/2005
Shinnik Yaroslavl,Pavel Pogrebnyak,21,Centre-Forward,Spartak Moscow,Loan fee:£180k,in,0.18,Premier Liga,2004,2004/2005
Shinnik Yaroslavl,Erik Korchagin,25,Centre-Forward,Dinamo Moscow,£135k,in,0.135,Premier Liga,2004,2004/2005
Shinnik Yaroslavl,Andrey Dyatel,24,Defensive Midfield,Dinamo Moscow,£59k,in,0.059,Premier Liga,2004,2004/2005
Shinnik Yaroslavl,Mykhailo Starostiak,30,Right-Back,Shakhtar D.,Free Transfer,in,0,Premier Liga,2004,2004/2005
Shinnik Yaroslavl,Sergei Terehhov,29,Left Midfield,FC Haka,Free Transfer,in,0,Premier Liga,2004,2004/2005
Shinnik Yaroslavl,Serge Branco,24,Right-Back,QPR,Free Transfer,in,0,Premier Liga,2004,2004/2005
Shinnik Yaroslavl,Oleg Kornaukhov,29,Left-Back,Kuban Krasnodar,Free Transfer,in,0,Premier Liga,2004,2004/2005
Shinnik Yaroslavl,André Bikey,19,Centre-Back,Desportivo Aves,?,in,NA,Premier Liga,2004,2004/2005
Shinnik Yaroslavl,Evgeni Karev,18,Left-Back,Chertanovo,?,in,NA,Premier Liga,2004,2004/2005
Shinnik Yaroslavl,Yuri Solntsev,24,Defensive Midfield,Lada Togliatti,?,in,NA,Premier Liga,2004,2004/2005
Shinnik Yaroslavl,Darko Maletic,24,Right Midfield,Zenit S-Pb,Loan,in,0,Premier Liga,2004,2004/2005
Shinnik Yaroslavl,Platon Zakharchuk,32,Goalkeeper,Sokol Saratov,?,in,NA,Premier Liga,2004,2004/2005
Shinnik Yaroslavl,Sergey Gello,18,Centre-Back,Slavia,?,in,NA,Premier Liga,2004,2004/2005
Shinnik Yaroslavl,Artem Zasyadvovk,21,Midfielder,Shinnik II,-,in,0,Premier Liga,2004,2004/2005
Shinnik Yaroslavl,Egor Shevchenko,26,Attacking Midfield,Mordovia,"End of loanDec 1, 2004",in,0,Premier Liga,2004,2004/2005
Shinnik Yaroslavl,Victor Karpenko,27,Right Midfield,Sokol Saratov,"End of loanDec 1, 2004",in,0,Premier Liga,2004,2004/2005
Shinnik Yaroslavl,Dmitri Vasiljev,19,Left Winger,Shinnik II,-,in,0,Premier Liga,2004,2004/2005
Shinnik Yaroslavl,Evgeni Losev,25,Centre-Forward,Orel,"End of loanDec 1, 2004",in,0,Premier Liga,2004,2004/2005
Shinnik Yaroslavl,Sergey Sokolov,24,Centre-Back,Mordovia,"End of loanDec 1, 2004",in,0,Premier Liga,2004,2004/2005
Shinnik Yaroslavl,Viktor Myagkov,19,Attacking Midfield,Shinnik II,-,in,0,Premier Liga,2004,2004/2005
Shinnik Yaroslavl,Andrejs Rubins,26,Left Winger,Spartak Moscow,£900k,out,0.9,Premier Liga,2004,2004/2005
Shinnik Yaroslavl,Aleksandr Shirko,28,Centre-Forward,Terek Grozny,£180k,out,0.18,Premier Liga,2004,2004/2005
Shinnik Yaroslavl,Evgen Lutsenko,24,Attacking Midfield,Chornomorets,£90k,out,0.09,Premier Liga,2004,2004/2005
Shinnik Yaroslavl,Girts Karlsons,23,Centre-Forward,Venta Kuldiga,Free Transfer,out,0,Premier Liga,2004,2004/2005
Shinnik Yaroslavl,Aleksandr Malyshev,24,Goalkeeper,Ural,Loan fee:£27k,out,0.027,Premier Liga,2004,2004/2005
Shinnik Yaroslavl,Anton Arkhipov,19,Centre-Forward,Saturn II,?,out,NA,Premier Liga,2004,2004/2005
Shinnik Yaroslavl,Sergey Sokolov,24,Centre-Back,FK Riga,?,out,NA,Premier Liga,2004,2004/2005
Shinnik Yaroslavl,Yuri Solntsev,24,Defensive Midfield,Nosta,?,out,NA,Premier Liga,2004,2004/2005
Shinnik Yaroslavl,Gélson,25,Centre-Forward,Coritiba FC,?,out,NA,Premier Liga,2004,2004/2005
Shinnik Yaroslavl,Victor Karpenko,27,Right Midfield,Kairat Almaty,?,out,NA,Premier Liga,2004,2004/2005
Shinnik Yaroslavl,Radostin Stanev,28,Goalkeeper,FC National,?,out,NA,Premier Liga,2004,2004/2005
Shinnik Yaroslavl,Sergey Grishin,31,Right Midfield,Terek Grozny,?,out,NA,Premier Liga,2004,2004/2005
Shinnik Yaroslavl,Victor Karpenko,26,Right Midfield,Sokol Saratov,Loan,out,0,Premier Liga,2004,2004/2005
Shinnik Yaroslavl,Rakhmatullo Fuzailov,26,Right-Back,Spartak V-kavkaz,?,out,NA,Premier Liga,2004,2004/2005
Shinnik Yaroslavl,Evgeni Losev,25,Centre-Forward,Ural,?,out,NA,Premier Liga,2004,2004/2005
Shinnik Yaroslavl,Viacheslav Shevchuk,25,Left-Back,Dnipro,?,out,NA,Premier Liga,2004,2004/2005
Shinnik Yaroslavl,Martin Kushev,30,Centre-Forward,Litex Lovetch,?,out,NA,Premier Liga,2004,2004/2005
Shinnik Yaroslavl,Aleksandr Guteev,37,Goalkeeper,Career break,-,out,0,Premier Liga,2004,2004/2005
Shinnik Yaroslavl,Vyacheslav Daev,32,Centre-Back,Retired,-,out,0,Premier Liga,2004,2004/2005
Shinnik Yaroslavl,Valeri Kechinov,30,Second Striker,Retired,-,out,0,Premier Liga,2004,2004/2005
Shinnik Yaroslavl,Aleksey Suchkov,23,Left Midfield,Karpaty,"End of loanJun 30, 2004",out,0,Premier Liga,2004,2004/2005
Tom Tomsk,Ilia Blyznyuk,31,Goalkeeper,Rostov,Free Transfer,in,0,Premier Liga,2004,2004/2005
Tom Tomsk,Konstantin Skrylnikov,25,Left Midfield,Rotor Volgograd,Free Transfer,in,0,Premier Liga,2004,2004/2005
Tom Tomsk,Sergei Pareiko,27,Goalkeeper,Rotor Volgograd,Free Transfer,in,0,Premier Liga,2004,2004/2005
Tom Tomsk,Sergey Yaskovich,32,Centre-Back,FK Moskau,Free Transfer,in,0,Premier Liga,2004,2004/2005
Tom Tomsk,Andrey Demkin,28,Centre-Forward,Dinamo Moscow,Free Transfer,in,0,Premier Liga,2004,2004/2005
Tom Tomsk,Pavel Mogilevskiy,24,Right-Back,Rotor Volgograd,Free Transfer,in,0,Premier Liga,2004,2004/2005
Tom Tomsk,Albert Borzenkov,31,Centre-Back,Sokol Saratov,Free Transfer,in,0,Premier Liga,2004,2004/2005
Tom Tomsk,Pavel Dyakonov,31,Goalkeeper,Uralan,?,in,NA,Premier Liga,2004,2004/2005
Tom Tomsk,Valeri Klimov,30,Right Winger,Arsenal Tula,?,in,NA,Premier Liga,2004,2004/2005
Tom Tomsk,Valeri Leonov,24,Right Midfield,FK Moskau,Loan,in,0,Premier Liga,2004,2004/2005
Tom Tomsk,Sergey Losev,20,Goalkeeper,Zenit II,?,in,NA,Premier Liga,2004,2004/2005
Tom Tomsk,Jevgeni Novikov,24,Defensive Midfield,Zirka,?,in,NA,Premier Liga,2004,2004/2005
Tom Tomsk,Aleksandr Shvetsov,24,Defensive Midfield,Khimki,?,in,NA,Premier Liga,2004,2004/2005
Tom Tomsk,Mikhail Vanev,22,Defensive Midfield,Unknown,?,in,NA,Premier Liga,2004,2004/2005
Tom Tomsk,Aleksey Medvedev,27,Centre-Forward,Saturn,Loan,in,0,Premier Liga,2004,2004/2005
Tom Tomsk,Valeriu Catinsus,26,Centre-Back,Arsenal Tula,?,in,NA,Premier Liga,2004,2004/2005
Tom Tomsk,Vladimir Mazov,23,Defensive Midfield,Arsenal Tula,?,in,NA,Premier Liga,2004,2004/2005
Tom Tomsk,Viktor Isaychenko,28,Centre-Back,Metall-Kuzbass,"End of loanDec 1, 2004",in,0,Premier Liga,2004,2004/2005
Tom Tomsk,Stanislav Kuznetsov,17,Midfielder,Tom Tomsk U19,-,in,0,Premier Liga,2004,2004/2005
Tom Tomsk,Aleksandr Russkikh,21,Central Midfield,Tom Tomsk II,-,in,0,Premier Liga,2004,2004/2005
Tom Tomsk,Andrey Silyutin,28,Central Midfield,Aktobe,Free Transfer,out,0,Premier Liga,2004,2004/2005
Tom Tomsk,Dmitri Godunok,28,Centre-Back,FK Moskau,Free Transfer,out,0,Premier Liga,2004,2004/2005
Tom Tomsk,Aleksandr Surovtsev,32,Goalkeeper,Sodovik,Free Transfer,out,0,Premier Liga,2004,2004/2005
Tom Tomsk,Evgeni Savin,20,Centre-Forward,Anzhi,Free Transfer,out,0,Premier Liga,2004,2004/2005
Tom Tomsk,Aleksey Vereshchak,28,Central Midfield,Metall-Kuzbass,?,out,NA,Premier Liga,2004,2004/2005
Tom Tomsk,Aleksey Belkin,23,Goalkeeper,Orel,?,out,NA,Premier Liga,2004,2004/2005
Tom Tomsk,Viktor Isaychenko,28,Centre-Back,Spartak Nizhniy Novgorod,?,out,NA,Premier Liga,2004,2004/2005
Tom Tomsk,Sergey Perednya,32,Centre-Forward,Lukoil,?,out,NA,Premier Liga,2004,2004/2005
Tom Tomsk,Aleksey Kozlov,29,Centre-Back,Anzhi,?,out,NA,Premier Liga,2004,2004/2005
Tom Tomsk,Vyacheslav Vishnevskiy,26,Right Winger,Anzhi,?,out,NA,Premier Liga,2004,2004/2005
Tom Tomsk,Viktor Isaychenko,28,Centre-Back,Metall-Kuzbass,Loan,out,0,Premier Liga,2004,2004/2005
Tom Tomsk,Sergey Losev,21,Goalkeeper,Kuban Krasnodar,?,out,NA,Premier Liga,2004,2004/2005
Tom Tomsk,Aleksandr Kharitonov,21,Left Midfield,Saturn,?,out,NA,Premier Liga,2004,2004/2005
Tom Tomsk,Aleksandr Studzinskiy,27,Centre-Forward,Kuban Krasnodar,?,out,NA,Premier Liga,2004,2004/2005
Tom Tomsk,Aleksandr Antipenko,22,Centre-Forward,CSKA Moscow,"End of loanDec 1, 2004",out,0,Premier Liga,2004,2004/2005
Saturn Ramenskoe,Antonio Barijho,27,Centre-Forward,Boca Juniors,£1.35m,in,1.35,Premier Liga,2004,2004/2005
Saturn Ramenskoe,Freddy Bareiro,22,Centre-Forward,Libertad,£1.08m,in,1.08,Premier Liga,2004,2004/2005
Saturn Ramenskoe,Valeri Esipov,33,Right Winger,Rotor Volgograd,Free Transfer,in,0,Premier Liga,2004,2004/2005
Saturn Ramenskoe,Roman Shirokov,23,Central Midfield,Istra,Free Transfer,in,0,Premier Liga,2004,2004/2005
Saturn Ramenskoe,Andrey Kanchelskis,35,Right Midfield,Dinamo M II,Free Transfer,in,0,Premier Liga,2004,2004/2005
Saturn Ramenskoe,Aleksey Igonin,28,Defensive Midfield,Chornomorets,Free Transfer,in,0,Premier Liga,2004,2004/2005
Saturn Ramenskoe,Valeri Chizhov,29,Goalkeeper,Rubin Kazan,Free Transfer,in,0,Premier Liga,2004,2004/2005
Saturn Ramenskoe,Diego Ianiero,18,Centre-Back,Argentinos Jrs.,Loan,in,0,Premier Liga,2004,2004/2005
Saturn Ramenskoe,Daniel Montenegro,25,Attacking Midfield,River Plate,?,in,NA,Premier Liga,2004,2004/2005
Saturn Ramenskoe,Aleksandr Kharitonov,21,Left Midfield,Tom Tomsk,?,in,NA,Premier Liga,2004,2004/2005
Saturn Ramenskoe,Roman Gerus,23,Goalkeeper,Luch Vladivostok,?,in,NA,Premier Liga,2004,2004/2005
Saturn Ramenskoe,Martín Hidalgo,29,Left-Back,Alianza Lima,"End of loanDec 1, 2004",in,0,Premier Liga,2004,2004/2005
Saturn Ramenskoe,Régis,28,Centre-Back,Cruzeiro,"End of loanDec 1, 2004",in,0,Premier Liga,2004,2004/2005
Saturn Ramenskoe,Samir Duro,27,Defensive Midfield,Zeljeznicar,"End of loanDec 1, 2004",in,0,Premier Liga,2004,2004/2005
Saturn Ramenskoe,Daniel Montenegro,26,Attacking Midfield,River Plate,Loan fee:£225k,out,0.225,Premier Liga,2004,2004/2005
Saturn Ramenskoe,Nikita Bazhenov,19,Centre-Forward,Spartak Moscow,Free Transfer,out,0,Premier Liga,2004,2004/2005
Saturn Ramenskoe,Samir Duro,27,Defensive Midfield,NK Celje,Free Transfer,out,0,Premier Liga,2004,2004/2005
Saturn Ramenskoe,Roman Gerus,24,Goalkeeper,Luch Vladivostok,Free Transfer,out,0,Premier Liga,2004,2004/2005
Saturn Ramenskoe,Evgeni Kharlachev,30,Left Midfield,Baltika,Free Transfer,out,0,Premier Liga,2004,2004/2005
Saturn Ramenskoe,Sergey Ryzhikov,24,Goalkeeper,Anzhi,Free Transfer,out,0,Premier Liga,2004,2004/2005
Saturn Ramenskoe,Régis,28,Centre-Back,Brasiliense-DF,Free Transfer,out,0,Premier Liga,2004,2004/2005
Saturn Ramenskoe,Antonio Barijho,27,Centre-Forward,CA Banfield,Loan,out,0,Premier Liga,2004,2004/2005
Saturn Ramenskoe,Nikola Damjanac,32,Goalkeeper,OFK Beograd,?,out,NA,Premier Liga,2004,2004/2005
Saturn Ramenskoe,Dzhambulad Bazaev,25,Right Winger,Spartak V-kavkaz,?,out,NA,Premier Liga,2004,2004/2005
Saturn Ramenskoe,Evgeni Kornyukhin,37,Goalkeeper,Khimki,?,out,NA,Premier Liga,2004,2004/2005
Saturn Ramenskoe,Adrián Bastía,25,Defensive Midfield,Espanyol,?,out,NA,Premier Liga,2004,2004/2005
Saturn Ramenskoe,Aleksey Medvedev,27,Centre-Forward,Tom Tomsk,Loan,out,0,Premier Liga,2004,2004/2005
Saturn Ramenskoe,Óscar Díaz,20,Left-Back,Rubin Kazan,?,out,NA,Premier Liga,2004,2004/2005
Saturn Ramenskoe,Prince Amoako,31,Attacking Midfield,Asante Kotoko,?,out,NA,Premier Liga,2004,2004/2005
Saturn Ramenskoe,Régis,28,Centre-Back,Cruzeiro,Loan,out,0,Premier Liga,2004,2004/2005
Saturn Ramenskoe,Pablo Guiñazú,26,Defensive Midfield,Libertad,?,out,NA,Premier Liga,2004,2004/2005
Saturn Ramenskoe,Alexandre,23,Defensive Midfield,Pontevedra,?,out,NA,Premier Liga,2004,2004/2005
Saturn Ramenskoe,Milan Lesnjak,29,Centre-Back,Retired,-,out,0,Premier Liga,2004,2004/2005
Saturn Ramenskoe,Lucas Pusineri,27,Right Midfield,Independiente,"End of loanJun 30, 2004",out,0,Premier Liga,2004,2004/2005
Amkar Perm,Branimir Subasic,22,Centre-Forward,Chornomorets,£180k,in,0.18,Premier Liga,2004,2004/2005
Amkar Perm,Dmitri Belorukov,21,Centre-Back,Anzhi,£90k,in,0.09,Premier Liga,2004,2004/2005
Amkar Perm,Noureddine Ziyati,29,Attacking Midfield,Rapid Bucharest,?,in,NA,Premier Liga,2004,2004/2005
Amkar Perm,Erik Lincar,26,Defensive Midfield,Akratitos,?,in,NA,Premier Liga,2004,2004/2005
Amkar Perm,Albert Sarkisyan,29,Right Midfield,Spartak V-kavkaz,?,in,NA,Premier Liga,2004,2004/2005
Amkar Perm,Dmitri Makarov,22,Centre-Forward,Zenit S-Pb,Loan,in,0,Premier Liga,2004,2004/2005
Amkar Perm,Maksim Aristarkhov,24,Centre-Forward,Arsenal Kyiv,?,in,NA,Premier Liga,2004,2004/2005
Amkar Perm,Ivan Levenets,24,Goalkeeper,Amkar Perm II,-,in,0,Premier Liga,2004,2004/2005
Amkar Perm,Sergey Mitin,24,Central Midfield,Ural,"End of loanDec 1, 2004",in,0,Premier Liga,2004,2004/2005
Amkar Perm,Rustem Khuzin,32,Right-Back,Rubin Kazan,?,out,NA,Premier Liga,2004,2004/2005
Amkar Perm,Sergey Mitin,24,Central Midfield,Ural,Loan,out,0,Premier Liga,2004,2004/2005
Amkar Perm,Aleksandr Chistyi,32,Goalkeeper,Metall-Kuzbass,?,out,NA,Premier Liga,2004,2004/2005
Amkar Perm,Sergey Mitin,24,Central Midfield,Metall-Kuzbass,Loan,out,0,Premier Liga,2004,2004/2005
Amkar Perm,Vitali Bulyga,24,Centre-Forward,KS Samara,"End of loanDec 31, 2004",out,0,Premier Liga,2004,2004/2005
FK Rostov,Nikolay Olenikov,29,Centre-Back,Rotor Volgograd,Free Transfer,in,0,Premier Liga,2004,2004/2005
FK Rostov,Andrey Chichkin,27,Goalkeeper,Rotor Volgograd,Free Transfer,in,0,Premier Liga,2004,2004/2005
FK Rostov,Bruno Silva,24,Right-Back,Danubio FC,Free Transfer,in,0,Premier Liga,2004,2004/2005
FK Rostov,Vits Rimkus,31,Centre-Forward,Ventspils,Free Transfer,in,0,Premier Liga,2004,2004/2005
FK Rostov,Andrey Bochkov,22,Central Midfield,Uralan,Free Transfer,in,0,Premier Liga,2004,2004/2005
FK Rostov,Vadim Khinchagov,23,Right Midfield,Ekibastuzets,?,in,NA,Premier Liga,2004,2004/2005
FK Rostov,Maksim Burchenko,21,Right Midfield,Uralan,?,in,NA,Premier Liga,2004,2004/2005
FK Rostov,Abdelilah Bagui,26,Goalkeeper,Raja Casablanca,?,in,NA,Premier Liga,2004,2004/2005
FK Rostov,Mustapha Bidoudane,28,Centre-Forward,Raja Casablanca,Loan,in,0,Premier Liga,2004,2004/2005
FK Rostov,Javier Mancini,27,Midfielder,Wanderers,?,in,NA,Premier Liga,2004,2004/2005
FK Rostov,Mehmet Aksu,21,Forward,FK Astana 1964,"End of loanDec 1, 2004",in,0,Premier Liga,2004,2004/2005
FK Rostov,Georgi Aslanidi,20,Attacking Midfield,Rostov II,-,in,0,Premier Liga,2004,2004/2005
FK Rostov,Matthew Booth,27,Centre-Back,KS Samara,£720k,out,0.72,Premier Liga,2004,2004/2005
FK Rostov,Roman Adamov,22,Centre-Forward,Terek Grozny,£315k,out,0.315,Premier Liga,2004,2004/2005
FK Rostov,Aleksandrs Kolinko,29,Goalkeeper,Rubin Kazan,£180k,out,0.18,Premier Liga,2004,2004/2005
FK Rostov,Vasili Brovin,22,Attacking Midfield,Baltika,£180k,out,0.18,Premier Liga,2004,2004/2005
FK Rostov,Marco Villaseca,29,Central Midfield,D. Concepción,Free Transfer,out,0,Premier Liga,2004,2004/2005
FK Rostov,Bruno Silva,24,Right-Back,Danubio FC,Free Transfer,out,0,Premier Liga,2004,2004/2005
FK Rostov,Ilia Blyznyuk,31,Goalkeeper,Tom Tomsk,Free Transfer,out,0,Premier Liga,2004,2004/2005
FK Rostov,Mehmet Aksu,21,Forward,Istanbulspor,?,out,NA,Premier Liga,2004,2004/2005
FK Rostov,Mehmet Aksu,21,Forward,FK Astana 1964,Loan,out,0,Premier Liga,2004,2004/2005
FK Rostov,Bertrand Ngapounou,22,Centre-Back,Anzhi,?,out,NA,Premier Liga,2004,2004/2005
FK Rostov,Sergiy Datsenko,26,Centre-Back,Terek Grozny,?,out,NA,Premier Liga,2004,2004/2005
FK Rostov,Aleksandr Maslov,34,Centre-Forward,Retired,-,out,0,Premier Liga,2004,2004/2005
FK Rostov,Rati Aleksidze,26,Centre-Forward,Career break,-,out,0,Premier Liga,2004,2004/2005
FK Rostov,Mikhail Kupriyanov,31,Right-Back,Career break,-,out,0,Premier Liga,2004,2004/2005
Krylya Sovetov Samara,Matthew Booth,27,Centre-Back,Rostov,£720k,in,0.72,Premier Liga,2004,2004/2005
Krylya Sovetov Samara,Eduardo Lobos,23,Goalkeeper,Audax Italiano,£473k,in,0.473,Premier Liga,2004,2004/2005
Krylya Sovetov Samara,Omonigho Temile,19,Right Midfield,Levski Sofia,£450k,in,0.45,Premier Liga,2004,2004/2005
Krylya Sovetov Samara,Roni,27,Centre-Forward,Rubin Kazan,Loan,in,0,Premier Liga,2004,2004/2005
Krylya Sovetov Samara,Aleksandr Makarov,25,Goalkeeper,Anzhi,Free Transfer,in,0,Premier Liga,2004,2004/2005
Krylya Sovetov Samara,Marat Bikmaev,18,Centre-Forward,Pakhtakor,Free Transfer,in,0,Premier Liga,2004,2004/2005
Krylya Sovetov Samara,Laryea Kingston,23,Central Midfield,Hapoel Tel Aviv,?,in,NA,Premier Liga,2004,2004/2005
Krylya Sovetov Samara,Vitali Bulyga,24,Centre-Forward,Amkar Perm,"End of loanDec 31, 2004",in,0,Premier Liga,2004,2004/2005
Krylya Sovetov Samara,Ivan Shpakov,18,Second Striker,KS Samara II,-,in,0,Premier Liga,2004,2004/2005
Krylya Sovetov Samara,Andrey Tikhonov,34,Attacking Midfield,Khimki,Free Transfer,out,0,Premier Liga,2004,2004/2005
Krylya Sovetov Samara,Aleksey Polyakov,30,Goalkeeper,Loko Moscow,Free Transfer,out,0,Premier Liga,2004,2004/2005
Krylya Sovetov Samara,Vladimir Shunejko,30,Defensive Midfield,Orel,?,out,NA,Premier Liga,2004,2004/2005
Krylya Sovetov Samara,Roni,27,Centre-Forward,Rubin Kazan,"End of loanDec 1, 2004",out,0,Premier Liga,2004,2004/2005
Krylya Sovetov Samara,Catanha,32,Centre-Forward,Celta de Vigo,"End of loanAug 1, 2004",out,0,Premier Liga,2004,2004/2005
Krylya Sovetov Samara,Yuri Shishkin,41,Goalkeeper,Retired,-,out,0,Premier Liga,2004,2004/2005
Spartak Vladikavkaz,Giorgi Demetradze,28,Centre-Forward,Metalurh D.,£2.25m,in,2.25,Premier Liga,2004,2004/2005
Spartak Vladikavkaz,Justice Longs Christopher,23,Defensive Midfield,Trelleborg,£135k,in,0.135,Premier Liga,2004,2004/2005
Spartak Vladikavkaz,Iulian Tames,26,Central Midfield,Dinamo Bukarest,Free Transfer,in,0,Premier Liga,2004,2004/2005
Spartak Vladikavkaz,Mikhail Kavelashvili,32,Centre-Forward,FC Aarau,Free Transfer,in,0,Premier Liga,2004,2004/2005
Spartak Vladikavkaz,Vladan Grujic,23,Defensive Midfield,1. FC Köln,Free Transfer,in,0,Premier Liga,2004,2004/2005
Spartak Vladikavkaz,Ibra Kébé,26,Left-Back,Spartak Moscow,Free Transfer,in,0,Premier Liga,2004,2004/2005
Spartak Vladikavkaz,Mounir El Haimour,23,Left Midfield,Yverdon-Sport,Loan,in,0,Premier Liga,2004,2004/2005
Spartak Vladikavkaz,Cristian Dorin Tudor,22,Centre-Forward,FK Moskau,Loan,in,0,Premier Liga,2004,2004/2005
Spartak Vladikavkaz,Albert Sarkisyan,29,Right Midfield,Arsenal Kyiv,?,in,NA,Premier Liga,2004,2004/2005
Spartak Vladikavkaz,Serghei Dadu,23,Centre-Forward,CSKA Moscow,Loan,in,0,Premier Liga,2004,2004/2005
Spartak Vladikavkaz,Vladimer Burduli,24,Right Midfield,Lokomotivi,?,in,NA,Premier Liga,2004,2004/2005
Spartak Vladikavkaz,Dzhambulad Bazaev,25,Right Winger,Saturn,?,in,NA,Premier Liga,2004,2004/2005
Spartak Vladikavkaz,Zurab Tsiklauri,30,Centre-Forward,Uralan,?,in,NA,Premier Liga,2004,2004/2005
Spartak Vladikavkaz,Rakhmatullo Fuzailov,26,Right-Back,Shinnik,?,in,NA,Premier Liga,2004,2004/2005
Spartak Vladikavkaz,Sergey Narubin,23,Goalkeeper,Dinamo Bryansk,?,in,NA,Premier Liga,2004,2004/2005
Spartak Vladikavkaz,Alberto Blanco,26,Central Midfield,Sheriff,?,in,NA,Premier Liga,2004,2004/2005
Spartak Vladikavkaz,Davit Kvirkvelia,24,Centre-Back,Dinamo Tbilisi,?,in,NA,Premier Liga,2004,2004/2005
Spartak Vladikavkaz,Erich Brabec,27,Centre-Back,Dinamo Moscow,?,in,NA,Premier Liga,2004,2004/2005
Spartak Vladikavkaz,Spartak Gogniev,23,Centre-Forward,CSKA Moscow,Loan,in,0,Premier Liga,2004,2004/2005
Spartak Vladikavkaz,Miodrag Zec,21,Right Winger,Mogren Budva,Loan,in,0,Premier Liga,2004,2004/2005
Spartak Vladikavkaz,Darius Zutautas,26,Centre-Back,FBK Kaunas,?,in,NA,Premier Liga,2004,2004/2005
Spartak Vladikavkaz,Isaac Okoronkwo,26,Centre-Back,Without Club,-,in,0,Premier Liga,2004,2004/2005
Spartak Vladikavkaz,Serghei Dadu,23,Centre-Forward,CSKA Moscow,£450k,out,0.45,Premier Liga,2004,2004/2005
Spartak Vladikavkaz,Dmitri Khomich,20,Goalkeeper,Spartak Moscow,£225k,out,0.225,Premier Liga,2004,2004/2005
Spartak Vladikavkaz,Khalid Fouhami,32,Goalkeeper,CS Visé,Free Transfer,out,0,Premier Liga,2004,2004/2005
Spartak Vladikavkaz,Dmitri A. Smirnov,24,Central Midfield,Luch Vladivostok,Free Transfer,out,0,Premier Liga,2004,2004/2005
Spartak Vladikavkaz,Ivan Jevic,29,Centre-Back,Kitchee,Free Transfer,out,0,Premier Liga,2004,2004/2005
Spartak Vladikavkaz,Nicolae Grigore,29,Centre-Back,SKA-Energia,Free Transfer,out,0,Premier Liga,2004,2004/2005
Spartak Vladikavkaz,Erich Brabec,27,Centre-Back,Kayserispor,Free Transfer,out,0,Premier Liga,2004,2004/2005
Spartak Vladikavkaz,Igor Tarlovski,30,Left-Back,Fakel Voronezh,Free Transfer,out,0,Premier Liga,2004,2004/2005
Spartak Vladikavkaz,Mikhail Kavelashvili,33,Centre-Forward,FC Sion,Free Transfer,out,0,Premier Liga,2004,2004/2005
Spartak Vladikavkaz,Ivan Vukomanovic,27,Defensive Midfield,KSC Lokeren,Free Transfer,out,0,Premier Liga,2004,2004/2005
Spartak Vladikavkaz,Yuri Drozdov,32,Defensive Midfield,FK Astana 1964,Free Transfer,out,0,Premier Liga,2004,2004/2005
Spartak Vladikavkaz,Albert Doguzov,36,Defensive Midfield,Chernomorets N.,?,out,NA,Premier Liga,2004,2004/2005
Spartak Vladikavkaz,Tamerlan Varziev,26,Right-Back,Spartak Nizhniy Novgorod,?,out,NA,Premier Liga,2004,2004/2005
Spartak Vladikavkaz,Rivelino Carassa,30,Centre-Back,FBC Melgar,?,out,NA,Premier Liga,2004,2004/2005
Spartak Vladikavkaz,Zurab Tsiklauri,30,Centre-Forward,Luch Vladivostok,?,out,NA,Premier Liga,2004,2004/2005
Spartak Vladikavkaz,Albert Sarkisyan,29,Right Midfield,Amkar Perm,?,out,NA,Premier Liga,2004,2004/2005
Spartak Vladikavkaz,Valerian Bestaev,22,Right-Back,Volgar-Gazprom,?,out,NA,Premier Liga,2004,2004/2005
Spartak Vladikavkaz,Mirdzhalol Kasymov,34,Attacking Midfield,Mash'al,?,out,NA,Premier Liga,2004,2004/2005
Spartak Vladikavkaz,Ibra Kébé,26,Left-Back,Without Club,-,out,0,Premier Liga,2004,2004/2005
Spartak Vladikavkaz,Karen Oganyan,22,Centre-Forward,Without Club,-,out,0,Premier Liga,2004,2004/2005
Spartak Vladikavkaz,Alan Kusov,23,Central Midfield,CSKA Moscow,"End of loanDec 1, 2004",out,0,Premier Liga,2004,2004/2005
Spartak Vladikavkaz,Miodrag Zec,22,Right Winger,Mogren Budva,"End of loanDec 1, 2004",out,0,Premier Liga,2004,2004/2005
Spartak Vladikavkaz,Vladimir Korytko,25,Attacking Midfield,FK Moskau,"End of loanDec 1, 2004",out,0,Premier Liga,2004,2004/2005
Spartak Vladikavkaz,Mounir El Haimour,24,Left Midfield,Yverdon-Sport,"End of loanDec 31, 2004",out,0,Premier Liga,2004,2004/2005
Spartak Vladikavkaz,Stevan Bates,23,Centre-Back,Zeleznik Belgr.,"End of loanDec 31, 2004",out,0,Premier Liga,2004,2004/2005
Spartak Vladikavkaz,Cristian Dorin Tudor,21,Centre-Forward,Sheriff,"End of loanJun 30, 2004",out,0,Premier Liga,2004,2004/2005
Terek Grozny,Roman Adamov,22,Centre-Forward,Rostov,£315k,in,0.315,Premier Liga,2004,2004/2005
Terek Grozny,Narvik Sirkhaev,30,Attacking Midfield,FK Moskau,£293k,in,0.293,Premier Liga,2004,2004/2005
Terek Grozny,Aleksandr Shirko,28,Centre-Forward,Shinnik,£180k,in,0.18,Premier Liga,2004,2004/2005
Terek Grozny,Roman Sharonov,28,Centre-Back,Rubin Kazan,Free Transfer,in,0,Premier Liga,2004,2004/2005
Terek Grozny,Gennadi Nizhegorodov,27,Centre-Back,Loko Moscow,Free Transfer,in,0,Premier Liga,2004,2004/2005
Terek Grozny,Aleksandr Smarko,35,Defender,Unknown,?,in,NA,Premier Liga,2004,2004/2005
Terek Grozny,Ruslan Nigmatullin,30,Goalkeeper,Loko Moscow,?,in,NA,Premier Liga,2004,2004/2005
Terek Grozny,Vladimir Korytko,25,Attacking Midfield,FK Moskau,?,in,NA,Premier Liga,2004,2004/2005
Terek Grozny,Denis Evsikov,23,Left-Back,Loko Moscow,?,in,NA,Premier Liga,2004,2004/2005
Terek Grozny,Sergiy Datsenko,26,Centre-Back,Rostov,?,in,NA,Premier Liga,2004,2004/2005
Terek Grozny,Konstantin Golovskoy,29,Central Midfield,Levski Sofia,?,in,NA,Premier Liga,2004,2004/2005
Terek Grozny,Dmitri Goncharov,29,Goalkeeper,Kuban Krasnodar,?,in,NA,Premier Liga,2004,2004/2005
Terek Grozny,Tamer Tuna,28,Right Midfield,Samsunspor,?,in,NA,Premier Liga,2004,2004/2005
Terek Grozny,Vladimir Shipilov,31,Central Midfield,Sokol Saratov,?,in,NA,Premier Liga,2004,2004/2005
Terek Grozny,Sergey Grishin,31,Right Midfield,Shinnik,?,in,NA,Premier Liga,2004,2004/2005
Terek Grozny,Ruslan Adzhindzhal,30,Central Midfield,Uralan,?,in,NA,Premier Liga,2004,2004/2005
Terek Grozny,Yevhen Lysytsyn,23,Right Midfield,Without Club,-,in,0,Premier Liga,2004,2004/2005
Terek Grozny,Rizvan Sadaev,25,Midfielder,Mashuk-KMV,"End of loanDec 31, 2004",in,0,Premier Liga,2004,2004/2005
Terek Grozny,Nikola Malbasa,27,Left-Back,AEK Athens,Free Transfer,out,0,Premier Liga,2004,2004/2005
Terek Grozny,Konstantin Golovskoy,29,Central Midfield,FK Astana 1964,Free Transfer,out,0,Premier Liga,2004,2004/2005
Terek Grozny,Rizvan Sadaev,24,Midfielder,Mashuk-KMV,Loan,out,0,Premier Liga,2004,2004/2005
Terek Grozny,Ivo Trenchev,32,Centre-Back,Lok. Sofia,Free Transfer,out,0,Premier Liga,2004,2004/2005
Terek Grozny,Beslan Gublia,28,Centre-Back,Metall-Kuzbass,?,out,NA,Premier Liga,2004,2004/2005
Terek Grozny,Sergey Grishin,31,Right Midfield,Anzhi,?,out,NA,Premier Liga,2004,2004/2005
Terek Grozny,Vladimir Skokov,32,Left Midfield,Fakel Voronezh,?,out,NA,Premier Liga,2004,2004/2005
Terek Grozny,Magomed Adiev,27,Centre-Forward,Kryvbas,?,out,NA,Premier Liga,2004,2004/2005
Terek Grozny,Anton Kocherga,27,Midfielder,St. Petersburg,?,out,NA,Premier Liga,2004,2004/2005
Terek Grozny,Oleksii Osipov,29,Central Midfield,Aktobe,?,out,NA,Premier Liga,2004,2004/2005
Terek Grozny,Vladimir Shipilov,32,Central Midfield,Sokol Saratov,?,out,NA,Premier Liga,2004,2004/2005
Terek Grozny,Sergey Krashchenko,34,Goalkeeper,Spartak Nalchik,?,out,NA,Premier Liga,2004,2004/2005
Terek Grozny,David Sourada,30,Centre-Forward,Chmel Blsany,?,out,NA,Premier Liga,2004,2004/2005
Terek Grozny,Ramzan Tsutsulaev,32,Goalkeeper,Retired,-,out,0,Premier Liga,2004,2004/2005
Terek Grozny,Igor Kiselev,25,Centre-Forward,Kuban Krasnodar,"End of loanDec 31, 2004",out,0,Premier Liga,2004,2004/2005
