club_name,player_name,age,position,club_involved_name,fee,transfer_movement,transfer_period,fee_cleaned,league_name,year,season
FC Porto,Benni McCarthy,25,Centre-Forward,Celta de Vigo,£3.15m,in,Summer,3.15,Liga Nos,2003,2003/2004
FC Porto,Fabiano Rossato,25,Left-Back,Nacional,£1.80m,in,Summer,1.8,Liga Nos,2003,2003/2004
FC Porto,Bosingwa,20,Right-Back,Boavista,£900Th.,in,Summer,0.9,Liga Nos,2003,2003/2004
FC Porto,Ricardo Fernandes,25,Attacking Midfield,Sporting CP,?,in,Summer,NA,Liga Nos,2003,2003/2004
FC Porto,André Vilas Boas,20,Centre-Back,Rio Ave FC,Loan,in,Summer,0,Liga Nos,2003,2003/2004
FC Porto,Pedro Mendes,24,Defensive Midfield,Vit. Guimarães,?,in,Summer,NA,Liga Nos,2003,2003/2004
FC Porto,Bruno Moraes,18,Centre-Forward,Santos B,?,in,Summer,NA,Liga Nos,2003,2003/2004
FC Porto,Evaldo,21,Left-Back,Democrata,?,in,Summer,NA,Liga Nos,2003,2003/2004
FC Porto,David Lopes,20,Centre-Back,Galo Maringá,?,in,Summer,NA,Liga Nos,2003,2003/2004
FC Porto,Bruno Vale,20,Goalkeeper,FC Porto B,-,in,Summer,0,Liga Nos,2003,2003/2004
FC Porto,Sérgio Organista,18,Defensive Midfield,FC Porto U19,-,in,Summer,0,Liga Nos,2003,2003/2004
FC Porto,Hugo Almeida,19,Centre-Forward,FC Porto B,-,in,Summer,0,Liga Nos,2003,2003/2004
FC Porto,Hugo Ibarra,29,Right-Back,Boca Juniors,"End of loanJun 30, 2003",in,Summer,0,Liga Nos,2003,2003/2004
FC Porto,Bruno Fernandes,29,Central Midfield,Marítimo,"End of loanJun 30, 2003",in,Summer,0,Liga Nos,2003,2003/2004
FC Porto,Paulo Costa,23,Attacking Midfield,AC Venezia 1907,"End of loanJun 1, 2003",in,Summer,0,Liga Nos,2003,2003/2004
FC Porto,Pena,29,Centre-Forward,R. Strasbourg,"End of loanJun 30, 2003",in,Summer,0,Liga Nos,2003,2003/2004
FC Porto,Paulo Santos,30,Goalkeeper,Varzim,"End of loanJun 30, 2003",in,Summer,0,Liga Nos,2003,2003/2004
FC Porto,Bruno Alves,21,Centre-Back,Farense,"End of loanJun 30, 2003",in,Summer,0,Liga Nos,2003,2003/2004
FC Porto,Sousa,25,Right-Back,Belenenses SAD,"End of loanJun 30, 2003",in,Summer,0,Liga Nos,2003,2003/2004
FC Porto,Candido Costa,22,Right Midfield,Vitória Setúbal,"End of loanJun 30, 2003",in,Summer,0,Liga Nos,2003,2003/2004
FC Porto,Hélder Postiga,20,Centre-Forward,Spurs,£8.10m,out,Summer,8.1,Liga Nos,2003,2003/2004
FC Porto,Nuno Capucho,31,Right Winger,Rangers,£900Th.,out,Summer,0.9,Liga Nos,2003,2003/2004
FC Porto,Ákos Buzsáky,21,Central Midfield,Coimbra,Loan,out,Summer,0,Liga Nos,2003,2003/2004
FC Porto,Bruno Alves,21,Centre-Back,Vit. Guimarães,Loan,out,Summer,0,Liga Nos,2003,2003/2004
FC Porto,Paulo Costa,23,Attacking Midfield,G. Bordeaux,Loan,out,Summer,0,Liga Nos,2003,2003/2004
FC Porto,Sousa,25,Right-Back,Belenenses SAD,?,out,Summer,NA,Liga Nos,2003,2003/2004
FC Porto,Hugo Luz,21,Left-Back,Gil Vicente,Loan,out,Summer,0,Liga Nos,2003,2003/2004
FC Porto,António Folha,32,Left Winger,Penafiel,?,out,Summer,NA,Liga Nos,2003,2003/2004
FC Porto,Pena,29,Centre-Forward,Braga,Loan,out,Summer,0,Liga Nos,2003,2003/2004
FC Porto,Clayton,27,Left Winger,Sporting CP,?,out,Summer,NA,Liga Nos,2003,2003/2004
FC Porto,Candido Costa,22,Right Midfield,Derby,Loan,out,Summer,0,Liga Nos,2003,2003/2004
FC Porto,Hugo Ibarra,29,Right-Back,Monaco,Loan,out,Summer,0,Liga Nos,2003,2003/2004
FC Porto,Paulinho Santos,32,Defensive Midfield,Retired,-,out,Summer,0,Liga Nos,2003,2003/2004
FC Porto,David Lopes,21,Centre-Back,FC Porto B,-,out,Summer,0,Liga Nos,2003,2003/2004
FC Porto,Zé Carlos,20,Centre-Forward,Corinthians,"End of loanJun 30, 2003",out,Summer,0,Liga Nos,2003,2003/2004
SL Benfica,Luisão,22,Centre-Back,Cruzeiro,£900Th.,in,Summer,0.9,Liga Nos,2003,2003/2004
SL Benfica,Geovanni,23,Attacking Midfield,FC Barcelona,Free transfer,in,Summer,0,Liga Nos,2003,2003/2004
SL Benfica,Alex Costa,23,Right-Back,Moreirense,Free transfer,in,Summer,0,Liga Nos,2003,2003/2004
SL Benfica,João Pereira,19,Right-Back,Benfica U19,-,in,Summer,0,Liga Nos,2003,2003/2004
SL Benfica,Hélio Pinto,19,Central Midfield,Benfica B,-,in,Summer,0,Liga Nos,2003,2003/2004
SL Benfica,Eduardo Simões,21,Centre-Back,Benfica B,-,in,Summer,0,Liga Nos,2003,2003/2004
SL Benfica,Éder Bonfim,22,Right-Back,CF Estrela,"End of loanJun 30, 2003",in,Summer,0,Liga Nos,2003,2003/2004
SL Benfica,Fernando Aguiar,31,Defensive Midfield,Leiria,"End of loanJun 30, 2003",in,Summer,0,Liga Nos,2003,2003/2004
SL Benfica,Bruno Aguiar,22,Central Midfield,Alverca,"End of loanJun 30, 2003",in,Summer,0,Liga Nos,2003,2003/2004
SL Benfica,André Neles,25,Centre-Forward,Palmeiras,"End of loanJun 30, 2003",in,Summer,0,Liga Nos,2003,2003/2004
SL Benfica,Anderson,25,Centre-Forward,Al-Rayyan SC,"End of loanJun 30, 2003",in,Summer,0,Liga Nos,2003,2003/2004
SL Benfica,Ednilson,20,Defensive Midfield,Vit. Guimarães,Loan fee:£117Th.,out,Summer,0.117,Liga Nos,2003,2003/2004
SL Benfica,Ljubinko Drulovic,34,Left Winger,Partizan,Free transfer,out,Summer,0,Liga Nos,2003,2003/2004
SL Benfica,Ricardo André,20,Defensive Midfield,Paços Ferreira,Free transfer,out,Summer,0,Liga Nos,2003,2003/2004
SL Benfica,Anderson,25,Centre-Forward,Naval,Loan,out,Summer,0,Liga Nos,2003,2003/2004
SL Benfica,Eduardo Simões,21,Centre-Back,Amora FC,Loan,out,Summer,0,Liga Nos,2003,2003/2004
SL Benfica,Éder Bonfim,22,Right-Back,Braga,?,out,Summer,NA,Liga Nos,2003,2003/2004
SL Benfica,Emilio Peixe,30,Defensive Midfield,Leiria,Loan,out,Summer,0,Liga Nos,2003,2003/2004
SL Benfica,Paulo Fonseca,21,Right-Back,Braga,?,out,Summer,NA,Liga Nos,2003,2003/2004
SL Benfica,Nuno Santos,30,Goalkeeper,Vitória Setúbal,?,out,Summer,NA,Liga Nos,2003,2003/2004
SL Benfica,Toni,20,Centre-Back,Braga,?,out,Summer,NA,Liga Nos,2003,2003/2004
SL Benfica,André Neles,25,Centre-Forward,Marítimo,?,out,Summer,NA,Liga Nos,2003,2003/2004
SL Benfica,Marco Freitas,30,Defensive Midfield,Felgueiras,?,out,Summer,NA,Liga Nos,2003,2003/2004
SL Benfica,João Manuel Pinto,30,Centre-Back,Without Club,-,out,Summer,0,Liga Nos,2003,2003/2004
SL Benfica,Filipe Falardo,19,Attacking Midfield,Alverca,"End of loanJun 30, 2003",out,Summer,0,Liga Nos,2003,2003/2004
SL Benfica,Geovanni,23,Attacking Midfield,FC Barcelona,"End of loanJun 1, 2003",out,Summer,0,Liga Nos,2003,2003/2004
Sporting CP,Liedson,25,Centre-Forward,Corinthians,£2.88m,in,Summer,2.88,Liga Nos,2003,2003/2004
Sporting CP,Fábio Rochemback,21,Central Midfield,FC Barcelona,Loan fee:£2.25m,in,Summer,2.25,Liga Nos,2003,2003/2004
Sporting CP,Elpídio Silva,27,Centre-Forward,Boavista,£1.08m,in,Summer,1.08,Liga Nos,2003,2003/2004
Sporting CP,Ricardo,27,Goalkeeper,Boavista,£630Th.,in,Summer,0.63,Liga Nos,2003,2003/2004
Sporting CP,Polga,24,Centre-Back,Grêmio,?,in,Summer,NA,Liga Nos,2003,2003/2004
Sporting CP,Clayton,27,Left Winger,FC Porto,?,in,Summer,NA,Liga Nos,2003,2003/2004
Sporting CP,Mario Sergio,21,Right-Back,Paços Ferreira,?,in,Summer,NA,Liga Nos,2003,2003/2004
Sporting CP,Custódio,20,Defensive Midfield,Sporting B,-,in,Summer,0,Liga Nos,2003,2003/2004
Sporting CP,Lourenço,20,Centre-Forward,Sporting B,-,in,Summer,0,Liga Nos,2003,2003/2004
Sporting CP,José Semedo,18,Defensive Midfield,Sporting U19,-,in,Summer,0,Liga Nos,2003,2003/2004
Sporting CP,Carlos Martins,21,Attacking Midfield,Sporting B,-,in,Summer,0,Liga Nos,2003,2003/2004
Sporting CP,Miguel Garcia,20,Right-Back,Sporting B,-,in,Summer,0,Liga Nos,2003,2003/2004
Sporting CP,Santamaria,21,Centre-Back,Marco,"End of loanJun 30, 2003",in,Summer,0,Liga Nos,2003,2003/2004
Sporting CP,Nuno Santos,24,Goalkeeper,CF Estrela,"End of loanJun 30, 2003",in,Summer,0,Liga Nos,2003,2003/2004
Sporting CP,Chiquinho Delgado,22,Centre-Forward,Imortal,"End of loanJun 30, 2003",in,Summer,0,Liga Nos,2003,2003/2004
Sporting CP,Beto,21,Goalkeeper,Casa Pia,"End of loanJun 30, 2003",in,Summer,0,Liga Nos,2003,2003/2004
Sporting CP,Cristiano Ronaldo,18,Left Winger,Man Utd,£17.10m,out,Summer,17.1,Liga Nos,2003,2003/2004
Sporting CP,Ricardo Quaresma,19,Right Winger,FC Barcelona,£5.72m,out,Summer,5.72,Liga Nos,2003,2003/2004
Sporting CP,César Prates,28,Right-Back,Galatasaray,£1.35m,out,Summer,1.35,Liga Nos,2003,2003/2004
Sporting CP,Jardel,29,Centre-Forward,Bolton,Free transfer,out,Summer,0,Liga Nos,2003,2003/2004
Sporting CP,Ricardo Fernandes,25,Attacking Midfield,FC Porto,?,out,Summer,NA,Liga Nos,2003,2003/2004
Sporting CP,Diogo,27,Defensive Midfield,Alverca,Loan,out,Summer,0,Liga Nos,2003,2003/2004
Sporting CP,Pablo Contreras,24,Centre-Back,Celta de Vigo,"End of loanJul 1, 2003",out,Summer,0,Liga Nos,2003,2003/2004
Sporting CP,Dimas,34,Left-Back,Retired,-,out,Summer,0,Liga Nos,2003,2003/2004
Sporting CP,Vitali Kutuzov,23,Centre-Forward,Milan,"End of loanJun 30, 2003",out,Summer,0,Liga Nos,2003,2003/2004
Sporting CP,João Paulo,22,Centre-Back,Leiria,"End of loanJun 30, 2003",out,Summer,0,Liga Nos,2003,2003/2004
Sporting CP,Marcos Paulo,26,Central Midfield,Cruzeiro,"End of loanJun 30, 2003",out,Summer,0,Liga Nos,2003,2003/2004
Vitória Guimarães SC,Ednilson,20,Defensive Midfield,Benfica,Loan fee:£117Th.,in,Summer,0.117,Liga Nos,2003,2003/2004
Vitória Guimarães SC,Bruno Alves,21,Centre-Back,FC Porto,Loan,in,Summer,0,Liga Nos,2003,2003/2004
Vitória Guimarães SC,Vinicius,29,Centre-Forward,Fortaleza,?,in,Summer,NA,Liga Nos,2003,2003/2004
Vitória Guimarães SC,Flávio Meireles,26,Defensive Midfield,Moreirense,?,in,Summer,NA,Liga Nos,2003,2003/2004
Vitória Guimarães SC,Manuel José,22,Right Winger,Coimbra,?,in,Summer,NA,Liga Nos,2003,2003/2004
Vitória Guimarães SC,Moreno,21,Centre-Back,Caçadores,?,in,Summer,NA,Liga Nos,2003,2003/2004
Vitória Guimarães SC,Bruno Sousa,21,Centre-Back,Marco,?,in,Summer,NA,Liga Nos,2003,2003/2004
Vitória Guimarães SC,Carlos Carneiro,29,Centre-Forward,Paços Ferreira,?,in,Summer,NA,Liga Nos,2003,2003/2004
Vitória Guimarães SC,Afonso Martins,30,Attacking Midfield,Moreirense,?,in,Summer,NA,Liga Nos,2003,2003/2004
Vitória Guimarães SC,Miguel Moreira,29,Goalkeeper,Varzim,?,in,Summer,NA,Liga Nos,2003,2003/2004
Vitória Guimarães SC,Vinícius,16,Centre-Back,Fortaleza,?,in,Summer,NA,Liga Nos,2003,2003/2004
Vitória Guimarães SC,Hélder Cabral,19,Left-Back,Guimarães U19,-,in,Summer,0,Liga Nos,2003,2003/2004
Vitória Guimarães SC,Pedro Mendes,24,Defensive Midfield,FC Porto,?,out,Summer,NA,Liga Nos,2003,2003/2004
Vitória Guimarães SC,Ricardo Silva,27,Centre-Back,Boavista,?,out,Summer,NA,Liga Nos,2003,2003/2004
Vitória Guimarães SC,Jaime,24,Attacking Midfield,Rio Ave FC,?,out,Summer,NA,Liga Nos,2003,2003/2004
Vitória Guimarães SC,Laelson,27,Forward,Moreirense,?,out,Summer,NA,Liga Nos,2003,2003/2004
Vitória Guimarães SC,Tomas Tomic,26,Goalkeeper,CF Estrela,Loan,out,Summer,0,Liga Nos,2003,2003/2004
Vitória Guimarães SC,Ghislain Chauray,31,Goalkeeper,Stade Brest 29,?,out,Summer,NA,Liga Nos,2003,2003/2004
Vitória Guimarães SC,Hélder Cabral,19,Left-Back,CA Valdevez,Loan,out,Summer,0,Liga Nos,2003,2003/2004
União de Leiria,Laurent Quiévreux,24,Goalkeeper,FC Istres,Free transfer,in,Summer,0,Liga Nos,2003,2003/2004
União de Leiria,Cédric De Cicco,24,Goalkeeper,Grenoble,Free transfer,in,Summer,0,Liga Nos,2003,2003/2004
União de Leiria,Caíco,29,Attacking Midfield,Goiás EC,Free transfer,in,Summer,0,Liga Nos,2003,2003/2004
União de Leiria,Filipe Teixeira,22,Right Winger,Paris SG,Loan,in,Summer,0,Liga Nos,2003,2003/2004
União de Leiria,Emilio Peixe,30,Defensive Midfield,Benfica,Loan,in,Summer,0,Liga Nos,2003,2003/2004
União de Leiria,Eduardo Oliveira,30,Centre-Back,Saint-Étienne,?,in,Summer,NA,Liga Nos,2003,2003/2004
União de Leiria,Sérgio Gameiro,27,Attacking Midfield,Naval,?,in,Summer,NA,Liga Nos,2003,2003/2004
União de Leiria,Maurito,22,Forward,Vasco U20,?,in,Summer,NA,Liga Nos,2003,2003/2004
União de Leiria,Silvestre,19,Central Midfield,Caçadores,?,in,Summer,NA,Liga Nos,2003,2003/2004
União de Leiria,João Paulo,22,Centre-Back,Sporting CP,"End of loanJun 30, 2003",in,Summer,0,Liga Nos,2003,2003/2004
União de Leiria,Silas,26,Attacking Midfield,Wolves,£2.03m,out,Summer,2.03,Liga Nos,2003,2003/2004
União de Leiria,Renato,30,Centre-Back,Leixões,Loan,out,Summer,0,Liga Nos,2003,2003/2004
União de Leiria,Leão,32,Defensive Midfield,Leixões,?,out,Summer,NA,Liga Nos,2003,2003/2004
União de Leiria,Diego Gustavo Bono,24,Midfielder,Tiro Federal,?,out,Summer,NA,Liga Nos,2003,2003/2004
União de Leiria,Yves Kibuey,33,Centre-Forward,Shoalah,?,out,Summer,NA,Liga Nos,2003,2003/2004
União de Leiria,Juan Viveros,22,Left Winger,Without Club,-,out,Summer,0,Liga Nos,2003,2003/2004
União de Leiria,Fernando Aguiar,31,Defensive Midfield,Benfica,"End of loanJun 30, 2003",out,Summer,0,Liga Nos,2003,2003/2004
União de Leiria,Hugo Almeida,19,Centre-Forward,FC Porto B,"End of loanJun 30, 2003",out,Summer,0,Liga Nos,2003,2003/2004
FC Paços de Ferreira,Gustavo Manduca,23,Left Winger,Chaves,Free transfer,in,Summer,0,Liga Nos,2003,2003/2004
FC Paços de Ferreira,Geraldo Alves,22,Centre-Back,Gil Vicente,Free transfer,in,Summer,0,Liga Nos,2003,2003/2004
FC Paços de Ferreira,Pinheiro,24,Left-Back,Covilhã,Free transfer,in,Summer,0,Liga Nos,2003,2003/2004
FC Paços de Ferreira,Ricardo André,20,Defensive Midfield,Benfica,Free transfer,in,Summer,0,Liga Nos,2003,2003/2004
FC Paços de Ferreira,André Bikey,18,Centre-Back,Marco,Free transfer,in,Summer,0,Liga Nos,2003,2003/2004
FC Paços de Ferreira,Rui Miguel,28,Centre-Forward,Vitória Setúbal,?,in,Summer,NA,Liga Nos,2003,2003/2004
FC Paços de Ferreira,Paulo Vida,31,Centre-Forward,Varzim,?,in,Summer,NA,Liga Nos,2003,2003/2004
FC Paços de Ferreira,Alain N'Kong,24,Midfielder,UD Las Palmas,?,in,Summer,NA,Liga Nos,2003,2003/2004
FC Paços de Ferreira,Júlio Coelho,18,Goalkeeper,Paços F. U19,-,in,Summer,0,Liga Nos,2003,2003/2004
FC Paços de Ferreira,Júlio César,23,Centre-Forward,Sanjoanense,Free transfer,out,Summer,0,Liga Nos,2003,2003/2004
FC Paços de Ferreira,Mario Sergio,21,Right-Back,Sporting CP,?,out,Summer,NA,Liga Nos,2003,2003/2004
FC Paços de Ferreira,Serginho Baiano,25,Left Winger,Nacional,?,out,Summer,NA,Liga Nos,2003,2003/2004
FC Paços de Ferreira,Carlos Carneiro,29,Centre-Forward,Vit. Guimarães,?,out,Summer,NA,Liga Nos,2003,2003/2004
FC Paços de Ferreira,Pinho,31,Goalkeeper,Desportivo Aves,?,out,Summer,NA,Liga Nos,2003,2003/2004
FC Paços de Ferreira,Vitinha,27,Left-Back,Marco,?,out,Summer,NA,Liga Nos,2003,2003/2004
FC Paços de Ferreira,João Armando,30,Centre-Back,Portimonense,?,out,Summer,NA,Liga Nos,2003,2003/2004
FC Paços de Ferreira,Leonardo,34,Centre-Forward,Desportivo Aves,?,out,Summer,NA,Liga Nos,2003,2003/2004
CS Marítimo,Chaínho,28,Defensive Midfield,Panathinaikos,?,in,Summer,NA,Liga Nos,2003,2003/2004
CS Marítimo,Bino,30,Defensive Midfield,CD Tenerife,?,in,Summer,NA,Liga Nos,2003,2003/2004
CS Marítimo,André Neles,25,Centre-Forward,Benfica,?,in,Summer,NA,Liga Nos,2003,2003/2004
CS Marítimo,Javier Musa,24,Centre-Back,Leça,"End of loanJun 30, 2003",in,Summer,0,Liga Nos,2003,2003/2004
CS Marítimo,Abdelsatar Sabry,29,Second Striker,CF Estrela,Free transfer,out,Summer,0,Liga Nos,2003,2003/2004
CS Marítimo,Pepín,27,Centre-Forward,Hércules CF,Free transfer,out,Summer,0,Liga Nos,2003,2003/2004
CS Marítimo,Paulo Sérgio,30,Centre-Back,Nacional,Free transfer,out,Summer,0,Liga Nos,2003,2003/2004
CS Marítimo,Quim,29,Centre-Forward,Penafiel,?,out,Summer,NA,Liga Nos,2003,2003/2004
CS Marítimo,Hugo Morais,25,Central Midfield,União Madeira,Loan,out,Summer,0,Liga Nos,2003,2003/2004
CS Marítimo,Lino,26,Right-Back,Portimonense,?,out,Summer,NA,Liga Nos,2003,2003/2004
CS Marítimo,Jorge Soares,31,Centre-Back,União Madeira,?,out,Summer,NA,Liga Nos,2003,2003/2004
CS Marítimo,Bruno Fernandes,29,Central Midfield,FC Porto,"End of loanJun 30, 2003",out,Summer,0,Liga Nos,2003,2003/2004
Gil Vicente FC,Joca,22,Defensive Midfield,Vitória Setúbal,Free transfer,in,Summer,0,Liga Nos,2003,2003/2004
Gil Vicente FC,Ferreira,19,Right-Back,FC Porto B,Free transfer,in,Summer,0,Liga Nos,2003,2003/2004
Gil Vicente FC,Januário,23,Attacking Midfield,Colatina Futebol Clube (ES),?,in,Summer,NA,Liga Nos,2003,2003/2004
Gil Vicente FC,Ferreira,24,Centre-Forward,Beira-Mar,?,in,Summer,NA,Liga Nos,2003,2003/2004
Gil Vicente FC,Injai Braíma,27,Defensive Midfield,Leça,?,in,Summer,NA,Liga Nos,2003,2003/2004
Gil Vicente FC,Marcos António,20,Centre-Back,FC Porto B,?,in,Summer,NA,Liga Nos,2003,2003/2004
Gil Vicente FC,Ricardo Mirra,25,Defensive Midfield,Vizela,?,in,Summer,NA,Liga Nos,2003,2003/2004
Gil Vicente FC,Hugo Luz,21,Left-Back,FC Porto,Loan,in,Summer,0,Liga Nos,2003,2003/2004
Gil Vicente FC,Edinho,21,Centre-Forward,Cachoeira-RS,?,in,Summer,NA,Liga Nos,2003,2003/2004
Gil Vicente FC,Rui André,19,Centre-Forward,Gil Vicente U19,-,in,Summer,0,Liga Nos,2003,2003/2004
Gil Vicente FC,Ali El Omari,25,Left Midfield,Boavista,Free transfer,out,Summer,0,Liga Nos,2003,2003/2004
Gil Vicente FC,Geraldo Alves,22,Centre-Back,Paços Ferreira,Free transfer,out,Summer,0,Liga Nos,2003,2003/2004
Gil Vicente FC,Manoel,25,Centre-Forward,Moreirense,?,out,Summer,NA,Liga Nos,2003,2003/2004
Gil Vicente FC,Dário,24,Centre-Back,Marco,?,out,Summer,NA,Liga Nos,2003,2003/2004
Gil Vicente FC,Marco Nuno,28,Right Midfield,Lusitano VRSA,?,out,Summer,NA,Liga Nos,2003,2003/2004
Gil Vicente FC,Rui Guerreiro,28,Right-Back,CD Fátima,?,out,Summer,NA,Liga Nos,2003,2003/2004
Belenenses SAD,Fábio Rosa,20,Forward,Portalegre,Free transfer,in,Summer,0,Liga Nos,2003,2003/2004
Belenenses SAD,Pelé,25,Centre-Back,Farense,?,in,Summer,NA,Liga Nos,2003,2003/2004
Belenenses SAD,Hélder Rosário,23,Centre-Back,Farense,?,in,Summer,NA,Liga Nos,2003,2003/2004
Belenenses SAD,Leonardo,29,Right Winger,América-MG,?,in,Summer,NA,Liga Nos,2003,2003/2004
Belenenses SAD,Sousa,25,Right-Back,FC Porto,?,in,Summer,NA,Liga Nos,2003,2003/2004
Belenenses SAD,Valdiram,20,Centre-Forward,CRB,?,in,Summer,NA,Liga Nos,2003,2003/2004
Belenenses SAD,Gonçalo Brandão,16,Centre-Back,Belenenses U19,-,in,Summer,0,Liga Nos,2003,2003/2004
Belenenses SAD,Rúben Amorim,18,Central Midfield,Belenenses U19,-,in,Summer,0,Liga Nos,2003,2003/2004
Belenenses SAD,Bruno Miguel Veloso Simões,22,Midfielder,Brandenburg. SC,Free transfer,out,Summer,0,Liga Nos,2003,2003/2004
Belenenses SAD,Rogério,27,Defensive Midfield,CF Estrela,Free transfer,out,Summer,0,Liga Nos,2003,2003/2004
Belenenses SAD,Odair,29,Centre-Back,Penafiel,Free transfer,out,Summer,0,Liga Nos,2003,2003/2004
Belenenses SAD,Orestes,22,Centre-Back,Vitória Setúbal,Free transfer,out,Summer,0,Liga Nos,2003,2003/2004
Belenenses SAD,Luís Ferreira,30,Goalkeeper,Mafra,?,out,Summer,NA,Liga Nos,2003,2003/2004
Belenenses SAD,Brian Waltrip,25,Right Midfield,Olivais,?,out,Summer,NA,Liga Nos,2003,2003/2004
Belenenses SAD,Chico Silva,25,Left-Back,Dragões,?,out,Summer,NA,Liga Nos,2003,2003/2004
Belenenses SAD,Bruno Fernandes,24,Centre-Back,Amora FC,?,out,Summer,NA,Liga Nos,2003,2003/2004
Belenenses SAD,Djalmir,27,Centre-Forward,Salgueiros,?,out,Summer,NA,Liga Nos,2003,2003/2004
Belenenses SAD,Rui Duarte,24,Central Midfield,Naval,?,out,Summer,NA,Liga Nos,2003,2003/2004
Belenenses SAD,Fajardo,24,Attacking Midfield,Naval,?,out,Summer,NA,Liga Nos,2003,2003/2004
Belenenses SAD,Luis Manuel Franklim,24,Centre-Back,Marco,?,out,Summer,NA,Liga Nos,2003,2003/2004
Belenenses SAD,Sousa,25,Right-Back,FC Porto,"End of loanJun 30, 2003",out,Summer,0,Liga Nos,2003,2003/2004
Boavista FC,Ali El Omari,25,Left Midfield,Gil Vicente,Free transfer,in,Summer,0,Liga Nos,2003,2003/2004
Boavista FC,André Macanga,25,Defensive Midfield,Coimbra,Free transfer,in,Summer,0,Liga Nos,2003,2003/2004
Boavista FC,Fary,28,Centre-Forward,Beira-Mar,?,in,Summer,NA,Liga Nos,2003,2003/2004
Boavista FC,Ricardo Silva,27,Centre-Back,Vit. Guimarães,?,in,Summer,NA,Liga Nos,2003,2003/2004
Boavista FC,Filipe Anunciacão,24,Defensive Midfield,Desportivo Aves,?,in,Summer,NA,Liga Nos,2003,2003/2004
Boavista FC,Ricardo Sousa,24,Attacking Midfield,Beira-Mar,?,in,Summer,NA,Liga Nos,2003,2003/2004
Boavista FC,Hélder Calvino,19,Attacking Midfield,Boavista U19,-,in,Summer,0,Liga Nos,2003,2003/2004
Boavista FC,Paulo Rangel,18,Centre-Forward,Boavista U19,-,in,Summer,0,Liga Nos,2003,2003/2004
Boavista FC,Rui Lima,25,Left Midfield,Vitória Setúbal,"End of loanJun 30, 2003",in,Summer,0,Liga Nos,2003,2003/2004
Boavista FC,José Pedro,24,Central Midfield,Ovarense,"End of loanJun 30, 2003",in,Summer,0,Liga Nos,2003,2003/2004
Boavista FC,Ico,30,Midfielder,Desportivo Aves,"End of loanJun 30, 2003",in,Summer,0,Liga Nos,2003,2003/2004
Boavista FC,João Paulo,23,Centre-Forward,Varzim,"End of loanJun 30, 2003",in,Summer,0,Liga Nos,2003,2003/2004
Boavista FC,Marco Almeida,24,Right-Back,Penafiel,"End of loanJun 30, 2003",in,Summer,0,Liga Nos,2003,2003/2004
Boavista FC,Saná Fadeira,21,Centre-Forward,Desportivo Aves,"End of loanJun 30, 2003",in,Summer,0,Liga Nos,2003,2003/2004
Boavista FC,Elpídio Silva,27,Centre-Forward,Sporting CP,£1.08m,out,Summer,1.08,Liga Nos,2003,2003/2004
Boavista FC,Bosingwa,20,Right-Back,FC Porto,£900Th.,out,Summer,0.9,Liga Nos,2003,2003/2004
Boavista FC,Ricardo,27,Goalkeeper,Sporting CP,£630Th.,out,Summer,0.63,Liga Nos,2003,2003/2004
Boavista FC,Sérgio Leite,23,Goalkeeper,Charlton,Free transfer,out,Summer,0,Liga Nos,2003,2003/2004
Boavista FC,João Paulo,23,Centre-Forward,Beira-Mar,Loan,out,Summer,0,Liga Nos,2003,2003/2004
Boavista FC,Ico,30,Midfielder,Marco,Free transfer,out,Summer,0,Liga Nos,2003,2003/2004
Boavista FC,Marco Almeida,24,Right-Back,União Madeira,?,out,Summer,NA,Liga Nos,2003,2003/2004
Boavista FC,Erivan,28,Left-Back,Maia,?,out,Summer,NA,Liga Nos,2003,2003/2004
Boavista FC,Diogo Valente,18,Left Winger,Chaves,Loan,out,Summer,0,Liga Nos,2003,2003/2004
Boavista FC,Ávalos,25,Centre-Back,Nacional,?,out,Summer,NA,Liga Nos,2003,2003/2004
Boavista FC,José Pedro,24,Central Midfield,Vitória Setúbal,Loan,out,Summer,0,Liga Nos,2003,2003/2004
Boavista FC,Sául,25,Centre-Back,Beira-Mar,Loan,out,Summer,0,Liga Nos,2003,2003/2004
Boavista FC,Alexandre Goulart,26,Attacking Midfield,Nacional,?,out,Summer,NA,Liga Nos,2003,2003/2004
Boavista FC,Igor Rocha,19,Left-Back,GD Ribeirão,Loan,out,Summer,0,Liga Nos,2003,2003/2004
Boavista FC,Daniel,19,Defensive Midfield,Chaves,Loan,out,Summer,0,Liga Nos,2003,2003/2004
Boavista FC,Jorge Couto,33,Right Midfield,Retired,-,out,Summer,0,Liga Nos,2003,2003/2004
Boavista FC,Erwin Sánchez,33,Attacking Midfield,Retired,-,out,Summer,0,Liga Nos,2003,2003/2004
CD Nacional,Henrique Hilário,27,Goalkeeper,Coimbra,Free transfer,in,Summer,0,Liga Nos,2003,2003/2004
CD Nacional,Cléber,23,Defensive Midfield,Cruzeiro,Free transfer,in,Summer,0,Liga Nos,2003,2003/2004
CD Nacional,Émerson Nunes,21,Centre-Back,Cruzeiro,Free transfer,in,Summer,0,Liga Nos,2003,2003/2004
CD Nacional,Paulo Sérgio,30,Centre-Back,Marítimo,Free transfer,in,Summer,0,Liga Nos,2003,2003/2004
CD Nacional,Iván Pérez,27,Centre-Forward,Dep. La Coruña,Loan,in,Summer,0,Liga Nos,2003,2003/2004
CD Nacional,Alexandre Goulart,26,Attacking Midfield,Boavista,?,in,Summer,NA,Liga Nos,2003,2003/2004
CD Nacional,Serginho Baiano,25,Left Winger,Paços Ferreira,?,in,Summer,NA,Liga Nos,2003,2003/2004
CD Nacional,Ávalos,25,Centre-Back,Boavista,?,in,Summer,NA,Liga Nos,2003,2003/2004
CD Nacional,Mário Carlos,20,Right Winger,Vitória Setúbal,?,in,Summer,NA,Liga Nos,2003,2003/2004
CD Nacional,Fernando Cardozo,24,Centre-Back,Internacional,?,in,Summer,NA,Liga Nos,2003,2003/2004
CD Nacional,Leandro,24,Left Winger,Flamengo,?,in,Summer,NA,Liga Nos,2003,2003/2004
CD Nacional,Nuno Viveiros,20,Right Winger,Camacha,"End of loanJun 30, 2003",in,Summer,0,Liga Nos,2003,2003/2004
CD Nacional,Fabiano Rossato,25,Left-Back,FC Porto,£1.80m,out,Summer,1.8,Liga Nos,2003,2003/2004
CD Nacional,Hugo Carreira,24,Centre-Back,CF Estrela,?,out,Summer,NA,Liga Nos,2003,2003/2004
CD Nacional,Arnaud Margueritte,30,Goalkeeper,ES Wasquehal,?,out,Summer,NA,Liga Nos,2003,2003/2004
CD Nacional,Bernardo,25,Defensive Midfield,CF Estrela,?,out,Summer,NA,Liga Nos,2003,2003/2004
CD Nacional,Bruno Ferraz,28,Centre-Back,Naval,?,out,Summer,NA,Liga Nos,2003,2003/2004
CD Nacional,Adilson Soares Cassama,20,Defensive Midfield,União Madeira,?,out,Summer,NA,Liga Nos,2003,2003/2004
CD Nacional,Tonanha,23,Right Midfield,Leixões,?,out,Summer,NA,Liga Nos,2003,2003/2004
CD Nacional,Idalécio,29,Centre-Back,Rio Ave FC,?,out,Summer,NA,Liga Nos,2003,2003/2004
CD Nacional,Predrag Jokanovic,34,Centre-Back,Retired,-,out,Summer,0,Liga Nos,2003,2003/2004
CD Nacional,Jovo Bosancic,32,Right Winger,Retired,-,out,Summer,0,Liga Nos,2003,2003/2004
CD Nacional,Goran Zivanovic,42,Goalkeeper,Retired,-,out,Summer,0,Liga Nos,2003,2003/2004
Moreirense FC,Carlos Lima,25,Attacking Midfield,Braga,Free transfer,in,Summer,0,Liga Nos,2003,2003/2004
Moreirense FC,Rêgo,24,Attacking Midfield,Unknown,Free transfer,in,Summer,0,Liga Nos,2003,2003/2004
Moreirense FC,João Carlos,23,Goalkeeper,Caçadores,Free transfer,in,Summer,0,Liga Nos,2003,2003/2004
Moreirense FC,Bruno Mestre,21,Left-Back,Farense,Free transfer,in,Summer,0,Liga Nos,2003,2003/2004
Moreirense FC,Lito,28,Right Winger,Maia,?,in,Summer,NA,Liga Nos,2003,2003/2004
Moreirense FC,Sena,25,Right-Back,Penafiel,?,in,Summer,NA,Liga Nos,2003,2003/2004
Moreirense FC,Tito,31,Left-Back,Braga,?,in,Summer,NA,Liga Nos,2003,2003/2004
Moreirense FC,Castro,24,Defensive Midfield,Fafe,?,in,Summer,NA,Liga Nos,2003,2003/2004
Moreirense FC,Nuno Claro,26,Goalkeeper,Gondomar,?,in,Summer,NA,Liga Nos,2003,2003/2004
Moreirense FC,Manoel,25,Centre-Forward,Gil Vicente,?,in,Summer,NA,Liga Nos,2003,2003/2004
Moreirense FC,Ricardo Fernandes,25,Centre-Back,Salgueiros,?,in,Summer,NA,Liga Nos,2003,2003/2004
Moreirense FC,Laelson,27,Forward,Vit. Guimarães,?,in,Summer,NA,Liga Nos,2003,2003/2004
Moreirense FC,Cristian Uribe,27,Central Midfield,Without Club,-,in,Summer,0,Liga Nos,2003,2003/2004
Moreirense FC,Kipulo,21,Centre-Back,Marco,"End of loanJun 30, 2003",in,Summer,0,Liga Nos,2003,2003/2004
Moreirense FC,Alex Costa,23,Right-Back,Benfica,Free transfer,out,Summer,0,Liga Nos,2003,2003/2004
Moreirense FC,Armando Evangelista,29,Defensive Midfield,Lixa,?,out,Summer,NA,Liga Nos,2003,2003/2004
Moreirense FC,Víctor Quintana,27,Defensive Midfield,Olimpia,?,out,Summer,NA,Liga Nos,2003,2003/2004
Moreirense FC,Nuno Cavaleiro,27,Right Winger,Vizela,?,out,Summer,NA,Liga Nos,2003,2003/2004
Moreirense FC,Ido,27,Midfielder,Covilhã,?,out,Summer,NA,Liga Nos,2003,2003/2004
Moreirense FC,Serafim,29,Left-Back,Santa Clara,?,out,Summer,NA,Liga Nos,2003,2003/2004
Moreirense FC,João Duarte,27,Centre-Back,Santa Clara,?,out,Summer,NA,Liga Nos,2003,2003/2004
Moreirense FC,Flávio Meireles,26,Defensive Midfield,Vit. Guimarães,?,out,Summer,NA,Liga Nos,2003,2003/2004
Moreirense FC,Afonso Martins,30,Attacking Midfield,Vit. Guimarães,?,out,Summer,NA,Liga Nos,2003,2003/2004
Moreirense FC,Agostinho,27,Left Winger,Poli Ejido,?,out,Summer,NA,Liga Nos,2003,2003/2004
Moreirense FC,Sérgio Gomes,23,Goalkeeper,Felgueiras,?,out,Summer,NA,Liga Nos,2003,2003/2004
SC Beira-Mar,Andy Marriott,32,Goalkeeper,Birmingham,Free transfer,in,Summer,0,Liga Nos,2003,2003/2004
SC Beira-Mar,João Paulo,23,Centre-Forward,Boavista,Loan,in,Summer,0,Liga Nos,2003,2003/2004
SC Beira-Mar,Clyde Wijnhard,29,Centre-Forward,Oldham Athletic,Free transfer,in,Summer,0,Liga Nos,2003,2003/2004
SC Beira-Mar,Mário Artur,34,Right Midfield,Olhanense,?,in,Summer,NA,Liga Nos,2003,2003/2004
SC Beira-Mar,David Henríquez,25,Centre-Back,Colo Colo,?,in,Summer,NA,Liga Nos,2003,2003/2004
SC Beira-Mar,Alejandro Osorio,26,Central Midfield,Estudiantes,?,in,Summer,NA,Liga Nos,2003,2003/2004
SC Beira-Mar,Sául,25,Centre-Back,Boavista,Loan,in,Summer,0,Liga Nos,2003,2003/2004
SC Beira-Mar,Sunny Kingsley,21,Second Striker,Caldas,?,in,Summer,NA,Liga Nos,2003,2003/2004
SC Beira-Mar,Marian Zeman,28,Centre-Back,Vitesse,?,in,Summer,NA,Liga Nos,2003,2003/2004
SC Beira-Mar,Whelliton,31,Forward,Córdoba CF,?,in,Summer,NA,Liga Nos,2003,2003/2004
SC Beira-Mar,Artur,19,Attacking Midfield,Beira-Mar U19,-,in,Summer,0,Liga Nos,2003,2003/2004
SC Beira-Mar,Fary,28,Centre-Forward,Boavista,?,out,Summer,NA,Liga Nos,2003,2003/2004
SC Beira-Mar,Carlos Carvalhinho,21,Left-Back,Caldas,?,out,Summer,NA,Liga Nos,2003,2003/2004
SC Beira-Mar,Cobra,24,Goalkeeper,Caldas,?,out,Summer,NA,Liga Nos,2003,2003/2004
SC Beira-Mar,Vitor Silva,34,Centre-Back,Oliveira Bairro,?,out,Summer,NA,Liga Nos,2003,2003/2004
SC Beira-Mar,Diego Galván,21,Right Midfield,Olimpo,?,out,Summer,NA,Liga Nos,2003,2003/2004
SC Beira-Mar,Carlão,22,Centre-Back,Maia,?,out,Summer,NA,Liga Nos,2003,2003/2004
SC Beira-Mar,Ferreira,24,Centre-Forward,Gil Vicente,?,out,Summer,NA,Liga Nos,2003,2003/2004
SC Beira-Mar,Ricardo Sousa,24,Attacking Midfield,Boavista,?,out,Summer,NA,Liga Nos,2003,2003/2004
SC Beira-Mar,Jorge Neves,33,Right-Back,Chaves,?,out,Summer,NA,Liga Nos,2003,2003/2004
SC Beira-Mar,Zezinho,28,Right Winger,Atlético-MG,?,out,Summer,NA,Liga Nos,2003,2003/2004
SC Beira-Mar,Luís Manuel,32,Defensive Midfield,Retired,-,out,Summer,0,Liga Nos,2003,2003/2004
SC Braga,Igor,23,Centre-Forward,Maia,Free transfer,in,Summer,0,Liga Nos,2003,2003/2004
SC Braga,Maurício,26,Centre-Back,Juventude,Free transfer,in,Summer,0,Liga Nos,2003,2003/2004
SC Braga,Marco Vanzini,27,Defensive Midfield,Nacional,?,in,Summer,NA,Liga Nos,2003,2003/2004
SC Braga,Zé Pedro,21,Right-Back,Felgueiras,?,in,Summer,NA,Liga Nos,2003,2003/2004
SC Braga,Nuno Fonseca,21,Right Midfield,União Lamas,?,in,Summer,NA,Liga Nos,2003,2003/2004
SC Braga,Toni,20,Centre-Back,Benfica,?,in,Summer,NA,Liga Nos,2003,2003/2004
SC Braga,Narcisse,22,Attacking Midfield,Jeanne d'Arc,?,in,Summer,NA,Liga Nos,2003,2003/2004
SC Braga,Paulo Fonseca,21,Right-Back,Benfica,?,in,Summer,NA,Liga Nos,2003,2003/2004
SC Braga,Éder Bonfim,22,Right-Back,Benfica,?,in,Summer,NA,Liga Nos,2003,2003/2004
SC Braga,Nem,29,Centre-Back,Atlético-MG,?,in,Summer,NA,Liga Nos,2003,2003/2004
SC Braga,Pena,29,Centre-Forward,FC Porto,Loan,in,Summer,0,Liga Nos,2003,2003/2004
SC Braga,Dominic Foley,26,Centre-Forward,Watford,?,in,Summer,NA,Liga Nos,2003,2003/2004
SC Braga,Fredrik Söderström,30,Central Midfield,Standard Liège,?,in,Summer,NA,Liga Nos,2003,2003/2004
SC Braga,Jorge Luís,27,Left-Back,Varzim,?,in,Summer,NA,Liga Nos,2003,2003/2004
SC Braga,Paulo Sérgio,27,Right Midfield,Montpellier,?,in,Summer,NA,Liga Nos,2003,2003/2004
SC Braga,Cícero,17,Centre-Forward,Braga B,-,in,Summer,0,Liga Nos,2003,2003/2004
SC Braga,João Cardoso,19,Left-Back,Braga U19,-,in,Summer,0,Liga Nos,2003,2003/2004
SC Braga,Nozomi Hiroyama,26,Left Winger,Montpellier,Free transfer,out,Summer,0,Liga Nos,2003,2003/2004
SC Braga,Carlos Lima,25,Attacking Midfield,Moreirense,Free transfer,out,Summer,0,Liga Nos,2003,2003/2004
SC Braga,Abiodun Agunbiade,20,Right Winger,Naval,Free transfer,out,Summer,0,Liga Nos,2003,2003/2004
SC Braga,Tito,31,Left-Back,Moreirense,?,out,Summer,NA,Liga Nos,2003,2003/2004
SC Braga,Celso,26,Right-Back,Penafiel,?,out,Summer,NA,Liga Nos,2003,2003/2004
SC Braga,Bodunha,28,Right-Back,Maia,?,out,Summer,NA,Liga Nos,2003,2003/2004
SC Braga,Gabriel Miguel Bordi,28,Centre-Forward,CD Logroñés,?,out,Summer,NA,Liga Nos,2003,2003/2004
SC Braga,Ibón Arrieta,26,Centre-Forward,Chaves,?,out,Summer,NA,Liga Nos,2003,2003/2004
SC Braga,Michael Curcija,26,Centre-Forward,South Melbourne,?,out,Summer,NA,Liga Nos,2003,2003/2004
SC Braga,Zé Nuno,33,Right-Back,Retired,-,out,Summer,0,Liga Nos,2003,2003/2004
Académica Coimbra,Cédrick Fiston,22,Centre-Forward,G. Bordeaux,Free transfer,in,Summer,0,Liga Nos,2003,2003/2004
Académica Coimbra,Flávio Dias,25,Centre-Forward,Grêmio,Free transfer,in,Summer,0,Liga Nos,2003,2003/2004
Académica Coimbra,Zuela,19,Centre-Back,Sertanense,Free transfer,in,Summer,0,Liga Nos,2003,2003/2004
Académica Coimbra,Ákos Buzsáky,21,Central Midfield,FC Porto,Loan,in,Summer,0,Liga Nos,2003,2003/2004
Académica Coimbra,Khalid Fouhami,30,Goalkeeper,Standard Liège,Free transfer,in,Summer,0,Liga Nos,2003,2003/2004
Académica Coimbra,Zé António,26,Centre-Back,Varzim,Free transfer,in,Summer,0,Liga Nos,2003,2003/2004
Académica Coimbra,Pedro Henriques,28,Left-Back,Santa Clara,?,in,Summer,NA,Liga Nos,2003,2003/2004
Académica Coimbra,Filipe Alvim,24,Right-Back,Juventude,?,in,Summer,NA,Liga Nos,2003,2003/2004
Académica Coimbra,Delmer,28,Centre-Forward,Criciúma EC,?,in,Summer,NA,Liga Nos,2003,2003/2004
Académica Coimbra,Rodolfo Correia,26,Defensive Midfield,Varzim,?,in,Summer,NA,Liga Nos,2003,2003/2004
Académica Coimbra,Fábio Felicio,21,Central Midfield,Olhanense,?,in,Summer,NA,Liga Nos,2003,2003/2004
Académica Coimbra,Zé Castro,20,Centre-Back,Académica U19,-,in,Summer,0,Liga Nos,2003,2003/2004
Académica Coimbra,Dionattan,21,Central Midfield,Juventude,,in,Summer,NA,Liga Nos,2003,2003/2004
Académica Coimbra,André Macanga,25,Defensive Midfield,Boavista,Free transfer,out,Summer,0,Liga Nos,2003,2003/2004
Académica Coimbra,Henrique Hilário,27,Goalkeeper,Nacional,Free transfer,out,Summer,0,Liga Nos,2003,2003/2004
Académica Coimbra,Binho,25,Defensive Midfield,Naval,Free transfer,out,Summer,0,Liga Nos,2003,2003/2004
Académica Coimbra,Pedro Oliveira,21,Right Winger,Leixões,Free transfer,out,Summer,0,Liga Nos,2003,2003/2004
Académica Coimbra,Márcio Santos,24,Goalkeeper,CF Estrela,Free transfer,out,Summer,0,Liga Nos,2003,2003/2004
Académica Coimbra,Esquerdinha,31,Left-Back,Goiás EC,?,out,Summer,NA,Liga Nos,2003,2003/2004
Académica Coimbra,Manuel José,22,Right Winger,Vit. Guimarães,?,out,Summer,NA,Liga Nos,2003,2003/2004
Académica Coimbra,Roberto,24,Centre-Forward,CF Estrela,?,out,Summer,NA,Liga Nos,2003,2003/2004
Académica Coimbra,Xano,20,Right Winger,UD Salamanca,?,out,Summer,NA,Liga Nos,2003,2003/2004
Académica Coimbra,Fabien Valeri,29,Left Midfield,Cannes,?,out,Summer,NA,Liga Nos,2003,2003/2004
Académica Coimbra,Vítor Vieira,30,Right Winger,Penafiel,?,out,Summer,NA,Liga Nos,2003,2003/2004
Académica Coimbra,Zé Nando,34,Left-Back,Retired,-,out,Summer,0,Liga Nos,2003,2003/2004
Académica Coimbra,Tó Sá,34,Defender,Coimbra B,-,out,Summer,0,Liga Nos,2003,2003/2004
Académica Coimbra,Carlos Martins,21,Attacking Midfield,Sporting B,"End of loanJun 30, 2003",out,Summer,0,Liga Nos,2003,2003/2004
Académica Coimbra,Marcos António,20,Centre-Back,FC Porto B,"End of loanJun 30, 2003",out,Summer,0,Liga Nos,2003,2003/2004
Rio Ave FC,Danielson,22,Centre-Back,SE Gama,Free transfer,in,Summer,0,Liga Nos,2003,2003/2004
Rio Ave FC,Cuco,21,Central Midfield,Santa Clara,Free transfer,in,Summer,0,Liga Nos,2003,2003/2004
Rio Ave FC,Cuco,21,Central Midfield,Santa Clara,Free transfer,in,Summer,0,Liga Nos,2003,2003/2004
Rio Ave FC,Jaime,24,Attacking Midfield,Vit. Guimarães,?,in,Summer,NA,Liga Nos,2003,2003/2004
Rio Ave FC,Paulo César,23,Right Winger,Anápolis-GO,?,in,Summer,NA,Liga Nos,2003,2003/2004
Rio Ave FC,Idalécio,29,Centre-Back,Nacional,?,in,Summer,NA,Liga Nos,2003,2003/2004
Rio Ave FC,Mora,29,Goalkeeper,União Madeira,?,in,Summer,NA,Liga Nos,2003,2003/2004
Rio Ave FC,Junas,30,Attacking Midfield,União Madeira,?,in,Summer,NA,Liga Nos,2003,2003/2004
Rio Ave FC,Tiago Carneiro,19,Left Winger,GD Joane,?,in,Summer,NA,Liga Nos,2003,2003/2004
Rio Ave FC,Zé Gomes,27,Right-Back,Ovarense,?,in,Summer,NA,Liga Nos,2003,2003/2004
Rio Ave FC,Nuno Sousa,30,Centre-Forward,Gondomar,"End of loanJun 30, 2004",in,Summer,0,Liga Nos,2003,2003/2004
Rio Ave FC,André Vilas Boas,20,Centre-Back,FC Porto,Loan,out,Summer,0,Liga Nos,2003,2003/2004
Rio Ave FC,Mércio,23,Central Midfield,Desportivo Aves,?,out,Summer,NA,Liga Nos,2003,2003/2004
Rio Ave FC,Nuno Sousa,29,Centre-Forward,Gondomar,Loan,out,Summer,0,Liga Nos,2003,2003/2004
Rio Ave FC,António Carvalho,21,Centre-Back,Oliveirense,?,out,Summer,NA,Liga Nos,2003,2003/2004
Rio Ave FC,Romano Sion,32,Midfielder,Uni. Las Palmas,?,out,Summer,NA,Liga Nos,2003,2003/2004
FC Alverca,Alex Afonso,22,Centre-Forward,Portimonense,£450Th.,in,Summer,0.45,Liga Nos,2003,2003/2004
FC Alverca,Rodolfo,21,Centre-Back,Lourinhanense,Free transfer,in,Summer,0,Liga Nos,2003,2003/2004
FC Alverca,Ismael Almeida,21,Midfielder,Lourinhanense,Loan,in,Summer,0,Liga Nos,2003,2003/2004
FC Alverca,Nandinho,27,Left-Back,Salgueiros,?,in,Summer,NA,Liga Nos,2003,2003/2004
FC Alverca,Diogo,27,Defensive Midfield,Sporting CP,Loan,in,Summer,0,Liga Nos,2003,2003/2004
FC Alverca,João Antunes,19,Left-Back,Alverca U19,-,in,Summer,0,Liga Nos,2003,2003/2004
FC Alverca,Amoreirinha,18,Centre-Back,Alverca U19,-,in,Summer,0,Liga Nos,2003,2003/2004
FC Alverca,Filipe Falardo,19,Attacking Midfield,Benfica,"End of loanJun 30, 2003",in,Summer,0,Liga Nos,2003,2003/2004
FC Alverca,Gutty Sereno,19,Attacking Midfield,Benfica B,"End of loanJun 30, 2003",in,Summer,0,Liga Nos,2003,2003/2004
FC Alverca,João Antunes,19,Left-Back,Lourinhanense,Loan,out,Summer,0,Liga Nos,2003,2003/2004
FC Alverca,Bernardo Vasconcelos,24,Centre-Forward,Torreense,Free transfer,out,Summer,0,Liga Nos,2003,2003/2004
FC Alverca,Gutty Sereno,19,Attacking Midfield,Alcains,Free transfer,out,Summer,0,Liga Nos,2003,2003/2004
FC Alverca,António Alves,20,Centre-Forward,Lourinhanense,Loan,out,Summer,0,Liga Nos,2003,2003/2004
FC Alverca,Leandro Palma,20,Goalkeeper,Lourinhanense,Loan,out,Summer,0,Liga Nos,2003,2003/2004
FC Alverca,Hugo Santos,25,Left Winger,Olivais,?,out,Summer,NA,Liga Nos,2003,2003/2004
FC Alverca,Bruno Aguiar,22,Central Midfield,Benfica,"End of loanJun 30, 2003",out,Summer,0,Liga Nos,2003,2003/2004
CF Estrela Amadora SAD,Abdelsatar Sabry,29,Second Striker,Marítimo,Free transfer,in,Summer,0,Liga Nos,2003,2003/2004
CF Estrela Amadora SAD,Ivan Litera,27,Midfielder,Portimonense,Free transfer,in,Summer,0,Liga Nos,2003,2003/2004
CF Estrela Amadora SAD,Rogério,27,Defensive Midfield,Belenenses SAD,Free transfer,in,Summer,0,Liga Nos,2003,2003/2004
CF Estrela Amadora SAD,Júlio César,23,Centre-Forward,Loko Moscow,Free transfer,in,Summer,0,Liga Nos,2003,2003/2004
CF Estrela Amadora SAD,Márcio Santos,24,Goalkeeper,Coimbra,Free transfer,in,Summer,0,Liga Nos,2003,2003/2004
CF Estrela Amadora SAD,João Afonso,21,Centre-Back,Odivelas,?,in,Summer,NA,Liga Nos,2003,2003/2004
CF Estrela Amadora SAD,Alex Garcia,24,Right-Back,Leça,?,in,Summer,NA,Liga Nos,2003,2003/2004
CF Estrela Amadora SAD,Mauro Gama,19,Left-Back,Rio Maior,?,in,Summer,NA,Liga Nos,2003,2003/2004
CF Estrela Amadora SAD,Bernardo,25,Defensive Midfield,Nacional,?,in,Summer,NA,Liga Nos,2003,2003/2004
CF Estrela Amadora SAD,Marcos,27,Centre-Back,EC Vitória,?,in,Summer,NA,Liga Nos,2003,2003/2004
CF Estrela Amadora SAD,Tomas Tomic,26,Goalkeeper,Vit. Guimarães,Loan,in,Summer,0,Liga Nos,2003,2003/2004
CF Estrela Amadora SAD,Roberto,24,Centre-Forward,Coimbra,?,in,Summer,NA,Liga Nos,2003,2003/2004
CF Estrela Amadora SAD,Paulo Madeira,32,Centre-Back,Fluminense,?,in,Summer,NA,Liga Nos,2003,2003/2004
CF Estrela Amadora SAD,Rui Baião,22,Attacking Midfield,Varzim,?,in,Summer,NA,Liga Nos,2003,2003/2004
CF Estrela Amadora SAD,Hugo Carreira,24,Centre-Back,Nacional,?,in,Summer,NA,Liga Nos,2003,2003/2004
CF Estrela Amadora SAD,Lula,25,Left-Back,Amora FC,?,in,Summer,NA,Liga Nos,2003,2003/2004
CF Estrela Amadora SAD,Ibraima Baldé,17,Centre-Forward,E. Amadora U19,-,in,Summer,0,Liga Nos,2003,2003/2004
CF Estrela Amadora SAD,Filipe Leão,19,Goalkeeper,Farense,?,out,Summer,NA,Liga Nos,2003,2003/2004
CF Estrela Amadora SAD,Sérgio Marquês,26,Defensive Midfield,Olhanense,?,out,Summer,NA,Liga Nos,2003,2003/2004
CF Estrela Amadora SAD,Émerson,25,Centre-Back,Marco,?,out,Summer,NA,Liga Nos,2003,2003/2004
CF Estrela Amadora SAD,Rogerio,28,Left Midfield,Campinense-PB,?,out,Summer,NA,Liga Nos,2003,2003/2004
CF Estrela Amadora SAD,Dmitri Prokopenko,31,Centre-Forward,Career break,-,out,Summer,0,Liga Nos,2003,2003/2004
CF Estrela Amadora SAD,Éder Bonfim,22,Right-Back,Benfica,"End of loanJun 30, 2003",out,Summer,0,Liga Nos,2003,2003/2004
CF Estrela Amadora SAD,Nuno Santos,24,Goalkeeper,Sporting CP,"End of loanJun 30, 2003",out,Summer,0,Liga Nos,2003,2003/2004
FC Porto,Carlos Alberto,19,Attacking Midfield,Fluminense,£2.25m,in,Winter,2.25,Liga Nos,2003,2003/2004
FC Porto,Maciel,25,Right Winger,Leiria,£1.35m,in,Winter,1.35,Liga Nos,2003,2003/2004
FC Porto,Sérgio Conceição,29,Right Winger,Lazio,Free transfer,in,Winter,0,Liga Nos,2003,2003/2004
FC Porto,Pedro Ribeiro,20,Centre-Back,FC Porto B,-,in,Winter,0,Liga Nos,2003,2003/2004
FC Porto,Hugo Almeida,19,Centre-Forward,Leiria,Loan,out,Winter,0,Liga Nos,2003,2003/2004
FC Porto,Tiago,29,Defensive Midfield,Leiria,Loan,out,Winter,0,Liga Nos,2003,2003/2004
FC Porto,Bruno Fernandes,29,Central Midfield,Moreirense,Loan,out,Winter,0,Liga Nos,2003,2003/2004
SL Benfica,Takis Fyssas,30,Left-Back,Panathinaikos,Free transfer,in,Winter,0,Liga Nos,2003,2003/2004
SL Benfica,Zach Thornton,30,Goalkeeper,Chicago Fire,Free transfer,in,Winter,0,Liga Nos,2003,2003/2004
SL Benfica,Anders Andersson,29,Defensive Midfield,Belenenses SAD,Free transfer,out,Winter,0,Liga Nos,2003,2003/2004
SL Benfica,Carlitos,26,Right Winger,Poli Ejido,Free transfer,out,Winter,0,Liga Nos,2003,2003/2004
SL Benfica,Roger,25,Attacking Midfield,Fluminense,Loan,out,Winter,0,Liga Nos,2003,2003/2004
Sporting CP,Tinga,25,Central Midfield,Grêmio,Free transfer,in,Winter,0,Liga Nos,2003,2003/2004
Sporting CP,Nuno Santos,25,Goalkeeper,Penafiel,Loan,out,Winter,0,Liga Nos,2003,2003/2004
Sporting CP,Luís Filipe,24,Right-Back,Leiria,Loan,out,Winter,0,Liga Nos,2003,2003/2004
Vitória Guimarães SC,Alexandre Rotweiller,24,Defensive Midfield,São Paulo,Free transfer,in,Winter,0,Liga Nos,2003,2003/2004
Vitória Guimarães SC,Manuel José,22,Right Winger,Vitória Setúbal,?,out,Winter,NA,Liga Nos,2003,2003/2004
Vitória Guimarães SC,Moreno,22,Centre-Back,Caçadores,Loan,out,Winter,0,Liga Nos,2003,2003/2004
Vitória Guimarães SC,Vinicius,30,Centre-Forward,Fortaleza,?,out,Winter,NA,Liga Nos,2003,2003/2004
União de Leiria,Juan Viveros,22,Left Winger,Huachipato FC,£121Th.,in,Winter,0.121,Liga Nos,2003,2003/2004
União de Leiria,Hugo Almeida,19,Centre-Forward,FC Porto,Loan,in,Winter,0,Liga Nos,2003,2003/2004
União de Leiria,Otacílio,31,Defensive Midfield,EC Bahia,Free transfer,in,Winter,0,Liga Nos,2003,2003/2004
União de Leiria,Tiago,29,Defensive Midfield,FC Porto,Loan,in,Winter,0,Liga Nos,2003,2003/2004
União de Leiria,Luís Filipe,24,Right-Back,Sporting CP,Loan,in,Winter,0,Liga Nos,2003,2003/2004
União de Leiria,Cláudio,24,Centre-Forward,EC Bahia,?,in,Winter,NA,Liga Nos,2003,2003/2004
União de Leiria,Eddy Carazas,29,Right Midfield,Dep. Coopsol,?,in,Winter,NA,Liga Nos,2003,2003/2004
União de Leiria,Renato,30,Centre-Back,Leixões,"End of loanDec 31, 2003",in,Winter,0,Liga Nos,2003,2003/2004
União de Leiria,Maciel,25,Right Winger,FC Porto,£1.35m,out,Winter,1.35,Liga Nos,2003,2003/2004
FC Paços de Ferreira,Ricardo Esteves,24,Right Midfield,Nacional,Free transfer,in,Winter,0,Liga Nos,2003,2003/2004
FC Paços de Ferreira,Glauber,28,Defensive Midfield,Marco,Free transfer,in,Winter,0,Liga Nos,2003,2003/2004
FC Paços de Ferreira,Rui Dolores,25,Left Winger,Beira-Mar,?,in,Winter,NA,Liga Nos,2003,2003/2004
FC Paços de Ferreira,Beré,21,Centre-Forward,Matsubara-PR,?,in,Winter,NA,Liga Nos,2003,2003/2004
FC Paços de Ferreira,Ricardinho,25,Centre-Forward,Sport Recife,Loan,in,Winter,0,Liga Nos,2003,2003/2004
FC Paços de Ferreira,Paulo Vida,32,Centre-Forward,US Créteil,Loan,out,Winter,0,Liga Nos,2003,2003/2004
FC Paços de Ferreira,André Bikey,18,Centre-Back,Desportivo Aves,Free transfer,out,Winter,0,Liga Nos,2003,2003/2004
CS Marítimo,Léo Lima,21,Attacking Midfield,CSKA Sofia,Free transfer,in,Winter,0,Liga Nos,2003,2003/2004
CS Marítimo,Souza,21,Centre-Forward,CSKA Sofia,Free transfer,in,Winter,0,Liga Nos,2003,2003/2004
CS Marítimo,Rodrigão,25,Centre-Forward,Botafogo,Loan,in,Winter,0,Liga Nos,2003,2003/2004
CS Marítimo,Kenedy,29,Left-Back,Braga,Free transfer,out,Winter,0,Liga Nos,2003,2003/2004
CS Marítimo,Gaúcho,31,Centre-Forward,Busan I'Cons,Free transfer,out,Winter,0,Liga Nos,2003,2003/2004
CS Marítimo,Ronaldo,23,Forward,Santa Clara,Loan,out,Winter,0,Liga Nos,2003,2003/2004
CS Marítimo,Javier Musa,24,Centre-Back,Without Club,-,out,Winter,0,Liga Nos,2003,2003/2004
Gil Vicente FC,Yuri,21,Centre-Forward,Boavista,Free transfer,in,Winter,0,Liga Nos,2003,2003/2004
Gil Vicente FC,Mauro Bastos,24,Centre-Forward,Barreirense,Free transfer,in,Winter,0,Liga Nos,2003,2003/2004
Gil Vicente FC,Étienne Bito'o,23,Forward,Wits University,?,out,Winter,NA,Liga Nos,2003,2003/2004
Belenenses SAD,Alessandro Mangiarratti,25,Centre-Back,FC Wil 1900,Free transfer,in,Winter,0,Liga Nos,2003,2003/2004
Belenenses SAD,Anders Andersson,29,Defensive Midfield,Benfica,Free transfer,in,Winter,0,Liga Nos,2003,2003/2004
Belenenses SAD,Hugo Henrique,28,Centre-Forward,Vitória Setúbal,Free transfer,in,Winter,0,Liga Nos,2003,2003/2004
Belenenses SAD,Cristiano Brasília,26,Centre-Forward,Wisla Kraków,Free transfer,in,Winter,0,Liga Nos,2003,2003/2004
Belenenses SAD,Émerson,28,Centre-Back,Shimizu S-Pulse,Free transfer,in,Winter,0,Liga Nos,2003,2003/2004
Belenenses SAD,Paulo Sérgio,31,Centre-Back,Nacional,Free transfer,in,Winter,0,Liga Nos,2003,2003/2004
Belenenses SAD,Leandro,24,Left Winger,Nacional,?,in,Winter,NA,Liga Nos,2003,2003/2004
Belenenses SAD,Bruno Simão,18,Left-Back,Belenenses U19,-,in,Winter,0,Liga Nos,2003,2003/2004
Belenenses SAD,Hélio Neto,22,Right-Back,Mafra,?,out,Winter,NA,Liga Nos,2003,2003/2004
Belenenses SAD,Leonardo,29,Right Winger,Paysandu,?,out,Winter,NA,Liga Nos,2003,2003/2004
Boavista FC,Hugo Ferreira,19,Goalkeeper,Boavista U19,-,in,Winter,0,Liga Nos,2003,2003/2004
Boavista FC,José Pedro,25,Central Midfield,Vitória Setúbal,"End of loanDec 31, 2003",in,Winter,0,Liga Nos,2003,2003/2004
Boavista FC,Alexander Viveros,26,Left-Back,FC Nantes,Free transfer,out,Winter,0,Liga Nos,2003,2003/2004
Boavista FC,Yuri,21,Centre-Forward,Gil Vicente,Free transfer,out,Winter,0,Liga Nos,2003,2003/2004
Boavista FC,Márcio Santos,28,Centre-Forward,Atlético-MG,Free transfer,out,Winter,0,Liga Nos,2003,2003/2004
Boavista FC,Rui Lima,25,Left Midfield,Beira-Mar,?,out,Winter,NA,Liga Nos,2003,2003/2004
Boavista FC,Saná Fadeira,22,Centre-Forward,Chaves,Loan,out,Winter,0,Liga Nos,2003,2003/2004
CD Nacional,Michel Neves,23,Centre-Forward,Chunnam Dragons,£810Th.,in,Winter,0.81,Liga Nos,2003,2003/2004
CD Nacional,Diego Clementino,19,Centre-Forward,Cruzeiro,Loan,in,Winter,0,Liga Nos,2003,2003/2004
CD Nacional,Miguel Fidalgo,21,Centre-Forward,Camacha,"End of loanDec 31, 2003",in,Winter,0,Liga Nos,2003,2003/2004
CD Nacional,Ricardo Esteves,24,Right Midfield,Paços Ferreira,Free transfer,out,Winter,0,Liga Nos,2003,2003/2004
CD Nacional,Paulo Sérgio,31,Centre-Back,Belenenses SAD,Free transfer,out,Winter,0,Liga Nos,2003,2003/2004
CD Nacional,Nuno Viveiros,20,Right Winger,Camacha,Loan,out,Winter,0,Liga Nos,2003,2003/2004
CD Nacional,André Pinto,25,Centre-Forward,Santa Clara,Loan,out,Winter,0,Liga Nos,2003,2003/2004
CD Nacional,Serginho Cunha,31,Second Striker,Juventude,Loan,out,Winter,0,Liga Nos,2003,2003/2004
CD Nacional,Rogerinho,23,Forward,Camacha,Loan,out,Winter,0,Liga Nos,2003,2003/2004
CD Nacional,Leandro,24,Left Winger,Belenenses SAD,?,out,Winter,NA,Liga Nos,2003,2003/2004
CD Nacional,Iván Pérez,27,Centre-Forward,Dep. La Coruña,"End of loanDec 31, 2003",out,Winter,0,Liga Nos,2003,2003/2004
Moreirense FC,Luís Vouzela,29,Central Midfield,Santa Clara,Free transfer,in,Winter,0,Liga Nos,2003,2003/2004
Moreirense FC,Bruno Fernandes,29,Central Midfield,FC Porto,Loan,in,Winter,0,Liga Nos,2003,2003/2004
Moreirense FC,Jorge Brítez,22,Defensive Midfield,Maccabi Haifa,?,in,Winter,NA,Liga Nos,2003,2003/2004
Moreirense FC,Laelson,28,Forward,Varzim,?,out,Winter,NA,Liga Nos,2003,2003/2004
SC Beira-Mar,Malá,24,Defensive Midfield,Odivelas,Free transfer,in,Winter,0,Liga Nos,2003,2003/2004
SC Beira-Mar,Rui Lima,25,Left Midfield,Boavista,?,in,Winter,NA,Liga Nos,2003,2003/2004
SC Beira-Mar,Rui Dolores,25,Left Winger,Paços Ferreira,?,out,Winter,NA,Liga Nos,2003,2003/2004
SC Beira-Mar,David Henríquez,26,Centre-Back,Colo Colo,?,out,Winter,NA,Liga Nos,2003,2003/2004
SC Beira-Mar,Artur,19,Attacking Midfield,Gafanha,Loan,out,Winter,0,Liga Nos,2003,2003/2004
SC Braga,Kenedy,29,Left-Back,Marítimo,Free transfer,in,Winter,0,Liga Nos,2003,2003/2004
SC Braga,Kiril Nikolov,27,Attacking Midfield,Litex Lovetch,Loan,in,Winter,0,Liga Nos,2003,2003/2004
SC Braga,Nordin Wooter,26,Right Winger,Without Club,-,in,Winter,0,Liga Nos,2003,2003/2004
SC Braga,Miguel Soares,22,Central Midfield,Braga B,-,in,Winter,0,Liga Nos,2003,2003/2004
SC Braga,Nuno Rocha,26,Central Midfield,Santa Clara,Free transfer,out,Winter,0,Liga Nos,2003,2003/2004
SC Braga,Zé Roberto,25,Attacking Midfield,Alverca,Loan,out,Winter,0,Liga Nos,2003,2003/2004
Académica Coimbra,Paulo Sérgio,19,Attacking Midfield,Sporting B,Loan,in,Winter,0,Liga Nos,2003,2003/2004
Académica Coimbra,Joeano,24,Centre-Forward,UD Salamanca,?,in,Winter,NA,Liga Nos,2003,2003/2004
Académica Coimbra,Cacá,24,Centre-Forward,Albacete,Loan,in,Winter,0,Liga Nos,2003,2003/2004
Académica Coimbra,Dário,26,Centre-Forward,Al-Jazira,£1.08m,out,Winter,1.08,Liga Nos,2003,2003/2004
Académica Coimbra,Khalid Fouhami,31,Goalkeeper,Spartak-Alania,Free transfer,out,Winter,0,Liga Nos,2003,2003/2004
Académica Coimbra,Flávio Dias,25,Centre-Forward,Avaí FC,Free transfer,out,Winter,0,Liga Nos,2003,2003/2004
FC Alverca,Zé Roberto,25,Attacking Midfield,Braga,Loan,in,Winter,0,Liga Nos,2003,2003/2004
FC Alverca,Cajú,27,Centre-Forward,Busan I'Cons,?,out,Winter,NA,Liga Nos,2003,2003/2004
CF Estrela Amadora SAD,Wesnalton,26,Left-Back,Leixões,?,in,Winter,NA,Liga Nos,2003,2003/2004
CF Estrela Amadora SAD,Jordão,32,Defensive Midfield,Without Club,-,in,Winter,0,Liga Nos,2003,2003/2004
CF Estrela Amadora SAD,Mauro Almeida,21,Centre-Back,FC Zwolle,Free transfer,out,Winter,0,Liga Nos,2003,2003/2004
CF Estrela Amadora SAD,Tiago Lemos,26,Central Midfield,Naval,?,out,Winter,NA,Liga Nos,2003,2003/2004
CF Estrela Amadora SAD,Leonel,22,Goalkeeper,CD Costa do Sol,?,out,Winter,NA,Liga Nos,2003,2003/2004
CF Estrela Amadora SAD,Lázaro,36,Attacking Midfield,Retired,-,out,Winter,0,Liga Nos,2003,2003/2004
