club_name,player_name,age,position,club_involved_name,fee,transfer_movement,transfer_period,fee_cleaned,league_name,year,season
Fortuna Sittard,Dennis Gerritsen,28,Centre-Forward,De Graafschap,Free transfer,in,Summer,0,Eredivisie,1999,1999/2000
Fortuna Sittard,Joost Volmer,25,Centre-Back,MVV Maastricht,?,in,Summer,NA,Eredivisie,1999,1999/2000
Fortuna Sittard,Brenny Evers,20,Right-Back,PSV U21,?,in,Summer,NA,Eredivisie,1999,1999/2000
Fortuna Sittard,Dennis Krijgsman,26,Attacking Midfield,Sparta R.,?,in,Summer,NA,Eredivisie,1999,1999/2000
Fortuna Sittard,Samir Amari,19,Midfielder,VVV-Venlo,?,in,Summer,NA,Eredivisie,1999,1999/2000
Fortuna Sittard,Joos van Barneveld,17,Midfielder,Fortuna U19,-,in,Summer,0,Eredivisie,1999,1999/2000
Fortuna Sittard,Rob Schulpen,18,Midfielder,Sittard U21,-,in,Summer,0,Eredivisie,1999,1999/2000
Fortuna Sittard,Cliff Hamers,18,Midfielder,Fortuna U19,-,in,Summer,0,Eredivisie,1999,1999/2000
Fortuna Sittard,Mark van Bommel,22,Defensive Midfield,PSV Eindhoven,£2.43m,out,Summer,2.43,Eredivisie,1999,1999/2000
Fortuna Sittard,Arno van Zwam,29,Goalkeeper,Júbilo Iwata,Free transfer,out,Summer,0,Eredivisie,1999,1999/2000
Fortuna Sittard,Ervin Lee,25,Right-Back,AZ Alkmaar,Free transfer,out,Summer,0,Eredivisie,1999,1999/2000
Fortuna Sittard,Regillio Simons,26,Centre-Forward,NAC Breda,?,out,Summer,NA,Eredivisie,1999,1999/2000
Fortuna Sittard,Freek de Winter,22,Midfielder,Helmond Sport,?,out,Summer,NA,Eredivisie,1999,1999/2000
Fortuna Sittard,Michael Jeffrey,27,Centre-Forward,Kilmarnock FC,?,out,Summer,NA,Eredivisie,1999,1999/2000
Fortuna Sittard,Alin Banceu,25,Forward,FC National,?,out,Summer,NA,Eredivisie,1999,1999/2000
Fortuna Sittard,Ivo Jongepier,20,Midfielder,Eindhoven,?,out,Summer,NA,Eredivisie,1999,1999/2000
Fortuna Sittard,Wilfred Bouma,21,Left-Back,PSV Eindhoven,"End of loanJun 30, 1999",out,Summer,0,Eredivisie,1999,1999/2000
AZ Alkmaar,John Bosman,34,Centre-Forward,Twente FC,£360Th.,in,Summer,0.36,Eredivisie,1999,1999/2000
AZ Alkmaar,Miel Mans,21,Right Midfield,FC Volendam,Free transfer,in,Summer,0,Eredivisie,1999,1999/2000
AZ Alkmaar,Ervin Lee,25,Right-Back,Fortuna Sittard,Free transfer,in,Summer,0,Eredivisie,1999,1999/2000
AZ Alkmaar,Andrés Carevic,20,Defensive Midfield,Boca Juniors,?,in,Summer,NA,Eredivisie,1999,1999/2000
AZ Alkmaar,Jamal Dibi,19,Attacking Midfield,Telstar,?,in,Summer,NA,Eredivisie,1999,1999/2000
AZ Alkmaar,Robert van Westerop,20,Goalkeeper,AZ Alkmaar U21,-,in,Summer,0,Eredivisie,1999,1999/2000
AZ Alkmaar,Kenan Durmusoglu,26,Defensive Midfield,Cambuur L.,"End of loanJun 1, 1999",in,Summer,0,Eredivisie,1999,1999/2000
AZ Alkmaar,Robert van der Weert,28,Centre-Forward,NAC Breda,"End of loanJun 30, 1998",in,Summer,0,Eredivisie,1999,1999/2000
AZ Alkmaar,Jamal Dibi,19,Attacking Midfield,Telstar,Loan,out,Summer,0,Eredivisie,1999,1999/2000
AZ Alkmaar,Frank Amankwah,27,Right-Back,Iraklis,?,out,Summer,NA,Eredivisie,1999,1999/2000
AZ Alkmaar,Michel Langerak,30,Attacking Midfield,Sparta R.,?,out,Summer,NA,Eredivisie,1999,1999/2000
De Graafschap Doetinchem,Milan Berck Beelenkamp,21,Right-Back,Genoa,Free transfer,in,Summer,0,Eredivisie,1999,1999/2000
De Graafschap Doetinchem,Arno Splinter,21,Defender,Ajax,Free transfer,in,Summer,0,Eredivisie,1999,1999/2000
De Graafschap Doetinchem,Harald Berendsen,18,Left-Back,Vitesse U19,Free transfer,in,Summer,0,Eredivisie,1999,1999/2000
De Graafschap Doetinchem,René Bot,20,Right-Back,Feyenoord,Free transfer,in,Summer,0,Eredivisie,1999,1999/2000
De Graafschap Doetinchem,Marino Promes,22,Forward,Willem II,?,in,Summer,NA,Eredivisie,1999,1999/2000
De Graafschap Doetinchem,Stefan Postma,23,Goalkeeper,FC Utrecht,?,in,Summer,NA,Eredivisie,1999,1999/2000
De Graafschap Doetinchem,Massamasso Tchangai,20,Centre-Back,Udinese,?,in,Summer,NA,Eredivisie,1999,1999/2000
De Graafschap Doetinchem,Michal Nehoda,22,Forward,Drnovice,?,in,Summer,NA,Eredivisie,1999,1999/2000
De Graafschap Doetinchem,Patrik Fredholm,21,Midfielder,Udinese,?,in,Summer,NA,Eredivisie,1999,1999/2000
De Graafschap Doetinchem,Ousmane Sanda Sanda,17,Midfielder,Udinese,Loan,in,Summer,0,Eredivisie,1999,1999/2000
De Graafschap Doetinchem,Abdul Rahman Issah,18,Centre-Back,AJ Auxerre B,?,in,Summer,NA,Eredivisie,1999,1999/2000
De Graafschap Doetinchem,Denis Godeas,24,Centre-Forward,Triestina,?,in,Summer,NA,Eredivisie,1999,1999/2000
De Graafschap Doetinchem,Jurgen Wevers,20,Goalkeeper,De Graafs. U21,-,in,Summer,0,Eredivisie,1999,1999/2000
De Graafschap Doetinchem,Ville Väisänen,22,Centre-Forward,Tampere United,"End of loanJun 30, 1999",in,Summer,0,Eredivisie,1999,1999/2000
De Graafschap Doetinchem,Hans van de Haar,24,Centre-Forward,KFC Uerdingen,"End of loanJun 30, 1999",in,Summer,0,Eredivisie,1999,1999/2000
De Graafschap Doetinchem,Tomasz Rzasa,26,Left-Back,Feyenoord,£1.62m,out,Summer,1.62,Eredivisie,1999,1999/2000
De Graafschap Doetinchem,Hans van de Haar,24,Centre-Forward,SSV Ulm 1846,£225Th.,out,Summer,0.225,Eredivisie,1999,1999/2000
De Graafschap Doetinchem,Dave de Jong,24,Centre-Back,NAC Breda,Free transfer,out,Summer,0,Eredivisie,1999,1999/2000
De Graafschap Doetinchem,Dennis Gerritsen,28,Centre-Forward,Fortuna Sittard,Free transfer,out,Summer,0,Eredivisie,1999,1999/2000
De Graafschap Doetinchem,Ville Väisänen,22,Centre-Forward,FC Lahti,Loan,out,Summer,0,Eredivisie,1999,1999/2000
De Graafschap Doetinchem,Edwin Godee,34,Midfielder,Heracles Almelo,?,out,Summer,NA,Eredivisie,1999,1999/2000
De Graafschap Doetinchem,Maikel Haggeman,22,Forward,Unknown,?,out,Summer,NA,Eredivisie,1999,1999/2000
De Graafschap Doetinchem,Jeroen Drenth,20,Defender,Heracles Almelo,?,out,Summer,NA,Eredivisie,1999,1999/2000
De Graafschap Doetinchem,Dennis te Braak,26,Midfielder,Heracles Almelo,?,out,Summer,NA,Eredivisie,1999,1999/2000
De Graafschap Doetinchem,René Bot,20,Right-Back,Feyenoord,"End of loanJun 30, 1999",out,Summer,0,Eredivisie,1999,1999/2000
Ajax Amsterdam,Nikolaos Machlas,26,Centre-Forward,Vitesse,£7.65m,in,Summer,7.65,Eredivisie,1999,1999/2000
Ajax Amsterdam,Frank Verlaat,31,Centre-Back,VfB Stuttgart,£3.96m,in,Summer,3.96,Eredivisie,1999,1999/2000
Ajax Amsterdam,John Nieuwenburg,20,Defensive Midfield,Sparta R.,£2.43m,in,Summer,2.43,Eredivisie,1999,1999/2000
Ajax Amsterdam,Cristian Chivu,18,Centre-Back,FC U Craiova,£2.25m,in,Summer,2.25,Eredivisie,1999,1999/2000
Ajax Amsterdam,Brian Laudrup,30,Right Winger,FC Copenhagen,£1.80m,in,Summer,1.8,Eredivisie,1999,1999/2000
Ajax Amsterdam,Aron Winter,32,Defensive Midfield,Inter,£540Th.,in,Summer,0.54,Eredivisie,1999,1999/2000
Ajax Amsterdam,Jason Culina,18,Central Midfield,Sydney Olympic,Free transfer,in,Summer,0,Eredivisie,1999,1999/2000
Ajax Amsterdam,Aaron Mokoena,18,Centre-Back,Bay. Leverkusen,Free transfer,in,Summer,0,Eredivisie,1999,1999/2000
Ajax Amsterdam,Jan van Halst,30,Defensive Midfield,Twente FC,?,in,Summer,NA,Eredivisie,1999,1999/2000
Ajax Amsterdam,Stanley Menzo,35,Goalkeeper,Lierse SK,?,in,Summer,NA,Eredivisie,1999,1999/2000
Ajax Amsterdam,Abubakari Yakubu,17,Defensive Midfield,Ajax U19,-,in,Summer,0,Eredivisie,1999,1999/2000
Ajax Amsterdam,Mitchell Piqué,19,Left-Back,Ajax U21,-,in,Summer,0,Eredivisie,1999,1999/2000
Ajax Amsterdam,John O'Brien,21,Defensive Midfield,Ajax U21,-,in,Summer,0,Eredivisie,1999,1999/2000
Ajax Amsterdam,Martijn Reuser,24,Attacking Midfield,Vitesse,"End of loanJun 30, 1999",in,Summer,0,Eredivisie,1999,1999/2000
Ajax Amsterdam,Mariano Juan,23,Centre-Back,Racing Club,"End of loanJun 30, 1999",in,Summer,0,Eredivisie,1999,1999/2000
Ajax Amsterdam,Sunday Oliseh,24,Defensive Midfield,Juventus,£9.00m,out,Summer,9,Eredivisie,1999,1999/2000
Ajax Amsterdam,Benni McCarthy,21,Centre-Forward,Celta de Vigo,£5.40m,out,Summer,5.4,Eredivisie,1999,1999/2000
Ajax Amsterdam,Jari Litmanen,28,Attacking Midfield,FC Barcelona,£3.60m,out,Summer,3.6,Eredivisie,1999,1999/2000
Ajax Amsterdam,Gerald Sibon,25,Centre-Forward,Sheff Wed,£2.70m,out,Summer,2.7,Eredivisie,1999,1999/2000
Ajax Amsterdam,Edwin van der Sar,28,Goalkeeper,Juventus,Free transfer,out,Summer,0,Eredivisie,1999,1999/2000
Ajax Amsterdam,Mario Melchiot,22,Right-Back,Chelsea,Free transfer,out,Summer,0,Eredivisie,1999,1999/2000
Ajax Amsterdam,Kofi Mensah,21,Right-Back,NAC Breda,Free transfer,out,Summer,0,Eredivisie,1999,1999/2000
Ajax Amsterdam,Arno Splinter,21,Defender,De Graafschap,Free transfer,out,Summer,0,Eredivisie,1999,1999/2000
Ajax Amsterdam,Andy van der Meyde,19,Right Winger,Twente FC,Loan,out,Summer,0,Eredivisie,1999,1999/2000
Ajax Amsterdam,Robert-Jan Ravensbergen,20,Centre-Back,FC Volendam,?,out,Summer,NA,Eredivisie,1999,1999/2000
Ajax Amsterdam,Dani,22,Attacking Midfield,Benfica,?,out,Summer,NA,Eredivisie,1999,1999/2000
Ajax Amsterdam,Mariano Juan,23,Centre-Back,Getafe,?,out,Summer,NA,Eredivisie,1999,1999/2000
Ajax Amsterdam,Dean Gorré,29,Right Winger,Huddersfield,?,out,Summer,NA,Eredivisie,1999,1999/2000
Ajax Amsterdam,Danny Blind,37,Sweeper,Retired,-,out,Summer,0,Eredivisie,1999,1999/2000
Vitesse Arnhem,Pierre van Hooijdonk,29,Centre-Forward,Nottm Forest,£4.25m,in,Summer,4.25,Eredivisie,1999,1999/2000
Vitesse Arnhem,Mahamadou Diarra,18,Defensive Midfield,OFI Crete,£1.04m,in,Summer,1.04,Eredivisie,1999,1999/2000
Vitesse Arnhem,Pieter Collen,19,Centre-Back,KAA Gent,£608Th.,in,Summer,0.608,Eredivisie,1999,1999/2000
Vitesse Arnhem,Stefan Nanu,30,Right-Back,Rapid Bucharest,£270Th.,in,Summer,0.27,Eredivisie,1999,1999/2000
Vitesse Arnhem,Dragoslav Jevric,24,Goalkeeper,Red Star,Free transfer,in,Summer,0,Eredivisie,1999,1999/2000
Vitesse Arnhem,Dejan Stefanovic,24,Centre-Back,OFK Beograd,Free transfer,in,Summer,0,Eredivisie,1999,1999/2000
Vitesse Arnhem,Nenad Grozdic,25,Central Midfield,FK Obilic,Free transfer,in,Summer,0,Eredivisie,1999,1999/2000
Vitesse Arnhem,Victor Sikora,21,Right Winger,Go Ahead Eagles,?,in,Summer,NA,Eredivisie,1999,1999/2000
Vitesse Arnhem,Bas Wijnen,18,Goalkeeper,Vitesse U19,-,in,Summer,0,Eredivisie,1999,1999/2000
Vitesse Arnhem,Peter Wisgerhof,19,Centre-Back,Vitesse U19,-,in,Summer,0,Eredivisie,1999,1999/2000
Vitesse Arnhem,Dmitri Shukov,23,Left Midfield,NAC Breda,"End of loanJun 30, 1999",in,Summer,0,Eredivisie,1999,1999/2000
Vitesse Arnhem,Willem Korsten,24,Left Winger,Leeds,"End of loanJun 30, 1999",in,Summer,0,Eredivisie,1999,1999/2000
Vitesse Arnhem,Nikolaos Machlas,26,Centre-Forward,Ajax,£7.65m,out,Summer,7.65,Eredivisie,1999,1999/2000
Vitesse Arnhem,Sander Westerveld,24,Goalkeeper,Liverpool,£5.40m,out,Summer,5.4,Eredivisie,1999,1999/2000
Vitesse Arnhem,Dmitri Shukov,23,Left Midfield,Willem II,£1.80m,out,Summer,1.8,Eredivisie,1999,1999/2000
Vitesse Arnhem,Willem Korsten,24,Left Winger,Spurs,£1.53m,out,Summer,1.53,Eredivisie,1999,1999/2000
Vitesse Arnhem,Scott Booth,27,Centre-Forward,Twente FC,£495Th.,out,Summer,0.495,Eredivisie,1999,1999/2000
Vitesse Arnhem,Steve Goossen,30,Centre-Back,Sparta R.,?,out,Summer,NA,Eredivisie,1999,1999/2000
Vitesse Arnhem,Martijn van Strien,20,Goalkeeper,FC Den Bosch,?,out,Summer,NA,Eredivisie,1999,1999/2000
Vitesse Arnhem,Menno Willems,22,Left-Back,FC Den Bosch,Loan,out,Summer,0,Eredivisie,1999,1999/2000
Vitesse Arnhem,Marian Zeman,24,Centre-Back,Grasshoppers,Loan,out,Summer,0,Eredivisie,1999,1999/2000
Vitesse Arnhem,Joe Bacak,26,Midfielder,Hertha BSC,?,out,Summer,NA,Eredivisie,1999,1999/2000
Vitesse Arnhem,Martijn Reuser,24,Attacking Midfield,Ajax,"End of loanJun 30, 1999",out,Summer,0,Eredivisie,1999,1999/2000
Vitesse Arnhem,Darko Butorovic,27,Right-Back,FC Porto,"End of loanJun 30, 1998",out,Summer,0,Eredivisie,1999,1999/2000
Sparta Rotterdam,Frank Kooiman,29,Goalkeeper,FC Utrecht,Free transfer,in,Summer,0,Eredivisie,1999,1999/2000
Sparta Rotterdam,Fuat Usta,27,Central Midfield,Cambuur L.,Free transfer,in,Summer,0,Eredivisie,1999,1999/2000
Sparta Rotterdam,Sieme Zijm,21,Left-Back,FC Zwolle,Free transfer,in,Summer,0,Eredivisie,1999,1999/2000
Sparta Rotterdam,Silvan Inia,30,Left Midfield,FC Volendam,Free transfer,in,Summer,0,Eredivisie,1999,1999/2000
Sparta Rotterdam,Roy Stroeve,22,Attacking Midfield,Emmen,Free transfer,in,Summer,0,Eredivisie,1999,1999/2000
Sparta Rotterdam,Bram Marbus,27,Centre-Forward,Go Ahead Eagles,?,in,Summer,NA,Eredivisie,1999,1999/2000
Sparta Rotterdam,Houssin Bezzai,20,Defender,UVS,?,in,Summer,NA,Eredivisie,1999,1999/2000
Sparta Rotterdam,Michel Langerak,30,Attacking Midfield,AZ Alkmaar,?,in,Summer,NA,Eredivisie,1999,1999/2000
Sparta Rotterdam,Steve Goossen,30,Centre-Back,Vitesse,?,in,Summer,NA,Eredivisie,1999,1999/2000
Sparta Rotterdam,David Mendes da Silva,16,Defensive Midfield,Sparta U19,-,in,Summer,0,Eredivisie,1999,1999/2000
Sparta Rotterdam,Richard Elzinga,30,Right-Back,Cambuur L.,,in,Summer,NA,Eredivisie,1999,1999/2000
Sparta Rotterdam,Mourad Mghizrat,24,Midfielder,FC Utrecht,"End of loanJun 30, 1999",in,Summer,0,Eredivisie,1999,1999/2000
Sparta Rotterdam,John Nieuwenburg,20,Defensive Midfield,Ajax,£2.43m,out,Summer,2.43,Eredivisie,1999,1999/2000
Sparta Rotterdam,Kew Jaliens,20,Centre-Back,Willem II,£1.35m,out,Summer,1.35,Eredivisie,1999,1999/2000
Sparta Rotterdam,Arjan van der Laan,29,Attacking Midfield,Twente FC,£405Th.,out,Summer,0.405,Eredivisie,1999,1999/2000
Sparta Rotterdam,Johan van der Werff,24,Goalkeeper,Dordrecht'90,Free transfer,out,Summer,0,Eredivisie,1999,1999/2000
Sparta Rotterdam,Mourad Mghizrat,24,Midfielder,FC Den Bosch,Free transfer,out,Summer,0,Eredivisie,1999,1999/2000
Sparta Rotterdam,Dennis Krijgsman,26,Attacking Midfield,Fortuna Sittard,?,out,Summer,NA,Eredivisie,1999,1999/2000
Sparta Rotterdam,Nico Jalink,35,Right Midfield,Dordrecht'90,?,out,Summer,NA,Eredivisie,1999,1999/2000
Sparta Rotterdam,Arnoud Toet,21,Goalkeeper,Unknown,?,out,Summer,NA,Eredivisie,1999,1999/2000
NEC Nijmegen,René van Rijswijk,28,Right Winger,Cambuur L.,Free transfer,in,Summer,0,Eredivisie,1999,1999/2000
NEC Nijmegen,Arno Arts,30,Central Midfield,Willem II,Loan,in,Summer,0,Eredivisie,1999,1999/2000
NEC Nijmegen,Richard Goulooze,31,Right-Back,Revolution,?,in,Summer,NA,Eredivisie,1999,1999/2000
NEC Nijmegen,Adilson Ben David Dos Santos,25,Centre-Forward,RKC Waalwijk,?,in,Summer,NA,Eredivisie,1999,1999/2000
NEC Nijmegen,Cor Prein,18,Forward,PSV U19,?,in,Summer,NA,Eredivisie,1999,1999/2000
NEC Nijmegen,Maarten Atmodikoro,28,Right-Back,NAC Breda,?,in,Summer,NA,Eredivisie,1999,1999/2000
NEC Nijmegen,Youssef Rossi,26,Centre-Back,Stade Rennais,?,in,Summer,NA,Eredivisie,1999,1999/2000
NEC Nijmegen,Benito Kemble,30,Centre-Back,Eindhoven,"End of loanJun 30, 1999",in,Summer,0,Eredivisie,1999,1999/2000
NEC Nijmegen,Ayhan Tumani,27,Centre-Forward,Hannover 96,Free transfer,out,Summer,0,Eredivisie,1999,1999/2000
NEC Nijmegen,Ulrich Crüden,32,Right Midfield,De Treffers,Free transfer,out,Summer,0,Eredivisie,1999,1999/2000
NEC Nijmegen,Dzevdet Sainoski,26,Defensive Midfield,Hannover 96,?,out,Summer,NA,Eredivisie,1999,1999/2000
NEC Nijmegen,Juul Ellerman,33,Centre-Forward,Helmond Sport,?,out,Summer,NA,Eredivisie,1999,1999/2000
NEC Nijmegen,Lodewijk van der Heijden,22,Midfielder,Unknown,?,out,Summer,NA,Eredivisie,1999,1999/2000
NEC Nijmegen,Krzystof Bociek,25,Centre-Forward,FC Den Bosch,"End of loanJul 1, 1999",out,Summer,0,Eredivisie,1999,1999/2000
FC Den Bosch,Mourad Mghizrat,24,Midfielder,Sparta R.,Free transfer,in,Summer,0,Eredivisie,1999,1999/2000
FC Den Bosch,Peter Uneken,27,Centre-Back,Emmen,Free transfer,in,Summer,0,Eredivisie,1999,1999/2000
FC Den Bosch,Cedric van der Gun,20,Centre-Forward,Ajax U21,Loan,in,Summer,0,Eredivisie,1999,1999/2000
FC Den Bosch,Chaly Jones,22,Right Winger,Excelsior,Free transfer,in,Summer,0,Eredivisie,1999,1999/2000
FC Den Bosch,Menno Willems,22,Left-Back,Vitesse,Loan,in,Summer,0,Eredivisie,1999,1999/2000
FC Den Bosch,Martijn van Strien,20,Goalkeeper,Vitesse,?,in,Summer,NA,Eredivisie,1999,1999/2000
FC Den Bosch,Patricio Graff,23,Left-Back,Feyenoord,Loan,in,Summer,0,Eredivisie,1999,1999/2000
FC Den Bosch,Regie Martina,23,Midfielder,Scheveningen,?,in,Summer,NA,Eredivisie,1999,1999/2000
FC Den Bosch,Ali Fattouchi,24,Midfielder,Excelsior,?,in,Summer,NA,Eredivisie,1999,1999/2000
FC Den Bosch,Michel Ribeiro,23,Attacking Midfield,Telstar,?,in,Summer,NA,Eredivisie,1999,1999/2000
FC Den Bosch,Bas Peijs,21,Midfielder,VV Gemert,?,in,Summer,NA,Eredivisie,1999,1999/2000
FC Den Bosch,Shalimar Jones,22,Defender,Excelsior,?,in,Summer,NA,Eredivisie,1999,1999/2000
FC Den Bosch,Henk Vos,31,Centre-Forward,Feyenoord,?,in,Summer,NA,Eredivisie,1999,1999/2000
FC Den Bosch,Krzystof Bociek,25,Centre-Forward,NEC Nijmegen,"End of loanJul 1, 1999",in,Summer,0,Eredivisie,1999,1999/2000
FC Den Bosch,Gert van Oudenallen,18,Right Winger,Den Bosch U19,-,in,Summer,0,Eredivisie,1999,1999/2000
FC Den Bosch,Anthony Lurling,22,Attacking Midfield,Heerenveen,?,out,Summer,NA,Eredivisie,1999,1999/2000
FC Den Bosch,Paul Janssen,27,Defender,FC Groningen,?,out,Summer,NA,Eredivisie,1999,1999/2000
FC Den Bosch,Marcel van Helmond,32,Right Winger,RBC Roosendaal,?,out,Summer,NA,Eredivisie,1999,1999/2000
FC Den Bosch,Udo Busby,25,Defender,De Treffers,?,out,Summer,NA,Eredivisie,1999,1999/2000
FC Den Bosch,Oswald Snip,27,Forward,TOP Oss,?,out,Summer,NA,Eredivisie,1999,1999/2000
FC Den Bosch,Gerrie Schaap,34,Midfielder,VVV-Venlo,?,out,Summer,NA,Eredivisie,1999,1999/2000
FC Den Bosch,Hans Gillhaus,35,Centre-Forward,Retired,-,out,Summer,0,Eredivisie,1999,1999/2000
FC Den Bosch,Jan van Grinsven,39,Goalkeeper,Retired,-,out,Summer,0,Eredivisie,1999,1999/2000
FC Den Bosch,Daniel Voigt,21,Centre-Back,PSV U21,"End of loanJun 30, 1999",out,Summer,0,Eredivisie,1999,1999/2000
Willem II Tilburg,Dmitri Shukov,23,Left Midfield,Vitesse,£1.80m,in,Summer,1.8,Eredivisie,1999,1999/2000
Willem II Tilburg,Kew Jaliens,20,Centre-Back,Sparta R.,£1.35m,in,Summer,1.35,Eredivisie,1999,1999/2000
Willem II Tilburg,Denny Landzaat,23,Central Midfield,MVV Maastricht,Free transfer,in,Summer,0,Eredivisie,1999,1999/2000
Willem II Tilburg,Marco Gentile,30,Centre-Back,FC Volendam,Free transfer,in,Summer,0,Eredivisie,1999,1999/2000
Willem II Tilburg,Casper Nelis,23,Goalkeeper,Ajax U21,Free transfer,in,Summer,0,Eredivisie,1999,1999/2000
Willem II Tilburg,Guy Veldeman,20,Left-Back,RSC Anderlecht,?,in,Summer,NA,Eredivisie,1999,1999/2000
Willem II Tilburg,Nuelson Wau,18,Right-Back,Willem II U19,-,in,Summer,0,Eredivisie,1999,1999/2000
Willem II Tilburg,Richard van der Heijden,19,Centre-Forward,Willem II U19,-,in,Summer,0,Eredivisie,1999,1999/2000
Willem II Tilburg,Sami Hyypiä,25,Centre-Back,Liverpool,£3.51m,out,Summer,3.51,Eredivisie,1999,1999/2000
Willem II Tilburg,Marino Promes,22,Forward,De Graafschap,?,out,Summer,NA,Eredivisie,1999,1999/2000
Willem II Tilburg,Arno Arts,30,Central Midfield,NEC Nijmegen,Loan,out,Summer,0,Eredivisie,1999,1999/2000
Willem II Tilburg,Marco Gentile,31,Centre-Back,Dumbarton FC,Loan,out,Summer,0,Eredivisie,1999,1999/2000
Willem II Tilburg,Scott Calderwood,21,Midfielder,Heracles Almelo,?,out,Summer,NA,Eredivisie,1999,1999/2000
Willem II Tilburg,Huub Loeffen,27,Centre-Forward,TOP Oss,?,out,Summer,NA,Eredivisie,1999,1999/2000
Willem II Tilburg,Reinder Hendriks,26,Centre-Back,Cambuur L.,Loan,out,Summer,0,Eredivisie,1999,1999/2000
Cambuur-Leeuwarden bvo,Robin Nelisse,21,Centre-Forward,Feyenoord,Loan,in,Summer,0,Eredivisie,1999,1999/2000
Cambuur-Leeuwarden bvo,Mischa Rook,26,Left Midfield,Dordrecht'90,Free transfer,in,Summer,0,Eredivisie,1999,1999/2000
Cambuur-Leeuwarden bvo,Dennis Scharrenburg,20,Midfielder,FC Utrecht,Loan,in,Summer,0,Eredivisie,1999,1999/2000
Cambuur-Leeuwarden bvo,Rob Alflen,31,Defensive Midfield,Heracles Almelo,?,in,Summer,NA,Eredivisie,1999,1999/2000
Cambuur-Leeuwarden bvo,Kenneth Goudmijn,28,Right Winger,Haarlem,?,in,Summer,NA,Eredivisie,1999,1999/2000
Cambuur-Leeuwarden bvo,Raymond de Waard,26,Left Winger,Excelsior,?,in,Summer,NA,Eredivisie,1999,1999/2000
Cambuur-Leeuwarden bvo,Rob Hilbers,28,Goalkeeper,FC Volendam,?,in,Summer,NA,Eredivisie,1999,1999/2000
Cambuur-Leeuwarden bvo,Reinder Hendriks,26,Centre-Back,Willem II,Loan,in,Summer,0,Eredivisie,1999,1999/2000
Cambuur-Leeuwarden bvo,Marinus Dijkhuizen,27,Centre-Forward,FC Utrecht,Free transfer,out,Summer,0,Eredivisie,1999,1999/2000
Cambuur-Leeuwarden bvo,René van Rijswijk,28,Right Winger,NEC Nijmegen,Free transfer,out,Summer,0,Eredivisie,1999,1999/2000
Cambuur-Leeuwarden bvo,Fuat Usta,27,Central Midfield,Sparta R.,Free transfer,out,Summer,0,Eredivisie,1999,1999/2000
Cambuur-Leeuwarden bvo,Roy Hendriksen,30,Centre-Back,Veendam,?,out,Summer,NA,Eredivisie,1999,1999/2000
Cambuur-Leeuwarden bvo,René Jansen,27,Goalkeeper,Eindhoven,?,out,Summer,NA,Eredivisie,1999,1999/2000
Cambuur-Leeuwarden bvo,Richard Elzinga,30,Right-Back,Sparta R.,,out,Summer,NA,Eredivisie,1999,1999/2000
Cambuur-Leeuwarden bvo,Richard Beekink,27,Midfielder,RKC Waalwijk,"End of loanJun 30, 1999",out,Summer,0,Eredivisie,1999,1999/2000
Cambuur-Leeuwarden bvo,Kenan Durmusoglu,26,Defensive Midfield,AZ Alkmaar,"End of loanJun 1, 1999",out,Summer,0,Eredivisie,1999,1999/2000
MVV Maastricht,Igor Tomasic,22,Centre-Back,Roda JC,?,in,Summer,NA,Eredivisie,1999,1999/2000
MVV Maastricht,Danillo Giulietti,19,Goalkeeper,Unknown,?,in,Summer,NA,Eredivisie,1999,1999/2000
MVV Maastricht,Roberto Blanquez,19,Forward,KRC Genk II,?,in,Summer,NA,Eredivisie,1999,1999/2000
MVV Maastricht,Bobby Kociski,20,Attacking Midfield,Högaborg,?,in,Summer,NA,Eredivisie,1999,1999/2000
MVV Maastricht,Rob Nuyts,21,Midfielder,Lommel SK,?,in,Summer,NA,Eredivisie,1999,1999/2000
MVV Maastricht,Jordy Geijselaars,NA,Defender,Unknown,?,in,Summer,NA,Eredivisie,1999,1999/2000
MVV Maastricht,Theo Snelders,35,Goalkeeper,Rangers,?,in,Summer,NA,Eredivisie,1999,1999/2000
MVV Maastricht,Thomas Caers,26,Left-Back,KAA Gent,?,in,Summer,NA,Eredivisie,1999,1999/2000
MVV Maastricht,Patrick Rondags,34,Goalkeeper,KVC Westerlo,?,in,Summer,NA,Eredivisie,1999,1999/2000
MVV Maastricht,Dave Hollanders,18,Forward,Maastricht U19,-,in,Summer,0,Eredivisie,1999,1999/2000
MVV Maastricht,Ralph van Dooren,18,Midfielder,Maastricht U19,-,in,Summer,0,Eredivisie,1999,1999/2000
MVV Maastricht,Rein van Duijnhoven,31,Goalkeeper,VfL Bochum,Free transfer,out,Summer,0,Eredivisie,1999,1999/2000
MVV Maastricht,Denny Landzaat,23,Central Midfield,Willem II,Free transfer,out,Summer,0,Eredivisie,1999,1999/2000
MVV Maastricht,Arjan Vermeulen,30,Left-Back,Heracles Almelo,Free transfer,out,Summer,0,Eredivisie,1999,1999/2000
MVV Maastricht,Quincy Elvira,20,Forward,FC Vinkenslag,Free transfer,out,Summer,0,Eredivisie,1999,1999/2000
MVV Maastricht,Joost Volmer,25,Centre-Back,Fortuna Sittard,?,out,Summer,NA,Eredivisie,1999,1999/2000
MVV Maastricht,Ramon Lacroix,24,Defender,Unknown,?,out,Summer,NA,Eredivisie,1999,1999/2000
MVV Maastricht,Roel Buikema,23,Left Midfield,Helmond Sport,?,out,Summer,NA,Eredivisie,1999,1999/2000
MVV Maastricht,Jeroen Heubach,24,Left-Back,Twente FC,"End of loanJun 30, 1999",out,Summer,0,Eredivisie,1999,1999/2000
PSV Eindhoven,Eric Addo,20,Centre-Back,Club Brugge,£4.50m,in,Summer,4.5,Eredivisie,1999,1999/2000
PSV Eindhoven,Mark van Bommel,22,Defensive Midfield,Fortuna Sittard,£2.43m,in,Summer,2.43,Eredivisie,1999,1999/2000
PSV Eindhoven,Jan Heintze,35,Left-Back,Bay. Leverkusen,Free transfer,in,Summer,0,Eredivisie,1999,1999/2000
PSV Eindhoven,Johann Vogel,22,Defensive Midfield,Grasshoppers,Free transfer,in,Summer,0,Eredivisie,1999,1999/2000
PSV Eindhoven,Ivica Kralj,26,Goalkeeper,FC Porto,?,in,Summer,NA,Eredivisie,1999,1999/2000
PSV Eindhoven,Giorgi Gakhokidze,24,Left Winger,Maccabi Haifa,"End of loanMay 1, 2000",in,Summer,0,Eredivisie,1999,1999/2000
PSV Eindhoven,Godwin Attram,18,Centre-Forward,PSV U19,-,in,Summer,0,Eredivisie,1999,1999/2000
PSV Eindhoven,Wilfred Bouma,21,Left-Back,Fortuna Sittard,"End of loanJun 30, 1999",in,Summer,0,Eredivisie,1999,1999/2000
PSV Eindhoven,Gilles De Bilde,28,Centre-Forward,Sheff Wed,£4.50m,out,Summer,4.5,Eredivisie,1999,1999/2000
PSV Eindhoven,Abel Xavier,26,Right-Back,Everton,£1.89m,out,Summer,1.89,Eredivisie,1999,1999/2000
PSV Eindhoven,Jorginho Paulista,19,Left-Back,Udinese,£810Th.,out,Summer,0.81,Eredivisie,1999,1999/2000
PSV Eindhoven,Theo Lucius,22,Defensive Midfield,FC Utrecht,Loan,out,Summer,0,Eredivisie,1999,1999/2000
PSV Eindhoven,Davy Oyen,23,Left-Back,RSC Anderlecht,?,out,Summer,NA,Eredivisie,1999,1999/2000
PSV Eindhoven,Manoel,21,Centre-Forward,EC Vitória,?,out,Summer,NA,Eredivisie,1999,1999/2000
PSV Eindhoven,Marciano Vink,28,Defensive Midfield,ADO Den Haag,?,out,Summer,NA,Eredivisie,1999,1999/2000
PSV Eindhoven,Giorgi Gakhokidze,23,Left Winger,Maccabi Haifa,Loan,out,Summer,0,Eredivisie,1999,1999/2000
Twente Enschede FC,Scott Booth,27,Centre-Forward,Vitesse,£495Th.,in,Summer,0.495,Eredivisie,1999,1999/2000
Twente Enschede FC,Arjan van der Laan,29,Attacking Midfield,Sparta R.,£405Th.,in,Summer,0.405,Eredivisie,1999,1999/2000
Twente Enschede FC,Andy van der Meyde,19,Right Winger,Ajax,Loan,in,Summer,0,Eredivisie,1999,1999/2000
Twente Enschede FC,Frédéric Peiremans,25,Defensive Midfield,RSC Anderlecht,?,in,Summer,NA,Eredivisie,1999,1999/2000
Twente Enschede FC,Edwin Hilgerink,27,Defender,Heracles Almelo,?,in,Summer,NA,Eredivisie,1999,1999/2000
Twente Enschede FC,Jan Verlinden,22,Right-Back,KV Mechelen,?,in,Summer,NA,Eredivisie,1999,1999/2000
Twente Enschede FC,Thijs Houwing,18,Forward,FC Twente U19,-,in,Summer,0,Eredivisie,1999,1999/2000
Twente Enschede FC,Simon Cziommer,18,Central Midfield,FC Twente U19,-,in,Summer,0,Eredivisie,1999,1999/2000
Twente Enschede FC,Nick Hoekstra,17,Central Midfield,FC Twente U19,-,in,Summer,0,Eredivisie,1999,1999/2000
Twente Enschede FC,Jeroen Heubach,24,Left-Back,MVV Maastricht,"End of loanJun 30, 1999",in,Summer,0,Eredivisie,1999,1999/2000
Twente Enschede FC,Clemens Zwijnenberg,29,Right-Back,NAC Breda,"End of loanJun 30, 1999",in,Summer,0,Eredivisie,1999,1999/2000
Twente Enschede FC,Niels Oude Kamphuis,21,Defensive Midfield,FC Schalke 04,£3.06m,out,Summer,3.06,Eredivisie,1999,1999/2000
Twente Enschede FC,John Bosman,34,Centre-Forward,AZ Alkmaar,£360Th.,out,Summer,0.36,Eredivisie,1999,1999/2000
Twente Enschede FC,Rik Platvoet,23,Centre-Forward,Heracles Almelo,Free transfer,out,Summer,0,Eredivisie,1999,1999/2000
Twente Enschede FC,Antti Sumiala,25,Centre-Forward,FC Jokerit,?,out,Summer,NA,Eredivisie,1999,1999/2000
Twente Enschede FC,Kare Becker,21,Centre-Forward,DFC Delfia,?,out,Summer,NA,Eredivisie,1999,1999/2000
Twente Enschede FC,Jan van Halst,30,Defensive Midfield,Ajax,?,out,Summer,NA,Eredivisie,1999,1999/2000
Twente Enschede FC,Theo ten Caat,34,Attacking Midfield,Veendam,?,out,Summer,NA,Eredivisie,1999,1999/2000
Twente Enschede FC,Clemens Zwijnenberg,29,Right-Back,A. Lustenau,?,out,Summer,NA,Eredivisie,1999,1999/2000
SC Heerenveen,Allan Jepsen,22,Left Midfield,Hamburger SV,£315Th.,in,Summer,0.315,Eredivisie,1999,1999/2000
SC Heerenveen,Mika Nurmela,27,Right Midfield,Emmen,Free transfer,in,Summer,0,Eredivisie,1999,1999/2000
SC Heerenveen,Jesper Haakansson,17,Attacking Midfield,BK Frem,Free transfer,in,Summer,0,Eredivisie,1999,1999/2000
SC Heerenveen,Harris Huizingh,36,Centre-Forward,FC Groningen,Free transfer,in,Summer,0,Eredivisie,1999,1999/2000
SC Heerenveen,Anthony Lurling,22,Attacking Midfield,FC Den Bosch,?,in,Summer,NA,Eredivisie,1999,1999/2000
SC Heerenveen,Barry Ditewig,21,Goalkeeper,DOVO,?,in,Summer,NA,Eredivisie,1999,1999/2000
SC Heerenveen,Mika Pulkkinen,26,Centre-Back,Kotka TP,?,in,Summer,NA,Eredivisie,1999,1999/2000
SC Heerenveen,Rocky Siberie,17,Centre-Forward,Heerenveen U19,-,in,Summer,0,Eredivisie,1999,1999/2000
SC Heerenveen,Ronny Venema,24,Right-Back,Veendam,"End of loanJun 30, 1999",in,Summer,0,Eredivisie,1999,1999/2000
SC Heerenveen,David Damman,22,Defender,KSK Beveren,"End of loanJun 30, 1999",in,Summer,0,Eredivisie,1999,1999/2000
SC Heerenveen,Jan de Visser,31,Left Midfield,Feyenoord,£614Th.,out,Summer,0.614,Eredivisie,1999,1999/2000
SC Heerenveen,Radoslav Samardzic,29,Centre-Forward,Feyenoord,£612Th.,out,Summer,0.612,Eredivisie,1999,1999/2000
SC Heerenveen,Emmanuel Ebiede,23,Midfielder,Al-Jazira,Free transfer,out,Summer,0,Eredivisie,1999,1999/2000
SC Heerenveen,Radu Gusatu,29,Attacking Midfield,FC Extensiv Craiova,?,out,Summer,NA,Eredivisie,1999,1999/2000
SC Heerenveen,Panu Toivonen,26,Goalkeeper,Tampere United,?,out,Summer,NA,Eredivisie,1999,1999/2000
SC Heerenveen,Raphael Bove,22,Midfielder,Dundee FC,?,out,Summer,NA,Eredivisie,1999,1999/2000
SC Heerenveen,Dionysius Sebwe,30,Defender,Wizards,?,out,Summer,NA,Eredivisie,1999,1999/2000
SC Heerenveen,Brian Tevreden,30,Right-Back,Telstar,?,out,Summer,NA,Eredivisie,1999,1999/2000
SC Heerenveen,Valeriy Popovich,29,Centre-Forward,FC Haka,"End of loanMay 8, 2000",out,Summer,0,Eredivisie,1999,1999/2000
RKC Waalwijk,Yuri Cornelisse,24,Right Midfield,RSC Anderlecht,?,in,Summer,NA,Eredivisie,1999,1999/2000
RKC Waalwijk,Tim Cornelisse,21,Right-Back,RSC Anderlecht,?,in,Summer,NA,Eredivisie,1999,1999/2000
RKC Waalwijk,Giovanni Franken,19,Midfielder,Dordrecht'90,?,in,Summer,NA,Eredivisie,1999,1999/2000
RKC Waalwijk,Emmanuel Nwakire,21,Left-Back,FC Utrecht,?,in,Summer,NA,Eredivisie,1999,1999/2000
RKC Waalwijk,Richard Beekink,27,Midfielder,Cambuur L.,"End of loanJun 30, 1999",in,Summer,0,Eredivisie,1999,1999/2000
RKC Waalwijk,Michel van Zundert,21,Defender,RBC,"End of loanJun 30, 1999",in,Summer,0,Eredivisie,1999,1999/2000
RKC Waalwijk,Santinho Lopes Monteiro,20,Right Winger,RBC,"End of loanJun 30, 1999",in,Summer,0,Eredivisie,1999,1999/2000
RKC Waalwijk,Dennis van der Pennen,23,Midfielder,Dordrecht'90,Free transfer,out,Summer,0,Eredivisie,1999,1999/2000
RKC Waalwijk,Adilson Ben David Dos Santos,25,Centre-Forward,NEC Nijmegen,?,out,Summer,NA,Eredivisie,1999,1999/2000
RKC Waalwijk,Leeroy Echteld,31,Attacking Midfield,A. Lustenau,?,out,Summer,NA,Eredivisie,1999,1999/2000
RKC Waalwijk,Ruud van der Velden,22,Defender,Unknown,?,out,Summer,NA,Eredivisie,1999,1999/2000
RKC Waalwijk,Leon van Nieuwkerk,24,Forward,Helmond Sport,?,out,Summer,NA,Eredivisie,1999,1999/2000
RKC Waalwijk,Romeo van Aerde,31,Midfielder,Dordrecht'90,?,out,Summer,NA,Eredivisie,1999,1999/2000
RKC Waalwijk,Hans van Arum,32,Centre-Forward,Go Ahead Eagles,?,out,Summer,NA,Eredivisie,1999,1999/2000
RKC Waalwijk,Jose Maria Cela,30,Forward,Retired,?,out,Summer,NA,Eredivisie,1999,1999/2000
RKC Waalwijk,Santinho Lopes Monteiro,20,Right Winger,Excelsior,"End of loanJul 1, 1999",out,Summer,0,Eredivisie,1999,1999/2000
RKC Waalwijk,Adrie Bogers,34,Left-Back,KFC Turnhout,-,out,Summer,0,Eredivisie,1999,1999/2000
RKC Waalwijk,Tim Cornelisse,21,Right-Back,RSC Anderlecht,"End of loanJun 30, 1999",out,Summer,0,Eredivisie,1999,1999/2000
Feyenoord Rotterdam,Tomasz Rzasa,26,Left-Back,De Graafschap,£1.62m,in,Summer,1.62,Eredivisie,1999,1999/2000
Feyenoord Rotterdam,Jan de Visser,31,Left Midfield,Heerenveen,£614Th.,in,Summer,0.614,Eredivisie,1999,1999/2000
Feyenoord Rotterdam,Radoslav Samardzic,29,Centre-Forward,Heerenveen,£612Th.,in,Summer,0.612,Eredivisie,1999,1999/2000
Feyenoord Rotterdam,Patrick Mtiliga,18,Left-Back,B.93,£405Th.,in,Summer,0.405,Eredivisie,1999,1999/2000
Feyenoord Rotterdam,Bernard Schuiteman,25,Centre-Back,FC Utrecht,"End of loanJul 1, 1999",in,Summer,0,Eredivisie,1999,1999/2000
Feyenoord Rotterdam,Somália,22,Centre-Forward,NK Celje,?,in,Summer,NA,Eredivisie,1999,1999/2000
Feyenoord Rotterdam,David Connolly,22,Centre-Forward,Excelsior,"End of loanMay 1, 2000",in,Summer,0,Eredivisie,1999,1999/2000
Feyenoord Rotterdam,Steve Olfers,17,Centre-Back,Feyenoord U19,-,in,Summer,0,Eredivisie,1999,1999/2000
Feyenoord Rotterdam,Thomas Buffel,18,Right Winger,Feyenoord U19,-,in,Summer,0,Eredivisie,1999,1999/2000
Feyenoord Rotterdam,Ebi Smolarek,18,Centre-Forward,Feyenoord U21,-,in,Summer,0,Eredivisie,1999,1999/2000
Feyenoord Rotterdam,Pablo Sánchez,26,Attacking Midfield,Alavés,"End of loanJun 30, 1999",in,Summer,0,Eredivisie,1999,1999/2000
Feyenoord Rotterdam,Fernando Picún,27,Centre-Back,Defensor,"End of loanJun 30, 1999",in,Summer,0,Eredivisie,1999,1999/2000
Feyenoord Rotterdam,René Bot,20,Right-Back,De Graafschap,"End of loanJun 30, 1999",in,Summer,0,Eredivisie,1999,1999/2000
Feyenoord Rotterdam,Zsolt Petry,32,Goalkeeper,E. Frankfurt,"End of loanJun 30, 1999",in,Summer,0,Eredivisie,1999,1999/2000
Feyenoord Rotterdam,Brian Pinas,20,Left Winger,Excelsior,Loan fee:£135Th.,out,Summer,0.135,Eredivisie,1999,1999/2000
Feyenoord Rotterdam,David Connolly,22,Centre-Forward,Excelsior,Loan,out,Summer,0,Eredivisie,1999,1999/2000
Feyenoord Rotterdam,René Bot,20,Right-Back,De Graafschap,Free transfer,out,Summer,0,Eredivisie,1999,1999/2000
Feyenoord Rotterdam,Patrick Mtiliga,18,Left-Back,Excelsior,Free transfer,out,Summer,0,Eredivisie,1999,1999/2000
Feyenoord Rotterdam,Robin Nelisse,21,Centre-Forward,Cambuur L.,Loan,out,Summer,0,Eredivisie,1999,1999/2000
Feyenoord Rotterdam,Fernando Picún,27,Centre-Back,Urawa Reds,?,out,Summer,NA,Eredivisie,1999,1999/2000
Feyenoord Rotterdam,Patricio Graff,23,Left-Back,FC Den Bosch,Loan,out,Summer,0,Eredivisie,1999,1999/2000
Feyenoord Rotterdam,Henk Vos,31,Centre-Forward,FC Den Bosch,?,out,Summer,NA,Eredivisie,1999,1999/2000
Feyenoord Rotterdam,Henk Fraser,32,Centre-Back,Retired,-,out,Summer,0,Eredivisie,1999,1999/2000
Feyenoord Rotterdam,Zsolt Petry,32,Goalkeeper,Without Club,-,out,Summer,0,Eredivisie,1999,1999/2000
FC Utrecht,Harald Wapenaar,29,Goalkeeper,Udinese,£585Th.,in,Summer,0.585,Eredivisie,1999,1999/2000
FC Utrecht,Karim Touzani,18,Defensive Midfield,Ajax U19,Free transfer,in,Summer,0,Eredivisie,1999,1999/2000
FC Utrecht,Azubuike Oliseh,20,Centre-Back,RSC Anderlecht,Free transfer,in,Summer,0,Eredivisie,1999,1999/2000
FC Utrecht,Marinus Dijkhuizen,27,Centre-Forward,Cambuur L.,Free transfer,in,Summer,0,Eredivisie,1999,1999/2000
FC Utrecht,Giuseppe Imburgia,19,Centre-Back,Inter U19,?,in,Summer,NA,Eredivisie,1999,1999/2000
FC Utrecht,Stijn Vreven,25,Right-Back,KAA Gent,?,in,Summer,NA,Eredivisie,1999,1999/2000
FC Utrecht,Sander Keller,19,Centre-Back,Ajax U21,?,in,Summer,NA,Eredivisie,1999,1999/2000
FC Utrecht,Theo Lucius,22,Defensive Midfield,PSV Eindhoven,Loan,in,Summer,0,Eredivisie,1999,1999/2000
FC Utrecht,Rodney Cairo,24,Right Winger,ADO '20,?,in,Summer,NA,Eredivisie,1999,1999/2000
FC Utrecht,Alje Schut,18,Centre-Back,FC Utrecht U19,-,in,Summer,0,Eredivisie,1999,1999/2000
FC Utrecht,Donny de Groot,19,Centre-Forward,Utrecht U21,-,in,Summer,0,Eredivisie,1999,1999/2000
FC Utrecht,Leon Kantelberg,20,Left Winger,FC Groningen,"End of loanJun 30, 1999",in,Summer,0,Eredivisie,1999,1999/2000
FC Utrecht,Marcel van der Net,34,Sweeper,RBC,"End of loanJun 30, 1999",in,Summer,0,Eredivisie,1999,1999/2000
FC Utrecht,Michael Mols,28,Centre-Forward,Rangers,£5.76m,out,Summer,5.76,Eredivisie,1999,1999/2000
FC Utrecht,Bernard Schuiteman,25,Centre-Back,Feyenoord,"End of loanJul 1, 1999",out,Summer,0,Eredivisie,1999,1999/2000
FC Utrecht,Frank Kooiman,29,Goalkeeper,Sparta R.,Free transfer,out,Summer,0,Eredivisie,1999,1999/2000
FC Utrecht,Dennis van der Ree,20,Right-Back,NAC Breda,Loan,out,Summer,0,Eredivisie,1999,1999/2000
FC Utrecht,Kostas Kosta,30,Defender,Apol. Limassol,Free transfer,out,Summer,0,Eredivisie,1999,1999/2000
FC Utrecht,Stefan Postma,23,Goalkeeper,De Graafschap,?,out,Summer,NA,Eredivisie,1999,1999/2000
FC Utrecht,Dennis Scharrenburg,20,Midfielder,Cambuur L.,Loan,out,Summer,0,Eredivisie,1999,1999/2000
FC Utrecht,Hendrik van Beelen,19,Attacking Midfield,Heracles Almelo,Loan,out,Summer,0,Eredivisie,1999,1999/2000
FC Utrecht,Marcel van der Net,34,Sweeper,Dordrecht'90,?,out,Summer,NA,Eredivisie,1999,1999/2000
FC Utrecht,Stefan Haaksman,25,Forward,Unknown,?,out,Summer,NA,Eredivisie,1999,1999/2000
FC Utrecht,Wouter Kos,20,Midfielder,Haarlem,?,out,Summer,NA,Eredivisie,1999,1999/2000
FC Utrecht,Emiel van Eijkeren,31,Forward,ADO Den Haag,?,out,Summer,NA,Eredivisie,1999,1999/2000
FC Utrecht,Costas Costa,30,Defensive Midfield,Apol. Limassol,?,out,Summer,NA,Eredivisie,1999,1999/2000
FC Utrecht,Emmanuel Nwakire,21,Left-Back,RKC Waalwijk,?,out,Summer,NA,Eredivisie,1999,1999/2000
FC Utrecht,John O'Brien,21,Defensive Midfield,Ajax U21,"End of loanJun 30, 1999",out,Summer,0,Eredivisie,1999,1999/2000
FC Utrecht,Mourad Mghizrat,24,Midfielder,Sparta R.,"End of loanJun 30, 1999",out,Summer,0,Eredivisie,1999,1999/2000
Roda JC Kerkrade,Kevin Van Dessel,20,Left Midfield,Genoa,?,in,Summer,NA,Eredivisie,1999,1999/2000
Roda JC Kerkrade,Jan Vercammen,20,Goalkeeper,KV Mechelen II,?,in,Summer,NA,Eredivisie,1999,1999/2000
Roda JC Kerkrade,Bas Jacobs,19,Left Winger,Roda JC U19,-,in,Summer,0,Eredivisie,1999,1999/2000
Roda JC Kerkrade,Stephan Van Der Heyden,29,Left Midfield,Germ. Beerschot,Free transfer,out,Summer,0,Eredivisie,1999,1999/2000
Roda JC Kerkrade,Igor Tomasic,22,Centre-Back,MVV Maastricht,?,out,Summer,NA,Eredivisie,1999,1999/2000
Roda JC Kerkrade,Fatih Sonkaya,18,Right-Back,VVV-Venlo,Loan,out,Summer,0,Eredivisie,1999,1999/2000
Fortuna Sittard,Matthew Amoah,19,Centre-Forward,Vitesse,Loan,in,Winter,0,Eredivisie,1999,1999/2000
Fortuna Sittard,Remco van der Schaaf,20,Centre-Back,Vitesse,Loan,in,Winter,0,Eredivisie,1999,1999/2000
AZ Alkmaar,Olaf Lindenbergh,25,Defensive Midfield,De Graafschap,Free transfer,in,Winter,0,Eredivisie,1999,1999/2000
AZ Alkmaar,Kenneth Pérez,25,Centre-Forward,MVV Maastricht,?,in,Winter,NA,Eredivisie,1999,1999/2000
AZ Alkmaar,Brian Jensen,24,Goalkeeper,West Brom,£135Th.,out,Winter,0.135,Eredivisie,1999,1999/2000
AZ Alkmaar,John Mutsaers,27,Centre-Forward,MVV Maastricht,?,out,Winter,NA,Eredivisie,1999,1999/2000
AZ Alkmaar,Robert van der Weert,29,Centre-Forward,MVV Maastricht,?,out,Winter,NA,Eredivisie,1999,1999/2000
De Graafschap Doetinchem,Robert Fuchs,24,Central Midfield,PSV Eindhoven,Loan,in,Winter,0,Eredivisie,1999,1999/2000
De Graafschap Doetinchem,Ville Väisänen,22,Centre-Forward,FC Lahti,"End of loanNov 1, 1999",in,Winter,0,Eredivisie,1999,1999/2000
De Graafschap Doetinchem,Olaf Lindenbergh,25,Defensive Midfield,AZ Alkmaar,Free transfer,out,Winter,0,Eredivisie,1999,1999/2000
De Graafschap Doetinchem,Denis Godeas,24,Centre-Forward,Treviso,?,out,Winter,NA,Eredivisie,1999,1999/2000
De Graafschap Doetinchem,Michal Nehoda,23,Forward,C. Budejovice B,?,out,Winter,NA,Eredivisie,1999,1999/2000
De Graafschap Doetinchem,Richard Roelofsen,30,Centre-Forward,Heracles Almelo,Loan,out,Winter,0,Eredivisie,1999,1999/2000
Ajax Amsterdam,Bogdan Lobont,21,Goalkeeper,Rapid Bucharest,£2.70m,in,Winter,2.7,Eredivisie,1999,1999/2000
Ajax Amsterdam,Martijn Reuser,24,Attacking Midfield,Ipswich,£900Th.,out,Winter,0.9,Eredivisie,1999,1999/2000
Ajax Amsterdam,Andrzej Rudy,34,Attacking Midfield,Lierse SK,Free transfer,out,Winter,0,Eredivisie,1999,1999/2000
Ajax Amsterdam,Peter Hoekstra,26,Left Winger,SD Compostela,Loan,out,Winter,0,Eredivisie,1999,1999/2000
Ajax Amsterdam,Giorgi Kinkladze,26,Attacking Midfield,Derby,Loan,out,Winter,0,Eredivisie,1999,1999/2000
Vitesse Arnhem,Pieter Collen,19,Centre-Back,NEC Nijmegen,£311Th.,out,Winter,0.311,Eredivisie,1999,1999/2000
Vitesse Arnhem,Matthew Amoah,19,Centre-Forward,Fortuna Sittard,Loan,out,Winter,0,Eredivisie,1999,1999/2000
Vitesse Arnhem,Remco van der Schaaf,20,Centre-Back,Fortuna Sittard,Loan,out,Winter,0,Eredivisie,1999,1999/2000
Sparta Rotterdam,Romeo Wouden,29,Left Winger,Dordrecht'90,"End of loanDec 31, 1999",in,Winter,0,Eredivisie,1999,1999/2000
Sparta Rotterdam,Erik Tammer,30,Centre-Forward,Cambuur L.,?,out,Winter,NA,Eredivisie,1999,1999/2000
Sparta Rotterdam,Romeo Wouden,28,Left Winger,Dordrecht'90,Loan,out,Winter,0,Eredivisie,1999,1999/2000
NEC Nijmegen,Pieter Collen,19,Centre-Back,Vitesse,£311Th.,in,Winter,0.311,Eredivisie,1999,1999/2000
NEC Nijmegen,Youssef Rossi,26,Centre-Back,Stade Rennais,?,in,Winter,NA,Eredivisie,1999,1999/2000
NEC Nijmegen,Benito Kemble,31,Centre-Back,Motherwell FC,?,out,Winter,NA,Eredivisie,1999,1999/2000
NEC Nijmegen,Arno Arts,30,Central Midfield,Willem II,"End of loanDec 31, 1999",out,Winter,0,Eredivisie,1999,1999/2000
FC Den Bosch,Mark Schenning,29,Centre-Back,Willem II,?,in,Winter,NA,Eredivisie,1999,1999/2000
FC Den Bosch,Martin Reynders,27,Centre-Forward,FC Haka,Loan,in,Winter,0,Eredivisie,1999,1999/2000
FC Den Bosch,Christopher Wreh,24,Centre-Forward,Arsenal,Loan,in,Winter,0,Eredivisie,1999,1999/2000
FC Den Bosch,Rob Wielaert,20,Centre-Back,PSV Eindhoven,Loan,in,Winter,0,Eredivisie,1999,1999/2000
FC Den Bosch,Gert van Oudenallen,18,Right Winger,Den Bosch U19,-,in,Winter,0,Eredivisie,1999,1999/2000
FC Den Bosch,Richard Stricker,29,Forward,Telstar,?,out,Winter,NA,Eredivisie,1999,1999/2000
Willem II Tilburg,Geert De Vlieger,28,Goalkeeper,RSC Anderlecht,£504Th.,in,Winter,0.504,Eredivisie,1999,1999/2000
Willem II Tilburg,Tom Caluwé,21,Attacking Midfield,KV Mechelen,?,in,Winter,NA,Eredivisie,1999,1999/2000
Willem II Tilburg,Tarik Sektioui,22,Right Winger,Xamax,?,in,Winter,NA,Eredivisie,1999,1999/2000
Willem II Tilburg,Marco Gentile,31,Centre-Back,Dumbarton FC,"End of loanMay 8, 2000",in,Winter,0,Eredivisie,1999,1999/2000
Willem II Tilburg,Arno Arts,30,Central Midfield,NEC Nijmegen,"End of loanDec 31, 1999",in,Winter,0,Eredivisie,1999,1999/2000
Willem II Tilburg,Kris Mampaey,29,Goalkeeper,Dunfermline A.,?,out,Winter,NA,Eredivisie,1999,1999/2000
Willem II Tilburg,Mark Schenning,29,Centre-Back,FC Den Bosch,?,out,Winter,NA,Eredivisie,1999,1999/2000
Willem II Tilburg,Reinder Hendriks,26,Centre-Back,Cambuur L.,Loan,out,Winter,0,Eredivisie,1999,1999/2000
Cambuur-Leeuwarden bvo,Erik Tammer,30,Centre-Forward,Sparta R.,?,in,Winter,NA,Eredivisie,1999,1999/2000
Cambuur-Leeuwarden bvo,Reinder Hendriks,26,Centre-Back,Willem II,Loan,in,Winter,0,Eredivisie,1999,1999/2000
Cambuur-Leeuwarden bvo,Twan Scheepers,28,Centre-Forward,Lommel SK,NA,out,Winter,NA,Eredivisie,1999,1999/2000
MVV Maastricht,Stijn Meert,21,Left Midfield,RSC Anderlecht,Loan,in,Winter,0,Eredivisie,1999,1999/2000
MVV Maastricht,John Mutsaers,27,Centre-Forward,AZ Alkmaar,?,in,Winter,NA,Eredivisie,1999,1999/2000
MVV Maastricht,Joey Gudjónsson,19,Central Midfield,KRC Genk,Loan,in,Winter,0,Eredivisie,1999,1999/2000
MVV Maastricht,Robert van der Weert,29,Centre-Forward,AZ Alkmaar,?,in,Winter,NA,Eredivisie,1999,1999/2000
MVV Maastricht,Kenneth Pérez,25,Centre-Forward,AZ Alkmaar,?,out,Winter,NA,Eredivisie,1999,1999/2000
PSV Eindhoven,Sergey Temryukov,21,Centre-Back,Dynamo Moscow,"End of loanDec 1, 1999",in,Winter,0,Eredivisie,1999,1999/2000
PSV Eindhoven,Dmitri Khokhlov,24,Central Midfield,Real Sociedad,£1.35m,out,Winter,1.35,Eredivisie,1999,1999/2000
PSV Eindhoven,Igor Demo,24,Central Midfield,Bor. M'gladbach,£90Th.,out,Winter,0.09,Eredivisie,1999,1999/2000
PSV Eindhoven,Marcos,24,Centre-Back,Sporting CP,?,out,Winter,NA,Eredivisie,1999,1999/2000
PSV Eindhoven,Robert Fuchs,24,Central Midfield,De Graafschap,Loan,out,Winter,0,Eredivisie,1999,1999/2000
PSV Eindhoven,Rob Wielaert,20,Centre-Back,FC Den Bosch,Loan,out,Winter,0,Eredivisie,1999,1999/2000
SC Heerenveen,Valeriy Popovich,29,Centre-Forward,FC Haka,Loan,in,Winter,0,Eredivisie,1999,1999/2000
SC Heerenveen,Mika Pulkkinen,26,Centre-Back,Kotka TP,?,in,Winter,NA,Eredivisie,1999,1999/2000
SC Heerenveen,Emmanuel Ebiede,23,Midfielder,Al-Jazira,Free transfer,out,Winter,0,Eredivisie,1999,1999/2000
SC Heerenveen,Henry Onwuzuruike,19,Central Midfield,Greuther Fürth,Free transfer,out,Winter,0,Eredivisie,1999,1999/2000
SC Heerenveen,Ronnie Pander,22,Midfielder,Veendam,?,out,Winter,NA,Eredivisie,1999,1999/2000
SC Heerenveen,Florin Constantinovici,31,Centre-Back,FC Brasov (ext),?,out,Winter,NA,Eredivisie,1999,1999/2000
RKC Waalwijk,Rick Hoogendorp,24,Centre-Forward,Celta de Vigo,Loan fee:£284Th.,out,Winter,0.284,Eredivisie,1999,1999/2000
RKC Waalwijk,Michel van Zundert,21,Defender,Eindhoven,Loan,out,Winter,0,Eredivisie,1999,1999/2000
Feyenoord Rotterdam,Mo Allach,26,Right-Back,Excelsior,£225Th.,in,Winter,0.225,Eredivisie,1999,1999/2000
Feyenoord Rotterdam,Bernard Schuiteman,26,Centre-Back,Grazer AK,Free transfer,out,Winter,0,Eredivisie,1999,1999/2000
Feyenoord Rotterdam,Pablo Sánchez,26,Attacking Midfield,Gimnasia,?,out,Winter,NA,Eredivisie,1999,1999/2000
FC Utrecht,Viktor Bjarki Arnarsson,16,Defensive Midfield,Víkingur,?,in,Winter,NA,Eredivisie,1999,1999/2000
FC Utrecht,Leon Kantelberg,21,Left Winger,FC Groningen,Loan,out,Winter,0,Eredivisie,1999,1999/2000
FC Utrecht,Henny van Schoonhoven,29,Centre-Back,ADO Den Haag,?,out,Winter,NA,Eredivisie,1999,1999/2000
FC Utrecht,Jamie Forrester,25,Left Winger,Walsall,Loan,out,Winter,0,Eredivisie,1999,1999/2000
Roda JC Kerkrade,Paolo Ramora,19,Midfielder,Salernitana U19,?,in,Winter,NA,Eredivisie,1999,1999/2000
Roda JC Kerkrade,Tom Soetaers,19,Left Winger,RSC Anderlecht,?,in,Winter,NA,Eredivisie,1999,1999/2000
Roda JC Kerkrade,Gunnar Einarsson,23,Defender,Brentford,?,out,Winter,NA,Eredivisie,1999,1999/2000
