club_name,player_name,age,position,club_involved_name,fee,transfer_movement,transfer_period,fee_cleaned,league_name,year,season
1.FC Kaiserslautern,Uwe Fuchs,26,Centre-Forward,1. FC Köln,£585Th.,in,Summer,0.585,1 Bundesliga,1993,1993/1994
1.FC Kaiserslautern,Michael Lusch,29,Right Midfield,Bor. Dortmund,£428Th.,in,Summer,0.428,1 Bundesliga,1993,1993/1994
1.FC Kaiserslautern,Claus Reitmaier,29,Goalkeeper,Stuttg. Kickers,£360Th.,in,Summer,0.36,1 Bundesliga,1993,1993/1994
1.FC Kaiserslautern,Ciriaco Sforza,23,Central Midfield,Grasshoppers,?,in,Summer,NA,1 Bundesliga,1993,1993/1994
1.FC Kaiserslautern,Andreas Brehme,32,Left-Back,Real Zaragoza,?,in,Summer,NA,1 Bundesliga,1993,1993/1994
1.FC Kaiserslautern,Jürgen Degen,25,Centre-Forward,F. Düsseldorf,"End of loanJun 30, 1993",in,Summer,0,1 Bundesliga,1993,1993/1994
1.FC Kaiserslautern,Bernhard Winkler,27,Centre-Forward,SC Fortuna Köln,"End of loanJun 30, 1993",in,Summer,0,1 Bundesliga,1993,1993/1994
1.FC Kaiserslautern,Guido Hoffmann,27,Attacking Midfield,Bay. Leverkusen,"End of loanJun 30, 1993",in,Summer,0,1 Bundesliga,1993,1993/1994
1.FC Kaiserslautern,Marcel Witeczek,24,Centre-Forward,Bayern Munich,£2.25m,out,Summer,2.25,1 Bundesliga,1993,1993/1994
1.FC Kaiserslautern,Michael Zeyer,25,Central Midfield,Waldh. Mannheim,£315Th.,out,Summer,0.315,1 Bundesliga,1993,1993/1994
1.FC Kaiserslautern,Thomas Richter,26,Defensive Midfield,Hertha BSC,Free transfer,out,Summer,0,1 Bundesliga,1993,1993/1994
1.FC Kaiserslautern,Demir Hotic,31,Centre-Forward,Fenerbahce,Free transfer,out,Summer,0,1 Bundesliga,1993,1993/1994
1.FC Kaiserslautern,Thomas Vogel,28,Centre-Forward,TeBe Berlin,Free transfer,out,Summer,0,1 Bundesliga,1993,1993/1994
1.FC Kaiserslautern,Bernhard Winkler,27,Centre-Forward,1860 Munich,?,out,Summer,NA,1 Bundesliga,1993,1993/1994
1.FC Kaiserslautern,Guido Hoffmann,27,Attacking Midfield,SV Wehen,?,out,Summer,NA,1 Bundesliga,1993,1993/1994
1.FC Kaiserslautern,Michael Serr,30,Goalkeeper,Saarbrücken,?,out,Summer,NA,1 Bundesliga,1993,1993/1994
1.FC Kaiserslautern,Frank Lelle,28,Midfielder,FC 08 Homburg,?,out,Summer,NA,1 Bundesliga,1993,1993/1994
1.FC Kaiserslautern,Elvis Hajradinovic,20,Defender,B. Dortmund II,?,out,Summer,NA,1 Bundesliga,1993,1993/1994
1.FC Kaiserslautern,Bjarne Goldbaek,24,Central Midfield,TeBe Berlin,?,out,Summer,NA,1 Bundesliga,1993,1993/1994
1.FC Kaiserslautern,Tom Dooley,32,Centre-Back,Career break,-,out,Summer,0,1 Bundesliga,1993,1993/1994
SG Dynamo Dresden,Olaf Marschall,27,Centre-Forward,Admira/Wacker,£383Th.,in,Summer,0.383,1 Bundesliga,1993,1993/1994
SG Dynamo Dresden,Markus Kranz,23,Left-Back,Bay. Uerdingen,£360Th.,in,Summer,0.36,1 Bundesliga,1993,1993/1994
SG Dynamo Dresden,Piotr Nowak,28,Attacking Midfield,BSC Young Boys,£324Th.,in,Summer,0.324,1 Bundesliga,1993,1993/1994
SG Dynamo Dresden,Rico Hanke,17,Centre-Forward,SV BW Freital,Free transfer,in,Summer,0,1 Bundesliga,1993,1993/1994
SG Dynamo Dresden,Ringo Herrig,17,Centre-Back,B. Dortmund II,Free transfer,in,Summer,0,1 Bundesliga,1993,1993/1994
SG Dynamo Dresden,Uwe Rösler,24,Centre-Forward,1.FC Nuremberg,Loan fee:£8Th.,in,Summer,0.008,1 Bundesliga,1993,1993/1994
SG Dynamo Dresden,Marek Penksa,19,Right Winger,E. Frankfurt,Loan,in,Summer,0,1 Bundesliga,1993,1993/1994
SG Dynamo Dresden,Werner Rank,25,Centre-Forward,BSV Brandenburg,?,in,Summer,NA,1 Bundesliga,1993,1993/1994
SG Dynamo Dresden,Stanislav Cherchesov,29,Goalkeeper,Spartak Moscow,?,in,Summer,NA,1 Bundesliga,1993,1993/1994
SG Dynamo Dresden,Alexander Zickler,19,Centre-Forward,Bayern Munich,£1.04m,out,Summer,1.04,1 Bundesliga,1993,1993/1994
SG Dynamo Dresden,Jens Melzig,27,Centre-Back,Bay. Leverkusen,£788Th.,out,Summer,0.788,1 Bundesliga,1993,1993/1994
SG Dynamo Dresden,Andreas Wagenhaus,28,Centre-Back,Fenerbahce,£540Th.,out,Summer,0.54,1 Bundesliga,1993,1993/1994
SG Dynamo Dresden,Ralf Hauptmann,24,Defensive Midfield,1. FC Köln,£428Th.,out,Summer,0.428,1 Bundesliga,1993,1993/1994
SG Dynamo Dresden,Vladan Milovanovic,22,Centre-Forward,VfL Osnabrück,Free transfer,out,Summer,0,1 Bundesliga,1993,1993/1994
SG Dynamo Dresden,Thomas Köhler,26,Goalkeeper,Sachsen Leipzig,?,out,Summer,NA,1 Bundesliga,1993,1993/1994
SG Dynamo Dresden,Jan Geyer,19,Forward,Chemnitzer FC,?,out,Summer,NA,1 Bundesliga,1993,1993/1994
SG Dynamo Dresden,Wolfram Wagner,21,Midfielder,Unknown,?,out,Summer,NA,1 Bundesliga,1993,1993/1994
SG Dynamo Dresden,Jörg Stübner,27,Defensive Midfield,Sachsen Leipzig,?,out,Summer,NA,1 Bundesliga,1993,1993/1994
SG Dynamo Dresden,Dirk Zander,28,Left Midfield,FC St. Pauli,?,out,Summer,NA,1 Bundesliga,1993,1993/1994
SG Dynamo Dresden,Ronny Teuber,27,Goalkeeper,B. Dortmund II,?,out,Summer,NA,1 Bundesliga,1993,1993/1994
SG Wattenscheid 09,Stefan Studer,29,Left Midfield,E. Frankfurt,£203Th.,in,Summer,0.203,1 Bundesliga,1993,1993/1994
SG Wattenscheid 09,Karsten Hutwelker,21,Left Midfield,F. Düsseldorf,Free transfer,in,Summer,0,1 Bundesliga,1993,1993/1994
SG Wattenscheid 09,Alexander Löbe,20,Centre-Forward,Unterhaching,Free transfer,in,Summer,0,1 Bundesliga,1993,1993/1994
SG Wattenscheid 09,Thomas Ridder,20,Sweeper,RW Essen,Free transfer,in,Summer,0,1 Bundesliga,1993,1993/1994
SG Wattenscheid 09,Ivica Jozic,23,Attacking Midfield,Schalke 04 II,£23Th.,in,Summer,0.023,1 Bundesliga,1993,1993/1994
SG Wattenscheid 09,Olaf Skok,23,Centre-Back,SpVgg Marl,?,in,Summer,NA,1 Bundesliga,1993,1993/1994
SG Wattenscheid 09,Jörg Sobiech,24,Left-Back,Stuttg. Kickers,Free transfer,out,Summer,0,1 Bundesliga,1993,1993/1994
SG Wattenscheid 09,Andreas Müller,21,Midfielder,Arm. Bielefeld,Free transfer,out,Summer,0,1 Bundesliga,1993,1993/1994
SG Wattenscheid 09,Thomas Langbein,26,Midfielder,VfR Sölde,Free transfer,out,Summer,0,1 Bundesliga,1993,1993/1994
SG Wattenscheid 09,Uwe Tschiskale,31,Centre-Forward,Preußen Münster,?,out,Summer,NA,1 Bundesliga,1993,1993/1994
SG Wattenscheid 09,Dirk Greiser,30,Sweeper,Retired,-,out,Summer,0,1 Bundesliga,1993,1993/1994
SG Wattenscheid 09,Frank Hartmann,32,Midfielder,Retired,-,out,Summer,0,1 Bundesliga,1993,1993/1994
SV Werder Bremen,Mario Basler,24,Right Midfield,Hertha BSC,£990Th.,in,Summer,0.99,1 Bundesliga,1993,1993/1994
SV Werder Bremen,Bernd Goldschmidt,23,Defender,W. Bremen II,-,in,Summer,0,1 Bundesliga,1993,1993/1994
SV Werder Bremen,Arie van Lent,22,Centre-Forward,VfB Oldenburg,"End of loanJun 30, 1993",in,Summer,0,1 Bundesliga,1993,1993/1994
SV Werder Bremen,Marinus Bester,24,Centre-Forward,Hamburger SV,"End of loanJun 30, 1993",in,Summer,0,1 Bundesliga,1993,1993/1994
SV Werder Bremen,Stefan Kohn,27,Centre-Forward,1. FC Köln,£698Th.,out,Summer,0.698,1 Bundesliga,1993,1993/1994
SV Werder Bremen,Kay Wenschlag,23,Sweeper,Hansa Rostock,Free transfer,out,Summer,0,1 Bundesliga,1993,1993/1994
SV Werder Bremen,Marinus Bester,24,Centre-Forward,FC Schalke 04,Loan,out,Summer,0,1 Bundesliga,1993,1993/1994
SV Werder Bremen,Chad Deering,22,Defensive Midfield,FC Schalke 04,?,out,Summer,NA,1 Bundesliga,1993,1993/1994
SV Werder Bremen,Klaus Allofs,36,Centre-Forward,Retired,-,out,Summer,0,1 Bundesliga,1993,1993/1994
VfB Stuttgart,Dunga,29,Defensive Midfield,Pescara,£1.80m,in,Summer,1.8,1 Bundesliga,1993,1993/1994
VfB Stuttgart,Axel Kruse,25,Centre-Forward,E. Frankfurt,£765Th.,in,Summer,0.765,1 Bundesliga,1993,1993/1994
VfB Stuttgart,Torsten Kracht,25,Centre-Back,VfB Leipzig,£360Th.,in,Summer,0.36,1 Bundesliga,1993,1993/1994
VfB Stuttgart,Thomas Berthold,28,Centre-Back,Bayern Munich,£293Th.,in,Summer,0.293,1 Bundesliga,1993,1993/1994
VfB Stuttgart,Thomas Brdaric,18,Centre-Forward,Kirchheim U19,?,in,Summer,NA,1 Bundesliga,1993,1993/1994
VfB Stuttgart,Michael Bochtler,17,Left-Back,Stuttgart U19,-,in,Summer,0,1 Bundesliga,1993,1993/1994
VfB Stuttgart,Jürgen Kramny,21,Right Midfield,1.FC Nuremberg,"End of loanJun 30, 1993",in,Summer,0,1 Bundesliga,1993,1993/1994
VfB Stuttgart,Maurizio Gaudino,26,Central Midfield,E. Frankfurt,£1.35m,out,Summer,1.35,1 Bundesliga,1993,1993/1994
VfB Stuttgart,André Golke,28,Attacking Midfield,1.FC Nuremberg,£675Th.,out,Summer,0.675,1 Bundesliga,1993,1993/1994
VfB Stuttgart,Jürgen Kramny,21,Right Midfield,1.FC Nuremberg,£270Th.,out,Summer,0.27,1 Bundesliga,1993,1993/1994
VfB Stuttgart,Harald Preuß,24,Centre-Back,Waldh. Mannheim,?,out,Summer,NA,1 Bundesliga,1993,1993/1994
SC Freiburg,Jörg Schmadtke,29,Goalkeeper,F. Düsseldorf,£180Th.,in,Summer,0.18,1 Bundesliga,1993,1993/1994
SC Freiburg,Jan Seifert,24,Centre-Back,Chemnitzer FC,£158Th.,in,Summer,0.158,1 Bundesliga,1993,1993/1994
SC Freiburg,Uwe Wassmer,27,Centre-Forward,FC Aarau,£113Th.,in,Summer,0.113,1 Bundesliga,1993,1993/1994
SC Freiburg,Stefan Müller,19,Centre-Back,TuS Stetten,Free transfer,in,Summer,0,1 Bundesliga,1993,1993/1994
SC Freiburg,Rodolfo Cardoso,24,Attacking Midfield,FC 08 Homburg,?,in,Summer,NA,1 Bundesliga,1993,1993/1994
SC Freiburg,Martin Spanring,23,Centre-Back,FC Schalke 04,?,in,Summer,NA,1 Bundesliga,1993,1993/1994
SC Freiburg,Paschalis Seretis,26,Centre-Forward,Doxa Dramas,?,in,Summer,NA,1 Bundesliga,1993,1993/1994
SC Freiburg,René Linderer,22,Midfielder,SV Linx,?,in,Summer,NA,1 Bundesliga,1993,1993/1994
SC Freiburg,Thomas Schweizer,25,Centre-Forward,Chemnitzer FC,"End of loanJun 30, 1993",in,Summer,0,1 Bundesliga,1993,1993/1994
SC Freiburg,Michael Pfahler,27,Left Midfield,Unterhaching,?,out,Summer,NA,1 Bundesliga,1993,1993/1994
SC Freiburg,Volker Ruoff,23,Centre-Back,FC 08 Homburg,?,out,Summer,NA,1 Bundesliga,1993,1993/1994
SC Freiburg,Mario Barczyk,23,Centre-Forward,Ludwigsburg 07,?,out,Summer,NA,1 Bundesliga,1993,1993/1994
SC Freiburg,Carsten Eisenmenger,26,Goalkeeper,Without Club,-,out,Summer,0,1 Bundesliga,1993,1993/1994
MSV Duisburg,Peter Közle,25,Centre-Forward,Grasshoppers,£540Th.,in,Summer,0.54,1 Bundesliga,1993,1993/1994
MSV Duisburg,Uwe Weidemann,30,Attacking Midfield,1.FC Nuremberg,£270Th.,in,Summer,0.27,1 Bundesliga,1993,1993/1994
MSV Duisburg,Markus Reiter,16,Centre-Back,SW Essen U19,?,in,Summer,NA,1 Bundesliga,1993,1993/1994
MSV Duisburg,Torsten Wohlert,27,Centre-Back,Waldh. Mannheim,?,in,Summer,NA,1 Bundesliga,1993,1993/1994
MSV Duisburg,Alois Schwartz,26,Defensive Midfield,Stuttg. Kickers,?,in,Summer,NA,1 Bundesliga,1993,1993/1994
MSV Duisburg,Mini Jakobsen,27,Left Winger,BSC Young Boys,?,in,Summer,NA,1 Bundesliga,1993,1993/1994
MSV Duisburg,Markus Sailer,25,Centre-Forward,FC St. Pauli,Loan fee:£56Th.,out,Summer,0.056,1 Bundesliga,1993,1993/1994
MSV Duisburg,Olaf Becker,22,Defender,RW Oberhausen,Free transfer,out,Summer,0,1 Bundesliga,1993,1993/1994
MSV Duisburg,Ralf Kellermann,24,Goalkeeper,FSV Frankfurt,?,out,Summer,NA,1 Bundesliga,1993,1993/1994
MSV Duisburg,Michael Harforth,34,Attacking Midfield,Hannover 96,?,out,Summer,NA,1 Bundesliga,1993,1993/1994
MSV Duisburg,Jaroslaw Araszkiewicz,28,Centre-Forward,Lech Poznan,?,out,Summer,NA,1 Bundesliga,1993,1993/1994
MSV Duisburg,Andreas Gielchen,28,Centre-Back,Alem. Aachen,?,out,Summer,NA,1 Bundesliga,1993,1993/1994
MSV Duisburg,Heribert Macherey,38,Goalkeeper,Retired,-,out,Summer,0,1 Bundesliga,1993,1993/1994
MSV Duisburg,Toni Puszamszies,34,Defensive Midfield,Retired,-,out,Summer,0,1 Bundesliga,1993,1993/1994
Karlsruher SC,Slaven Bilic,24,Centre-Back,Hajduk Split,£450Th.,in,Summer,0.45,1 Bundesliga,1993,1993/1994
Karlsruher SC,Edgar Schmitt,30,Centre-Forward,E. Frankfurt,£428Th.,in,Summer,0.428,1 Bundesliga,1993,1993/1994
Karlsruher SC,Heiko Bonan,27,Attacking Midfield,VfL Bochum,£293Th.,in,Summer,0.293,1 Bundesliga,1993,1993/1994
Karlsruher SC,Tomislav Maric,20,Centre-Forward,Ludwigsburg 07,Free transfer,in,Summer,0,1 Bundesliga,1993,1993/1994
Karlsruher SC,Pero Skoric,24,Sweeper,SC 08 Bamberg,Free transfer,in,Summer,0,1 Bundesliga,1993,1993/1994
Karlsruher SC,Karl-Heinz Lutz,18,Forward,Unknown,?,in,Summer,NA,1 Bundesliga,1993,1993/1994
Karlsruher SC,Markus Bähr,18,Defender,Karlsruhe U19,-,in,Summer,0,1 Bundesliga,1993,1993/1994
Karlsruher SC,Ralph Bany,28,Defender,TSF Ditzingen,?,out,Summer,NA,1 Bundesliga,1993,1993/1994
Karlsruher SC,Richard Benigno,NA,Midfielder,Unknown,?,out,Summer,NA,1 Bundesliga,1993,1993/1994
Karlsruher SC,Markus Gehrig,19,Midfielder,FC Dossenheim,?,out,Summer,NA,1 Bundesliga,1993,1993/1994
Karlsruher SC,Rainer Scharinger,26,Midfielder,VfR Mannheim,?,out,Summer,NA,1 Bundesliga,1993,1993/1994
Karlsruher SC,Helmut Hermann,26,Centre-Forward,Retired,-,out,Summer,0,1 Bundesliga,1993,1993/1994
Hamburger SV,Valdas Ivanauskas,26,Centre-Forward,Austria Vienna,£765Th.,in,Summer,0.765,1 Bundesliga,1993,1993/1994
Hamburger SV,Michael Kostner,24,Sweeper,Saarbrücken,£450Th.,in,Summer,0.45,1 Bundesliga,1993,1993/1994
Hamburger SV,Andreas Sassen,25,Attacking Midfield,Bay. Uerdingen,£360Th.,in,Summer,0.36,1 Bundesliga,1993,1993/1994
Hamburger SV,Jörg Albertz,22,Left Midfield,F. Düsseldorf,£270Th.,in,Summer,0.27,1 Bundesliga,1993,1993/1994
Hamburger SV,Stig Töfting,23,Defensive Midfield,Aarhus GF,£270Th.,in,Summer,0.27,1 Bundesliga,1993,1993/1994
Hamburger SV,Marijan Kovacevic,19,Centre-Back,Hamburger SV II,-,in,Summer,0,1 Bundesliga,1993,1993/1994
Hamburger SV,Riccardo Baich,19,Forward,Hamburger SV II,-,in,Summer,0,1 Bundesliga,1993,1993/1994
Hamburger SV,Jan Furtok,31,Centre-Forward,E. Frankfurt,£990Th.,out,Summer,0.99,1 Bundesliga,1993,1993/1994
Hamburger SV,Florian Weichert,25,Centre-Forward,VfB Leipzig,£338Th.,out,Summer,0.338,1 Bundesliga,1993,1993/1994
Hamburger SV,Frank Rohde,33,Sweeper,Hertha BSC,£189Th.,out,Summer,0.189,1 Bundesliga,1993,1993/1994
Hamburger SV,Andreas Reinke,24,Goalkeeper,FC St. Pauli,Free transfer,out,Summer,0,1 Bundesliga,1993,1993/1994
Hamburger SV,Emerson,19,Centre-Forward,Holstein Kiel,Free transfer,out,Summer,0,1 Bundesliga,1993,1993/1994
Hamburger SV,Pavel Dotchev,27,Sweeper,CSKA Sofia,?,out,Summer,NA,1 Bundesliga,1993,1993/1994
Hamburger SV,Waldemar Matysik,31,Defensive Midfield,Wuppertaler SV,?,out,Summer,NA,1 Bundesliga,1993,1993/1994
Hamburger SV,Henning Hardt,22,Centre-Back,Holstein Kiel,?,out,Summer,NA,1 Bundesliga,1993,1993/1994
Hamburger SV,Marinus Bester,24,Centre-Forward,Werder Bremen,"End of loanJun 30, 1993",out,Summer,0,1 Bundesliga,1993,1993/1994
FC Schalke 04,Youri Mulder,24,Centre-Forward,Twente FC,£630Th.,in,Summer,0.63,1 Bundesliga,1993,1993/1994
FC Schalke 04,Jiri Nemec,27,Defensive Midfield,Sparta Praha,Free transfer,in,Summer,0,1 Bundesliga,1993,1993/1994
FC Schalke 04,Marinus Bester,24,Centre-Forward,Werder Bremen,Loan,in,Summer,0,1 Bundesliga,1993,1993/1994
FC Schalke 04,Chad Deering,22,Defensive Midfield,Werder Bremen,?,in,Summer,NA,1 Bundesliga,1993,1993/1994
FC Schalke 04,Steffen Freund,23,Defensive Midfield,Bor. Dortmund,£1.35m,out,Summer,1.35,1 Bundesliga,1993,1993/1994
FC Schalke 04,Andreas Gaber,20,Midfielder,FC Remscheid,Free transfer,out,Summer,0,1 Bundesliga,1993,1993/1994
FC Schalke 04,Gerald Hillringhaus,31,Goalkeeper,TeBe Berlin,?,out,Summer,NA,1 Bundesliga,1993,1993/1994
FC Schalke 04,Richard Mademann,25,Centre-Back,FC 08 Homburg,?,out,Summer,NA,1 Bundesliga,1993,1993/1994
FC Schalke 04,Radmilo Mihajlovic,28,Centre-Forward,E. Frankfurt,?,out,Summer,NA,1 Bundesliga,1993,1993/1994
FC Schalke 04,Uwe Leifeld,26,Centre-Forward,Preußen Münster,?,out,Summer,NA,1 Bundesliga,1993,1993/1994
FC Schalke 04,Bent Christensen,26,Centre-Forward,Olympiacos,Loan,out,Summer,0,1 Bundesliga,1993,1993/1994
FC Schalke 04,Martin Spanring,23,Centre-Back,SC Freiburg,?,out,Summer,NA,1 Bundesliga,1993,1993/1994
FC Schalke 04,Antoine Hey,22,Right Midfield,TeBe Berlin,Loan,out,Summer,0,1 Bundesliga,1993,1993/1994
FC Schalke 04,Günter Schlipper,30,Attacking Midfield,Retired,-,out,Summer,0,1 Bundesliga,1993,1993/1994
Bayern Munich,Adolfo Valencia,25,Centre-Forward,Indep. Santa Fe,£2.30m,in,Summer,2.3,1 Bundesliga,1993,1993/1994
Bayern Munich,Marcel Witeczek,24,Centre-Forward,1.FC K'lautern,£2.25m,in,Summer,2.25,1 Bundesliga,1993,1993/1994
Bayern Munich,Alexander Zickler,19,Centre-Forward,Dynamo Dresden,£1.04m,in,Summer,1.04,1 Bundesliga,1993,1993/1994
Bayern Munich,Marco Grimm,21,Centre-Back,VfB Gaggenau,Free transfer,in,Summer,0,1 Bundesliga,1993,1993/1994
Bayern Munich,Dietmar Hamann,19,Defensive Midfield,FC Bayern II,-,in,Summer,0,1 Bundesliga,1993,1993/1994
Bayern Munich,Manfred Schwabl,27,Defensive Midfield,1.FC Nuremberg,"End of loanJun 30, 1993",in,Summer,0,1 Bundesliga,1993,1993/1994
Bayern Munich,Roland Wohlfarth,30,Centre-Forward,Saint-Étienne,£1.13m,out,Summer,1.13,1 Bundesliga,1993,1993/1994
Bayern Munich,Manfred Schwabl,27,Defensive Midfield,1.FC Nuremberg,£900Th.,out,Summer,0.9,1 Bundesliga,1993,1993/1994
Bayern Munich,Thomas Berthold,28,Centre-Back,VfB Stuttgart,£293Th.,out,Summer,0.293,1 Bundesliga,1993,1993/1994
Bayern Munich,Raymond Victoria,20,Central Midfield,De Graafschap,£61Th.,out,Summer,0.061,1 Bundesliga,1993,1993/1994
Bayern Munich,Andreas Mayer,20,Central Midfield,FC St. Pauli,Free transfer,out,Summer,0,1 Bundesliga,1993,1993/1994
Bayern Munich,Alan McInally,30,Centre-Forward,Kilmarnock FC,Free transfer,out,Summer,0,1 Bundesliga,1993,1993/1994
Eintracht Frankfurt,Maurizio Gaudino,26,Central Midfield,VfB Stuttgart,£1.35m,in,Summer,1.35,1 Bundesliga,1993,1993/1994
Eintracht Frankfurt,Jan Furtok,31,Centre-Forward,Hamburger SV,£990Th.,in,Summer,0.99,1 Bundesliga,1993,1993/1994
Eintracht Frankfurt,Mirko Dickhaut,22,Defensive Midfield,Hessen Kassel,Free transfer,in,Summer,0,1 Bundesliga,1993,1993/1994
Eintracht Frankfurt,Radmilo Mihajlovic,28,Centre-Forward,FC Schalke 04,?,in,Summer,NA,1 Bundesliga,1993,1993/1994
Eintracht Frankfurt,Michael Osei,21,Sweeper,Vorwärts Steyr,?,in,Summer,NA,1 Bundesliga,1993,1993/1994
Eintracht Frankfurt,Oka Nikolov,19,Goalkeeper,Frankfurt U19,-,in,Summer,0,1 Bundesliga,1993,1993/1994
Eintracht Frankfurt,Kevin Knödler,17,Goalkeeper,Frankfurt U19,-,in,Summer,0,1 Bundesliga,1993,1993/1994
Eintracht Frankfurt,Thomas Sobotzik,18,Attacking Midfield,Frankfurt U19,-,in,Summer,0,1 Bundesliga,1993,1993/1994
Eintracht Frankfurt,Matthias Becker,19,Centre-Forward,Frankfurt U19,-,in,Summer,0,1 Bundesliga,1993,1993/1994
Eintracht Frankfurt,Axel Kruse,25,Centre-Forward,VfB Stuttgart,£765Th.,out,Summer,0.765,1 Bundesliga,1993,1993/1994
Eintracht Frankfurt,Edgar Schmitt,30,Centre-Forward,Karlsruher SC,£428Th.,out,Summer,0.428,1 Bundesliga,1993,1993/1994
Eintracht Frankfurt,Stefan Studer,29,Left Midfield,Wattenscheid 09,£203Th.,out,Summer,0.203,1 Bundesliga,1993,1993/1994
Eintracht Frankfurt,Ingo Schlösser,20,Defensive Midfield,Hansa Rostock,Free transfer,out,Summer,0,1 Bundesliga,1993,1993/1994
Eintracht Frankfurt,Michael Klein,28,Sweeper,FSV Frankfurt,Free transfer,out,Summer,0,1 Bundesliga,1993,1993/1994
Eintracht Frankfurt,Uwe Rahn,31,Centre-Forward,Urawa Reds,?,out,Summer,NA,1 Bundesliga,1993,1993/1994
Eintracht Frankfurt,Marek Penksa,19,Right Winger,Dynamo Dresden,Loan,out,Summer,0,1 Bundesliga,1993,1993/1994
Eintracht Frankfurt,Dariusz Adamczuk,23,Defensive Midfield,Dundee FC,?,out,Summer,NA,1 Bundesliga,1993,1993/1994
Eintracht Frankfurt,Alessandro da Silva,22,Attacking Midfield,VfB Gießen,?,out,Summer,NA,1 Bundesliga,1993,1993/1994
Eintracht Frankfurt,Heinz Gründel,36,Attacking Midfield,Retired,-,out,Summer,0,1 Bundesliga,1993,1993/1994
Borussia Mönchengladbach,Heiko Herrlich,21,Centre-Forward,Bay. Leverkusen,£720Th.,in,Summer,0.72,1 Bundesliga,1993,1993/1994
Borussia Mönchengladbach,Dietmar Hirsch,21,Defensive Midfield,1.FC Viersen,Free transfer,in,Summer,0,1 Bundesliga,1993,1993/1994
Borussia Mönchengladbach,Jörg Kässmann,24,Goalkeeper,Eintr. Haiger,?,in,Summer,NA,1 Bundesliga,1993,1993/1994
Borussia Mönchengladbach,Marc Beckers,19,Midfielder,M'gladbach II,-,in,Summer,0,1 Bundesliga,1993,1993/1994
Borussia Mönchengladbach,Andreas Bluhm,19,Defender,M'gladbach U19,-,in,Summer,0,1 Bundesliga,1993,1993/1994
Borussia Mönchengladbach,Hans-Jörg Criens,32,Centre-Forward,1.FC Nuremberg,£270Th.,out,Summer,0.27,1 Bundesliga,1993,1993/1994
Borussia Mönchengladbach,Stefan Ertl,24,Centre-Forward,SC Fortuna Köln,Free transfer,out,Summer,0,1 Bundesliga,1993,1993/1994
Borussia Mönchengladbach,Horst Steffen,24,Central Midfield,Bay. Uerdingen,?,out,Summer,NA,1 Bundesliga,1993,1993/1994
Borussia Mönchengladbach,Frank Schulz,32,Attacking Midfield,Alem. Aachen,?,out,Summer,NA,1 Bundesliga,1993,1993/1994
Borussia Dortmund,Karl-Heinz Riedle,27,Centre-Forward,Lazio,£4.05m,in,Summer,4.05,1 Bundesliga,1993,1993/1994
Borussia Dortmund,Steffen Freund,23,Defensive Midfield,FC Schalke 04,£1.35m,in,Summer,1.35,1 Bundesliga,1993,1993/1994
Borussia Dortmund,Dr. Philipp Laux,20,Goalkeeper,VfB Gaggenau,£36Th.,in,Summer,0.036,1 Bundesliga,1993,1993/1994
Borussia Dortmund,Lars Ricken,16,Attacking Midfield,B. Dortmund U19,-,in,Summer,0,1 Bundesliga,1993,1993/1994
Borussia Dortmund,Michael Rummenigge,29,Attacking Midfield,Urawa Reds,£1.58m,out,Summer,1.58,1 Bundesliga,1993,1993/1994
Borussia Dortmund,Michael Lusch,29,Right Midfield,1.FC K'lautern,£428Th.,out,Summer,0.428,1 Bundesliga,1993,1993/1994
Borussia Dortmund,René Tretschok,24,Defensive Midfield,TeBe Berlin,Loan fee:£68Th.,out,Summer,0.068,1 Bundesliga,1993,1993/1994
Borussia Dortmund,Christof Osigus,20,Goalkeeper,STV Horst-Em.,Free transfer,out,Summer,0,1 Bundesliga,1993,1993/1994
Bayer 04 Leverkusen,Paulo Sérgio,24,Left Winger,Corinthians,£1.04m,in,Summer,1.04,1 Bundesliga,1993,1993/1994
Bayer 04 Leverkusen,Jens Melzig,27,Centre-Back,Dynamo Dresden,£788Th.,in,Summer,0.788,1 Bundesliga,1993,1993/1994
Bayer 04 Leverkusen,Bernard Schuiteman,19,Centre-Back,Twente FC,£113Th.,in,Summer,0.113,1 Bundesliga,1993,1993/1994
Bayer 04 Leverkusen,Ralf Becker,22,Attacking Midfield,TSF Ditzingen,Free transfer,in,Summer,0,1 Bundesliga,1993,1993/1994
Bayer 04 Leverkusen,Bernd Schuster,33,Attacking Midfield,Atlético Madrid,Free transfer,in,Summer,0,1 Bundesliga,1993,1993/1994
Bayer 04 Leverkusen,Taifour Diane,20,Centre-Forward,Colorado Foxes,Free transfer,in,Summer,0,1 Bundesliga,1993,1993/1994
Bayer 04 Leverkusen,Jörg Nowotny,24,Centre-Forward,Hallescher FC,Free transfer,in,Summer,0,1 Bundesliga,1993,1993/1994
Bayer 04 Leverkusen,Daniel Addo,16,Midfielder,Great Olympics,?,in,Summer,NA,1 Bundesliga,1993,1993/1994
Bayer 04 Leverkusen,Heiko Herrlich,21,Centre-Forward,Bor. M'gladbach,£720Th.,out,Summer,0.72,1 Bundesliga,1993,1993/1994
Bayer 04 Leverkusen,Uwe Stöver,26,Centre-Back,VfL Bochum,Free transfer,out,Summer,0,1 Bundesliga,1993,1993/1994
Bayer 04 Leverkusen,Jürgen Radschuweit,25,Centre-Back,SC Fortuna Köln,?,out,Summer,NA,1 Bundesliga,1993,1993/1994
Bayer 04 Leverkusen,Guido Hoffmann,27,Attacking Midfield,1.FC K'lautern,"End of loanJun 30, 1993",out,Summer,0,1 Bundesliga,1993,1993/1994
1.FC Nuremberg,Manfred Schwabl,27,Defensive Midfield,Bayern Munich,£900Th.,in,Summer,0.9,1 Bundesliga,1993,1993/1994
1.FC Nuremberg,André Golke,28,Attacking Midfield,VfB Stuttgart,£675Th.,in,Summer,0.675,1 Bundesliga,1993,1993/1994
1.FC Nuremberg,Jürgen Kramny,21,Right Midfield,VfB Stuttgart,£270Th.,in,Summer,0.27,1 Bundesliga,1993,1993/1994
1.FC Nuremberg,Hans-Jörg Criens,32,Centre-Forward,Bor. M'gladbach,£270Th.,in,Summer,0.27,1 Bundesliga,1993,1993/1994
1.FC Nuremberg,Alain Sutter,25,Left Midfield,Grasshoppers,Loan fee:£158Th.,in,Summer,0.158,1 Bundesliga,1993,1993/1994
1.FC Nuremberg,Michael Wiesinger,20,Right Midfield,FC Starnberg,£27Th.,in,Summer,0.027,1 Bundesliga,1993,1993/1994
1.FC Nuremberg,Oliver Straube,21,Left Midfield,TSF Ditzingen,£27Th.,in,Summer,0.027,1 Bundesliga,1993,1993/1994
1.FC Nuremberg,Thomas Kristl,30,Midfielder,Saarbrücken,?,in,Summer,NA,1 Bundesliga,1993,1993/1994
1.FC Nuremberg,Markus Brand,18,Defender,Nürnberg U19,-,in,Summer,0,1 Bundesliga,1993,1993/1994
1.FC Nuremberg,Sergio Zárate,24,Centre-Forward,Ancona,"End of loanJun 30, 1993",in,Summer,0,1 Bundesliga,1993,1993/1994
1.FC Nuremberg,Uwe Weidemann,30,Attacking Midfield,Waldh. Mannheim,"End of loanJun 30, 1993",in,Summer,0,1 Bundesliga,1993,1993/1994
1.FC Nuremberg,Uwe Weidemann,30,Attacking Midfield,MSV Duisburg,£270Th.,out,Summer,0.27,1 Bundesliga,1993,1993/1994
1.FC Nuremberg,Steffen Binke,20,Defender,BSC Erlangen,Free transfer,out,Summer,0,1 Bundesliga,1993,1993/1994
1.FC Nuremberg,Markus Bäurle,23,Midfielder,SSV Reutlingen,Free transfer,out,Summer,0,1 Bundesliga,1993,1993/1994
1.FC Nuremberg,Uwe Rösler,24,Centre-Forward,Dynamo Dresden,Loan fee:£8Th.,out,Summer,0.008,1 Bundesliga,1993,1993/1994
1.FC Nuremberg,Dirk Fengler,23,Right Midfield,Saarbrücken,?,out,Summer,NA,1 Bundesliga,1993,1993/1994
1.FC Nuremberg,Roger Diebel,NA,Forward,Unknown,?,out,Summer,NA,1 Bundesliga,1993,1993/1994
1.FC Nuremberg,Thomas Seitz,23,Midfielder,SpVgg Fürth,?,out,Summer,NA,1 Bundesliga,1993,1993/1994
1.FC Nuremberg,Thomas Weissenberger,22,Right Winger,LASK,?,out,Summer,NA,1 Bundesliga,1993,1993/1994
1.FC Nuremberg,Jürgen Kramny,21,Right Midfield,VfB Stuttgart,"End of loanJun 30, 1993",out,Summer,0,1 Bundesliga,1993,1993/1994
1.FC Nuremberg,Manfred Schwabl,27,Defensive Midfield,Bayern Munich,"End of loanJun 30, 1993",out,Summer,0,1 Bundesliga,1993,1993/1994
1. FC Köln,Stefan Kohn,27,Centre-Forward,Werder Bremen,£698Th.,in,Summer,0.698,1 Bundesliga,1993,1993/1994
1. FC Köln,Ralf Hauptmann,24,Defensive Midfield,Dynamo Dresden,£428Th.,in,Summer,0.428,1 Bundesliga,1993,1993/1994
1. FC Köln,Toni Polster,29,Centre-Forward,Rayo Vallecano,Free transfer,in,Summer,0,1 Bundesliga,1993,1993/1994
1. FC Köln,Michael Kraft,27,Goalkeeper,Bakirköyspor,Free transfer,in,Summer,0,1 Bundesliga,1993,1993/1994
1. FC Köln,Stephan Paßlack,22,Centre-Back,Bay. Uerdingen,Loan,in,Summer,0,1 Bundesliga,1993,1993/1994
1. FC Köln,Rudi Müller,32,Centre-Forward,Wuppertaler SV,?,in,Summer,NA,1 Bundesliga,1993,1993/1994
1. FC Köln,Carsten Jancker,18,Centre-Forward,1.FC Köln U19,-,in,Summer,0,1 Bundesliga,1993,1993/1994
1. FC Köln,Edward Sarpei,24,Left Midfield,1.FC Köln II,-,in,Summer,0,1 Bundesliga,1993,1993/1994
1. FC Köln,Thomas Zdebel,20,Defensive Midfield,1.FC Köln II,-,in,Summer,0,1 Bundesliga,1993,1993/1994
1. FC Köln,Uwe Fuchs,26,Centre-Forward,1.FC K'lautern,£585Th.,out,Summer,0.585,1 Bundesliga,1993,1993/1994
1. FC Köln,Frank Ordenewitz,28,Centre-Forward,JEF Utd. Chiba,£585Th.,out,Summer,0.585,1 Bundesliga,1993,1993/1994
1. FC Köln,Andrzej Kobylanski,22,Left Midfield,TeBe Berlin,Free transfer,out,Summer,0,1 Bundesliga,1993,1993/1994
1. FC Köln,André Trulsen,28,Centre-Back,SV Lurup,Free transfer,out,Summer,0,1 Bundesliga,1993,1993/1994
1. FC Köln,Adrian Spyrka,25,Central Midfield,RW Essen,?,out,Summer,NA,1 Bundesliga,1993,1993/1994
1. FC Köln,Jann Jensen,24,Centre-Back,VfL Wolfsburg,?,out,Summer,NA,1 Bundesliga,1993,1993/1994
1. FC Köln,Hans-Dieter Flick,28,Midfielder,Retired,-,out,Summer,0,1 Bundesliga,1993,1993/1994
1. FC Köln,Roger Nilsen,23,Centre-Back,Viking FK,"End of loanJun 30, 1993",out,Summer,0,1 Bundesliga,1993,1993/1994
VfB Leipzig,Florian Weichert,25,Centre-Forward,Hamburger SV,£338Th.,in,Summer,0.338,1 Bundesliga,1993,1993/1994
VfB Leipzig,Steffen Heidrich,25,Attacking Midfield,Chemnitzer FC,£270Th.,in,Summer,0.27,1 Bundesliga,1993,1993/1994
VfB Leipzig,Holger Bühner,26,Centre-Back,Rot-Weiß Erfurt,£63Th.,in,Summer,0.063,1 Bundesliga,1993,1993/1994
VfB Leipzig,Karen Markosyan,24,Right Winger,FC Kotayk,Free transfer,in,Summer,0,1 Bundesliga,1993,1993/1994
VfB Leipzig,Marcel Geißler,9,Midfielder,Unknown,Free transfer,in,Summer,0,1 Bundesliga,1993,1993/1994
VfB Leipzig,John Doyle,27,Centre-Back,Örgryte,?,in,Summer,NA,1 Bundesliga,1993,1993/1994
VfB Leipzig,Ronny Kujat,18,Attacking Midfield,VfB Leipzig U19,-,in,Summer,0,1 Bundesliga,1993,1993/1994
VfB Leipzig,René Morgenstern,18,Defender,VfB Leipzig U19,-,in,Summer,0,1 Bundesliga,1993,1993/1994
VfB Leipzig,Torsten Kracht,25,Centre-Back,VfB Stuttgart,£360Th.,out,Summer,0.36,1 Bundesliga,1993,1993/1994
VfB Leipzig,Daniel Fröhlich,20,Goalkeeper,Sachsen Leipzig,Free transfer,out,Summer,0,1 Bundesliga,1993,1993/1994
VfB Leipzig,Sarfo Gyamfi,25,Midfielder,Hallescher FC,?,out,Summer,NA,1 Bundesliga,1993,1993/1994
VfB Leipzig,Gennadi Grishin,28,Central Midfield,Torpedo Moscow,?,out,Summer,NA,1 Bundesliga,1993,1993/1994
VfB Leipzig,Hans-Jürgen Heidenreich,25,Right-Back,Retired,-,out,Summer,0,1 Bundesliga,1993,1993/1994
VfB Leipzig,Damian Halata,30,Attacking Midfield,Retired,-,out,Summer,0,1 Bundesliga,1993,1993/1994
1.FC Kaiserslautern,Pavel Kuka,25,Centre-Forward,Slavia Prague,?,in,Winter,NA,1 Bundesliga,1993,1993/1994
1.FC Kaiserslautern,Marcus Marin,27,Centre-Forward,FC St. Pauli,Loan,out,Winter,0,1 Bundesliga,1993,1993/1994
SG Dynamo Dresden,Henri Fuchs,23,Centre-Forward,1. FC Köln,£450Th.,in,Winter,0.45,1 Bundesliga,1993,1993/1994
SG Dynamo Dresden,Henrik Risom,25,Right-Back,Lyngby BK,£113Th.,in,Winter,0.113,1 Bundesliga,1993,1993/1994
SG Dynamo Dresden,Uwe Rösler,25,Centre-Forward,1.FC Nuremberg,"End of loanMar 1, 1994",out,Winter,0,1 Bundesliga,1993,1993/1994
SG Wattenscheid 09,Günter Hermann,33,Defensive Midfield,Hannover 96,?,out,Winter,NA,1 Bundesliga,1993,1993/1994
SV Werder Bremen,Marinus Bester,24,Centre-Forward,FC Schalke 04,"End of loanDec 31, 1993",in,Winter,0,1 Bundesliga,1993,1993/1994
VfB Stuttgart,Torsten Kracht,26,Centre-Back,VfB Leipzig,Free transfer,out,Winter,0,1 Bundesliga,1993,1993/1994
VfB Stuttgart,Axel Kruse,26,Centre-Forward,FC Basel,Loan,out,Winter,0,1 Bundesliga,1993,1993/1994
SC Freiburg,Aleksandr Borodyuk,31,Centre-Forward,FC Schalke 04,£225Th.,in,Winter,0.225,1 Bundesliga,1993,1993/1994
SC Freiburg,Thomas Seeliger,27,Defensive Midfield,1860 Munich,£135Th.,out,Winter,0.135,1 Bundesliga,1993,1993/1994
MSV Duisburg,Ivica Vastic,24,Second Striker,Admira/Wacker,Free transfer,in,Winter,0,1 Bundesliga,1993,1993/1994
MSV Duisburg,Zoran Zeljko,25,Goalkeeper,Borussia Fulda,Free transfer,in,Winter,0,1 Bundesliga,1993,1993/1994
MSV Duisburg,Peter Ogaba,19,Midfielder,KSC Lokeren,?,in,Winter,NA,1 Bundesliga,1993,1993/1994
MSV Duisburg,Stefan Minkwitz,25,Defensive Midfield,Stuttg. Kickers,Free transfer,out,Winter,0,1 Bundesliga,1993,1993/1994
MSV Duisburg,Roland Seitz,29,Forward,FC 08 Homburg,Free transfer,out,Winter,0,1 Bundesliga,1993,1993/1994
MSV Duisburg,Mini Jakobsen,27,Left Winger,Lierse SK,?,out,Winter,NA,1 Bundesliga,1993,1993/1994
Karlsruher SC,Peter Neustädter,27,Centre-Back,Chemnitzer FC,Free transfer,out,Winter,0,1 Bundesliga,1993,1993/1994
Hamburger SV,Jörn Andersen,30,Centre-Forward,E. Frankfurt,£225Th.,in,Winter,0.225,1 Bundesliga,1993,1993/1994
Hamburger SV,Petar Hubchev,29,Sweeper,Levski Sofia,£203Th.,in,Winter,0.203,1 Bundesliga,1993,1993/1994
Hamburger SV,Peter Woodring,25,Centre-Forward,Aalborg BK,?,out,Winter,NA,1 Bundesliga,1993,1993/1994
Hamburger SV,Stig Töfting,24,Defensive Midfield,Odense BK,Loan,out,Winter,0,1 Bundesliga,1993,1993/1994
FC Schalke 04,Dieter Eckstein,29,Centre-Forward,1.FC Nuremberg,?,in,Winter,NA,1 Bundesliga,1993,1993/1994
FC Schalke 04,Fabijan Komljenovic,25,Attacking Midfield,NK Istra Pula,Loan,in,Winter,0,1 Bundesliga,1993,1993/1994
FC Schalke 04,Aleksandr Borodyuk,31,Centre-Forward,SC Freiburg,£225Th.,out,Winter,0.225,1 Bundesliga,1993,1993/1994
FC Schalke 04,Marinus Bester,24,Centre-Forward,Werder Bremen,"End of loanDec 31, 1993",out,Winter,0,1 Bundesliga,1993,1993/1994
Bayern Munich,Jan Wouters,33,Defensive Midfield,PSV Eindhoven,£690Th.,out,Winter,0.69,1 Bundesliga,1993,1993/1994
Bayern Munich,Max Eberl,20,Right-Back,VfL Bochum,£225Th.,out,Winter,0.225,1 Bundesliga,1993,1993/1994
Bayern Munich,Harald Cerny,20,Right Midfield,Admira/Wacker,?,out,Winter,NA,1 Bundesliga,1993,1993/1994
Bayern Munich,Mazinho,28,Centre-Forward,Internacional,Loan,out,Winter,0,1 Bundesliga,1993,1993/1994
Eintracht Frankfurt,Thomas Doll,27,Attacking Midfield,Lazio,Loan fee:£315Th.,in,Winter,0.315,1 Bundesliga,1993,1993/1994
Eintracht Frankfurt,Jörn Andersen,30,Centre-Forward,Hamburger SV,£225Th.,out,Winter,0.225,1 Bundesliga,1993,1993/1994
Eintracht Frankfurt,Jochen Kientz,21,Centre-Back,1860 Munich,?,out,Winter,NA,1 Bundesliga,1993,1993/1994
Borussia Mönchengladbach,Patrik Andersson,22,Centre-Back,Blackburn,£495Th.,in,Winter,0.495,1 Bundesliga,1993,1993/1994
Borussia Mönchengladbach,Hans-Jörg Criens,32,Centre-Forward,1.FC Nuremberg,£270Th.,out,Winter,0.27,1 Bundesliga,1993,1993/1994
Borussia Mönchengladbach,Johnny Mölby,24,Central Midfield,KV Mechelen,?,out,Winter,NA,1 Bundesliga,1993,1993/1994
Borussia Dortmund,Leonardo Rodríguez,27,Attacking Midfield,Atalanta,?,in,Winter,NA,1 Bundesliga,1993,1993/1994
Borussia Dortmund,Steffen Karl,23,Defensive Midfield,Man City,Free transfer,out,Winter,0,1 Bundesliga,1993,1993/1994
Bayer 04 Leverkusen,Walter Junghans,35,Goalkeeper,Hertha BSC,?,in,Winter,NA,1 Bundesliga,1993,1993/1994
Bayer 04 Leverkusen,Markus von Ahlen,23,Midfielder,VfL Bochum,?,out,Winter,NA,1 Bundesliga,1993,1993/1994
Bayer 04 Leverkusen,Mathias Stammann,25,Midfielder,SC Fortuna Köln,?,out,Winter,NA,1 Bundesliga,1993,1993/1994
1.FC Nuremberg,Hans-Jörg Criens,32,Centre-Forward,Bor. M'gladbach,£270Th.,in,Winter,0.27,1 Bundesliga,1993,1993/1994
1.FC Nuremberg,Lubos Kubik,29,Central Midfield,FC Metz,?,in,Winter,NA,1 Bundesliga,1993,1993/1994
1.FC Nuremberg,Uwe Rösler,25,Centre-Forward,Dynamo Dresden,"End of loanMar 1, 1994",in,Winter,0,1 Bundesliga,1993,1993/1994
1.FC Nuremberg,Uwe Rösler,25,Centre-Forward,Man City,£900Th.,out,Winter,0.9,1 Bundesliga,1993,1993/1994
1.FC Nuremberg,Dieter Eckstein,29,Centre-Forward,FC Schalke 04,?,out,Winter,NA,1 Bundesliga,1993,1993/1994
1.FC Nuremberg,Jörg Dittwar,30,Defensive Midfield,Retired,-,out,Winter,0,1 Bundesliga,1993,1993/1994
1. FC Köln,Revaz Arveladze,24,Attacking Midfield,Dinamo Tbilisi,Loan,in,Winter,0,1 Bundesliga,1993,1993/1994
1. FC Köln,Henri Fuchs,23,Centre-Forward,Dynamo Dresden,£450Th.,out,Winter,0.45,1 Bundesliga,1993,1993/1994
VfB Leipzig,Torsten Kracht,26,Centre-Back,VfB Stuttgart,Free transfer,in,Winter,0,1 Bundesliga,1993,1993/1994
VfB Leipzig,Darko Pancev,28,Centre-Forward,Inter,Loan,in,Winter,0,1 Bundesliga,1993,1993/1994
VfB Leipzig,Holger Bühner,27,Centre-Back,Hansa Rostock,?,out,Winter,NA,1 Bundesliga,1993,1993/1994
