club_name,player_name,age,position,club_involved_name,fee,transfer_movement,transfer_period,fee_cleaned,league_name,year,season
SSC Napoli,Paolo Di Canio,24,Centre-Forward,Juventus,Loan,in,Summer,0,Serie A,1993,1993/1994
SSC Napoli,Giovanni Bia,24,Centre-Back,Cosenza,?,in,Summer,NA,Serie A,1993,1993/1994
SSC Napoli,Eugenio Corini,22,Defensive Midfield,Sampdoria,?,in,Summer,NA,Serie A,1993,1993/1994
SSC Napoli,Fabio Pecchia,19,Right Midfield,Avellino,?,in,Summer,NA,Serie A,1993,1993/1994
SSC Napoli,Enzo Gambaro,27,Left-Back,Milan,Loan,in,Summer,0,Serie A,1993,1993/1994
SSC Napoli,Renato Buso,23,Right Midfield,Sampdoria,?,in,Summer,NA,Serie A,1993,1993/1994
SSC Napoli,Mario Massimo Caruso,23,Attacking Midfield,Modena,?,in,Summer,NA,Serie A,1993,1993/1994
SSC Napoli,Raffaele Di Fusco,31,Goalkeeper,Torino,?,in,Summer,NA,Serie A,1993,1993/1994
SSC Napoli,Roberto Bordin,28,Defensive Midfield,Atalanta,?,in,Summer,NA,Serie A,1993,1993/1994
SSC Napoli,Angelo Pagotto,19,Goalkeeper,Napoli U19,-,in,Summer,0,Serie A,1993,1993/1994
SSC Napoli,Ciro Caruso,19,Centre-Back,Napoli U19,-,in,Summer,0,Serie A,1993,1993/1994
SSC Napoli,Giuseppe Taglialatela,24,Goalkeeper,Bari,,in,Summer,NA,Serie A,1993,1993/1994
SSC Napoli,Gianfranco Zola,26,Second Striker,AC Parma,?,out,Summer,NA,Serie A,1993,1993/1994
SSC Napoli,Giovanni Galli,35,Goalkeeper,Torino,?,out,Summer,NA,Serie A,1993,1993/1994
SSC Napoli,Luca Altomare,21,Central Midfield,Lucchese,?,out,Summer,NA,Serie A,1993,1993/1994
SSC Napoli,Cristian Baglieri,19,Centre-Forward,AS Lodigiani,?,out,Summer,NA,Serie A,1993,1993/1994
SSC Napoli,Gianni Marco Sansonetti,28,Goalkeeper,Potenza SC,?,out,Summer,NA,Serie A,1993,1993/1994
SSC Napoli,Fabrizio Carli,18,Forward,Nola,?,out,Summer,NA,Serie A,1993,1993/1994
SSC Napoli,Gaetano De Rosa,20,Centre-Back,Palermo,?,out,Summer,NA,Serie A,1993,1993/1994
SSC Napoli,Massimo Mauro,31,Right Midfield,Retired,-,out,Summer,0,Serie A,1993,1993/1994
SSC Napoli,Massimo Crippa,28,Central Midfield,AC Parma,,out,Summer,NA,Serie A,1993,1993/1994
AC Reggiana,Stefano Torrisi,22,Centre-Back,Ravenna,?,in,Summer,NA,Serie A,1993,1993/1994
AC Reggiana,Ettore Gandini,24,Goalkeeper,Varese,?,in,Summer,NA,Serie A,1993,1993/1994
AC Reggiana,Tarcisio Catanese,25,Midfielder,Cosenza,?,in,Summer,NA,Serie A,1993,1993/1994
AC Reggiana,Stefano Daniel,24,,Siena,?,in,Summer,NA,Serie A,1993,1993/1994
AC Reggiana,Christian Lantignotti,23,Attacking Midfield,Cesena,?,in,Summer,NA,Serie A,1993,1993/1994
AC Reggiana,Michele Padovano,26,Centre-Forward,Genoa,?,in,Summer,NA,Serie A,1993,1993/1994
AC Reggiana,Luigi De Agostini,32,Left-Back,Inter,?,in,Summer,NA,Serie A,1993,1993/1994
AC Reggiana,Johnny Ekström,28,Centre-Forward,IFK Göteborg,?,in,Summer,NA,Serie A,1993,1993/1994
AC Reggiana,Massimiliano Esposito,21,Right Midfield,Catanzaro,?,in,Summer,NA,Serie A,1993,1993/1994
AC Reggiana,Alessio Costagli,18,Goalkeeper,Cecina,?,in,Summer,NA,Serie A,1993,1993/1994
AC Reggiana,Max Tonetto,18,Left-Back,Reggiana U19,-,in,Summer,0,Serie A,1993,1993/1994
AC Reggiana,Massimiliano Corrado,22,Right-Back,Genoa,?,out,Summer,NA,Serie A,1993,1993/1994
AC Reggiana,Alessandro Cesaretti,25,Goalkeeper,AS Giarre Calcio,?,out,Summer,NA,Serie A,1993,1993/1994
AC Reggiana,Luca Bucci,24,Goalkeeper,AC Parma,?,out,Summer,NA,Serie A,1993,1993/1994
AC Reggiana,Marco Monti,25,Centre-Back,Ravenna,?,out,Summer,NA,Serie A,1993,1993/1994
AC Reggiana,Gianluca Francesconi,21,Centre-Back,Juventus,?,out,Summer,NA,Serie A,1993,1993/1994
AC Reggiana,Davide Zannoni,31,Midfielder,Ravenna,?,out,Summer,NA,Serie A,1993,1993/1994
AC Reggiana,Loris Dominissini,31,Midfielder,Pistoiese,?,out,Summer,NA,Serie A,1993,1993/1994
AC Reggiana,Franco De Falco,34,Forward,Castel San P.,?,out,Summer,NA,Serie A,1993,1993/1994
AC Reggiana,Paolo Pizzoferrato,20,Goalkeeper,Cecina,?,out,Summer,NA,Serie A,1993,1993/1994
AC Reggiana,Nunzio Falco,19,Forward,Pro Sesto,?,out,Summer,NA,Serie A,1993,1993/1994
AC Reggiana,Marco Marzi,20,Forward,Catanzaro,?,out,Summer,NA,Serie A,1993,1993/1994
AC Reggiana,Max Tonetto,18,Left-Back,AJ Fano,Loan,out,Summer,0,Serie A,1993,1993/1994
AC Reggiana,Stefano Daniel,25,,AC Crevalcore,?,out,Summer,NA,Serie A,1993,1993/1994
AC Reggiana,Ettore Gandini,24,Goalkeeper,Barletta CS,?,out,Summer,NA,Serie A,1993,1993/1994
US Cremonese,Stefano De Agostini,28,Defensive Midfield,Atalanta,?,in,Summer,NA,Serie A,1993,1993/1994
US Cremonese,Alfredo Bassani,22,Defender,Chievo Verona,?,in,Summer,NA,Serie A,1993,1993/1994
US Cremonese,Alessandro Mannini,35,Goalkeeper,Fiorentina,?,in,Summer,NA,Serie A,1993,1993/1994
US Cremonese,Manolo Guindani,22,Forward,Vastese,?,in,Summer,NA,Serie A,1993,1993/1994
US Cremonese,Alessio Pirri,17,Attacking Midfield,Cremonese Giov.,-,in,Summer,0,Serie A,1993,1993/1994
US Cremonese,Marco Bruzzano,25,Forward,AS Giarre Calcio,?,out,Summer,NA,Serie A,1993,1993/1994
US Cremonese,Massimo Lombardini,21,Midfielder,Vicenza,?,out,Summer,NA,Serie A,1993,1993/1994
US Cremonese,Giorgio Piantoni,20,Defender,Cremapergo,?,out,Summer,NA,Serie A,1993,1993/1994
US Cremonese,Mauro Mariani,21,Defender,AC Crevalcore,?,out,Summer,NA,Serie A,1993,1993/1994
US Cremonese,Giacomo Violini,36,Goalkeeper,Retired,-,out,Summer,0,Serie A,1993,1993/1994
Piacenza FC,Marco Ferrante,22,Centre-Forward,AC Parma,£90Th.,in,Summer,0.09,Serie A,1993,1993/1994
Piacenza FC,Cleto Polonia,24,Right-Back,Verona,?,in,Summer,NA,Serie A,1993,1993/1994
Piacenza FC,Simone Inzaghi,17,Centre-Forward,Piacenza U19,-,in,Summer,0,Serie A,1993,1993/1994
Piacenza FC,Filippo Inzaghi,19,Centre-Forward,Verona,Loan,out,Summer,0,Serie A,1993,1993/1994
Piacenza FC,Damiano Cesari,19,Defender,Carpi,Loan,out,Summer,0,Serie A,1993,1993/1994
Piacenza FC,Fabrizio Fioretti,27,Defensive Midfield,Verona,?,out,Summer,NA,Serie A,1993,1993/1994
Piacenza FC,Fabio Manganiello,20,Left-Back,Legnano,Loan,out,Summer,0,Serie A,1993,1993/1994
Foggia Calcio,Massimiliano Cappellini,22,Centre-Forward,Milan,?,in,Summer,NA,Serie A,1993,1993/1994
Foggia Calcio,José Chamot,24,Centre-Back,AC Pisa,?,in,Summer,NA,Serie A,1993,1993/1994
Foggia Calcio,Giovanni Stroppa,25,Attacking Midfield,Lazio,?,in,Summer,NA,Serie A,1993,1993/1994
Foggia Calcio,Giovanni Bucaro,22,Centre-Back,Bologna,?,in,Summer,NA,Serie A,1993,1993/1994
Foggia Calcio,Dan Petrescu,25,Right-Back,Genoa,?,out,Summer,NA,Serie A,1993,1993/1994
Foggia Calcio,Hernán Medford,25,Centre-Forward,Saprissa,?,out,Summer,NA,Serie A,1993,1993/1994
Foggia Calcio,Oberdan Biagioni,23,Attacking Midfield,Udinese,?,out,Summer,NA,Serie A,1993,1993/1994
Foggia Calcio,Roberto Genco,20,Right Winger,Trento,?,out,Summer,NA,Serie A,1993,1993/1994
Juventus FC,Alessandro Del Piero,18,Second Striker,Padova,£2.32m,in,Summer,2.32,Serie A,1993,1993/1994
Juventus FC,Zoran Ban,20,Centre-Forward,HNK Rijeka,£405Th.,in,Summer,0.405,Serie A,1993,1993/1994
Juventus FC,Angelo Di Livio,26,Right Midfield,Padova,?,in,Summer,NA,Serie A,1993,1993/1994
Juventus FC,Sergio Porrini,24,Right-Back,Atalanta,?,in,Summer,NA,Serie A,1993,1993/1994
Juventus FC,Federico Giampaolo,23,Attacking Midfield,Verona,?,in,Summer,NA,Serie A,1993,1993/1994
Juventus FC,Gianluca Francesconi,21,Centre-Back,Reggiana,?,in,Summer,NA,Serie A,1993,1993/1994
Juventus FC,Andrea Fortunato,21,Left-Back,Genoa,?,in,Summer,NA,Serie A,1993,1993/1994
Juventus FC,Francesco Baldini,19,Centre-Back,Lucchese,?,in,Summer,NA,Serie A,1993,1993/1994
Juventus FC,Massimiliano Notari,21,Defender,Saronno,?,in,Summer,NA,Serie A,1993,1993/1994
Juventus FC,Marco Moro,23,Midfielder,Ravenna,?,in,Summer,NA,Serie A,1993,1993/1994
Juventus FC,Omar Milanetto,17,Defensive Midfield,Juventus U19,-,in,Summer,0,Serie A,1993,1993/1994
Juventus FC,Christian Manfredini,18,Left Winger,Juventus U19,-,in,Summer,0,Serie A,1993,1993/1994
Juventus FC,Alessandro Dal Canto,18,Left-Back,Juventus U19,-,in,Summer,0,Serie A,1993,1993/1994
Juventus FC,David Platt,27,Attacking Midfield,Sampdoria,£7.02m,out,Summer,7.02,Serie A,1993,1993/1994
Juventus FC,Pierluigi Casiraghi,24,Centre-Forward,Lazio,£4.05m,out,Summer,4.05,Serie A,1993,1993/1994
Juventus FC,Paolo Di Canio,24,Centre-Forward,SSC Napoli,Loan,out,Summer,0,Serie A,1993,1993/1994
Juventus FC,Luigi Sartor,18,Right-Back,Reggina,Loan,out,Summer,0,Serie A,1993,1993/1994
Juventus FC,Marco De Marchi,26,Centre-Back,Bologna,?,out,Summer,NA,Serie A,1993,1993/1994
Juventus FC,Christian Trombini,20,Goalkeeper,Massese,?,out,Summer,NA,Serie A,1993,1993/1994
Juventus FC,Nicola Ragagnin,21,Midfielder,Ancona,?,out,Summer,NA,Serie A,1993,1993/1994
Juventus FC,Federico Giampaolo,23,Attacking Midfield,Palermo,Loan,out,Summer,0,Serie A,1993,1993/1994
Torino Calcio,Robert Jarni,24,Left-Back,Bari,?,in,Summer,NA,Serie A,1993,1993/1994
Torino Calcio,Giovanni Galli,35,Goalkeeper,SSC Napoli,?,in,Summer,NA,Serie A,1993,1993/1994
Torino Calcio,Angelo Gregucci,29,Defender,Lazio,?,in,Summer,NA,Serie A,1993,1993/1994
Torino Calcio,Luca Pastine,22,Goalkeeper,Casertana,?,in,Summer,NA,Serie A,1993,1993/1994
Torino Calcio,Marco Sesia,23,Midfielder,Nizzamillefonti,?,in,Summer,NA,Serie A,1993,1993/1994
Torino Calcio,Enzo Francescoli,31,Second Striker,Cagliari Calcio,?,in,Summer,NA,Serie A,1993,1993/1994
Torino Calcio,Marco Osio,27,Right Winger,AC Parma,?,in,Summer,NA,Serie A,1993,1993/1994
Torino Calcio,Marco Sinigaglia,25,Midfielder,Calcio Monza,?,in,Summer,NA,Serie A,1993,1993/1994
Torino Calcio,Michele Marcolini,17,Central Midfield,Torino U19,-,in,Summer,0,Serie A,1993,1993/1994
Torino Calcio,Giulio Falcone,19,Centre-Back,Torino U19,-,in,Summer,0,Serie A,1993,1993/1994
Torino Calcio,Gabriele Graziani,18,Centre-Forward,Torino U19,-,in,Summer,0,Serie A,1993,1993/1994
Torino Calcio,Luca Marchegiani,27,Goalkeeper,Lazio,£6.30m,out,Summer,6.3,Serie A,1993,1993/1994
Torino Calcio,Pasquale Bruno,31,Right-Back,Fiorentina,£697Th.,out,Summer,0.697,Serie A,1993,1993/1994
Torino Calcio,Mohammed Gargo,18,Centre-Back,B. Dortmund II,Free transfer,out,Summer,0,Serie A,1993,1993/1994
Torino Calcio,Antonino Di Maggio,19,Right Winger,CPR Ospitaletto,?,out,Summer,NA,Serie A,1993,1993/1994
Torino Calcio,Antonio Aloisi,24,Defender,Cagliari Calcio,?,out,Summer,NA,Serie A,1993,1993/1994
Torino Calcio,Alvise Zago,23,Midfielder,Bologna,?,out,Summer,NA,Serie A,1993,1993/1994
Torino Calcio,Casagrande,30,Second Striker,Flamengo,?,out,Summer,NA,Serie A,1993,1993/1994
Torino Calcio,Raffaele Di Fusco,31,Goalkeeper,SSC Napoli,?,out,Summer,NA,Serie A,1993,1993/1994
Torino Calcio,Emmanuel Duah,16,Left Midfield,Standard Liège,?,out,Summer,NA,Serie A,1993,1993/1994
Torino Calcio,Christian Vieri,19,Centre-Forward,Ravenna,?,out,Summer,NA,Serie A,1993,1993/1994
Torino Calcio,Enzo Scifo,27,Attacking Midfield,Monaco,?,out,Summer,NA,Serie A,1993,1993/1994
Torino Calcio,Daniele Minasso,20,Midfielder,Carrarese,-,out,Summer,0,Serie A,1993,1993/1994
Genoa 1893,Massimiliano Corrado,22,Right-Back,Reggiana,?,in,Summer,NA,Serie A,1993,1993/1994
Genoa 1893,Marciano Vink,22,Defensive Midfield,Ajax,?,in,Summer,NA,Serie A,1993,1993/1994
Genoa 1893,Dan Petrescu,25,Right-Back,Foggia,?,in,Summer,NA,Serie A,1993,1993/1994
Genoa 1893,Fabio Galante,19,Centre-Back,FC Empoli,?,in,Summer,NA,Serie A,1993,1993/1994
Genoa 1893,Marco Nappi,27,Second Striker,SPAL,?,in,Summer,NA,Serie A,1993,1993/1994
Genoa 1893,Massimo Ciocci,25,Centre-Forward,SPAL,?,in,Summer,NA,Serie A,1993,1993/1994
Genoa 1893,Roberto Lorenzini,26,Left-Back,Ancona,?,in,Summer,NA,Serie A,1993,1993/1994
Genoa 1893,Andrea Bianchi,24,Midfielder,Lucchese,?,in,Summer,NA,Serie A,1993,1993/1994
Genoa 1893,Roberto Murgita,24,Centre-Forward,Massese,?,in,Summer,NA,Serie A,1993,1993/1994
Genoa 1893,Christian Panucci,20,Right-Back,Milan,£5.35m,out,Summer,5.35,Serie A,1993,1993/1994
Genoa 1893,Valeriano Fiorin,27,Defensive Midfield,Palermo,?,out,Summer,NA,Serie A,1993,1993/1994
Genoa 1893,Davide Nicola,20,Right-Back,Andria,Loan,out,Summer,0,Serie A,1993,1993/1994
Genoa 1893,Michele Padovano,26,Centre-Forward,Reggiana,?,out,Summer,NA,Serie A,1993,1993/1994
Genoa 1893,Andrea Fortunato,21,Left-Back,Juventus,?,out,Summer,NA,Serie A,1993,1993/1994
Genoa 1893,Roberto Arco,19,Right Winger,Mantova,?,out,Summer,NA,Serie A,1993,1993/1994
Genoa 1893,Branco,29,Left-Back,Grêmio,?,out,Summer,NA,Serie A,1993,1993/1994
Genoa 1893,Fabio Rossi,22,Defender,Andria,?,out,Summer,NA,Serie A,1993,1993/1994
Genoa 1893,Armando Ferroni,32,Left-Back,Retired,-,out,Summer,0,Serie A,1993,1993/1994
Genoa 1893,Maurizio Iorio,34,Forward,Retired,-,out,Summer,0,Serie A,1993,1993/1994
Genoa 1893,Fulvio Collovati,36,Centre-Back,Retired,,out,Summer,NA,Serie A,1993,1993/1994
FC Internazionale,Dennis Bergkamp,24,Second Striker,Ajax,£8.80m,in,Summer,8.8,Serie A,1993,1993/1994
FC Internazionale,Wim Jonk,26,Defensive Midfield,Ajax,£5.11m,in,Summer,5.11,Serie A,1993,1993/1994
FC Internazionale,Massimo Paganin,22,Centre-Back,Brescia,?,in,Summer,NA,Serie A,1993,1993/1994
FC Internazionale,Gianluca Festa,24,Right-Back,Cagliari Calcio,?,in,Summer,NA,Serie A,1993,1993/1994
FC Internazionale,Francesco Dell'Anno,26,Midfielder,Udinese,?,in,Summer,NA,Serie A,1993,1993/1994
FC Internazionale,Marco Grossi,20,Midfielder,Ascoli,?,in,Summer,NA,Serie A,1993,1993/1994
FC Internazionale,Alessandro Rossi,18,Defender,Arezzo,?,in,Summer,NA,Serie A,1993,1993/1994
FC Internazionale,Massimo Marazzina,18,Centre-Forward,Inter U19,-,in,Summer,0,Serie A,1993,1993/1994
FC Internazionale,Stefano Rossini,22,Left-Back,Udinese,?,out,Summer,NA,Serie A,1993,1993/1994
FC Internazionale,Stefano Vecchi,21,Midfielder,Fiorenzuola,?,out,Summer,NA,Serie A,1993,1993/1994
FC Internazionale,Davide Cecotti,20,Goalkeeper,Legnano,?,out,Summer,NA,Serie A,1993,1993/1994
FC Internazionale,Stefano Ricci,18,Defender,Casarano,?,out,Summer,NA,Serie A,1993,1993/1994
FC Internazionale,Marco Barollo,20,Midfielder,Lecce,Loan,out,Summer,0,Serie A,1993,1993/1994
FC Internazionale,Mirko Taccola,22,Centre-Back,Lucchese,?,out,Summer,NA,Serie A,1993,1993/1994
FC Internazionale,Simone Veronese,18,Right-Back,Cagliari Calcio,?,out,Summer,NA,Serie A,1993,1993/1994
FC Internazionale,Luigi De Agostini,32,Left-Back,Reggiana,?,out,Summer,NA,Serie A,1993,1993/1994
FC Internazionale,Paolo Orlandoni,20,Goalkeeper,Casarano,Loan,out,Summer,0,Serie A,1993,1993/1994
FC Internazionale,Renzo Tasso,20,Defensive Midfield,Gualdo,?,out,Summer,NA,Serie A,1993,1993/1994
FC Internazionale,Dino Baggio,20,Defensive Midfield,Juventus,"End of loanJun 30, 1992",out,Summer,0,Serie A,1993,1993/1994
AS Roma,Alessio Scarchilli,20,Attacking Midfield,Lecce,?,in,Summer,NA,Serie A,1993,1993/1994
AS Roma,Abel Balbo,27,Centre-Forward,Udinese,?,in,Summer,NA,Serie A,1993,1993/1994
AS Roma,Andrea Pazzagli,33,Goalkeeper,Bologna,?,in,Summer,NA,Serie A,1993,1993/1994
AS Roma,Marco Lanna,24,Centre-Back,Sampdoria,?,in,Summer,NA,Serie A,1993,1993/1994
AS Roma,Fabrizio Lorieri,29,Goalkeeper,Ascoli,?,in,Summer,NA,Serie A,1993,1993/1994
AS Roma,Gabriele Grossi,21,Left-Back,Lecce,?,in,Summer,NA,Serie A,1993,1993/1994
AS Roma,Walter Lapini,19,Forward,Siena,?,in,Summer,NA,Serie A,1993,1993/1994
AS Roma,Antonino Bernardini,19,Defensive Midfield,Roma U19,-,in,Summer,0,Serie A,1993,1993/1994
AS Roma,Roberto Muzzi,22,Centre-Forward,AC Pisa,Loan fee:£90Th.,out,Summer,0.09,Serie A,1993,1993/1994
AS Roma,Fabio Petruzzi,22,Centre-Back,Udinese,Loan,out,Summer,0,Serie A,1993,1993/1994
AS Roma,Andrea Carnevale,32,Centre-Forward,Udinese,?,out,Summer,NA,Serie A,1993,1993/1994
AS Roma,Giuseppe Zinetti,35,Goalkeeper,Ascoli,?,out,Summer,NA,Serie A,1993,1993/1994
AS Roma,Dario Rossi,20,Defender,Modena,?,out,Summer,NA,Serie A,1993,1993/1994
AS Roma,Fausto Salsano,33,Right Winger,Sampdoria,?,out,Summer,NA,Serie A,1993,1993/1994
AS Roma,Patrizio Fimiani,20,Goalkeeper,Avezzano,?,out,Summer,NA,Serie A,1993,1993/1994
AS Roma,Gabriele Grossi,21,Left-Back,Bari,?,out,Summer,NA,Serie A,1993,1993/1994
AS Roma,Antonio Tempestilli,33,Right-Back,Retired,-,out,Summer,0,Serie A,1993,1993/1994
Milan AC,Brian Laudrup,24,Right Winger,Fiorentina,£6.75m,in,Summer,6.75,Serie A,1993,1993/1994
Milan AC,Christian Panucci,20,Right-Back,Genoa,£5.35m,in,Summer,5.35,Serie A,1993,1993/1994
Milan AC,Florin Raducioiu,23,Centre-Forward,Brescia,£2.25m,in,Summer,2.25,Serie A,1993,1993/1994
Milan AC,Alessandro Orlando,23,Left-Back,Udinese,?,in,Summer,NA,Serie A,1993,1993/1994
Milan AC,Mario Ielpo,30,Goalkeeper,Cagliari Calcio,?,in,Summer,NA,Serie A,1993,1993/1994
Milan AC,Marco Pullo,25,Defender,Taranto,?,in,Summer,NA,Serie A,1993,1993/1994
Milan AC,Francesco Coco,16,Left-Back,Milan U19,-,in,Summer,0,Serie A,1993,1993/1994
Milan AC,Francesco Cozza,19,Attacking Midfield,Milan U19,-,in,Summer,0,Serie A,1993,1993/1994
Milan AC,Daniele Guerzoni,17,Centre-Forward,Milan U19,-,in,Summer,0,Serie A,1993,1993/1994
Milan AC,Frank Rijkaard,30,Defensive Midfield,Ajax,£573Th.,out,Summer,0.573,Serie A,1993,1993/1994
Milan AC,Ruud Gullit,30,Second Striker,Sampdoria,Free transfer,out,Summer,0,Serie A,1993,1993/1994
Milan AC,Massimiliano Cappellini,22,Centre-Forward,Foggia,?,out,Summer,NA,Serie A,1993,1993/1994
Milan AC,Martino Traversa,19,Right-Back,Bologna,?,out,Summer,NA,Serie A,1993,1993/1994
Milan AC,Giuseppe Cardone,19,Right-Back,Pavia,Loan,out,Summer,0,Serie A,1993,1993/1994
Milan AC,Giuseppe Zappella,20,Right-Back,Como,?,out,Summer,NA,Serie A,1993,1993/1994
Milan AC,Rufo Emiliano Verga,23,Centre-Back,Lecce,?,out,Summer,NA,Serie A,1993,1993/1994
Milan AC,Carlo Cudicini,19,Goalkeeper,Como,Loan,out,Summer,0,Serie A,1993,1993/1994
Milan AC,Davide Dionigi,19,Centre-Forward,Vicenza,?,out,Summer,NA,Serie A,1993,1993/1994
Milan AC,Enzo Gambaro,27,Left-Back,SSC Napoli,Loan,out,Summer,0,Serie A,1993,1993/1994
Milan AC,Alberico Evani,30,Left Midfield,Sampdoria,?,out,Summer,NA,Serie A,1993,1993/1994
Milan AC,Francesco Antonioli,23,Goalkeeper,AC Pisa,?,out,Summer,NA,Serie A,1993,1993/1994
Milan AC,Guido Bistazzoni,33,Goalkeeper,Retired,-,out,Summer,0,Serie A,1993,1993/1994
Milan AC,Aldo Serena,33,Centre-Forward,Retired,-,out,Summer,0,Serie A,1993,1993/1994
UC Sampdoria,David Platt,27,Attacking Midfield,Juventus,£7.02m,in,Summer,7.02,Serie A,1993,1993/1994
UC Sampdoria,Ruud Gullit,30,Second Striker,Milan,Free transfer,in,Summer,0,Serie A,1993,1993/1994
UC Sampdoria,Alberico Evani,30,Left Midfield,Milan,?,in,Summer,NA,Serie A,1993,1993/1994
UC Sampdoria,Marco Rossi,28,Sweeper,Brescia,?,in,Summer,NA,Serie A,1993,1993/1994
UC Sampdoria,Roberto Breda,23,Midfielder,SPAL,?,in,Summer,NA,Serie A,1993,1993/1994
UC Sampdoria,Fausto Salsano,33,Right Winger,AS Roma,?,in,Summer,NA,Serie A,1993,1993/1994
UC Sampdoria,Claudio Bellucci,18,Centre-Forward,Sampdoria U19,-,in,Summer,0,Serie A,1993,1993/1994
UC Sampdoria,Matteo Sereni,18,Goalkeeper,Sampdoria U19,-,in,Summer,0,Serie A,1993,1993/1994
UC Sampdoria,Des Walker,27,Centre-Back,Sheff Wed,£2.70m,out,Summer,2.7,Serie A,1993,1993/1994
UC Sampdoria,Enrico Chiesa,22,Centre-Forward,Modena,Free transfer,out,Summer,0,Serie A,1993,1993/1994
UC Sampdoria,Alessandro Lamonica,20,Defender,Prato,?,out,Summer,NA,Serie A,1993,1993/1994
UC Sampdoria,Ivano Bonetti,28,Left Midfield,Bologna,?,out,Summer,NA,Serie A,1993,1993/1994
UC Sampdoria,Marco Lanna,24,Centre-Back,AS Roma,?,out,Summer,NA,Serie A,1993,1993/1994
UC Sampdoria,Renato Buso,23,Right Midfield,SSC Napoli,?,out,Summer,NA,Serie A,1993,1993/1994
UC Sampdoria,Nicola Zanini,19,Attacking Midfield,Mantova,?,out,Summer,NA,Serie A,1993,1993/1994
UC Sampdoria,Eugenio Corini,22,Defensive Midfield,SSC Napoli,?,out,Summer,NA,Serie A,1993,1993/1994
UC Sampdoria,Roberto Breda,23,Midfielder,Salernitana,?,out,Summer,NA,Serie A,1993,1993/1994
UC Sampdoria,Amedeo Di Latte,19,Goalkeeper,AS Livorno,-,out,Summer,0,Serie A,1993,1993/1994
Udinese Calcio,Valerio Bertotto,20,Right-Back,Alessandria,£1.35m,in,Summer,1.35,Serie A,1993,1993/1994
Udinese Calcio,Thomas Helveg,22,Right-Back,Odense BK,?,in,Summer,NA,Serie A,1993,1993/1994
Udinese Calcio,Fabio Petruzzi,22,Centre-Back,AS Roma,Loan,in,Summer,0,Serie A,1993,1993/1994
Udinese Calcio,Graziano Battistini,22,Goalkeeper,Alessandria,?,in,Summer,NA,Serie A,1993,1993/1994
Udinese Calcio,Stefano Rossini,22,Left-Back,Inter,?,in,Summer,NA,Serie A,1993,1993/1994
Udinese Calcio,Andrea Carnevale,32,Centre-Forward,AS Roma,?,in,Summer,NA,Serie A,1993,1993/1994
Udinese Calcio,Francesco Statuto,21,Central Midfield,Cosenza,?,in,Summer,NA,Serie A,1993,1993/1994
Udinese Calcio,Massimiliano Caniato,25,Goalkeeper,AC Venezia 1907,?,in,Summer,NA,Serie A,1993,1993/1994
Udinese Calcio,Fausto Pizzi,25,Attacking Midfield,AC Parma,?,in,Summer,NA,Serie A,1993,1993/1994
Udinese Calcio,Manuel Marcuz,21,Right-Back,Catania,?,in,Summer,NA,Serie A,1993,1993/1994
Udinese Calcio,Oberdan Biagioni,23,Attacking Midfield,Foggia,?,in,Summer,NA,Serie A,1993,1993/1994
Udinese Calcio,Alessandro Manni,19,Attacking Midfield,Ternana,?,in,Summer,NA,Serie A,1993,1993/1994
Udinese Calcio,Vincenzo Montalbano,24,Centre-Back,Modena,?,in,Summer,NA,Serie A,1993,1993/1994
Udinese Calcio,Abel Balbo,27,Centre-Forward,AS Roma,?,out,Summer,NA,Serie A,1993,1993/1994
Udinese Calcio,Alessandro Orlando,23,Left-Back,Milan,?,out,Summer,NA,Serie A,1993,1993/1994
Udinese Calcio,Lorenzo Marronaro,32,Right Winger,FC Empoli,?,out,Summer,NA,Serie A,1993,1993/1994
Udinese Calcio,Luca Mattei,28,Midfielder,AC Pisa,?,out,Summer,NA,Serie A,1993,1993/1994
Udinese Calcio,Paolo Di Sarno,25,Goalkeeper,Lucchese,?,out,Summer,NA,Serie A,1993,1993/1994
Udinese Calcio,Francesco Dell'Anno,26,Midfielder,Inter,?,out,Summer,NA,Serie A,1993,1993/1994
Udinese Calcio,Emiliano Bernardini,18,Defender,Roma U19,?,out,Summer,NA,Serie A,1993,1993/1994
Udinese Calcio,Giuliano Giuliani,34,Goalkeeper,Retired,-,out,Summer,0,Serie A,1993,1993/1994
Udinese Calcio,Andrea Mandorlini,32,Defensive Midfield,Retired,-,out,Summer,0,Serie A,1993,1993/1994
Udinese Calcio,Renzo Contratto,33,Right-Back,Retired,-,out,Summer,0,Serie A,1993,1993/1994
Udinese Calcio,Nicola Di Leo,33,Goalkeeper,Retired,-,out,Summer,0,Serie A,1993,1993/1994
Udinese Calcio,Nicola Trangoni,19,Midfielder,Unknown,-,out,Summer,0,Serie A,1993,1993/1994
Udinese Calcio,Michele Michelutti,20,Goalkeeper,Retired,-,out,Summer,0,Serie A,1993,1993/1994
Udinese Calcio,Andrea Tricca,20,Defender,Retired,-,out,Summer,0,Serie A,1993,1993/1994
Udinese Calcio,Marco Delvecchio,20,Centre-Forward,Inter,"End of loanJun 30, 1993",out,Summer,0,Serie A,1993,1993/1994
Udinese Calcio,Massimo Mariotto,27,Midfielder,Reggina,"End of loanJun 1, 1993",out,Summer,0,Serie A,1993,1993/1994
SS Lazio,Luca Marchegiani,27,Goalkeeper,Torino,£6.30m,in,Summer,6.3,Serie A,1993,1993/1994
SS Lazio,Pierluigi Casiraghi,24,Centre-Forward,Juventus,£4.05m,in,Summer,4.05,Serie A,1993,1993/1994
SS Lazio,Roberto Di Matteo,23,Central Midfield,FC Aarau,£1.53m,in,Summer,1.53,Serie A,1993,1993/1994
SS Lazio,Paolo Negro,21,Centre-Back,Brescia,?,in,Summer,NA,Serie A,1993,1993/1994
SS Lazio,Fabrizio Di Mauro,28,Defensive Midfield,Fiorentina,Loan,in,Summer,0,Serie A,1993,1993/1994
SS Lazio,Giampaolo Saurini,24,Centre-Forward,Brescia,?,in,Summer,NA,Serie A,1993,1993/1994
SS Lazio,Luciano De Paola,32,Defensive Midfield,Brescia,?,in,Summer,NA,Serie A,1993,1993/1994
SS Lazio,Marco Di Vaio,16,Centre-Forward,Lazio U19,-,in,Summer,0,Serie A,1993,1993/1994
SS Lazio,Alessandro Nesta,17,Centre-Back,Lazio U19,-,in,Summer,0,Serie A,1993,1993/1994
SS Lazio,Karl-Heinz Riedle,27,Centre-Forward,Bor. Dortmund,£4.05m,out,Summer,4.05,Serie A,1993,1993/1994
SS Lazio,Flavio Roma,19,Goalkeeper,Mantova,Loan,out,Summer,0,Serie A,1993,1993/1994
SS Lazio,Valerio Fiori,24,Goalkeeper,Cagliari Calcio,?,out,Summer,NA,Serie A,1993,1993/1994
SS Lazio,Angelo Gregucci,29,Defender,Torino,?,out,Summer,NA,Serie A,1993,1993/1994
SS Lazio,Giovanni Stroppa,25,Attacking Midfield,Foggia,?,out,Summer,NA,Serie A,1993,1993/1994
SS Lazio,Maurizio Neri,28,Centre-Forward,Brescia,?,out,Summer,NA,Serie A,1993,1993/1994
SS Lazio,Alessio Ballanti,18,Midfielder,Triestina,?,out,Summer,NA,Serie A,1993,1993/1994
SS Lazio,Djair,21,Central Midfield,Internacional,?,out,Summer,NA,Serie A,1993,1993/1994
SS Lazio,Gianluca Rencricca,17,Defender,Unknown,?,out,Summer,NA,Serie A,1993,1993/1994
US Lecce,André Gumprecht,18,Central Midfield,Leverkusen II,Free transfer,in,Summer,0,Serie A,1993,1993/1994
US Lecce,Riccardo Napolitano,18,Goalkeeper,Sora,?,in,Summer,NA,Serie A,1993,1993/1994
US Lecce,Marco Barollo,20,Midfielder,Inter,Loan,in,Summer,0,Serie A,1993,1993/1994
US Lecce,Gerson,26,Central Midfield,Bari,Loan,in,Summer,0,Serie A,1993,1993/1994
US Lecce,Franco Marchegiani,28,Defensive Midfield,AC Pisa,?,in,Summer,NA,Serie A,1993,1993/1994
US Lecce,Valerio Gazzani,26,Midfielder,Ternana,?,in,Summer,NA,Serie A,1993,1993/1994
US Lecce,Rufo Emiliano Verga,23,Centre-Back,Milan,?,in,Summer,NA,Serie A,1993,1993/1994
US Lecce,Pasquale Padalino,20,Centre-Back,Bologna,?,in,Summer,NA,Serie A,1993,1993/1994
US Lecce,Kwame Ayew,19,Centre-Forward,Al-Ahli SC,?,in,Summer,NA,Serie A,1993,1993/1994
US Lecce,Gaúcho,29,Forward,Flamengo,?,in,Summer,NA,Serie A,1993,1993/1994
US Lecce,Giampiero Maini,21,Defensive Midfield,Ascoli,?,out,Summer,NA,Serie A,1993,1993/1994
US Lecce,Alessio Scarchilli,20,Attacking Midfield,AS Roma,?,out,Summer,NA,Serie A,1993,1993/1994
US Lecce,Pedro Pasculli,33,Centre-Forward,Newell's,?,out,Summer,NA,Serie A,1993,1993/1994
US Lecce,Pierluigi Orlandini,20,Right Midfield,Atalanta,?,out,Summer,NA,Serie A,1993,1993/1994
US Lecce,Gabriele Grossi,21,Left-Back,AS Roma,?,out,Summer,NA,Serie A,1993,1993/1994
US Lecce,Antonio Rizzolo,24,Forward,Palermo,Loan,out,Summer,0,Serie A,1993,1993/1994
US Lecce,Mauro Della Bona,18,Defender,Fasano,?,out,Summer,NA,Serie A,1993,1993/1994
US Lecce,Alessandro Morello,24,Forward,Acireale,?,out,Summer,NA,Serie A,1993,1993/1994
US Lecce,Giacomo Ferri,34,Centre-Back,Retired,-,out,Summer,0,Serie A,1993,1993/1994
US Lecce,Paolo Benedetti,32,Central Midfield,Without Club,-,out,Summer,0,Serie A,1993,1993/1994
Cagliari Calcio,Massimiliano Allegri,25,Central Midfield,Pescara,£2.25m,in,Summer,2.25,Serie A,1993,1993/1994
Cagliari Calcio,Valerio Fiori,24,Goalkeeper,Lazio,?,in,Summer,NA,Serie A,1993,1993/1994
Cagliari Calcio,Julio Dely Valdés,26,Centre-Forward,Nacional,?,in,Summer,NA,Serie A,1993,1993/1994
Cagliari Calcio,Simone Veronese,18,Right-Back,Inter,?,in,Summer,NA,Serie A,1993,1993/1994
Cagliari Calcio,Antonio Aloisi,24,Defender,Torino,?,in,Summer,NA,Serie A,1993,1993/1994
Cagliari Calcio,Felice Falaguerra,22,Forward,Ischia,?,in,Summer,NA,Serie A,1993,1993/1994
Cagliari Calcio,Nunzio La Torre,20,Midfielder,Catania,?,in,Summer,NA,Serie A,1993,1993/1994
Cagliari Calcio,Marcelo Tejera,19,Defensive Midfield,Boca Juniors,Free transfer,out,Summer,0,Serie A,1993,1993/1994
Cagliari Calcio,Gianluca Festa,24,Right-Back,Inter,?,out,Summer,NA,Serie A,1993,1993/1994
Cagliari Calcio,Mario Ielpo,30,Goalkeeper,Milan,?,out,Summer,NA,Serie A,1993,1993/1994
Cagliari Calcio,Gianluca Gaudenzi,27,Midfielder,Pescara,?,out,Summer,NA,Serie A,1993,1993/1994
Cagliari Calcio,Enzo Francescoli,31,Second Striker,Torino,?,out,Summer,NA,Serie A,1993,1993/1994
Cagliari Calcio,Guido Nanni,25,Goalkeeper,Unknown,?,out,Summer,NA,Serie A,1993,1993/1994
Cagliari Calcio,Felice Falaguerra,22,Forward,Olbia,-,out,Summer,0,Serie A,1993,1993/1994
AC Parma,David Balleri,24,Right-Back,Cosenza,?,in,Summer,NA,Serie A,1993,1993/1994
AC Parma,Luca Bucci,24,Goalkeeper,Reggiana,?,in,Summer,NA,Serie A,1993,1993/1994
AC Parma,Gianfranco Zola,26,Second Striker,SSC Napoli,?,in,Summer,NA,Serie A,1993,1993/1994
AC Parma,Graziano Mannari,24,Centre-Forward,Ravenna U19,?,in,Summer,NA,Serie A,1993,1993/1994
AC Parma,Roberto Maltagliati,24,Centre-Back,Solbiatese Arno Calcio,?,in,Summer,NA,Serie A,1993,1993/1994
AC Parma,Davide Falcioni,18,Goalkeeper,AJ Fano,?,in,Summer,NA,Serie A,1993,1993/1994
AC Parma,Gianluca Falsini,17,Left-Back,Parma U19,-,in,Summer,0,Serie A,1993,1993/1994
AC Parma,Massimo Crippa,28,Central Midfield,SSC Napoli,,in,Summer,NA,Serie A,1993,1993/1994
AC Parma,Marco Ferrante,22,Centre-Forward,Piacenza,£90Th.,out,Summer,0.09,Serie A,1993,1993/1994
AC Parma,Claudio Taffarel,27,Goalkeeper,Reggina,?,out,Summer,NA,Serie A,1993,1993/1994
AC Parma,Sergio Berti,24,Left Midfield,River Plate,?,out,Summer,NA,Serie A,1993,1993/1994
AC Parma,Sebastiano Siviglia,20,Centre-Back,Nocerina,?,out,Summer,NA,Serie A,1993,1993/1994
AC Parma,Ivo Pulga,29,Defensive Midfield,Vicenza,?,out,Summer,NA,Serie A,1993,1993/1994
AC Parma,Fausto Pizzi,25,Attacking Midfield,Udinese,?,out,Summer,NA,Serie A,1993,1993/1994
AC Parma,Marco Osio,27,Right Winger,Torino,?,out,Summer,NA,Serie A,1993,1993/1994
AC Parma,Gianluca Hervatin,19,Forward,Ancona,?,out,Summer,NA,Serie A,1993,1993/1994
AC Parma,Cornelio Donati,35,Defender,Retired,-,out,Summer,0,Serie A,1993,1993/1994
AC Parma,Stefano Cuoghi,33,Central Midfield,Retired,-,out,Summer,0,Serie A,1993,1993/1994
Atalanta BC,Franck Sauzée,27,Central Midfield,Marseille,?,in,Summer,NA,Serie A,1993,1993/1994
Atalanta BC,Pierluigi Orlandini,20,Right Midfield,Lecce,?,in,Summer,NA,Serie A,1993,1993/1994
Atalanta BC,Cristiano Scapolo,22,Attacking Midfield,Ravenna,?,in,Summer,NA,Serie A,1993,1993/1994
Atalanta BC,Pietro Assennato,21,Right-Back,Palermo,?,in,Summer,NA,Serie A,1993,1993/1994
Atalanta BC,Nicola Boselli,21,Centre-Back,Ravenna,?,in,Summer,NA,Serie A,1993,1993/1994
Atalanta BC,Andrea Poggi,27,Defender,AC Venezia 1907,?,in,Summer,NA,Serie A,1993,1993/1994
Atalanta BC,Tomas Locatelli,17,Attacking Midfield,Atalanta U19,-,in,Summer,0,Serie A,1993,1993/1994
Atalanta BC,William Viali,18,Centre-Back,Atalanta U19,-,in,Summer,0,Serie A,1993,1993/1994
Atalanta BC,Sergio Porrini,24,Right-Back,Juventus,?,out,Summer,NA,Serie A,1993,1993/1994
Atalanta BC,Claudio Mascheretti,23,Defender,Acireale,?,out,Summer,NA,Serie A,1993,1993/1994
Atalanta BC,Matteo Capecchi,18,Midfielder,SC Leffe,?,out,Summer,NA,Serie A,1993,1993/1994
Atalanta BC,Luigino Pasciullo,32,Centre-Back,Lecco,?,out,Summer,NA,Serie A,1993,1993/1994
Atalanta BC,Marco Ambrosio,20,Goalkeeper,AC Pisa,Loan,out,Summer,0,Serie A,1993,1993/1994
Atalanta BC,Stefano De Agostini,28,Defensive Midfield,Cremonese,?,out,Summer,NA,Serie A,1993,1993/1994
Atalanta BC,Roberto Bordin,28,Defensive Midfield,SSC Napoli,?,out,Summer,NA,Serie A,1993,1993/1994
Atalanta BC,Federico Pisani,18,Forward,Calcio Monza,Loan,out,Summer,0,Serie A,1993,1993/1994
Atalanta BC,Iván Valenciano,21,Centre-Forward,Junior FC,?,out,Summer,NA,Serie A,1993,1993/1994
Atalanta BC,Mirco Poloni,18,Central Midfield,Fiorenzuola,?,out,Summer,NA,Serie A,1993,1993/1994
Atalanta BC,William Viali,18,Centre-Back,Fiorenzuola,Loan,out,Summer,0,Serie A,1993,1993/1994
SSC Napoli,Carmelo Imbriani,17,Midfielder,Napoli U19,-,in,Winter,0,Serie A,1993,1993/1994
SSC Napoli,Careca,33,Centre-Forward,Kashiwa Reysol,?,out,Winter,NA,Serie A,1993,1993/1994
AC Reggiana,Dorin Mateut,28,Attacking Midfield,Brescia,?,in,Winter,NA,Serie A,1993,1993/1994
AC Reggiana,Johnny Ekström,28,Centre-Forward,Real Betis,Loan,out,Winter,0,Serie A,1993,1993/1994
AC Reggiana,Marco Pacione,30,Left Winger,Mantova,?,out,Winter,NA,Serie A,1993,1993/1994
AC Reggiana,Tarcisio Catanese,26,Midfielder,Ravenna,?,out,Winter,NA,Serie A,1993,1993/1994
AC Reggiana,Stefano Daniel,25,,AC Crevalcore,?,out,Winter,NA,Serie A,1993,1993/1994
AC Reggiana,Ettore Gandini,24,Goalkeeper,Barletta CS,?,out,Winter,NA,Serie A,1993,1993/1994
AC Reggiana,Paolo Sacchetti,28,Midfielder,Bologna,?,out,Winter,NA,Serie A,1993,1993/1994
Foggia Calcio,Massimiliano Giacobbo,19,Central Midfield,Juventus,?,in,Winter,NA,Serie A,1993,1993/1994
Juventus FC,Massimiliano Giacobbo,19,Central Midfield,Foggia,?,out,Winter,NA,Serie A,1993,1993/1994
Genoa 1893,Lajos Détári,30,Attacking Midfield,Ferencváros,?,in,Winter,NA,Serie A,1993,1993/1994
Genoa 1893,Roberto Lorenzini,27,Left-Back,Milan,?,out,Winter,NA,Serie A,1993,1993/1994
FC Internazionale,Darko Pancev,28,Centre-Forward,VfB Leipzig,Loan,out,Winter,0,Serie A,1993,1993/1994
FC Internazionale,Gianluca Festa,24,Right-Back,AS Roma,Loan,out,Winter,0,Serie A,1993,1993/1994
FC Internazionale,Marco Grossi,20,Midfielder,Maceratese,?,out,Winter,NA,Serie A,1993,1993/1994
AS Roma,Gianluca Festa,24,Right-Back,Inter,Loan,in,Winter,0,Serie A,1993,1993/1994
AS Roma,Massimiliano Cappioli,25,Attacking Midfield,Cagliari Calcio,?,in,Winter,NA,Serie A,1993,1993/1994
AS Roma,Roberto Muzzi,22,Centre-Forward,AC Pisa,Loan fee:£90Th.,out,Winter,0.09,Serie A,1993,1993/1994
AS Roma,Claudio Caniggia,27,Right Winger,Without Club,-,out,Winter,0,Serie A,1993,1993/1994
Milan AC,Marcel Desailly,25,Centre-Back,Marseille,£4.95m,in,Winter,4.95,Serie A,1993,1993/1994
Milan AC,Roberto Lorenzini,27,Left-Back,Genoa,?,in,Winter,NA,Serie A,1993,1993/1994
UC Sampdoria,Nicola Amoruso,19,Centre-Forward,Sampdoria U19,-,in,Winter,0,Serie A,1993,1993/1994
UC Sampdoria,Roberto Breda,23,Midfielder,Salernitana,?,out,Winter,NA,Serie A,1993,1993/1994
Udinese Calcio,Dariusz Adamczuk,24,Defensive Midfield,Dundee FC,?,in,Winter,NA,Serie A,1993,1993/1994
Udinese Calcio,Stefano Borgonovo,29,Centre-Forward,Pescara,?,in,Winter,NA,Serie A,1993,1993/1994
Udinese Calcio,Néstor Sensini,27,Centre-Back,AC Parma,£1.35m,out,Winter,1.35,Serie A,1993,1993/1994
Udinese Calcio,Andrea Carnevale,32,Centre-Forward,Pescara,?,out,Winter,NA,Serie A,1993,1993/1994
Udinese Calcio,Luca Compagnon,21,Right-Back,Carrarese,?,out,Winter,NA,Serie A,1993,1993/1994
SS Lazio,Alen Boksic,23,Centre-Forward,Marseille,£9.90m,in,Winter,9.9,Serie A,1993,1993/1994
SS Lazio,Thomas Doll,27,Attacking Midfield,E. Frankfurt,Loan fee:£315Th.,out,Winter,0.315,Serie A,1993,1993/1994
SS Lazio,Dario Marcolin,22,Defensive Midfield,Cagliari Calcio,?,out,Winter,NA,Serie A,1993,1993/1994
SS Lazio,Luciano De Paola,32,Defensive Midfield,Atalanta,?,out,Winter,NA,Serie A,1993,1993/1994
SS Lazio,Giampaolo Saurini,24,Centre-Forward,Atalanta,?,out,Winter,NA,Serie A,1993,1993/1994
US Lecce,Simone Erba,22,Forward,UC AlbinoLeffe,?,in,Winter,NA,Serie A,1993,1993/1994
US Lecce,Alessandro Morello,24,Forward,Acireale,?,out,Winter,NA,Serie A,1993,1993/1994
US Lecce,Claudio D'Onofrio,22,Forward,Lumezzane,?,out,Winter,NA,Serie A,1993,1993/1994
Cagliari Calcio,Dario Marcolin,22,Defensive Midfield,Lazio,?,in,Winter,NA,Serie A,1993,1993/1994
Cagliari Calcio,Massimiliano Cappioli,25,Attacking Midfield,AS Roma,?,out,Winter,NA,Serie A,1993,1993/1994
Cagliari Calcio,Felice Falaguerra,22,Forward,Olbia,-,out,Winter,0,Serie A,1993,1993/1994
AC Parma,Néstor Sensini,27,Centre-Back,Udinese,£1.35m,in,Winter,1.35,Serie A,1993,1993/1994
AC Parma,Roberto Colacone,19,Second Striker,Parma U19,-,in,Winter,0,Serie A,1993,1993/1994
AC Parma,Graziano Mannari,24,Centre-Forward,Fiorenzuola,?,out,Winter,NA,Serie A,1993,1993/1994
Atalanta BC,Luciano De Paola,32,Defensive Midfield,Lazio,?,in,Winter,NA,Serie A,1993,1993/1994
Atalanta BC,Andrea Poggi,27,Defender,AC Venezia 1907,?,in,Winter,NA,Serie A,1993,1993/1994
Atalanta BC,Giampaolo Saurini,24,Centre-Forward,Lazio,?,in,Winter,NA,Serie A,1993,1993/1994
Atalanta BC,Marco Sgrò,23,Attacking Midfield,Fiorenzuola,?,in,Winter,NA,Serie A,1993,1993/1994
Atalanta BC,Domenico Morfeo,17,Attacking Midfield,Atalanta U19,-,in,Winter,0,Serie A,1993,1993/1994
Atalanta BC,Leonardo Rodríguez,27,Attacking Midfield,Bor. Dortmund,?,out,Winter,NA,Serie A,1993,1993/1994
Atalanta BC,Tebaldo Bigliardi,30,Centre-Back,Palermo,?,out,Winter,NA,Serie A,1993,1993/1994
Atalanta BC,Emanuele Tresoldi,19,Left-Back,Ravenna,?,out,Winter,NA,Serie A,1993,1993/1994
