club_name,player_name,age,position,club_involved_name,fee,transfer_movement,transfer_period,fee_cleaned,league_name,year,season
1.FC Kaiserslautern,Olaf Marschall,28,Centre-Forward,Dynamo Dresden,£1.26m,in,Summer,1.26,1 Bundesliga,1994,1994/1995
1.FC Kaiserslautern,Piotr Nowak,29,Attacking Midfield,Dynamo Dresden,£608Th.,in,Summer,0.608,1 Bundesliga,1994,1994/1995
1.FC Kaiserslautern,Andreas Reinke,25,Goalkeeper,FC St. Pauli,£540Th.,in,Summer,0.54,1 Bundesliga,1994,1994/1995
1.FC Kaiserslautern,Dirk Anders,27,Attacking Midfield,VfB Leipzig,£540Th.,in,Summer,0.54,1 Bundesliga,1994,1994/1995
1.FC Kaiserslautern,Dirk Flock,22,Right Midfield,Stuttg. Kickers,£207Th.,in,Summer,0.207,1 Bundesliga,1994,1994/1995
1.FC Kaiserslautern,Matthias Hamann,26,Centre-Back,Eintracht Trier,£180Th.,in,Summer,0.18,1 Bundesliga,1994,1994/1995
1.FC Kaiserslautern,Thomas Riedl,18,Defensive Midfield,K'lautern U19,-,in,Summer,0,1 Bundesliga,1994,1994/1995
1.FC Kaiserslautern,Cem Karaca,18,Defensive Midfield,K'lautern U19,-,in,Summer,0,1 Bundesliga,1994,1994/1995
1.FC Kaiserslautern,Marcus Marin,27,Centre-Forward,FC St. Pauli,"End of loanJun 30, 1994",in,Summer,0,1 Bundesliga,1994,1994/1995
1.FC Kaiserslautern,Claus Reitmaier,30,Goalkeeper,Karlsruher SC,£720Th.,out,Summer,0.72,1 Bundesliga,1994,1994/1995
1.FC Kaiserslautern,Piotr Nowak,30,Attacking Midfield,1860 Munich,£675Th.,out,Summer,0.675,1 Bundesliga,1994,1994/1995
1.FC Kaiserslautern,Torsten Lieberknecht,20,Central Midfield,Waldh. Mannheim,Free transfer,out,Summer,0,1 Bundesliga,1994,1994/1995
1.FC Kaiserslautern,Uwe Fuchs,27,Centre-Forward,SC Fortuna Köln,?,out,Summer,NA,1 Bundesliga,1994,1994/1995
1.FC Kaiserslautern,Marcus Marin,27,Centre-Forward,FC Sion,Loan,out,Summer,0,1 Bundesliga,1994,1994/1995
Bayer 05 Uerdingen,Alexander Bade,23,Goalkeeper,1. FC Köln,£450Th.,in,Summer,0.45,1 Bundesliga,1994,1994/1995
Bayer 05 Uerdingen,Rainer Krieg,26,Centre-Forward,Karlsruher SC,£405Th.,in,Summer,0.405,1 Bundesliga,1994,1994/1995
Bayer 05 Uerdingen,Uwe Grauer,24,Centre-Back,Bor. Dortmund,£135Th.,in,Summer,0.135,1 Bundesliga,1994,1994/1995
Bayer 05 Uerdingen,Jan Heintze,30,Left-Back,PSV Eindhoven,Free transfer,in,Summer,0,1 Bundesliga,1994,1994/1995
Bayer 05 Uerdingen,Hannes Reinmayr,24,Attacking Midfield,MSV Duisburg,Free transfer,in,Summer,0,1 Bundesliga,1994,1994/1995
Bayer 05 Uerdingen,Mustafa Dogan,18,Centre-Back,Uerdingen U19,-,in,Summer,0,1 Bundesliga,1994,1994/1995
Bayer 05 Uerdingen,Simon Jentzsch,18,Goalkeeper,Uerdingen U19,-,in,Summer,0,1 Bundesliga,1994,1994/1995
Bayer 05 Uerdingen,Stephan Paßlack,24,Centre-Back,E. Frankfurt,"End of loanSep 1, 1994",in,Summer,0,1 Bundesliga,1994,1994/1995
Bayer 05 Uerdingen,Stephan Paßlack,23,Centre-Back,1. FC Köln,"End of loanJun 30, 1994",in,Summer,0,1 Bundesliga,1994,1994/1995
Bayer 05 Uerdingen,Alexander Kutschera,26,Centre-Back,1860 Munich,£288Th.,out,Summer,0.288,1 Bundesliga,1994,1994/1995
Bayer 05 Uerdingen,Mario Posch,27,Defender,Sturm Graz,£135Th.,out,Summer,0.135,1 Bundesliga,1994,1994/1995
Bayer 05 Uerdingen,Thomas Puschmann,21,Defensive Midfield,MSV Duisburg,Free transfer,out,Summer,0,1 Bundesliga,1994,1994/1995
Bayer 05 Uerdingen,Edmund Rottler,28,Goalkeeper,SSV Reutlingen,Free transfer,out,Summer,0,1 Bundesliga,1994,1994/1995
Bayer 05 Uerdingen,Zeljko Dakic,27,Centre-Forward,Waldh. Mannheim,Free transfer,out,Summer,0,1 Bundesliga,1994,1994/1995
Bayer 05 Uerdingen,Stephan Küsters,22,Attacking Midfield,SC Jülich 1910,Free transfer,out,Summer,0,1 Bundesliga,1994,1994/1995
Bayer 05 Uerdingen,Richard Walz,26,Attacking Midfield,FSV Frankfurt,?,out,Summer,NA,1 Bundesliga,1994,1994/1995
Bayer 05 Uerdingen,Stephan Paßlack,23,Centre-Back,E. Frankfurt,Loan,out,Summer,0,1 Bundesliga,1994,1994/1995
SV Werder Bremen,Vladimir Beschastnykh,20,Centre-Forward,Spartak Moscow,£720Th.,in,Summer,0.72,1 Bundesliga,1994,1994/1995
SV Werder Bremen,Michael Schulz,32,Centre-Back,Bor. Dortmund,£675Th.,in,Summer,0.675,1 Bundesliga,1994,1994/1995
SV Werder Bremen,Hany Ramzy,25,Centre-Back,Xamax,£630Th.,in,Summer,0.63,1 Bundesliga,1994,1994/1995
SV Werder Bremen,Jens Lellek,26,Defender,W. Bremen II,-,in,Summer,0,1 Bundesliga,1994,1994/1995
SV Werder Bremen,Sven Simonsen,24,Centre-Forward,W. Bremen II,-,in,Summer,0,1 Bundesliga,1994,1994/1995
SV Werder Bremen,Thorsten Legat,25,Left Midfield,E. Frankfurt,£1.04m,out,Summer,1.04,1 Bundesliga,1994,1994/1995
SV Werder Bremen,Martin Przondziono,25,Attacking Midfield,1.FC Nuremberg,Free transfer,out,Summer,0,1 Bundesliga,1994,1994/1995
SV Werder Bremen,Dr. Uwe Harttgen,29,Attacking Midfield,Hannover 96,Free transfer,out,Summer,0,1 Bundesliga,1994,1994/1995
SV Werder Bremen,Manfred Bockenfeld,33,Right-Back,1.FC Bocholt,?,out,Summer,NA,1 Bundesliga,1994,1994/1995
SV Werder Bremen,Rune Bratseth,33,Sweeper,Retired,-,out,Summer,0,1 Bundesliga,1994,1994/1995
SV Werder Bremen,Arie van Lent,23,Centre-Forward,W. Bremen II,-,out,Summer,0,1 Bundesliga,1994,1994/1995
VfL Bochum,Eric Wynalda,25,Centre-Forward,Saarbrücken,£675Th.,in,Summer,0.675,1 Bundesliga,1994,1994/1995
VfL Bochum,Michael Frontzeck,30,Left-Back,VfB Stuttgart,£360Th.,in,Summer,0.36,1 Bundesliga,1994,1994/1995
VfL Bochum,Uwe Schneider,22,Centre-Back,VfB Stuttgart,£225Th.,in,Summer,0.225,1 Bundesliga,1994,1994/1995
VfL Bochum,Robert Matiebel,20,Attacking Midfield,SC Concordia,Free transfer,in,Summer,0,1 Bundesliga,1994,1994/1995
VfL Bochum,Andreas Wieczorek,20,Midfielder,SV Langenau,?,in,Summer,NA,1 Bundesliga,1994,1994/1995
VfL Bochum,Tomasz Waldoch,23,Centre-Back,Górnik Zabrze,?,in,Summer,NA,1 Bundesliga,1994,1994/1995
VfL Bochum,Dirk Helmig,29,Attacking Midfield,RW Essen,?,out,Summer,NA,1 Bundesliga,1994,1994/1995
VfL Bochum,Michael Hubner,24,Centre-Back,Erkenschwick,?,out,Summer,NA,1 Bundesliga,1994,1994/1995
VfL Bochum,Robert Mawick,27,Forward,Unknown,?,out,Summer,NA,1 Bundesliga,1994,1994/1995
VfL Bochum,Olaf Dressel,25,Defender,Retired,-,out,Summer,0,1 Bundesliga,1994,1994/1995
VfL Bochum,Thomas Kempe,34,Defensive Midfield,Retired,-,out,Summer,0,1 Bundesliga,1994,1994/1995
VfB Stuttgart,Giovane Elber,21,Centre-Forward,Milan,£1.44m,in,Summer,1.44,1 Bundesliga,1994,1994/1995
VfB Stuttgart,Franco Foda,28,Sweeper,Bay. Leverkusen,£900Th.,in,Summer,0.9,1 Bundesliga,1994,1994/1995
VfB Stuttgart,Gerhard Poschner,24,Defensive Midfield,Bor. Dortmund,£900Th.,in,Summer,0.9,1 Bundesliga,1994,1994/1995
VfB Stuttgart,Fredi Bobic,22,Centre-Forward,Stuttg. Kickers,£540Th.,in,Summer,0.54,1 Bundesliga,1994,1994/1995
VfB Stuttgart,Marc Ziegler,18,Goalkeeper,Saarbrücken U19,Free transfer,in,Summer,0,1 Bundesliga,1994,1994/1995
VfB Stuttgart,Ante Covic,18,Right Midfield,Hajduk Split,Free transfer,in,Summer,0,1 Bundesliga,1994,1994/1995
VfB Stuttgart,Helgi Sigurdsson,19,Centre-Forward,Fram Reykjavík,?,in,Summer,NA,1 Bundesliga,1994,1994/1995
VfB Stuttgart,Michél Dinzey,21,Left Midfield,VfB Lichterfelde,?,in,Summer,NA,1 Bundesliga,1994,1994/1995
VfB Stuttgart,Sascha Maier,20,Forward,Stuttgart II,-,in,Summer,0,1 Bundesliga,1994,1994/1995
VfB Stuttgart,Marcus Ziegler,20,Forward,Stuttgart II,-,in,Summer,0,1 Bundesliga,1994,1994/1995
VfB Stuttgart,Joseph Addo,22,Centre-Back,Stuttgart II,-,in,Summer,0,1 Bundesliga,1994,1994/1995
VfB Stuttgart,Axel Kruse,26,Centre-Forward,FC Basel,"End of loanJun 30, 1994",in,Summer,0,1 Bundesliga,1994,1994/1995
VfB Stuttgart,Guido Buchwald,33,Centre-Back,Urawa Reds,£810Th.,out,Summer,0.81,1 Bundesliga,1994,1994/1995
VfB Stuttgart,Adrian Knup,25,Centre-Forward,Karlsruher SC,£765Th.,out,Summer,0.765,1 Bundesliga,1994,1994/1995
VfB Stuttgart,Michael Frontzeck,30,Left-Back,VfL Bochum,£360Th.,out,Summer,0.36,1 Bundesliga,1994,1994/1995
VfB Stuttgart,Uwe Schneider,22,Centre-Back,VfL Bochum,£225Th.,out,Summer,0.225,1 Bundesliga,1994,1994/1995
VfB Stuttgart,Eyjólfur Sverrisson,25,Defensive Midfield,Besiktas,Loan fee:£90Th.,out,Summer,0.09,1 Bundesliga,1994,1994/1995
VfB Stuttgart,Alexander Strehmel,26,Centre-Back,Wattenscheid 09,Free transfer,out,Summer,0,1 Bundesliga,1994,1994/1995
VfB Stuttgart,Oliver Otto,21,Defensive Midfield,SSV Ulm 1846,Free transfer,out,Summer,0,1 Bundesliga,1994,1994/1995
VfB Stuttgart,Thomas Brdaric,19,Centre-Forward,F. Düsseldorf,Free transfer,out,Summer,0,1 Bundesliga,1994,1994/1995
VfB Stuttgart,Fritz Walter,33,Centre-Forward,Arm. Bielefeld,?,out,Summer,NA,1 Bundesliga,1994,1994/1995
TSV 1860 Munich,Piotr Nowak,30,Attacking Midfield,1.FC K'lautern,£675Th.,in,Summer,0.675,1 Bundesliga,1994,1994/1995
TSV 1860 Munich,Jens Dowe,26,Left Midfield,Hansa Rostock,£450Th.,in,Summer,0.45,1 Bundesliga,1994,1994/1995
TSV 1860 Munich,Olaf Bodden,26,Centre-Forward,Hansa Rostock,£450Th.,in,Summer,0.45,1 Bundesliga,1994,1994/1995
TSV 1860 Munich,Alexander Kutschera,26,Centre-Back,Bay. Uerdingen,£288Th.,in,Summer,0.288,1 Bundesliga,1994,1994/1995
TSV 1860 Munich,Miroslav Stevic,24,Defensive Midfield,Dynamo Dresden,£225Th.,in,Summer,0.225,1 Bundesliga,1994,1994/1995
TSV 1860 Munich,Manfred Schwabl,28,Defensive Midfield,FC Tirol,£225Th.,in,Summer,0.225,1 Bundesliga,1994,1994/1995
TSV 1860 Munich,Uwe Wolf,26,Centre-Back,1.FC Nuremberg,£216Th.,in,Summer,0.216,1 Bundesliga,1994,1994/1995
TSV 1860 Munich,Peter Knäbel,27,Attacking Midfield,Saarbrücken,£113Th.,in,Summer,0.113,1 Bundesliga,1994,1994/1995
TSV 1860 Munich,Manfred Burghartswieser,20,Defensive Midfield,Bayern Munich,£23Th.,in,Summer,0.023,1 Bundesliga,1994,1994/1995
TSV 1860 Munich,Thomas Schmidt,28,Sweeper,SC Freiburg,?,in,Summer,NA,1 Bundesliga,1994,1994/1995
TSV 1860 Munich,Rudolf Vidal,23,Goalkeeper,Unterhaching,?,in,Summer,NA,1 Bundesliga,1994,1994/1995
TSV 1860 Munich,Timur Yanyali,18,Centre-Back,TSV 1860 U19,-,in,Summer,0,1 Bundesliga,1994,1994/1995
TSV 1860 Munich,Thomas Ziemer,24,Attacking Midfield,1.FSV Mainz 05,Free transfer,out,Summer,0,1 Bundesliga,1994,1994/1995
TSV 1860 Munich,Peter Zeiler,23,Central Midfield,Unterhaching,Free transfer,out,Summer,0,1 Bundesliga,1994,1994/1995
TSV 1860 Munich,Andreas Heid,26,Goalkeeper,SV Lohhof,Free transfer,out,Summer,0,1 Bundesliga,1994,1994/1995
TSV 1860 Munich,Torsten Holm,22,Centre-Forward,1.FC Passau,Free transfer,out,Summer,0,1 Bundesliga,1994,1994/1995
TSV 1860 Munich,Andreas Hartig,23,Midfielder,Unterhaching,Free transfer,out,Summer,0,1 Bundesliga,1994,1994/1995
TSV 1860 Munich,Jochen Kientz,21,Centre-Back,E. Frankfurt,?,out,Summer,NA,1 Bundesliga,1994,1994/1995
TSV 1860 Munich,Niels Schlotterbeck,27,Attacking Midfield,Hannover 96,?,out,Summer,NA,1 Bundesliga,1994,1994/1995
TSV 1860 Munich,Albert Gröber,27,Forward,Unterhaching,?,out,Summer,NA,1 Bundesliga,1994,1994/1995
TSV 1860 Munich,Roland Kneißl,31,Midfielder,Retired,-,out,Summer,0,1 Bundesliga,1994,1994/1995
SC Freiburg,Axel Sundermann,26,Centre-Back,Hannover 96,£293Th.,in,Summer,0.293,1 Bundesliga,1994,1994/1995
SC Freiburg,Jörg Heinrich,24,Left-Back,Kickers Emden,£45Th.,in,Summer,0.045,1 Bundesliga,1994,1994/1995
SC Freiburg,Karsten Neitzel,26,Defensive Midfield,Stuttg. Kickers,Free transfer,in,Summer,0,1 Bundesliga,1994,1994/1995
SC Freiburg,Andrés Cardoso,NA,Central Midfield,Estudiantes,?,in,Summer,NA,1 Bundesliga,1994,1994/1995
SC Freiburg,Christian Simon,24,Attacking Midfield,Saarbrücken,£90Th.,out,Summer,0.09,1 Bundesliga,1994,1994/1995
SC Freiburg,Stefan Sartori,19,Midfielder,VfB Gaggenau,Free transfer,out,Summer,0,1 Bundesliga,1994,1994/1995
SC Freiburg,Jan Seifert,25,Centre-Back,VfB Leipzig,?,out,Summer,NA,1 Bundesliga,1994,1994/1995
SC Freiburg,Thomas Schmidt,28,Sweeper,1860 Munich,?,out,Summer,NA,1 Bundesliga,1994,1994/1995
SC Freiburg,Austin Berry,23,Left Midfield,LD Alajuelense,?,out,Summer,NA,1 Bundesliga,1994,1994/1995
SC Freiburg,Martin Käfer,26,Defender,Freiburger FC,?,out,Summer,NA,1 Bundesliga,1994,1994/1995
SC Freiburg,Thomas Schweizer,26,Centre-Forward,SV Wasser,?,out,Summer,NA,1 Bundesliga,1994,1994/1995
SC Freiburg,René Linderer,23,Midfielder,Retired,-,out,Summer,0,1 Bundesliga,1994,1994/1995
MSV Duisburg,Emmanuel Amunike,23,Left Winger,Zamalek,£765Th.,in,Summer,0.765,1 Bundesliga,1994,1994/1995
MSV Duisburg,Rainer Schütterle,28,Attacking Midfield,Karlsruher SC,£540Th.,in,Summer,0.54,1 Bundesliga,1994,1994/1995
MSV Duisburg,Roger Ljung,28,Left-Back,Galatasaray,£450Th.,in,Summer,0.45,1 Bundesliga,1994,1994/1995
MSV Duisburg,Mario Krohm,27,Centre-Forward,Sint-Truiden,£360Th.,in,Summer,0.36,1 Bundesliga,1994,1994/1995
MSV Duisburg,Holger Gehrke,34,Goalkeeper,TeBe Berlin,£225Th.,in,Summer,0.225,1 Bundesliga,1994,1994/1995
MSV Duisburg,Martin Pieckenhagen,22,Goalkeeper,TeBe Berlin,£90Th.,in,Summer,0.09,1 Bundesliga,1994,1994/1995
MSV Duisburg,Thomas Puschmann,21,Defensive Midfield,Bay. Uerdingen,Free transfer,in,Summer,0,1 Bundesliga,1994,1994/1995
MSV Duisburg,Markus Osthoff,25,Left Winger,Eintracht Trier,?,in,Summer,NA,1 Bundesliga,1994,1994/1995
MSV Duisburg,Igor Shalimov,25,Attacking Midfield,Inter,?,in,Summer,NA,1 Bundesliga,1994,1994/1995
MSV Duisburg,Markus Sailer,26,Centre-Forward,FC St. Pauli,"End of loanJun 30, 1994",in,Summer,0,1 Bundesliga,1994,1994/1995
MSV Duisburg,Emmanuel Amunike,23,Left Winger,Sporting CP,£1.58m,out,Summer,1.58,1 Bundesliga,1994,1994/1995
MSV Duisburg,Michael Tarnat,24,Left-Back,Karlsruher SC,£540Th.,out,Summer,0.54,1 Bundesliga,1994,1994/1995
MSV Duisburg,Michael Preetz,26,Centre-Forward,Wattenscheid 09,Free transfer,out,Summer,0,1 Bundesliga,1994,1994/1995
MSV Duisburg,Zoran Zeljko,25,Goalkeeper,RW Essen,Free transfer,out,Summer,0,1 Bundesliga,1994,1994/1995
MSV Duisburg,Ivica Vastic,24,Second Striker,Sturm Graz,Free transfer,out,Summer,0,1 Bundesliga,1994,1994/1995
MSV Duisburg,Hannes Reinmayr,24,Attacking Midfield,Bay. Uerdingen,Free transfer,out,Summer,0,1 Bundesliga,1994,1994/1995
MSV Duisburg,Peter Ogaba,19,Midfielder,Unknown,?,out,Summer,NA,1 Bundesliga,1994,1994/1995
MSV Duisburg,Markus Sailer,26,Centre-Forward,Stuttg. Kickers,?,out,Summer,NA,1 Bundesliga,1994,1994/1995
MSV Duisburg,Manfred Tebeck,24,Midfielder,RW Oberhausen,?,out,Summer,NA,1 Bundesliga,1994,1994/1995
MSV Duisburg,Patrick Notthoff,28,Sweeper,Wattenscheid 09,?,out,Summer,NA,1 Bundesliga,1994,1994/1995
MSV Duisburg,Michael Struckmann,29,Centre-Forward,Retired,-,out,Summer,0,1 Bundesliga,1994,1994/1995
Karlsruher SC,Thomas Häßler,28,Attacking Midfield,AS Roma,£3.33m,in,Summer,3.33,1 Bundesliga,1994,1994/1995
Karlsruher SC,Christian Wück,21,Second Striker,1.FC Nuremberg,£810Th.,in,Summer,0.81,1 Bundesliga,1994,1994/1995
Karlsruher SC,Adrian Knup,25,Centre-Forward,VfB Stuttgart,£765Th.,in,Summer,0.765,1 Bundesliga,1994,1994/1995
Karlsruher SC,Claus Reitmaier,30,Goalkeeper,1.FC K'lautern,£720Th.,in,Summer,0.72,1 Bundesliga,1994,1994/1995
Karlsruher SC,Thorsten Fink,26,Defensive Midfield,Wattenscheid 09,£540Th.,in,Summer,0.54,1 Bundesliga,1994,1994/1995
Karlsruher SC,Michael Tarnat,24,Left-Back,MSV Duisburg,£540Th.,in,Summer,0.54,1 Bundesliga,1994,1994/1995
Karlsruher SC,Josef Zinnbauer,24,Midfielder,SSV Ulm 1846,Free transfer,in,Summer,0,1 Bundesliga,1994,1994/1995
Karlsruher SC,Markus Schroth,19,Centre-Forward,Karlsruhe U19,-,in,Summer,0,1 Bundesliga,1994,1994/1995
Karlsruher SC,Oliver Kahn,25,Goalkeeper,Bayern Munich,£2.07m,out,Summer,2.07,1 Bundesliga,1994,1994/1995
Karlsruher SC,Rainer Schütterle,28,Attacking Midfield,MSV Duisburg,£540Th.,out,Summer,0.54,1 Bundesliga,1994,1994/1995
Karlsruher SC,Rainer Krieg,26,Centre-Forward,Bay. Uerdingen,£405Th.,out,Summer,0.405,1 Bundesliga,1994,1994/1995
Karlsruher SC,Alexander Göhring,16,Defensive Midfield,Karlsruher SV,Free transfer,out,Summer,0,1 Bundesliga,1994,1994/1995
Karlsruher SC,Matthias Fritz,24,Midfielder,SV Sandhausen,Free transfer,out,Summer,0,1 Bundesliga,1994,1994/1995
Karlsruher SC,Pero Skoric,25,Sweeper,SpVgg Bayreuth,Free transfer,out,Summer,0,1 Bundesliga,1994,1994/1995
Karlsruher SC,Wolfgang Rolff,34,Central Midfield,1. FC Köln,£45Th.,out,Summer,0.045,1 Bundesliga,1994,1994/1995
Karlsruher SC,Valeri Shmarov,29,Centre-Forward,Arm. Bielefeld,?,out,Summer,NA,1 Bundesliga,1994,1994/1995
Karlsruher SC,Karl-Heinz Lutz,19,Forward,Unknown,?,out,Summer,NA,1 Bundesliga,1994,1994/1995
Karlsruher SC,Dirk Klinge,28,Defensive Midfield,Wattenscheid 09,?,out,Summer,NA,1 Bundesliga,1994,1994/1995
Karlsruher SC,Srecko Bogdan,37,Sweeper,Retired,-,out,Summer,0,1 Bundesliga,1994,1994/1995
Hamburger SV,Sergio Zárate,25,Centre-Forward,1.FC Nuremberg,£810Th.,in,Summer,0.81,1 Bundesliga,1994,1994/1995
Hamburger SV,Andreas Fischer,29,Defensive Midfield,Bay. Leverkusen,£549Th.,in,Summer,0.549,1 Bundesliga,1994,1994/1995
Hamburger SV,Jörg Bach,28,Centre-Back,Wattenscheid 09,£540Th.,in,Summer,0.54,1 Bundesliga,1994,1994/1995
Hamburger SV,Marco Weißhaupt,22,Attacking Midfield,Rot-Weiß Erfurt,Free transfer,in,Summer,0,1 Bundesliga,1994,1994/1995
Hamburger SV,Ulrich Stein,39,Goalkeeper,E. Frankfurt,Free transfer,in,Summer,0,1 Bundesliga,1994,1994/1995
Hamburger SV,André Breitenreiter,20,Second Striker,Hannover 96,Loan,in,Summer,0,1 Bundesliga,1994,1994/1995
Hamburger SV,Marco Kostmann,28,Goalkeeper,Saarbrücken,?,in,Summer,NA,1 Bundesliga,1994,1994/1995
Hamburger SV,Stig Töfting,24,Defensive Midfield,Odense BK,"End of loanJun 30, 1994",in,Summer,0,1 Bundesliga,1994,1994/1995
Hamburger SV,Thomas von Heesen,32,Attacking Midfield,Arm. Bielefeld,£315Th.,out,Summer,0.315,1 Bundesliga,1994,1994/1995
Hamburger SV,Michael Spies,28,Attacking Midfield,Dynamo Dresden,£203Th.,out,Summer,0.203,1 Bundesliga,1994,1994/1995
Hamburger SV,Stig Töfting,25,Defensive Midfield,Aarhus GF,£167Th.,out,Summer,0.167,1 Bundesliga,1994,1994/1995
Hamburger SV,Jörg Bode,24,Right Midfield,Arm. Bielefeld,£90Th.,out,Summer,0.09,1 Bundesliga,1994,1994/1995
Hamburger SV,Armin Eck,29,Left Midfield,Arm. Bielefeld,£90Th.,out,Summer,0.09,1 Bundesliga,1994,1994/1995
Hamburger SV,Thomas Lässig,22,Defensive Midfield,PSV Rostock,Free transfer,out,Summer,0,1 Bundesliga,1994,1994/1995
Hamburger SV,Riccardo Baich,20,Forward,FSV Frankfurt,Free transfer,out,Summer,0,1 Bundesliga,1994,1994/1995
Hamburger SV,Nils Bahr,24,Goalkeeper,TuS Hoisdorf,Free transfer,out,Summer,0,1 Bundesliga,1994,1994/1995
Hamburger SV,Oliver Möller,25,Midfielder,SV Lurup,Free transfer,out,Summer,0,1 Bundesliga,1994,1994/1995
Hamburger SV,Uwe Bormann,24,Midfielder,VfR Osterode,?,out,Summer,NA,1 Bundesliga,1994,1994/1995
Hamburger SV,Stig Töfting,25,Defensive Midfield,Aarhus GF,Loan,out,Summer,0,1 Bundesliga,1994,1994/1995
Hamburger SV,Markus Babbel,21,Centre-Back,Bayern Munich,"End of loanJun 30, 1994",out,Summer,0,1 Bundesliga,1994,1994/1995
FC Schalke 04,Olaf Thon,28,Central Midfield,Bayern Munich,£1.13m,in,Summer,1.13,1 Bundesliga,1994,1994/1995
FC Schalke 04,Radoslav Latal,24,Right Midfield,Sigma Olomouc,Loan fee:£113Th.,in,Summer,0.113,1 Bundesliga,1994,1994/1995
FC Schalke 04,Jörg Albracht,30,Goalkeeper,Wuppertaler SV,Free transfer,in,Summer,0,1 Bundesliga,1994,1994/1995
FC Schalke 04,Udo Mai,26,Goalkeeper,Wattenscheid 09,?,in,Summer,NA,1 Bundesliga,1994,1994/1995
FC Schalke 04,Waldemar Ksienzyk,30,Right-Back,Wuppertaler SV,?,in,Summer,NA,1 Bundesliga,1994,1994/1995
FC Schalke 04,Mathias Schober,18,Goalkeeper,Schalke 04 U19,-,in,Summer,0,1 Bundesliga,1994,1994/1995
FC Schalke 04,Miguel Pereira,18,Centre-Forward,Schalke 04 U19,-,in,Summer,0,1 Bundesliga,1994,1994/1995
FC Schalke 04,Serhii Dikhtiar,18,Attacking Midfield,Schalke 04 U19,-,in,Summer,0,1 Bundesliga,1994,1994/1995
FC Schalke 04,Igor Lissak,18,Defensive Midfield,Schalke 04 U19,-,in,Summer,0,1 Bundesliga,1994,1994/1995
FC Schalke 04,Antoine Hey,23,Right Midfield,TeBe Berlin,"End of loanJun 30, 1994",in,Summer,0,1 Bundesliga,1994,1994/1995
FC Schalke 04,Bent Christensen,27,Centre-Forward,Olympiacos,"End of loanJun 30, 1994",in,Summer,0,1 Bundesliga,1994,1994/1995
FC Schalke 04,Antoine Hey,23,Right Midfield,SC Fortuna Köln,Free transfer,out,Summer,0,1 Bundesliga,1994,1994/1995
FC Schalke 04,Jürgen Luginger,26,Right Midfield,Hannover 96,Free transfer,out,Summer,0,1 Bundesliga,1994,1994/1995
FC Schalke 04,Chad Deering,23,Defensive Midfield,Rosenborg BK,?,out,Summer,NA,1 Bundesliga,1994,1994/1995
FC Schalke 04,Günter Güttler,33,Sweeper,SpVgg Fürth,?,out,Summer,NA,1 Bundesliga,1994,1994/1995
FC Schalke 04,Jürgen Gredig,28,Centre-Back,LR Ahlen,?,out,Summer,NA,1 Bundesliga,1994,1994/1995
FC Schalke 04,Holger Gehrke,33,Goalkeeper,TeBe Berlin,?,out,Summer,NA,1 Bundesliga,1994,1994/1995
FC Schalke 04,Bent Christensen,27,Centre-Forward,SD Compostela,Loan,out,Summer,0,1 Bundesliga,1994,1994/1995
FC Schalke 04,Fabijan Komljenovic,26,Attacking Midfield,NK Istra Pula,"End of loanJun 30, 1994",out,Summer,0,1 Bundesliga,1994,1994/1995
Bayern Munich,Jean-Pierre Papin,30,Centre-Forward,Milan,£2.48m,in,Summer,2.48,1 Bundesliga,1994,1994/1995
Bayern Munich,Oliver Kahn,25,Goalkeeper,Karlsruher SC,£2.07m,in,Summer,2.07,1 Bundesliga,1994,1994/1995
Bayern Munich,Alain Sutter,26,Left Midfield,1.FC Nuremberg,£1.26m,in,Summer,1.26,1 Bundesliga,1994,1994/1995
Bayern Munich,Samuel Kuffour,17,Centre-Back,FC Bayern U19,-,in,Summer,0,1 Bundesliga,1994,1994/1995
Bayern Munich,Markus Babbel,21,Centre-Back,Hamburger SV,"End of loanJun 30, 1994",in,Summer,0,1 Bundesliga,1994,1994/1995
Bayern Munich,Mazinho,28,Centre-Forward,Internacional,"End of loanJun 30, 1994",in,Summer,0,1 Bundesliga,1994,1994/1995
Bayern Munich,Adolfo Valencia,26,Centre-Forward,Atlético Madrid,£2.03m,out,Summer,2.03,1 Bundesliga,1994,1994/1995
Bayern Munich,Bruno Labbadia,28,Centre-Forward,1. FC Köln,£1.13m,out,Summer,1.13,1 Bundesliga,1994,1994/1995
Bayern Munich,Olaf Thon,28,Central Midfield,FC Schalke 04,£1.13m,out,Summer,1.13,1 Bundesliga,1994,1994/1995
Bayern Munich,Markus Münch,21,Left-Back,Bay. Leverkusen,£675Th.,out,Summer,0.675,1 Bundesliga,1994,1994/1995
Bayern Munich,Raimond Aumann,30,Goalkeeper,Besiktas,£360Th.,out,Summer,0.36,1 Bundesliga,1994,1994/1995
Bayern Munich,Manfred Burghartswieser,20,Defensive Midfield,1860 Munich,£23Th.,out,Summer,0.023,1 Bundesliga,1994,1994/1995
Bayern Munich,Alois Reinhardt,32,Centre-Back,Retired,-,out,Summer,0,1 Bundesliga,1994,1994/1995
Bayern Munich,Roland Grahammer,30,Right-Back,Retired,-,out,Summer,0,1 Bundesliga,1994,1994/1995
Bayern Munich,Wolfgang Gerstmeier,25,Midfielder,FC Bayern II,-,out,Summer,0,1 Bundesliga,1994,1994/1995
Eintracht Frankfurt,Thomas Doll,28,Attacking Midfield,Lazio,£1.58m,in,Summer,1.58,1 Bundesliga,1994,1994/1995
Eintracht Frankfurt,Thorsten Legat,25,Left Midfield,Werder Bremen,£1.04m,in,Summer,1.04,1 Bundesliga,1994,1994/1995
Eintracht Frankfurt,Andreas Köpke,32,Goalkeeper,1.FC Nuremberg,£450Th.,in,Summer,0.45,1 Bundesliga,1994,1994/1995
Eintracht Frankfurt,Nihat Kaplan,21,Midfielder,1.FSV Mainz 05,Free transfer,in,Summer,0,1 Bundesliga,1994,1994/1995
Eintracht Frankfurt,Jochen Kientz,21,Centre-Back,1860 Munich,?,in,Summer,NA,1 Bundesliga,1994,1994/1995
Eintracht Frankfurt,Stephan Paßlack,23,Centre-Back,Bay. Uerdingen,Loan,in,Summer,0,1 Bundesliga,1994,1994/1995
Eintracht Frankfurt,Marek Penksa,20,Right Winger,Dynamo Dresden,"End of loanJun 30, 1994",in,Summer,0,1 Bundesliga,1994,1994/1995
Eintracht Frankfurt,Ulrich Stein,39,Goalkeeper,Hamburger SV,Free transfer,out,Summer,0,1 Bundesliga,1994,1994/1995
Eintracht Frankfurt,Thomas Ernst,26,Goalkeeper,FSV Frankfurt,£41Th.,out,Summer,0.041,1 Bundesliga,1994,1994/1995
Eintracht Frankfurt,Frank Möller,26,Centre-Back,1.FC Nuremberg,?,out,Summer,NA,1 Bundesliga,1994,1994/1995
Eintracht Frankfurt,Uwe Bein,33,Attacking Midfield,Urawa Reds,?,out,Summer,NA,1 Bundesliga,1994,1994/1995
Eintracht Frankfurt,Demir Duric,17,Attacking Midfield,FSV Frankfurt,?,out,Summer,NA,1 Bundesliga,1994,1994/1995
Eintracht Frankfurt,Radmilo Mihajlovic,29,Centre-Forward,Without Club,-,out,Summer,0,1 Bundesliga,1994,1994/1995
Eintracht Frankfurt,Stephan Paßlack,24,Centre-Back,Bay. Uerdingen,"End of loanSep 1, 1994",out,Summer,0,1 Bundesliga,1994,1994/1995
Eintracht Frankfurt,Thomas Doll,28,Attacking Midfield,Lazio,"End of loanJun 30, 1994",out,Summer,0,1 Bundesliga,1994,1994/1995
Borussia Mönchengladbach,Stefan Effenberg,25,Central Midfield,Fiorentina,Loan fee:£675Th.,in,Summer,0.675,1 Bundesliga,1994,1994/1995
Borussia Mönchengladbach,Marco Villa,15,Centre-Forward,Uerdingen U19,Free transfer,in,Summer,0,1 Bundesliga,1994,1994/1995
Borussia Mönchengladbach,Christian Hock,24,Left Midfield,1.FSV Mainz 05,£68Th.,out,Summer,0.068,1 Bundesliga,1994,1994/1995
Borussia Mönchengladbach,Thomas Bleck,20,Centre-Forward,Hansa Rostock,?,out,Summer,NA,1 Bundesliga,1994,1994/1995
Borussia Mönchengladbach,Dirk Heyne,36,Goalkeeper,Retired,-,out,Summer,0,1 Bundesliga,1994,1994/1995
Borussia Dortmund,Andreas Möller,26,Attacking Midfield,Juventus,£4.14m,in,Summer,4.14,1 Bundesliga,1994,1994/1995
Borussia Dortmund,Júlio César,31,Centre-Back,Juventus,£1.13m,in,Summer,1.13,1 Bundesliga,1994,1994/1995
Borussia Dortmund,Martin Kree,29,Centre-Back,Bay. Leverkusen,£540Th.,in,Summer,0.54,1 Bundesliga,1994,1994/1995
Borussia Dortmund,Marco Kurz,25,Centre-Back,1.FC Nuremberg,£428Th.,in,Summer,0.428,1 Bundesliga,1994,1994/1995
Borussia Dortmund,Vladimir But,16,Attacking Midfield,Chernomorets N.,Free transfer,in,Summer,0,1 Bundesliga,1994,1994/1995
Borussia Dortmund,Lars Müller,18,Left-Back,Hammer SpVg,Free transfer,in,Summer,0,1 Bundesliga,1994,1994/1995
Borussia Dortmund,Yahaya Mallam,19,Attacking Midfield,Torino,Free transfer,in,Summer,0,1 Bundesliga,1994,1994/1995
Borussia Dortmund,Marc Arnold,23,Attacking Midfield,SSV Ulm 1846,?,in,Summer,NA,1 Bundesliga,1994,1994/1995
Borussia Dortmund,René Tretschok,25,Defensive Midfield,TeBe Berlin,"End of loanJun 30, 1994",in,Summer,0,1 Bundesliga,1994,1994/1995
Borussia Dortmund,Gerhard Poschner,24,Defensive Midfield,VfB Stuttgart,£900Th.,out,Summer,0.9,1 Bundesliga,1994,1994/1995
Borussia Dortmund,Michael Schulz,32,Centre-Back,Werder Bremen,£675Th.,out,Summer,0.675,1 Bundesliga,1994,1994/1995
Borussia Dortmund,Lothar Sippel,29,Centre-Forward,Hannover 96,£315Th.,out,Summer,0.315,1 Bundesliga,1994,1994/1995
Borussia Dortmund,Uwe Grauer,24,Centre-Back,Bay. Uerdingen,£135Th.,out,Summer,0.135,1 Bundesliga,1994,1994/1995
Borussia Dortmund,Frank Mill,35,Centre-Forward,F. Düsseldorf,£113Th.,out,Summer,0.113,1 Bundesliga,1994,1994/1995
Borussia Dortmund,Dr. Philipp Laux,21,Goalkeeper,SSV Ulm 1846,Free transfer,out,Summer,0,1 Bundesliga,1994,1994/1995
Borussia Dortmund,Leonardo Rodríguez,27,Attacking Midfield,Atalanta,?,out,Summer,NA,1 Bundesliga,1994,1994/1995
Borussia Dortmund,Stefan Thiele,20,Forward,RW Essen,?,out,Summer,NA,1 Bundesliga,1994,1994/1995
Bayer 04 Leverkusen,Markus Münch,21,Left-Back,Bayern Munich,£675Th.,in,Summer,0.675,1 Bundesliga,1994,1994/1995
Bayer 04 Leverkusen,Hans-Peter Lehnhoff,30,Right Midfield,Royal Antwerp,£450Th.,in,Summer,0.45,1 Bundesliga,1994,1994/1995
Bayer 04 Leverkusen,Tom Dooley,33,Centre-Back,Career break,£383Th.,in,Summer,0.383,1 Bundesliga,1994,1994/1995
Bayer 04 Leverkusen,Rudi Völler,34,Centre-Forward,Marseille,£225Th.,in,Summer,0.225,1 Bundesliga,1994,1994/1995
Bayer 04 Leverkusen,Mike Rietpietsch,20,Right Midfield,Union Berlin,£97Th.,in,Summer,0.097,1 Bundesliga,1994,1994/1995
Bayer 04 Leverkusen,Andreas Neuendorf,19,Central Midfield,Füchse Berlin,£89Th.,in,Summer,0.089,1 Bundesliga,1994,1994/1995
Bayer 04 Leverkusen,Claudio Reyna,20,Central Midfield,Virginia Cavs,?,in,Summer,NA,1 Bundesliga,1994,1994/1995
Bayer 04 Leverkusen,Thomas Vana,21,Defensive Midfield,Velbert 02,?,in,Summer,NA,1 Bundesliga,1994,1994/1995
Bayer 04 Leverkusen,Daniel Ischdonat,18,Goalkeeper,Leverkusen U19,-,in,Summer,0,1 Bundesliga,1994,1994/1995
Bayer 04 Leverkusen,Franco Foda,28,Sweeper,VfB Stuttgart,£900Th.,out,Summer,0.9,1 Bundesliga,1994,1994/1995
Bayer 04 Leverkusen,Andreas Fischer,29,Defensive Midfield,Hamburger SV,£549Th.,out,Summer,0.549,1 Bundesliga,1994,1994/1995
Bayer 04 Leverkusen,Martin Kree,29,Centre-Back,Bor. Dortmund,£540Th.,out,Summer,0.54,1 Bundesliga,1994,1994/1995
Bayer 04 Leverkusen,Thorsten Judt,23,Left Midfield,F. Düsseldorf,Free transfer,out,Summer,0,1 Bundesliga,1994,1994/1995
Bayer 04 Leverkusen,Stephan Hanke,21,Defensive Midfield,FC St. Pauli,Free transfer,out,Summer,0,1 Bundesliga,1994,1994/1995
Bayer 04 Leverkusen,Jörg Nowotny,25,Centre-Forward,Saarbrücken,Free transfer,out,Summer,0,1 Bundesliga,1994,1994/1995
Bayer 04 Leverkusen,Walter Junghans,35,Goalkeeper,SC Fortuna Köln,?,out,Summer,NA,1 Bundesliga,1994,1994/1995
Bayer 04 Leverkusen,Taifour Diane,21,Centre-Forward,Leverkusen II,-,out,Summer,0,1 Bundesliga,1994,1994/1995
1. FC Köln,Bruno Labbadia,28,Centre-Forward,Bayern Munich,£1.13m,in,Summer,1.13,1 Bundesliga,1994,1994/1995
1. FC Köln,Reinhard Stumpf,32,Centre-Back,Galatasaray,£113Th.,in,Summer,0.113,1 Bundesliga,1994,1994/1995
1. FC Köln,Wolfgang Rolff,34,Central Midfield,Karlsruher SC,£45Th.,in,Summer,0.045,1 Bundesliga,1994,1994/1995
1. FC Köln,Michael Rösele,19,Right Midfield,FC Augsburg,?,in,Summer,NA,1 Bundesliga,1994,1994/1995
1. FC Köln,Bjarne Goldbaek,25,Central Midfield,TeBe Berlin,?,in,Summer,NA,1 Bundesliga,1994,1994/1995
1. FC Köln,Dariusz Dziekanowski,31,Forward,Alem. Aachen,?,in,Summer,NA,1 Bundesliga,1994,1994/1995
1. FC Köln,Janusz Dziwior,19,Centre-Back,1.FC Köln II,-,in,Summer,0,1 Bundesliga,1994,1994/1995
1. FC Köln,Alexander Bade,23,Goalkeeper,Bay. Uerdingen,£450Th.,out,Summer,0.45,1 Bundesliga,1994,1994/1995
1. FC Köln,Carsten Keuler,22,Centre-Back,Wattenscheid 09,£180Th.,out,Summer,0.18,1 Bundesliga,1994,1994/1995
1. FC Köln,Dirk Lehmann,22,Attacking Midfield,Lierse SK,£158Th.,out,Summer,0.158,1 Bundesliga,1994,1994/1995
1. FC Köln,Edward Sarpei,25,Left Midfield,Vorwärts Steyr,Free transfer,out,Summer,0,1 Bundesliga,1994,1994/1995
1. FC Köln,Kim Christofte,33,Left-Back,Lierse SK,Free transfer,out,Summer,0,1 Bundesliga,1994,1994/1995
1. FC Köln,Ralf Sturm,25,Forward,Wuppertaler SV,?,out,Summer,NA,1 Bundesliga,1994,1994/1995
1. FC Köln,Rudi Müller,33,Centre-Forward,Wuppertaler SV,?,out,Summer,NA,1 Bundesliga,1994,1994/1995
1. FC Köln,Stephan Paßlack,23,Centre-Back,Bay. Uerdingen,"End of loanJun 30, 1994",out,Summer,0,1 Bundesliga,1994,1994/1995
1. FC Köln,Revaz Arveladze,24,Attacking Midfield,Dinamo Tbilisi,"End of loanJun 1, 1994",out,Summer,0,1 Bundesliga,1994,1994/1995
SG Dynamo Dresden,Johnny Ekström,29,Centre-Forward,Reggiana,£540Th.,in,Summer,0.54,1 Bundesliga,1994,1994/1995
SG Dynamo Dresden,Andrzej Lesiak,28,Sweeper,Union Innsbruck,£405Th.,in,Summer,0.405,1 Bundesliga,1994,1994/1995
SG Dynamo Dresden,Michael Spies,28,Attacking Midfield,Hamburger SV,£203Th.,in,Summer,0.203,1 Bundesliga,1994,1994/1995
SG Dynamo Dresden,Mathias Stammann,26,Midfielder,SC Fortuna Köln,£135Th.,in,Summer,0.135,1 Bundesliga,1994,1994/1995
SG Dynamo Dresden,Sascha Licht,19,Right Winger,1.FC Nuremberg,Free transfer,in,Summer,0,1 Bundesliga,1994,1994/1995
SG Dynamo Dresden,Mark Schwarzer,21,Goalkeeper,Marconi Stallions,Free transfer,in,Summer,0,1 Bundesliga,1994,1994/1995
SG Dynamo Dresden,Thomas Hoßmang,27,Sweeper,RW Frankfurt,Free transfer,in,Summer,0,1 Bundesliga,1994,1994/1995
SG Dynamo Dresden,Daniel Küttner,21,Defensive Midfield,Dresdner SC,£18Th.,in,Summer,0.018,1 Bundesliga,1994,1994/1995
SG Dynamo Dresden,Florian Weichert,26,Centre-Forward,VfB Leipzig,Loan,in,Summer,0,1 Bundesliga,1994,1994/1995
SG Dynamo Dresden,Kai-Uwe Börner,23,Midfielder,TSV Mindelheim,?,in,Summer,NA,1 Bundesliga,1994,1994/1995
SG Dynamo Dresden,Olaf Marschall,28,Centre-Forward,1.FC K'lautern,£1.26m,out,Summer,1.26,1 Bundesliga,1994,1994/1995
SG Dynamo Dresden,Piotr Nowak,29,Attacking Midfield,1.FC K'lautern,£608Th.,out,Summer,0.608,1 Bundesliga,1994,1994/1995
SG Dynamo Dresden,Miroslav Stevic,24,Defensive Midfield,1860 Munich,£225Th.,out,Summer,0.225,1 Bundesliga,1994,1994/1995
SG Dynamo Dresden,Andreas Sassen,27,Attacking Midfield,Dnipro,Free transfer,out,Summer,0,1 Bundesliga,1994,1994/1995
SG Dynamo Dresden,Gunnar Grundmann,20,Goalkeeper,VfB Leipzig,Free transfer,out,Summer,0,1 Bundesliga,1994,1994/1995
SG Dynamo Dresden,René Müller,35,Goalkeeper,FC St. Pauli,?,out,Summer,NA,1 Bundesliga,1994,1994/1995
SG Dynamo Dresden,Nils Schmäler,24,Sweeper,VfR Heilbronn,?,out,Summer,NA,1 Bundesliga,1994,1994/1995
SG Dynamo Dresden,Frank Schulze,24,Goalkeeper,Retired,-,out,Summer,0,1 Bundesliga,1994,1994/1995
SG Dynamo Dresden,Marek Penksa,20,Right Winger,E. Frankfurt,"End of loanJun 30, 1994",out,Summer,0,1 Bundesliga,1994,1994/1995
1.FC Kaiserslautern,Marcus Marin,27,Centre-Forward,FC Sion,"End of loanDec 1, 1994",in,Winter,0,1 Bundesliga,1994,1994/1995
1.FC Kaiserslautern,Marcus Marin,28,Centre-Forward,MSV Duisburg,£450Th.,out,Winter,0.45,1 Bundesliga,1994,1994/1995
1.FC Kaiserslautern,Marco Dittgen,20,Centre-Forward,Dynamo Dresden,Free transfer,out,Winter,0,1 Bundesliga,1994,1994/1995
1.FC Kaiserslautern,Jürgen Degen,27,Centre-Forward,VfL 93 Hamburg,Free transfer,out,Winter,0,1 Bundesliga,1994,1994/1995
1.FC Kaiserslautern,Jan Eriksson,27,Centre-Back,AIK,?,out,Winter,NA,1 Bundesliga,1994,1994/1995
SV Werder Bremen,Wynton Rufer,32,Centre-Forward,JEF Utd. Chiba,£225Th.,out,Winter,0.225,1 Bundesliga,1994,1994/1995
VfL Bochum,Roland Wohlfarth,31,Centre-Forward,Saint-Étienne,?,in,Winter,NA,1 Bundesliga,1994,1994/1995
VfL Bochum,Tomasz Waldoch,23,Centre-Back,Górnik Zabrze,?,in,Winter,NA,1 Bundesliga,1994,1994/1995
VfL Bochum,Henryk Baluszynski,22,Centre-Forward,Górnik Zabrze,?,in,Winter,NA,1 Bundesliga,1994,1994/1995
VfB Stuttgart,Thomas Brdaric,19,Centre-Forward,F. Düsseldorf,Free transfer,out,Winter,0,1 Bundesliga,1994,1994/1995
TSV 1860 Munich,Olaf Bodden,26,Centre-Forward,Hansa Rostock,£450Th.,in,Winter,0.45,1 Bundesliga,1994,1994/1995
TSV 1860 Munich,Elvis Brajkovic,25,Centre-Back,HNK Rijeka,£360Th.,in,Winter,0.36,1 Bundesliga,1994,1994/1995
TSV 1860 Munich,René Rydlewicz,21,Right Midfield,Bay. Leverkusen,Loan fee:£90Th.,in,Winter,0.09,1 Bundesliga,1994,1994/1995
TSV 1860 Munich,Mats Lilienberg,25,Centre-Forward,IFK Göteborg,Free transfer,out,Winter,0,1 Bundesliga,1994,1994/1995
TSV 1860 Munich,Peter Knäbel,28,Attacking Midfield,FC St. Gallen,Loan,out,Winter,0,1 Bundesliga,1994,1994/1995
TSV 1860 Munich,Lutz Braun,28,Centre-Back,1.FC Nuremberg,Loan,out,Winter,0,1 Bundesliga,1994,1994/1995
TSV 1860 Munich,Thomas Seeliger,28,Defensive Midfield,VfL Wolfsburg,?,out,Winter,NA,1 Bundesliga,1994,1994/1995
MSV Duisburg,Marcus Marin,28,Centre-Forward,1.FC K'lautern,£450Th.,in,Winter,0.45,1 Bundesliga,1994,1994/1995
MSV Duisburg,Alexander Löbe,22,Centre-Forward,Wattenscheid 09,Free transfer,in,Winter,0,1 Bundesliga,1994,1994/1995
Karlsruher SC,Dirk Klinge,28,Defensive Midfield,Wattenscheid 09,?,out,Winter,NA,1 Bundesliga,1994,1994/1995
Hamburger SV,Frank Ordenewitz,29,Centre-Forward,JEF Utd. Chiba,£360Th.,in,Winter,0.36,1 Bundesliga,1994,1994/1995
Hamburger SV,Michael Mason,23,Right Midfield,Hessen Kassel,Free transfer,in,Winter,0,1 Bundesliga,1994,1994/1995
Hamburger SV,Niclas Kindvall,27,Forward,Norrköping,?,in,Winter,NA,1 Bundesliga,1994,1994/1995
Hamburger SV,Stig Töfting,25,Defensive Midfield,Aarhus GF,"End of loanDec 31, 1994",in,Winter,0,1 Bundesliga,1994,1994/1995
Hamburger SV,Sergio Zárate,25,Centre-Forward,Necaxa,£450Th.,out,Winter,0.45,1 Bundesliga,1994,1994/1995
Hamburger SV,Andreas Sassen,26,Attacking Midfield,Dynamo Dresden,£315Th.,out,Winter,0.315,1 Bundesliga,1994,1994/1995
Hamburger SV,Jörn Andersen,31,Centre-Forward,Dynamo Dresden,£225Th.,out,Winter,0.225,1 Bundesliga,1994,1994/1995
Hamburger SV,Stig Töfting,25,Defensive Midfield,Aarhus GF,Loan,out,Winter,0,1 Bundesliga,1994,1994/1995
FC Schalke 04,Stefan Kohn,29,Centre-Forward,1. FC Köln,Loan,in,Winter,0,1 Bundesliga,1994,1994/1995
FC Schalke 04,Dieter Eckstein,30,Centre-Forward,West Ham,?,out,Winter,NA,1 Bundesliga,1994,1994/1995
Bayern Munich,Emil Kostadinov,27,Centre-Forward,Dep. La Coruña,Loan fee:£225Th.,in,Winter,0.225,1 Bundesliga,1994,1994/1995
Bayern Munich,Jorginho,30,Right-Back,Kashima Antlers,£1.58m,out,Winter,1.58,1 Bundesliga,1994,1994/1995
Bayern Munich,Mazinho,29,Centre-Forward,Flamengo,Free transfer,out,Winter,0,1 Bundesliga,1994,1994/1995
Eintracht Frankfurt,Thomas Doll,28,Attacking Midfield,Lazio,£1.58m,in,Winter,1.58,1 Bundesliga,1994,1994/1995
Eintracht Frankfurt,Josef Obajdin,24,Centre-Forward,Slovan Liberec,Loan fee:£113Th.,in,Winter,0.113,1 Bundesliga,1994,1994/1995
Eintracht Frankfurt,Anthony Yeboah,28,Centre-Forward,Leeds,Loan fee:£900Th.,out,Winter,0.9,1 Bundesliga,1994,1994/1995
Eintracht Frankfurt,Maurizio Gaudino,28,Central Midfield,Man City,Loan fee:£225Th.,out,Winter,0.225,1 Bundesliga,1994,1994/1995
Borussia Mönchengladbach,Thomas Eichin,28,Centre-Back,1.FC Nuremberg,Loan,out,Winter,0,1 Bundesliga,1994,1994/1995
Bayer 04 Leverkusen,Bernard Schuiteman,21,Centre-Back,Feyenoord,£675Th.,out,Winter,0.675,1 Bundesliga,1994,1994/1995
Bayer 04 Leverkusen,René Rydlewicz,21,Right Midfield,1860 Munich,Loan fee:£90Th.,out,Winter,0.09,1 Bundesliga,1994,1994/1995
1. FC Köln,Stefan Kohn,29,Centre-Forward,FC Schalke 04,Loan,out,Winter,0,1 Bundesliga,1994,1994/1995
SG Dynamo Dresden,Andreas Sassen,26,Attacking Midfield,Hamburger SV,£315Th.,in,Winter,0.315,1 Bundesliga,1994,1994/1995
SG Dynamo Dresden,Jörn Andersen,31,Centre-Forward,Hamburger SV,£225Th.,in,Winter,0.225,1 Bundesliga,1994,1994/1995
SG Dynamo Dresden,Herbert Waas,31,Centre-Forward,FC Zürich,£144Th.,in,Winter,0.144,1 Bundesliga,1994,1994/1995
SG Dynamo Dresden,Marco Dittgen,20,Centre-Forward,1.FC K'lautern,Free transfer,in,Winter,0,1 Bundesliga,1994,1994/1995
SG Dynamo Dresden,Henrik Risom,26,Right-Back,Odense BK,?,out,Winter,NA,1 Bundesliga,1994,1994/1995
