club_name,player_name,age,position,club_involved_name,fee,transfer_movement,transfer_period,fee_cleaned,league_name,year,season
Bayern Munich,Leon Goretzka,23,Central Midfield,FC Schalke 04,Free transfer,in,Summer,0,1 Bundesliga,2018,2018/2019
Bayern Munich,Ron-Thorben Hoffmann,19,Goalkeeper,FC Bayern U19,-,in,Summer,0,1 Bundesliga,2018,2018/2019
Bayern Munich,Douglas Costa,27,Right Winger,Juventus,"End of loanJun 30, 2018",in,Summer,0,1 Bundesliga,2018,2018/2019
Bayern Munich,Serge Gnabry,22,Right Winger,TSG Hoffenheim,"End of loanJun 30, 2018",in,Summer,0,1 Bundesliga,2018,2018/2019
Bayern Munich,Renato Sanches,20,Central Midfield,Swansea,"End of loanJun 30, 2018",in,Summer,0,1 Bundesliga,2018,2018/2019
Bayern Munich,Douglas Costa,27,Right Winger,Juventus,£36.00m,out,Summer,36,1 Bundesliga,2018,2018/2019
Bayern Munich,Arturo Vidal,31,Central Midfield,FC Barcelona,£16.20m,out,Summer,16.2,1 Bundesliga,2018,2018/2019
Bayern Munich,Sebastian Rudy,28,Defensive Midfield,FC Schalke 04,£14.40m,out,Summer,14.4,1 Bundesliga,2018,2018/2019
Bayern Munich,Juan Bernat,25,Left-Back,Paris SG,£4.50m,out,Summer,4.5,1 Bundesliga,2018,2018/2019
Bayern Munich,Niklas Dorsch,20,Defensive Midfield,1.FC Heidenheim,Free transfer,out,Summer,0,1 Bundesliga,2018,2018/2019
Bayern Munich,Fabian Benko,20,Attacking Midfield,LASK,Free transfer,out,Summer,0,1 Bundesliga,2018,2018/2019
Bayern Munich,Felix Götze,20,Defensive Midfield,FC Augsburg,Free transfer,out,Summer,0,1 Bundesliga,2018,2018/2019
Bayern Munich,Tom Starke,37,Goalkeeper,Retired,-,out,Summer,0,1 Bundesliga,2018,2018/2019
FC Schalke 04,Sebastian Rudy,28,Defensive Midfield,Bayern Munich,£14.40m,in,Summer,14.4,1 Bundesliga,2018,2018/2019
FC Schalke 04,Suat Serdar,21,Central Midfield,1.FSV Mainz 05,£9.90m,in,Summer,9.9,1 Bundesliga,2018,2018/2019
FC Schalke 04,Omar Mascarell,25,Defensive Midfield,Real Madrid,£9.00m,in,Summer,9,1 Bundesliga,2018,2018/2019
FC Schalke 04,Salif Sané,27,Centre-Back,Hannover 96,£6.30m,in,Summer,6.3,1 Bundesliga,2018,2018/2019
FC Schalke 04,Hamza Mendyl,20,Left-Back,LOSC Lille,£5.40m,in,Summer,5.4,1 Bundesliga,2018,2018/2019
FC Schalke 04,Steven Skrzybski,25,Right Winger,Union Berlin,£2.88m,in,Summer,2.88,1 Bundesliga,2018,2018/2019
FC Schalke 04,Mark Uth,26,Second Striker,TSG Hoffenheim,Free transfer,in,Summer,0,1 Bundesliga,2018,2018/2019
FC Schalke 04,Nassim Boujellab,19,Central Midfield,Schalke 04 II,-,in,Summer,0,1 Bundesliga,2018,2018/2019
FC Schalke 04,Benjamin Goller,19,Right Winger,Schalke 04 U19,-,in,Summer,0,1 Bundesliga,2018,2018/2019
FC Schalke 04,Haji Wright,20,Centre-Forward,SV Sandhausen,"End of loanJun 30, 2018",in,Summer,0,1 Bundesliga,2018,2018/2019
FC Schalke 04,Luke Hemmerich,20,Right-Back,VfL Bochum,"End of loanJun 30, 2018",in,Summer,0,1 Bundesliga,2018,2018/2019
FC Schalke 04,Benedikt Höwedes,30,Centre-Back,Juventus,"End of loanJun 30, 2018",in,Summer,0,1 Bundesliga,2018,2018/2019
FC Schalke 04,Johannes Geis,24,Defensive Midfield,Sevilla FC,"End of loanJun 30, 2018",in,Summer,0,1 Bundesliga,2018,2018/2019
FC Schalke 04,Coke,31,Right-Back,Levante,"End of loanJun 30, 2018",in,Summer,0,1 Bundesliga,2018,2018/2019
FC Schalke 04,Donis Avdijaj,21,Left Winger,Roda JC,"End of loanJun 30, 2018",in,Summer,0,1 Bundesliga,2018,2018/2019
FC Schalke 04,Thilo Kehrer,21,Right-Back,Paris SG,£33.30m,out,Summer,33.3,1 Bundesliga,2018,2018/2019
FC Schalke 04,Benedikt Höwedes,30,Centre-Back,Loko Moscow,£4.50m,out,Summer,4.5,1 Bundesliga,2018,2018/2019
FC Schalke 04,Coke,31,Right-Back,Levante,£1.35m,out,Summer,1.35,1 Bundesliga,2018,2018/2019
FC Schalke 04,Bernard Tekpetey,20,Right Winger,SC Paderborn,£135Th.,out,Summer,0.135,1 Bundesliga,2018,2018/2019
FC Schalke 04,Leon Goretzka,23,Central Midfield,Bayern Munich,Free transfer,out,Summer,0,1 Bundesliga,2018,2018/2019
FC Schalke 04,Luke Hemmerich,20,Right-Back,Erzgebirge Aue,Free transfer,out,Summer,0,1 Bundesliga,2018,2018/2019
FC Schalke 04,Donis Avdijaj,21,Left Winger,Willem II,Free transfer,out,Summer,0,1 Bundesliga,2018,2018/2019
FC Schalke 04,Max Meyer,22,Attacking Midfield,Crystal Palace,Free transfer,out,Summer,0,1 Bundesliga,2018,2018/2019
FC Schalke 04,Pablo Insua,24,Centre-Back,SD Huesca,Loan,out,Summer,0,1 Bundesliga,2018,2018/2019
FC Schalke 04,Haji Wright,20,Centre-Forward,Schalke 04 II,-,out,Summer,0,1 Bundesliga,2018,2018/2019
FC Schalke 04,Marko Pjaca,23,Left Winger,Juventus,"End of loanJun 30, 2018",out,Summer,0,1 Bundesliga,2018,2018/2019
TSG 1899 Hoffenheim,Kasim Adams,23,Centre-Back,BSC Young Boys,£7.20m,in,Summer,7.2,1 Bundesliga,2018,2018/2019
TSG 1899 Hoffenheim,Leonardo Bittencourt,24,Attacking Midfield,1. FC Köln,£5.40m,in,Summer,5.4,1 Bundesliga,2018,2018/2019
TSG 1899 Hoffenheim,Ishak Belfodil,26,Centre-Forward,Standard Liège,£4.95m,in,Summer,4.95,1 Bundesliga,2018,2018/2019
TSG 1899 Hoffenheim,Vincenzo Grifo,25,Left Winger,Bor. M'gladbach,£4.95m,in,Summer,4.95,1 Bundesliga,2018,2018/2019
TSG 1899 Hoffenheim,Joshua Brenet,24,Right-Back,PSV Eindhoven,£3.15m,in,Summer,3.15,1 Bundesliga,2018,2018/2019
TSG 1899 Hoffenheim,Reiss Nelson,18,Right Winger,Arsenal U23,Loan fee:£450Th.,in,Summer,0.45,1 Bundesliga,2018,2018/2019
TSG 1899 Hoffenheim,Marvin Schwäbe,23,Goalkeeper,Dynamo Dresden,"End of loanJun 30, 2018",in,Summer,0,1 Bundesliga,2018,2018/2019
TSG 1899 Hoffenheim,Joelinton,21,Centre-Forward,Rapid Vienna,"End of loanJun 30, 2018",in,Summer,0,1 Bundesliga,2018,2018/2019
TSG 1899 Hoffenheim,Felipe Pires,23,Left Winger,Austria Vienna,"End of loanJun 30, 2018",in,Summer,0,1 Bundesliga,2018,2018/2019
TSG 1899 Hoffenheim,Bruno Nazário,23,Left Winger,Guarani,"End of loanJun 30, 2018",in,Summer,0,1 Bundesliga,2018,2018/2019
TSG 1899 Hoffenheim,Benedikt Gimber,21,Defensive Midfield,Jahn Regensburg,"End of loanJun 30, 2018",in,Summer,0,1 Bundesliga,2018,2018/2019
TSG 1899 Hoffenheim,Joshua Mees,22,Left Winger,Jahn Regensburg,"End of loanJun 30, 2018",in,Summer,0,1 Bundesliga,2018,2018/2019
TSG 1899 Hoffenheim,Philipp Ochs,21,Left Winger,VfL Bochum,"End of loanJun 30, 2018",in,Summer,0,1 Bundesliga,2018,2018/2019
TSG 1899 Hoffenheim,Baris Atik,23,Attacking Midfield,SV Darmstadt 98,"End of loanJun 30, 2018",in,Summer,0,1 Bundesliga,2018,2018/2019
TSG 1899 Hoffenheim,Benedikt Gimber,21,Defensive Midfield,FC Ingolstadt,£900Th.,out,Summer,0.9,1 Bundesliga,2018,2018/2019
TSG 1899 Hoffenheim,Marvin Schwäbe,23,Goalkeeper,Bröndby IF,£630Th.,out,Summer,0.63,1 Bundesliga,2018,2018/2019
TSG 1899 Hoffenheim,Baris Atik,23,Attacking Midfield,Dynamo Dresden,£540Th.,out,Summer,0.54,1 Bundesliga,2018,2018/2019
TSG 1899 Hoffenheim,Joshua Mees,22,Left Winger,Union Berlin,£450Th.,out,Summer,0.45,1 Bundesliga,2018,2018/2019
TSG 1899 Hoffenheim,Robert Zulj,26,Attacking Midfield,Union Berlin,Loan fee:£180Th.,out,Summer,0.18,1 Bundesliga,2018,2018/2019
TSG 1899 Hoffenheim,Bruno Nazário,23,Left Winger,Athletico-PR,Loan fee:£90Th.,out,Summer,0.09,1 Bundesliga,2018,2018/2019
TSG 1899 Hoffenheim,Mark Uth,26,Second Striker,FC Schalke 04,Free transfer,out,Summer,0,1 Bundesliga,2018,2018/2019
TSG 1899 Hoffenheim,Philipp Ochs,21,Left Winger,Aalborg BK,Loan,out,Summer,0,1 Bundesliga,2018,2018/2019
TSG 1899 Hoffenheim,Eugen Polanski,32,Defensive Midfield,Retired,-,out,Summer,0,1 Bundesliga,2018,2018/2019
TSG 1899 Hoffenheim,Serge Gnabry,22,Right Winger,Bayern Munich,"End of loanJun 30, 2018",out,Summer,0,1 Bundesliga,2018,2018/2019
TSG 1899 Hoffenheim,Felix Passlack,20,Right-Back,Bor. Dortmund,"End of loanJun 30, 2018",out,Summer,0,1 Bundesliga,2018,2018/2019
Borussia Dortmund,Abdou Diallo,22,Centre-Back,1.FSV Mainz 05,£25.20m,in,Summer,25.2,1 Bundesliga,2018,2018/2019
Borussia Dortmund,Thomas Delaney,26,Central Midfield,Werder Bremen,£18.00m,in,Summer,18,1 Bundesliga,2018,2018/2019
Borussia Dortmund,Axel Witsel,29,Defensive Midfield,TJ Tianhai,£18.00m,in,Summer,18,1 Bundesliga,2018,2018/2019
Borussia Dortmund,Marius Wolf,23,Right Winger,E. Frankfurt,£4.50m,in,Summer,4.5,1 Bundesliga,2018,2018/2019
Borussia Dortmund,Paco Alcácer,24,Centre-Forward,FC Barcelona,Loan fee:£1.80m,in,Summer,1.8,1 Bundesliga,2018,2018/2019
Borussia Dortmund,Marwin Hitz,30,Goalkeeper,FC Augsburg,Free transfer,in,Summer,0,1 Bundesliga,2018,2018/2019
Borussia Dortmund,Eric Oelschlägel,22,Goalkeeper,W. Bremen II,Free transfer,in,Summer,0,1 Bundesliga,2018,2018/2019
Borussia Dortmund,Achraf Hakimi,19,Right Midfield,Real Madrid,Loan,in,Summer,0,1 Bundesliga,2018,2018/2019
Borussia Dortmund,Dzenis Burnic,20,Defensive Midfield,VfB Stuttgart,"End of loanJun 30, 2018",in,Summer,0,1 Bundesliga,2018,2018/2019
Borussia Dortmund,Mikel Merino,22,Central Midfield,Newcastle,"End of loanJun 30, 2018",in,Summer,0,1 Bundesliga,2018,2018/2019
Borussia Dortmund,Felix Passlack,20,Right-Back,TSG Hoffenheim,"End of loanJun 30, 2018",in,Summer,0,1 Bundesliga,2018,2018/2019
Borussia Dortmund,Jacob Bruun Larsen,19,Left Winger,VfB Stuttgart,"End of loanJun 30, 2018",in,Summer,0,1 Bundesliga,2018,2018/2019
Borussia Dortmund,Andriy Yarmolenko,28,Right Winger,West Ham,£18.00m,out,Summer,18,1 Bundesliga,2018,2018/2019
Borussia Dortmund,Sokratis,30,Centre-Back,Arsenal,£14.40m,out,Summer,14.4,1 Bundesliga,2018,2018/2019
Borussia Dortmund,Mikel Merino,22,Central Midfield,Newcastle,£6.30m,out,Summer,6.3,1 Bundesliga,2018,2018/2019
Borussia Dortmund,Gonzalo Castro,31,Central Midfield,VfB Stuttgart,£4.50m,out,Summer,4.5,1 Bundesliga,2018,2018/2019
Borussia Dortmund,Nuri Sahin,29,Defensive Midfield,Werder Bremen,£900Th.,out,Summer,0.9,1 Bundesliga,2018,2018/2019
Borussia Dortmund,Felix Passlack,20,Right-Back,Norwich,Loan fee:£450Th.,out,Summer,0.45,1 Bundesliga,2018,2018/2019
Borussia Dortmund,André Schürrle,27,Left Winger,Fulham,Loan fee:£360Th.,out,Summer,0.36,1 Bundesliga,2018,2018/2019
Borussia Dortmund,Dominik Reimann,21,Goalkeeper,Holstein Kiel,Free transfer,out,Summer,0,1 Bundesliga,2018,2018/2019
Borussia Dortmund,Erik Durm,26,Left-Back,Huddersfield,Free transfer,out,Summer,0,1 Bundesliga,2018,2018/2019
Borussia Dortmund,Roman Weidenfeller,37,Goalkeeper,Retired,-,out,Summer,0,1 Bundesliga,2018,2018/2019
Borussia Dortmund,Michy Batshuayi,24,Centre-Forward,Chelsea,"End of loanJun 30, 2018",out,Summer,0,1 Bundesliga,2018,2018/2019
Bayer 04 Leverkusen,Paulinho,18,Left Winger,Vasco da Gama,£16.65m,in,Summer,16.65,1 Bundesliga,2018,2018/2019
Bayer 04 Leverkusen,Mitchell Weiser,24,Right-Back,Hertha BSC,£10.80m,in,Summer,10.8,1 Bundesliga,2018,2018/2019
Bayer 04 Leverkusen,Isaac Kiese Thelin,26,Centre-Forward,RSC Anderlecht,Loan fee:£900Th.,in,Summer,0.9,1 Bundesliga,2018,2018/2019
Bayer 04 Leverkusen,Lukas Hradecky,28,Goalkeeper,E. Frankfurt,Free transfer,in,Summer,0,1 Bundesliga,2018,2018/2019
Bayer 04 Leverkusen,Thorsten Kirschbaum,31,Goalkeeper,1.FC Nuremberg,Free transfer,in,Summer,0,1 Bundesliga,2018,2018/2019
Bayer 04 Leverkusen,Sam Schreck,19,Attacking Midfield,Leverkusen U19,-,in,Summer,0,1 Bundesliga,2018,2018/2019
Bayer 04 Leverkusen,Jakub Bednarczyk,19,Right Winger,Leverkusen U19,-,in,Summer,0,1 Bundesliga,2018,2018/2019
Bayer 04 Leverkusen,Tomasz Kucz,18,Goalkeeper,Leverkusen U19,-,in,Summer,0,1 Bundesliga,2018,2018/2019
Bayer 04 Leverkusen,Aleksandar Dragovic,27,Centre-Back,Leicester,"End of loanJun 30, 2018",in,Summer,0,1 Bundesliga,2018,2018/2019
Bayer 04 Leverkusen,Bernd Leno,26,Goalkeeper,Arsenal,£22.50m,out,Summer,22.5,1 Bundesliga,2018,2018/2019
Bayer 04 Leverkusen,Benjamin Henrichs,21,Right-Back,Monaco,£18.00m,out,Summer,18,1 Bundesliga,2018,2018/2019
Bayer 04 Leverkusen,Niklas Lomb,24,Goalkeeper,SV Sandhausen,Loan,out,Summer,0,1 Bundesliga,2018,2018/2019
Bayer 04 Leverkusen,Marlon Frey,22,Defensive Midfield,PSV U21,Free transfer,out,Summer,0,1 Bundesliga,2018,2018/2019
Bayer 04 Leverkusen,Stefan Kießling,34,Centre-Forward,Career break,-,out,Summer,0,1 Bundesliga,2018,2018/2019
Bayer 04 Leverkusen,Vladlen Yurchenko,24,Attacking Midfield,Without Club,-,out,Summer,0,1 Bundesliga,2018,2018/2019
RB Leipzig,Nordi Mukiele,20,Right-Back,Montpellier,£14.40m,in,Summer,14.4,1 Bundesliga,2018,2018/2019
RB Leipzig,Matheus Cunha,19,Centre-Forward,FC Sion,£13.50m,in,Summer,13.5,1 Bundesliga,2018,2018/2019
RB Leipzig,Marcelo Saracchi,20,Left-Back,River Plate,£10.80m,in,Summer,10.8,1 Bundesliga,2018,2018/2019
RB Leipzig,Elias Abouchabaka,18,Attacking Midfield,RB Leipzig U19,-,in,Summer,0,1 Bundesliga,2018,2018/2019
RB Leipzig,Julian Krahl,18,Goalkeeper,RB Leipzig U19,-,in,Summer,0,1 Bundesliga,2018,2018/2019
RB Leipzig,Emre Aslan,18,Left Winger,RB Leipzig U19,-,in,Summer,0,1 Bundesliga,2018,2018/2019
RB Leipzig,Massimo Bruno,24,Right Winger,RSC Anderlecht,"End of loanJun 30, 2018",in,Summer,0,1 Bundesliga,2018,2018/2019
RB Leipzig,Vitaly Janelt,20,Defensive Midfield,VfL Bochum,"End of loanJun 30, 2018",in,Summer,0,1 Bundesliga,2018,2018/2019
RB Leipzig,Omer Damari,29,Centre-Forward,Maccabi Haifa,"End of loanJun 30, 2018",in,Summer,0,1 Bundesliga,2018,2018/2019
RB Leipzig,Agyemang Diawusie,20,Right Winger,Wehen Wiesbaden,"End of loanJun 30, 2018",in,Summer,0,1 Bundesliga,2018,2018/2019
RB Leipzig,Atinc Nukan,24,Centre-Back,Besiktas,"End of loanJun 30, 2018",in,Summer,0,1 Bundesliga,2018,2018/2019
RB Leipzig,Marius Müller,24,Goalkeeper,1.FC K'lautern,"End of loanJun 30, 2018",in,Summer,0,1 Bundesliga,2018,2018/2019
RB Leipzig,Anthony Jung,26,Centre-Back,Bröndby IF,"End of loanJun 30, 2018",in,Summer,0,1 Bundesliga,2018,2018/2019
RB Leipzig,Zsolt Kalmár,23,Attacking Midfield,Dunajska Streda,"End of loanJun 30, 2018",in,Summer,0,1 Bundesliga,2018,2018/2019
RB Leipzig,Felix Beiersdorf,19,Central Midfield,Chemie Leipzig,"End of loanJun 30, 2018",in,Summer,0,1 Bundesliga,2018,2018/2019
RB Leipzig,Naby Keïta,23,Central Midfield,Liverpool,£54.00m,out,Summer,54,1 Bundesliga,2018,2018/2019
RB Leipzig,Bernardo,23,Left-Back,Brighton,£9.00m,out,Summer,9,1 Bundesliga,2018,2018/2019
RB Leipzig,Philipp Köhn,20,Goalkeeper,RB Salzburg,£810Th.,out,Summer,0.81,1 Bundesliga,2018,2018/2019
RB Leipzig,Anthony Jung,26,Centre-Back,Bröndby IF,£720Th.,out,Summer,0.72,1 Bundesliga,2018,2018/2019
RB Leipzig,Agyemang Diawusie,20,Right Winger,FC Ingolstadt,£450Th.,out,Summer,0.45,1 Bundesliga,2018,2018/2019
RB Leipzig,Zsolt Kalmár,23,Attacking Midfield,Dunajska Streda,£180Th.,out,Summer,0.18,1 Bundesliga,2018,2018/2019
RB Leipzig,Benno Schmitz,23,Right-Back,1. FC Köln,£180Th.,out,Summer,0.18,1 Bundesliga,2018,2018/2019
RB Leipzig,Vitaly Janelt,20,Defensive Midfield,VfL Bochum,£135Th.,out,Summer,0.135,1 Bundesliga,2018,2018/2019
RB Leipzig,Dominik Kaiser,29,Central Midfield,Bröndby IF,Free transfer,out,Summer,0,1 Bundesliga,2018,2018/2019
RB Leipzig,Felix Beiersdorf,19,Central Midfield,ZFC Meuselwitz,Loan,out,Summer,0,1 Bundesliga,2018,2018/2019
RB Leipzig,Elias Abouchabaka,18,Attacking Midfield,Greuther Fürth,Loan,out,Summer,0,1 Bundesliga,2018,2018/2019
RB Leipzig,Omer Damari,29,Centre-Forward,Hapoel Tel Aviv,Free transfer,out,Summer,0,1 Bundesliga,2018,2018/2019
RB Leipzig,Massimo Bruno,24,Right Winger,RSC Charleroi,?,out,Summer,NA,1 Bundesliga,2018,2018/2019
RB Leipzig,Fabio Coltorti,37,Goalkeeper,Retired,-,out,Summer,0,1 Bundesliga,2018,2018/2019
RB Leipzig,Ademola Lookman,20,Left Winger,Everton,"End of loanJun 30, 2018",out,Summer,0,1 Bundesliga,2018,2018/2019
VfB Stuttgart,Pablo Maffeo,20,Right-Back,Man City,£8.10m,in,Summer,8.1,1 Bundesliga,2018,2018/2019
VfB Stuttgart,Nicolás González,20,Left Winger,Argentinos Jrs.,£7.65m,in,Summer,7.65,1 Bundesliga,2018,2018/2019
VfB Stuttgart,Borna Sosa,20,Left-Back,Dinamo Zagreb,£5.40m,in,Summer,5.4,1 Bundesliga,2018,2018/2019
VfB Stuttgart,Gonzalo Castro,31,Central Midfield,Bor. Dortmund,£4.50m,in,Summer,4.5,1 Bundesliga,2018,2018/2019
VfB Stuttgart,Daniel Didavi,28,Attacking Midfield,VfL Wolfsburg,£3.60m,in,Summer,3.6,1 Bundesliga,2018,2018/2019
VfB Stuttgart,Roberto Massimo,17,Right Winger,Bielefeld U19,£2.25m,in,Summer,2.25,1 Bundesliga,2018,2018/2019
VfB Stuttgart,Marc Oliver Kempf,23,Centre-Back,SC Freiburg,Free transfer,in,Summer,0,1 Bundesliga,2018,2018/2019
VfB Stuttgart,David Kopacz,19,Attacking Midfield,B. Dortmund U19,Free transfer,in,Summer,0,1 Bundesliga,2018,2018/2019
VfB Stuttgart,Jan Kliment,24,Centre-Forward,Bröndby IF,"End of loanJun 30, 2018",in,Summer,0,1 Bundesliga,2018,2018/2019
VfB Stuttgart,Jean Zimmer,24,Right-Back,F. Düsseldorf,"End of loanJun 30, 2018",in,Summer,0,1 Bundesliga,2018,2018/2019
VfB Stuttgart,Tobias Werner,32,Left Winger,1.FC Nuremberg,"End of loanJun 30, 2018",in,Summer,0,1 Bundesliga,2018,2018/2019
VfB Stuttgart,Julian Green,23,Attacking Midfield,Greuther Fürth,"End of loanJun 30, 2018",in,Summer,0,1 Bundesliga,2018,2018/2019
VfB Stuttgart,Jérôme Onguéné,20,Centre-Back,RB Salzburg,"End of loanJun 30, 2018",in,Summer,0,1 Bundesliga,2018,2018/2019
VfB Stuttgart,Nunoo Sarpei,19,Defensive Midfield,FK Senica,"End of loanJun 30, 2018",in,Summer,0,1 Bundesliga,2018,2018/2019
VfB Stuttgart,Aílton,23,Left-Back,Estoril,"End of loanJun 30, 2018",in,Summer,0,1 Bundesliga,2018,2018/2019
VfB Stuttgart,Daniel Ginczek,27,Centre-Forward,VfL Wolfsburg,£12.60m,out,Summer,12.6,1 Bundesliga,2018,2018/2019
VfB Stuttgart,Jérôme Onguéné,20,Centre-Back,RB Salzburg,£1.80m,out,Summer,1.8,1 Bundesliga,2018,2018/2019
VfB Stuttgart,Jean Zimmer,24,Right-Back,F. Düsseldorf,£810Th.,out,Summer,0.81,1 Bundesliga,2018,2018/2019
VfB Stuttgart,Julian Green,23,Attacking Midfield,Greuther Fürth,£180Th.,out,Summer,0.18,1 Bundesliga,2018,2018/2019
VfB Stuttgart,Aílton,23,Left-Back,Braga,Loan fee:£90Th.,out,Summer,0.09,1 Bundesliga,2018,2018/2019
VfB Stuttgart,Roberto Massimo,17,Right Winger,Arm. Bielefeld,Loan,out,Summer,0,1 Bundesliga,2018,2018/2019
VfB Stuttgart,Matthias Zimmermann,26,Right-Back,F. Düsseldorf,Free transfer,out,Summer,0,1 Bundesliga,2018,2018/2019
VfB Stuttgart,Orel Mangala,20,Central Midfield,Hamburger SV,Loan,out,Summer,0,1 Bundesliga,2018,2018/2019
VfB Stuttgart,Marcin Kaminski,26,Centre-Back,F. Düsseldorf,Loan,out,Summer,0,1 Bundesliga,2018,2018/2019
VfB Stuttgart,Tobias Werner,32,Left Winger,Stuttgart II,-,out,Summer,0,1 Bundesliga,2018,2018/2019
VfB Stuttgart,Jan Kliment,24,Centre-Forward,Stuttgart II,-,out,Summer,0,1 Bundesliga,2018,2018/2019
VfB Stuttgart,Takuma Asano,23,Left Winger,Arsenal,"End of loanJun 30, 2018",out,Summer,0,1 Bundesliga,2018,2018/2019
VfB Stuttgart,Carlos Mané,24,Right Winger,Sporting CP,"End of loanJun 30, 2018",out,Summer,0,1 Bundesliga,2018,2018/2019
VfB Stuttgart,Dzenis Burnic,20,Defensive Midfield,Bor. Dortmund,"End of loanJun 30, 2018",out,Summer,0,1 Bundesliga,2018,2018/2019
VfB Stuttgart,Jacob Bruun Larsen,19,Left Winger,Bor. Dortmund,"End of loanJun 30, 2018",out,Summer,0,1 Bundesliga,2018,2018/2019
Eintracht Frankfurt,Evan N'Dicka,18,Centre-Back,AJ Auxerre,£4.95m,in,Summer,4.95,1 Bundesliga,2018,2018/2019
Eintracht Frankfurt,Carlos Salcedo,24,Centre-Back,Chivas,£4.50m,in,Summer,4.5,1 Bundesliga,2018,2018/2019
Eintracht Frankfurt,Lucas Torró,23,Defensive Midfield,Real Madrid,£3.15m,in,Summer,3.15,1 Bundesliga,2018,2018/2019
Eintracht Frankfurt,Gonçalo Paciência,23,Centre-Forward,FC Porto,£2.70m,in,Summer,2.7,1 Bundesliga,2018,2018/2019
Eintracht Frankfurt,Frederik Rönnow,25,Goalkeeper,Bröndby IF,£2.52m,in,Summer,2.52,1 Bundesliga,2018,2018/2019
Eintracht Frankfurt,Ante Rebic,24,Left Winger,Fiorentina,£1.80m,in,Summer,1.8,1 Bundesliga,2018,2018/2019
Eintracht Frankfurt,Filip Kostic,25,Left Midfield,Hamburger SV,Loan fee:£540Th.,in,Summer,0.54,1 Bundesliga,2018,2018/2019
Eintracht Frankfurt,Marius Wolf,23,Right Winger,Hannover 96,£450Th.,in,Summer,0.45,1 Bundesliga,2018,2018/2019
Eintracht Frankfurt,Chico Geraldes,23,Attacking Midfield,Sporting CP,Loan fee:£180Th.,in,Summer,0.18,1 Bundesliga,2018,2018/2019
Eintracht Frankfurt,Felix Wiedwald,28,Goalkeeper,Leeds,Free transfer,in,Summer,0,1 Bundesliga,2018,2018/2019
Eintracht Frankfurt,Allan,21,Central Midfield,Liverpool U23,Loan,in,Summer,0,1 Bundesliga,2018,2018/2019
Eintracht Frankfurt,Nicolai Müller,30,Right Winger,Hamburger SV,Free transfer,in,Summer,0,1 Bundesliga,2018,2018/2019
Eintracht Frankfurt,Kevin Trapp,28,Goalkeeper,Paris SG,Loan,in,Summer,0,1 Bundesliga,2018,2018/2019
Eintracht Frankfurt,Tobias Stirl,18,Goalkeeper,Frankfurt U19,-,in,Summer,0,1 Bundesliga,2018,2018/2019
Eintracht Frankfurt,Patrice Kabuya,18,Right Winger,Frankfurt U19,-,in,Summer,0,1 Bundesliga,2018,2018/2019
Eintracht Frankfurt,Mischa Häuser,18,Right Midfield,Frankfurt U19,-,in,Summer,0,1 Bundesliga,2018,2018/2019
Eintracht Frankfurt,Sahverdi Cetin,18,Defensive Midfield,Frankfurt U19,-,in,Summer,0,1 Bundesliga,2018,2018/2019
Eintracht Frankfurt,Max Besuschkow,21,Central Midfield,Holstein Kiel,"End of loanJun 30, 2018",in,Summer,0,1 Bundesliga,2018,2018/2019
Eintracht Frankfurt,Marius Wolf,23,Right Winger,Bor. Dortmund,£4.50m,out,Summer,4.5,1 Bundesliga,2018,2018/2019
Eintracht Frankfurt,Omar Mascarell,25,Defensive Midfield,Real Madrid,£3.60m,out,Summer,3.6,1 Bundesliga,2018,2018/2019
Eintracht Frankfurt,Aymen Barkok,20,Attacking Midfield,F. Düsseldorf,Loan fee:£720Th.,out,Summer,0.72,1 Bundesliga,2018,2018/2019
Eintracht Frankfurt,Danny Blum,27,Left Winger,UD Las Palmas,Loan fee:£90Th.,out,Summer,0.09,1 Bundesliga,2018,2018/2019
Eintracht Frankfurt,Lukas Hradecky,28,Goalkeeper,Bay. Leverkusen,Free transfer,out,Summer,0,1 Bundesliga,2018,2018/2019
Eintracht Frankfurt,Renat Dadashov,19,Centre-Forward,Estoril,Free transfer,out,Summer,0,1 Bundesliga,2018,2018/2019
Eintracht Frankfurt,Leon Bätge,20,Goalkeeper,Würzb. Kickers,Free transfer,out,Summer,0,1 Bundesliga,2018,2018/2019
Eintracht Frankfurt,Kevin-Prince Boateng,31,Attacking Midfield,Sassuolo,Free transfer,out,Summer,0,1 Bundesliga,2018,2018/2019
Eintracht Frankfurt,Max Besuschkow,21,Central Midfield,Saint Gilloise,Loan,out,Summer,0,1 Bundesliga,2018,2018/2019
Eintracht Frankfurt,Marijan Cavar,20,Central Midfield,NK Osijek,Loan,out,Summer,0,1 Bundesliga,2018,2018/2019
Eintracht Frankfurt,Daichi Kamada,22,Attacking Midfield,Sint-Truiden,Loan,out,Summer,0,1 Bundesliga,2018,2018/2019
Eintracht Frankfurt,Alexander Meier,35,Second Striker,Without Club,-,out,Summer,0,1 Bundesliga,2018,2018/2019
Eintracht Frankfurt,Marius Wolf,23,Right Winger,Hannover 96,"End of loanJun 30, 2018",out,Summer,0,1 Bundesliga,2018,2018/2019
Eintracht Frankfurt,Carlos Salcedo,24,Centre-Back,Chivas,"End of loanJun 30, 2018",out,Summer,0,1 Bundesliga,2018,2018/2019
Eintracht Frankfurt,Ante Rebic,24,Left Winger,Fiorentina,"End of loanJun 30, 2018",out,Summer,0,1 Bundesliga,2018,2018/2019
Borussia Mönchengladbach,Alassane Plea,25,Centre-Forward,OGC Nice,£20.70m,in,Summer,20.7,1 Bundesliga,2018,2018/2019
Borussia Mönchengladbach,Andreas Poulsen,18,Left-Back,FC Midtjylland,£4.05m,in,Summer,4.05,1 Bundesliga,2018,2018/2019
Borussia Mönchengladbach,Michael Lang,27,Right-Back,FC Basel,£2.52m,in,Summer,2.52,1 Bundesliga,2018,2018/2019
Borussia Mönchengladbach,Keanan Bennetts,19,Left Winger,Tottenham U23,£2.03m,in,Summer,2.03,1 Bundesliga,2018,2018/2019
Borussia Mönchengladbach,Torben Müsel,18,Attacking Midfield,1.FC K'lautern,Free transfer,in,Summer,0,1 Bundesliga,2018,2018/2019
Borussia Mönchengladbach,Florian Mayer,20,Centre-Back,M'gladbach II,-,in,Summer,0,1 Bundesliga,2018,2018/2019
Borussia Mönchengladbach,Jordan Beyer,18,Right-Back,M'gladbach U19,-,in,Summer,0,1 Bundesliga,2018,2018/2019
Borussia Mönchengladbach,Florian Neuhaus,21,Central Midfield,F. Düsseldorf,"End of loanJun 30, 2018",in,Summer,0,1 Bundesliga,2018,2018/2019
Borussia Mönchengladbach,Janis Blaswich,27,Goalkeeper,Hansa Rostock,"End of loanJun 30, 2018",in,Summer,0,1 Bundesliga,2018,2018/2019
Borussia Mönchengladbach,Tsiy William Ndenge,21,Central Midfield,Roda JC,"End of loanJun 30, 2018",in,Summer,0,1 Bundesliga,2018,2018/2019
Borussia Mönchengladbach,Kwame Yeboah,24,Left Winger,SC Paderborn,"End of loanJun 30, 2018",in,Summer,0,1 Bundesliga,2018,2018/2019
Borussia Mönchengladbach,Jannik Vestergaard,25,Centre-Back,Southampton,£22.50m,out,Summer,22.5,1 Bundesliga,2018,2018/2019
Borussia Mönchengladbach,Vincenzo Grifo,25,Left Winger,TSG Hoffenheim,£4.95m,out,Summer,4.95,1 Bundesliga,2018,2018/2019
Borussia Mönchengladbach,Raúl Bobadilla,31,Centre-Forward,Argentinos Jrs.,£1.62m,out,Summer,1.62,1 Bundesliga,2018,2018/2019
Borussia Mönchengladbach,Tsiy William Ndenge,21,Central Midfield,FC Luzern,£585Th.,out,Summer,0.585,1 Bundesliga,2018,2018/2019
Borussia Mönchengladbach,Janis Blaswich,27,Goalkeeper,Heracles Almelo,Free transfer,out,Summer,0,1 Bundesliga,2018,2018/2019
Borussia Mönchengladbach,Kwame Yeboah,24,Left Winger,SC Fortuna Köln,Free transfer,out,Summer,0,1 Bundesliga,2018,2018/2019
Borussia Mönchengladbach,Ba-Muaka Simakala,21,Second Striker,Roda JC,Free transfer,out,Summer,0,1 Bundesliga,2018,2018/2019
Borussia Mönchengladbach,Christofer Heimeroth,36,Goalkeeper,Retired,-,out,Summer,0,1 Bundesliga,2018,2018/2019
Borussia Mönchengladbach,Reece Oxford,19,Centre-Back,West Ham,"End of loanJun 30, 2018",out,Summer,0,1 Bundesliga,2018,2018/2019
Hertha BSC,Valentino Lazaro,22,Right Midfield,RB Salzburg,£9.45m,in,Summer,9.45,1 Bundesliga,2018,2018/2019
Hertha BSC,Pascal Köpke,22,Centre-Forward,Erzgebirge Aue,£1.80m,in,Summer,1.8,1 Bundesliga,2018,2018/2019
Hertha BSC,Lukas Klünter,22,Right-Back,1. FC Köln,£1.80m,in,Summer,1.8,1 Bundesliga,2018,2018/2019
Hertha BSC,Marko Grujic,22,Central Midfield,Liverpool,Loan fee:£900Th.,in,Summer,0.9,1 Bundesliga,2018,2018/2019
Hertha BSC,Derrick Luckassen,23,Centre-Back,PSV Eindhoven,Loan fee:£450Th.,in,Summer,0.45,1 Bundesliga,2018,2018/2019
Hertha BSC,Javairô Dilrosun,20,Left Winger,Man City U23,Free transfer,in,Summer,0,1 Bundesliga,2018,2018/2019
Hertha BSC,Maximilian Pronichev,20,Centre-Forward,Hertha BSC II,-,in,Summer,0,1 Bundesliga,2018,2018/2019
Hertha BSC,Muhammed Kiprit,18,Centre-Forward,Hertha BSC U19,-,in,Summer,0,1 Bundesliga,2018,2018/2019
Hertha BSC,Maurice Covic,20,Left Winger,Hertha BSC II,-,in,Summer,0,1 Bundesliga,2018,2018/2019
Hertha BSC,Dennis Jastrzembski,18,Left Winger,Hertha BSC U19,-,in,Summer,0,1 Bundesliga,2018,2018/2019
Hertha BSC,Dennis Smarsch,19,Goalkeeper,Hertha BSC U19,-,in,Summer,0,1 Bundesliga,2018,2018/2019
Hertha BSC,Marius Gersbeck,23,Goalkeeper,VfL Osnabrück,"End of loanJun 30, 2018",in,Summer,0,1 Bundesliga,2018,2018/2019
Hertha BSC,Nils Körber,21,Goalkeeper,Preußen Münster,"End of loanJun 30, 2018",in,Summer,0,1 Bundesliga,2018,2018/2019
Hertha BSC,Genki Haraguchi,27,Attacking Midfield,F. Düsseldorf,"End of loanJun 30, 2018",in,Summer,0,1 Bundesliga,2018,2018/2019
Hertha BSC,Mitchell Weiser,24,Right-Back,Bay. Leverkusen,£10.80m,out,Summer,10.8,1 Bundesliga,2018,2018/2019
Hertha BSC,Genki Haraguchi,27,Attacking Midfield,Hannover 96,£4.05m,out,Summer,4.05,1 Bundesliga,2018,2018/2019
Hertha BSC,Julian Schieber,29,Centre-Forward,FC Augsburg,Free transfer,out,Summer,0,1 Bundesliga,2018,2018/2019
Hertha BSC,Nils Körber,21,Goalkeeper,VfL Osnabrück,Loan,out,Summer,0,1 Bundesliga,2018,2018/2019
Hertha BSC,Maximilian Pronichev,20,Centre-Forward,Erzgebirge Aue,Loan,out,Summer,0,1 Bundesliga,2018,2018/2019
Hertha BSC,Valentino Lazaro,22,Right Midfield,RB Salzburg,"End of loanJun 30, 2018",out,Summer,0,1 Bundesliga,2018,2018/2019
SV Werder Bremen,Davy Klaassen,25,Central Midfield,Everton,£12.15m,in,Summer,12.15,1 Bundesliga,2018,2018/2019
SV Werder Bremen,Yuya Osako,28,Second Striker,1. FC Köln,£4.05m,in,Summer,4.05,1 Bundesliga,2018,2018/2019
SV Werder Bremen,Felix Beijmo,20,Right-Back,Djurgarden,£2.70m,in,Summer,2.7,1 Bundesliga,2018,2018/2019
SV Werder Bremen,Martin Harnik,31,Right Winger,Hannover 96,£2.03m,in,Summer,2.03,1 Bundesliga,2018,2018/2019
SV Werder Bremen,Nuri Sahin,29,Defensive Midfield,Bor. Dortmund,£900Th.,in,Summer,0.9,1 Bundesliga,2018,2018/2019
SV Werder Bremen,Stefanos Kapino,24,Goalkeeper,Nottm Forest,£270Th.,in,Summer,0.27,1 Bundesliga,2018,2018/2019
SV Werder Bremen,Jan-Niklas Beste,19,Left-Back,B. Dortmund U19,£225Th.,in,Summer,0.225,1 Bundesliga,2018,2018/2019
SV Werder Bremen,Kevin Möhwald,24,Central Midfield,1.FC Nuremberg,Free transfer,in,Summer,0,1 Bundesliga,2018,2018/2019
SV Werder Bremen,Claudio Pizarro,39,Centre-Forward,1. FC Köln,Free transfer,in,Summer,0,1 Bundesliga,2018,2018/2019
SV Werder Bremen,Thore Jacobsen,21,Defensive Midfield,W. Bremen II,-,in,Summer,0,1 Bundesliga,2018,2018/2019
SV Werder Bremen,Luca Plogmann,18,Goalkeeper,W. Bremen U19,-,in,Summer,0,1 Bundesliga,2018,2018/2019
SV Werder Bremen,Jean Manuel Mbom,18,Defensive Midfield,W. Bremen U19,-,in,Summer,0,1 Bundesliga,2018,2018/2019
SV Werder Bremen,Josh Sargent,18,Centre-Forward,W. Bremen II,-,in,Summer,0,1 Bundesliga,2018,2018/2019
SV Werder Bremen,Fallou Diagne,28,Centre-Back,FC Metz,"End of loanJun 30, 2018",in,Summer,0,1 Bundesliga,2018,2018/2019
SV Werder Bremen,Leon Guwara,22,Left-Back,1.FC K'lautern,"End of loanJun 30, 2018",in,Summer,0,1 Bundesliga,2018,2018/2019
SV Werder Bremen,László Kleinheisler,24,Attacking Midfield,FC Astana,"End of loanJun 30, 2018",in,Summer,0,1 Bundesliga,2018,2018/2019
SV Werder Bremen,Lennart Thy,26,Centre-Forward,VVV-Venlo,"End of loanJun 30, 2018",in,Summer,0,1 Bundesliga,2018,2018/2019
SV Werder Bremen,Thanos Petsos,27,Defensive Midfield,Rapid Vienna,"End of loanJun 30, 2018",in,Summer,0,1 Bundesliga,2018,2018/2019
SV Werder Bremen,Sambou Yatabaré,29,Central Midfield,Royal Antwerp,"End of loanJun 30, 2018",in,Summer,0,1 Bundesliga,2018,2018/2019
SV Werder Bremen,Ulisses Garcia,22,Left-Back,1.FC Nuremberg,"End of loanJun 30, 2018",in,Summer,0,1 Bundesliga,2018,2018/2019
SV Werder Bremen,Thomas Delaney,26,Central Midfield,Bor. Dortmund,£18.00m,out,Summer,18,1 Bundesliga,2018,2018/2019
SV Werder Bremen,Jérôme Gondorf,30,Central Midfield,SC Freiburg,£1.17m,out,Summer,1.17,1 Bundesliga,2018,2018/2019
SV Werder Bremen,Ulisses Garcia,22,Left-Back,BSC Young Boys,£720Th.,out,Summer,0.72,1 Bundesliga,2018,2018/2019
SV Werder Bremen,László Kleinheisler,24,Attacking Midfield,FC Astana,£675Th.,out,Summer,0.675,1 Bundesliga,2018,2018/2019
SV Werder Bremen,Leon Guwara,22,Left-Back,FC Utrecht,£540Th.,out,Summer,0.54,1 Bundesliga,2018,2018/2019
SV Werder Bremen,Sambou Yatabaré,29,Central Midfield,Royal Antwerp,£180Th.,out,Summer,0.18,1 Bundesliga,2018,2018/2019
SV Werder Bremen,Robert Bauer,23,Right-Back,1.FC Nuremberg,Loan fee:£180Th.,out,Summer,0.18,1 Bundesliga,2018,2018/2019
SV Werder Bremen,Zlatko Junuzovic,30,Central Midfield,RB Salzburg,Free transfer,out,Summer,0,1 Bundesliga,2018,2018/2019
SV Werder Bremen,Justin Eilers,30,Right Winger,Apollon Smyrnis,Free transfer,out,Summer,0,1 Bundesliga,2018,2018/2019
SV Werder Bremen,Lennart Thy,26,Centre-Forward,BB Erzurumspor,Free transfer,out,Summer,0,1 Bundesliga,2018,2018/2019
SV Werder Bremen,Fallou Diagne,28,Centre-Back,Konyaspor,Free transfer,out,Summer,0,1 Bundesliga,2018,2018/2019
SV Werder Bremen,Niklas Schmidt,20,Attacking Midfield,Wehen Wiesbaden,Loan,out,Summer,0,1 Bundesliga,2018,2018/2019
SV Werder Bremen,Yuning Zhang,21,Centre-Forward,West Brom,"End of loanJun 30, 2018",out,Summer,0,1 Bundesliga,2018,2018/2019
SV Werder Bremen,Ishak Belfodil,26,Centre-Forward,Standard Liège,"End of loanJun 30, 2018",out,Summer,0,1 Bundesliga,2018,2018/2019
FC Augsburg,André Hahn,27,Right Winger,Hamburger SV,£2.70m,in,Summer,2.7,1 Bundesliga,2018,2018/2019
FC Augsburg,Fredrik Jensen,20,Attacking Midfield,Twente FC,£2.70m,in,Summer,2.7,1 Bundesliga,2018,2018/2019
FC Augsburg,Julian Schieber,29,Centre-Forward,Hertha BSC,Free transfer,in,Summer,0,1 Bundesliga,2018,2018/2019
FC Augsburg,Felix Götze,20,Defensive Midfield,Bayern Munich,Free transfer,in,Summer,0,1 Bundesliga,2018,2018/2019
FC Augsburg,Simon Asta,17,Right-Back,FC Augsburg U17,-,in,Summer,0,1 Bundesliga,2018,2018/2019
FC Augsburg,Jozo Stanic,19,Centre-Back,FC Augsburg U19,-,in,Summer,0,1 Bundesliga,2018,2018/2019
FC Augsburg,Felix Schwarzholz,18,Defensive Midfield,FC Augsburg II,-,in,Summer,0,1 Bundesliga,2018,2018/2019
FC Augsburg,Benjamin Leneis,19,Goalkeeper,FC Augsburg II,-,in,Summer,0,1 Bundesliga,2018,2018/2019
FC Augsburg,Takashi Usami,26,Left Winger,F. Düsseldorf,"End of loanJun 30, 2018",in,Summer,0,1 Bundesliga,2018,2018/2019
FC Augsburg,Georg Teigl,27,Right Midfield,E. Braunschweig,"End of loanJun 30, 2018",in,Summer,0,1 Bundesliga,2018,2018/2019
FC Augsburg,Tim Rieder,24,Defensive Midfield,Slask Wroclaw,"End of loanJun 30, 2018",in,Summer,0,1 Bundesliga,2018,2018/2019
FC Augsburg,Jan-Ingwer Callsen-Bracker,33,Centre-Back,1.FC K'lautern,"End of loanJun 30, 2018",in,Summer,0,1 Bundesliga,2018,2018/2019
FC Augsburg,Konstantinos Stafylidis,24,Left-Back,Stoke City,"End of loanJun 30, 2018",in,Summer,0,1 Bundesliga,2018,2018/2019
FC Augsburg,Moritz Leitner,25,Central Midfield,Norwich,"End of loanJun 30, 2018",in,Summer,0,1 Bundesliga,2018,2018/2019
FC Augsburg,Dong-won Ji,27,Centre-Forward,SV Darmstadt 98,"End of loanJun 30, 2018",in,Summer,0,1 Bundesliga,2018,2018/2019
FC Augsburg,Moritz Leitner,25,Central Midfield,Norwich,£1.35m,out,Summer,1.35,1 Bundesliga,2018,2018/2019
FC Augsburg,Marcel Heller,32,Right Midfield,SV Darmstadt 98,£315Th.,out,Summer,0.315,1 Bundesliga,2018,2018/2019
FC Augsburg,Tim Rieder,24,Defensive Midfield,SV Darmstadt 98,Loan fee:£90Th.,out,Summer,0.09,1 Bundesliga,2018,2018/2019
FC Augsburg,Shawn Parker,25,Centre-Forward,Greuther Fürth,£90Th.,out,Summer,0.09,1 Bundesliga,2018,2018/2019
FC Augsburg,Marwin Hitz,30,Goalkeeper,Bor. Dortmund,Free transfer,out,Summer,0,1 Bundesliga,2018,2018/2019
FC Augsburg,Gojko Kacar,31,Defensive Midfield,Anorthosis,Free transfer,out,Summer,0,1 Bundesliga,2018,2018/2019
FC Augsburg,Daniel Opare,27,Right-Back,Royal Antwerp,Free transfer,out,Summer,0,1 Bundesliga,2018,2018/2019
FC Augsburg,Ioannis Gelios,26,Goalkeeper,Hansa Rostock,Free transfer,out,Summer,0,1 Bundesliga,2018,2018/2019
FC Augsburg,Takashi Usami,26,Left Winger,F. Düsseldorf,Loan,out,Summer,0,1 Bundesliga,2018,2018/2019
Hannover 96,Walace,23,Defensive Midfield,Hamburger SV,£5.40m,in,Summer,5.4,1 Bundesliga,2018,2018/2019
Hannover 96,Genki Haraguchi,27,Attacking Midfield,Hertha BSC,£4.05m,in,Summer,4.05,1 Bundesliga,2018,2018/2019
Hannover 96,Josip Elez,24,Centre-Back,HNK Rijeka,£2.25m,in,Summer,2.25,1 Bundesliga,2018,2018/2019
Hannover 96,Kevin Wimmer,25,Centre-Back,Stoke City,Loan fee:£1.35m,in,Summer,1.35,1 Bundesliga,2018,2018/2019
Hannover 96,Florent Muslija,20,Attacking Midfield,Karlsruher SC,£1.26m,in,Summer,1.26,1 Bundesliga,2018,2018/2019
Hannover 96,Bobby Wood,25,Centre-Forward,Hamburger SV,Loan fee:£1.08m,in,Summer,1.08,1 Bundesliga,2018,2018/2019
Hannover 96,Takuma Asano,23,Left Winger,Arsenal,Loan fee:£900Th.,in,Summer,0.9,1 Bundesliga,2018,2018/2019
Hannover 96,Leo Weinkauf,21,Goalkeeper,FC Bayern II,Free transfer,in,Summer,0,1 Bundesliga,2018,2018/2019
Hannover 96,Linton Maina,19,Right Winger,Hannover 96 U19,-,in,Summer,0,1 Bundesliga,2018,2018/2019
Hannover 96,Hendrik Weydandt,23,Centre-Forward,Hannover 96 II,-,in,Summer,0,1 Bundesliga,2018,2018/2019
Hannover 96,Marius Wolf,23,Right Winger,E. Frankfurt,"End of loanJun 30, 2018",in,Summer,0,1 Bundesliga,2018,2018/2019
Hannover 96,Elias Huth,21,Centre-Forward,Rot-Weiß Erfurt,"End of loanJun 30, 2018",in,Summer,0,1 Bundesliga,2018,2018/2019
Hannover 96,Babacar Gueye,23,Centre-Forward,Sint-Truiden,"End of loanJun 30, 2018",in,Summer,0,1 Bundesliga,2018,2018/2019
Hannover 96,Mike Bähre,22,Attacking Midfield,SV Meppen,"End of loanJun 30, 2018",in,Summer,0,1 Bundesliga,2018,2018/2019
Hannover 96,Uffe Bech,25,Right Winger,Greuther Fürth,"End of loanJun 30, 2018",in,Summer,0,1 Bundesliga,2018,2018/2019
Hannover 96,Salif Sané,27,Centre-Back,FC Schalke 04,£6.30m,out,Summer,6.3,1 Bundesliga,2018,2018/2019
Hannover 96,Felix Klaus,25,Right Winger,VfL Wolfsburg,£2.70m,out,Summer,2.7,1 Bundesliga,2018,2018/2019
Hannover 96,Martin Harnik,31,Right Winger,Werder Bremen,£2.03m,out,Summer,2.03,1 Bundesliga,2018,2018/2019
Hannover 96,Marius Wolf,23,Right Winger,E. Frankfurt,£450Th.,out,Summer,0.45,1 Bundesliga,2018,2018/2019
Hannover 96,Florian Hübner,27,Centre-Back,Union Berlin,£450Th.,out,Summer,0.45,1 Bundesliga,2018,2018/2019
Hannover 96,Jonathas,29,Centre-Forward,Corinthians,Loan fee:£180Th.,out,Summer,0.18,1 Bundesliga,2018,2018/2019
Hannover 96,Babacar Gueye,23,Centre-Forward,SC Paderborn,Free transfer,out,Summer,0,1 Bundesliga,2018,2018/2019
Hannover 96,Manuel Schmiedebach,29,Defensive Midfield,Union Berlin,Loan,out,Summer,0,1 Bundesliga,2018,2018/2019
Hannover 96,Sebastian Maier,24,Attacking Midfield,VfL Bochum,Free transfer,out,Summer,0,1 Bundesliga,2018,2018/2019
Hannover 96,Kenan Karaman,24,Centre-Forward,F. Düsseldorf,Free transfer,out,Summer,0,1 Bundesliga,2018,2018/2019
Hannover 96,Elias Huth,21,Centre-Forward,1.FC K'lautern,Free transfer,out,Summer,0,1 Bundesliga,2018,2018/2019
Hannover 96,Charlison Benschop,28,Centre-Forward,FC Ingolstadt,Free transfer,out,Summer,0,1 Bundesliga,2018,2018/2019
Hannover 96,Mike Bähre,23,Attacking Midfield,Barnsley FC,Loan,out,Summer,0,1 Bundesliga,2018,2018/2019
Hannover 96,Uffe Bech,25,Right Winger,Bröndby IF,Loan,out,Summer,0,1 Bundesliga,2018,2018/2019
Hannover 96,Marlon Sündermann,20,Goalkeeper,Hannover 96 II,-,out,Summer,0,1 Bundesliga,2018,2018/2019
Hannover 96,Josip Elez,24,Centre-Back,HNK Rijeka,"End of loanJun 30, 2018",out,Summer,0,1 Bundesliga,2018,2018/2019
1.FSV Mainz 05,Jean-Philippe Mateta,21,Centre-Forward,Olympique Lyon,£7.20m,in,Summer,7.2,1 Bundesliga,2018,2018/2019
1.FSV Mainz 05,Pierre Kunde Malong,22,Central Midfield,Atlético Madrid,£6.75m,in,Summer,6.75,1 Bundesliga,2018,2018/2019
1.FSV Mainz 05,Moussa Niakhaté,22,Centre-Back,FC Metz,£5.40m,in,Summer,5.4,1 Bundesliga,2018,2018/2019
1.FSV Mainz 05,Jean-Paul Boëtius,24,Attacking Midfield,Feyenoord,£3.15m,in,Summer,3.15,1 Bundesliga,2018,2018/2019
1.FSV Mainz 05,Aarón Martín,21,Left-Back,Espanyol,Loan fee:£2.70m,in,Summer,2.7,1 Bundesliga,2018,2018/2019
1.FSV Mainz 05,Abass Issah,19,Centre-Forward,NK Olimpija,£1.80m,in,Summer,1.8,1 Bundesliga,2018,2018/2019
1.FSV Mainz 05,Phillipp Mwene,24,Right-Back,1.FC K'lautern,Free transfer,in,Summer,0,1 Bundesliga,2018,2018/2019
1.FSV Mainz 05,Ahmet Gürleyen,19,Centre-Back,Mainz 05 U19,-,in,Summer,0,1 Bundesliga,2018,2018/2019
1.FSV Mainz 05,Ridle Baku,20,Right-Back,FSV Mainz 05 II,-,in,Summer,0,1 Bundesliga,2018,2018/2019
1.FSV Mainz 05,Leandro Barreiro,18,Central Midfield,Mainz 05 U19,-,in,Summer,0,1 Bundesliga,2018,2018/2019
1.FSV Mainz 05,Finn Dahmen,20,Goalkeeper,FSV Mainz 05 II,-,in,Summer,0,1 Bundesliga,2018,2018/2019
1.FSV Mainz 05,Jonathan Burkardt,17,Centre-Forward,Mainz 05 U19,-,in,Summer,0,1 Bundesliga,2018,2018/2019
1.FSV Mainz 05,Besar Halimi,23,Attacking Midfield,Bröndby IF,"End of loanJun 30, 2018",in,Summer,0,1 Bundesliga,2018,2018/2019
1.FSV Mainz 05,Jonas Lössl,29,Goalkeeper,Huddersfield,"End of loanJun 30, 2018",in,Summer,0,1 Bundesliga,2018,2018/2019
1.FSV Mainz 05,Devante Parker,22,Right Winger,SKN St. Pölten,"End of loanJun 30, 2018",in,Summer,0,1 Bundesliga,2018,2018/2019
1.FSV Mainz 05,José Rodríguez,23,Central Midfield,M. Tel Aviv,"End of loanJun 30, 2018",in,Summer,0,1 Bundesliga,2018,2018/2019
1.FSV Mainz 05,Gaëtan Bussmann,27,Left-Back,SC Freiburg,"End of loanJun 30, 2018",in,Summer,0,1 Bundesliga,2018,2018/2019
1.FSV Mainz 05,Jannik Huth,24,Goalkeeper,Sparta R.,"End of loanJun 30, 2018",in,Summer,0,1 Bundesliga,2018,2018/2019
1.FSV Mainz 05,Kenan Kodro,24,Centre-Forward,Grasshoppers,"End of loanJun 30, 2018",in,Summer,0,1 Bundesliga,2018,2018/2019
1.FSV Mainz 05,Abdou Diallo,22,Centre-Back,Bor. Dortmund,£25.20m,out,Summer,25.2,1 Bundesliga,2018,2018/2019
1.FSV Mainz 05,Suat Serdar,21,Central Midfield,FC Schalke 04,£9.90m,out,Summer,9.9,1 Bundesliga,2018,2018/2019
1.FSV Mainz 05,Yoshinori Muto,26,Centre-Forward,Newcastle,£9.63m,out,Summer,9.63,1 Bundesliga,2018,2018/2019
1.FSV Mainz 05,Jonas Lössl,29,Goalkeeper,Huddersfield,£2.25m,out,Summer,2.25,1 Bundesliga,2018,2018/2019
1.FSV Mainz 05,Pablo de Blasis,30,Left Winger,SD Eibar,£1.80m,out,Summer,1.8,1 Bundesliga,2018,2018/2019
1.FSV Mainz 05,Kenan Kodro,24,Centre-Forward,FC Copenhagen,£1.44m,out,Summer,1.44,1 Bundesliga,2018,2018/2019
1.FSV Mainz 05,Besar Halimi,23,Attacking Midfield,Bröndby IF,£270Th.,out,Summer,0.27,1 Bundesliga,2018,2018/2019
1.FSV Mainz 05,Leon Balogun,30,Centre-Back,Brighton,Free transfer,out,Summer,0,1 Bundesliga,2018,2018/2019
1.FSV Mainz 05,Nigel de Jong,33,Defensive Midfield,Al-Ahli SC,Free transfer,out,Summer,0,1 Bundesliga,2018,2018/2019
1.FSV Mainz 05,Marin Sverko,20,Left-Back,Karlsruher SC,Loan,out,Summer,0,1 Bundesliga,2018,2018/2019
1.FSV Mainz 05,José Rodríguez,23,Central Midfield,Fortuna Sittard,Loan,out,Summer,0,1 Bundesliga,2018,2018/2019
1.FSV Mainz 05,Devante Parker,22,Right Winger,FSV Mainz 05 II,-,out,Summer,0,1 Bundesliga,2018,2018/2019
SC Freiburg,Luca Waldschmidt,22,Centre-Forward,Hamburger SV,£4.50m,in,Summer,4.5,1 Bundesliga,2018,2018/2019
SC Freiburg,Roland Sallai,21,Right Winger,APOEL Nicosia,£4.05m,in,Summer,4.05,1 Bundesliga,2018,2018/2019
SC Freiburg,Dominique Heintz,24,Centre-Back,1. FC Köln,£2.70m,in,Summer,2.7,1 Bundesliga,2018,2018/2019
SC Freiburg,Mark Flekken,25,Goalkeeper,MSV Duisburg,£1.80m,in,Summer,1.8,1 Bundesliga,2018,2018/2019
SC Freiburg,Philipp Lienhart,21,Centre-Back,Real Madrid,£1.80m,in,Summer,1.8,1 Bundesliga,2018,2018/2019
SC Freiburg,Jérôme Gondorf,30,Central Midfield,Werder Bremen,£1.17m,in,Summer,1.17,1 Bundesliga,2018,2018/2019
SC Freiburg,Brandon Borrello,22,Right Winger,1.FC K'lautern,Free transfer,in,Summer,0,1 Bundesliga,2018,2018/2019
SC Freiburg,Constantin Frommann,20,Goalkeeper,SC Freiburg II,-,in,Summer,0,1 Bundesliga,2018,2018/2019
SC Freiburg,Keven Schlotterbeck,21,Centre-Back,SC Freiburg II,-,in,Summer,0,1 Bundesliga,2018,2018/2019
SC Freiburg,Chima Okoroji,21,Left-Back,SC Freiburg II,-,in,Summer,0,1 Bundesliga,2018,2018/2019
SC Freiburg,Mats Möller Daehli,23,Attacking Midfield,FC St. Pauli,"End of loanJun 30, 2018",in,Summer,0,1 Bundesliga,2018,2018/2019
SC Freiburg,Lucas Hufnagel,24,Central Midfield,1.FC Nuremberg,"End of loanJun 30, 2018",in,Summer,0,1 Bundesliga,2018,2018/2019
SC Freiburg,Fabian Schleusener,26,Right Winger,Karlsruher SC,"End of loanJun 30, 2018",in,Summer,0,1 Bundesliga,2018,2018/2019
SC Freiburg,Jonas Föhrenbach,22,Left-Back,Karlsruher SC,"End of loanJun 30, 2018",in,Summer,0,1 Bundesliga,2018,2018/2019
SC Freiburg,Caglar Söyüncü,22,Centre-Back,Leicester,£18.99m,out,Summer,18.99,1 Bundesliga,2018,2018/2019
SC Freiburg,Mats Möller Daehli,23,Attacking Midfield,FC St. Pauli,£540Th.,out,Summer,0.54,1 Bundesliga,2018,2018/2019
SC Freiburg,Aleksandar Ignjovski,27,Defensive Midfield,1.FC Magdeburg,£315Th.,out,Summer,0.315,1 Bundesliga,2018,2018/2019
SC Freiburg,Rafal Gikiewicz,30,Goalkeeper,Union Berlin,£135Th.,out,Summer,0.135,1 Bundesliga,2018,2018/2019
SC Freiburg,Vincent Sierro,22,Central Midfield,FC St. Gallen,Loan fee:£90Th.,out,Summer,0.09,1 Bundesliga,2018,2018/2019
SC Freiburg,Lucas Hufnagel,24,Central Midfield,Unterhaching,£90Th.,out,Summer,0.09,1 Bundesliga,2018,2018/2019
SC Freiburg,Mohamed Dräger,22,Right-Back,SC Paderborn,Loan fee:£68Th.,out,Summer,0.068,1 Bundesliga,2018,2018/2019
SC Freiburg,Georg Niedermeier,32,Centre-Back,Melbourne,Free transfer,out,Summer,0,1 Bundesliga,2018,2018/2019
SC Freiburg,Jonas Meffert,23,Defensive Midfield,Holstein Kiel,Free transfer,out,Summer,0,1 Bundesliga,2018,2018/2019
SC Freiburg,Marc Oliver Kempf,23,Centre-Back,VfB Stuttgart,Free transfer,out,Summer,0,1 Bundesliga,2018,2018/2019
SC Freiburg,Karim Guédé,33,Centre-Forward,SV Sandhausen,Free transfer,out,Summer,0,1 Bundesliga,2018,2018/2019
SC Freiburg,Patric Klandt,34,Goalkeeper,1.FC Nuremberg,Free transfer,out,Summer,0,1 Bundesliga,2018,2018/2019
SC Freiburg,Fabian Schleusener,26,Right Winger,SV Sandhausen,Loan,out,Summer,0,1 Bundesliga,2018,2018/2019
SC Freiburg,Jonas Föhrenbach,22,Left-Back,Jahn Regensburg,Loan,out,Summer,0,1 Bundesliga,2018,2018/2019
SC Freiburg,Julian Schuster,33,Defensive Midfield,Retired,-,out,Summer,0,1 Bundesliga,2018,2018/2019
SC Freiburg,Philipp Lienhart,21,Centre-Back,Real Madrid,"End of loanJun 30, 2018",out,Summer,0,1 Bundesliga,2018,2018/2019
SC Freiburg,Bartosz Kapustka,21,Attacking Midfield,Leicester,"End of loanJun 30, 2018",out,Summer,0,1 Bundesliga,2018,2018/2019
SC Freiburg,Gaëtan Bussmann,27,Left-Back,1.FSV Mainz 05,"End of loanJun 30, 2018",out,Summer,0,1 Bundesliga,2018,2018/2019
VfL Wolfsburg,Daniel Ginczek,27,Centre-Forward,VfB Stuttgart,£12.60m,in,Summer,12.6,1 Bundesliga,2018,2018/2019
VfL Wolfsburg,Wout Weghorst,25,Centre-Forward,AZ Alkmaar,£9.45m,in,Summer,9.45,1 Bundesliga,2018,2018/2019
VfL Wolfsburg,Marcel Tisserand,25,Centre-Back,FC Ingolstadt,£6.30m,in,Summer,6.3,1 Bundesliga,2018,2018/2019
VfL Wolfsburg,Jérôme Roussillon,25,Left-Back,Montpellier,£4.50m,in,Summer,4.5,1 Bundesliga,2018,2018/2019
VfL Wolfsburg,Felix Klaus,25,Right Winger,Hannover 96,£2.70m,in,Summer,2.7,1 Bundesliga,2018,2018/2019
VfL Wolfsburg,Pavao Pervan,30,Goalkeeper,LASK,£450Th.,in,Summer,0.45,1 Bundesliga,2018,2018/2019
VfL Wolfsburg,Paul Jaeckel,19,Centre-Back,Wolfsburg II,-,in,Summer,0,1 Bundesliga,2018,2018/2019
VfL Wolfsburg,Amara Condé,21,Central Midfield,Holstein Kiel,"End of loanJun 30, 2018",in,Summer,0,1 Bundesliga,2018,2018/2019
VfL Wolfsburg,Ismail Azzaoui,20,Right Winger,Willem II,"End of loanJun 30, 2018",in,Summer,0,1 Bundesliga,2018,2018/2019
VfL Wolfsburg,Paul Seguin,23,Defensive Midfield,Dynamo Dresden,"End of loanJun 30, 2018",in,Summer,0,1 Bundesliga,2018,2018/2019
VfL Wolfsburg,Marvin Stefaniak,23,Right Midfield,1.FC Nuremberg,"End of loanJun 30, 2018",in,Summer,0,1 Bundesliga,2018,2018/2019
VfL Wolfsburg,Paul-Georges Ntep,25,Left Winger,Saint-Étienne,"End of loanJun 30, 2018",in,Summer,0,1 Bundesliga,2018,2018/2019
VfL Wolfsburg,Kaylen Hinds,20,Second Striker,Greuther Fürth,"End of loanJun 30, 2018",in,Summer,0,1 Bundesliga,2018,2018/2019
VfL Wolfsburg,Daniel Didavi,28,Attacking Midfield,VfB Stuttgart,£3.60m,out,Summer,3.6,1 Bundesliga,2018,2018/2019
VfL Wolfsburg,Landry Dimata,20,Centre-Forward,RSC Anderlecht,Loan fee:£450Th.,out,Summer,0.45,1 Bundesliga,2018,2018/2019
VfL Wolfsburg,Paul Jaeckel,20,Centre-Back,Greuther Fürth,£180Th.,out,Summer,0.18,1 Bundesliga,2018,2018/2019
VfL Wolfsburg,Victor Osimhen,19,Centre-Forward,RSC Charleroi,Loan,out,Summer,0,1 Bundesliga,2018,2018/2019
VfL Wolfsburg,Riechedly Bazoer,21,Central Midfield,FC Porto,Loan,out,Summer,0,1 Bundesliga,2018,2018/2019
VfL Wolfsburg,Max Grün,31,Goalkeeper,Without Club,-,out,Summer,0,1 Bundesliga,2018,2018/2019
VfL Wolfsburg,Amara Condé,21,Central Midfield,Wolfsburg II,-,out,Summer,0,1 Bundesliga,2018,2018/2019
VfL Wolfsburg,Kaylen Hinds,20,Second Striker,Without Club,-,out,Summer,0,1 Bundesliga,2018,2018/2019
VfL Wolfsburg,Marcel Tisserand,25,Centre-Back,FC Ingolstadt,"End of loanJun 30, 2018",out,Summer,0,1 Bundesliga,2018,2018/2019
VfL Wolfsburg,Divock Origi,23,Centre-Forward,Liverpool,"End of loanJun 30, 2018",out,Summer,0,1 Bundesliga,2018,2018/2019
Fortuna Düsseldorf,Marvin Ducksch,24,Centre-Forward,FC St. Pauli,£1.80m,in,Summer,1.8,1 Bundesliga,2018,2018/2019
Fortuna Düsseldorf,Benito Raman,23,Left Winger,Standard Liège,£1.35m,in,Summer,1.35,1 Bundesliga,2018,2018/2019
Fortuna Düsseldorf,Jean Zimmer,24,Right-Back,VfB Stuttgart,£810Th.,in,Summer,0.81,1 Bundesliga,2018,2018/2019
Fortuna Düsseldorf,Aymen Barkok,20,Attacking Midfield,E. Frankfurt,Loan fee:£720Th.,in,Summer,0.72,1 Bundesliga,2018,2018/2019
Fortuna Düsseldorf,Davor Lovren,19,Left Winger,Din. Zagreb II,£675Th.,in,Summer,0.675,1 Bundesliga,2018,2018/2019
Fortuna Düsseldorf,Dodi Lukebakio,20,Right Winger,Watford,Loan fee:£270Th.,in,Summer,0.27,1 Bundesliga,2018,2018/2019
Fortuna Düsseldorf,Matthias Zimmermann,26,Right-Back,VfB Stuttgart,Free transfer,in,Summer,0,1 Bundesliga,2018,2018/2019
Fortuna Düsseldorf,Kenan Karaman,24,Centre-Forward,Hannover 96,Free transfer,in,Summer,0,1 Bundesliga,2018,2018/2019
Fortuna Düsseldorf,Alfredo Morales,28,Central Midfield,FC Ingolstadt,Free transfer,in,Summer,0,1 Bundesliga,2018,2018/2019
Fortuna Düsseldorf,Kevin Stöger,24,Attacking Midfield,VfL Bochum,Free transfer,in,Summer,0,1 Bundesliga,2018,2018/2019
Fortuna Düsseldorf,Diego Contento,28,Left-Back,G. Bordeaux,Free transfer,in,Summer,0,1 Bundesliga,2018,2018/2019
Fortuna Düsseldorf,Takashi Usami,26,Left Winger,FC Augsburg,Loan,in,Summer,0,1 Bundesliga,2018,2018/2019
Fortuna Düsseldorf,Marcin Kaminski,26,Centre-Back,VfB Stuttgart,Loan,in,Summer,0,1 Bundesliga,2018,2018/2019
Fortuna Düsseldorf,Georgios Siadas,18,Left-Back,Düsseldorf U19,-,in,Summer,0,1 Bundesliga,2018,2018/2019
Fortuna Düsseldorf,Kemal Rüzgar,23,Centre-Forward,Viktoria Köln,"End of loanJun 30, 2018",in,Summer,0,1 Bundesliga,2018,2018/2019
Fortuna Düsseldorf,Marlon Ritter,23,Attacking Midfield,SC Paderborn,"End of loanJun 30, 2018",in,Summer,0,1 Bundesliga,2018,2018/2019
Fortuna Düsseldorf,Emmanuel Iyoha,20,Centre-Forward,VfL Osnabrück,"End of loanJun 30, 2018",in,Summer,0,1 Bundesliga,2018,2018/2019
Fortuna Düsseldorf,Marlon Ritter,23,Attacking Midfield,SC Paderborn,£450Th.,out,Summer,0.45,1 Bundesliga,2018,2018/2019
Fortuna Düsseldorf,Anderson Lucoqui,21,Left-Back,Arm. Bielefeld,£90Th.,out,Summer,0.09,1 Bundesliga,2018,2018/2019
Fortuna Düsseldorf,Julian Schauerte,30,Right-Back,KAS Eupen,Free transfer,out,Summer,0,1 Bundesliga,2018,2018/2019
Fortuna Düsseldorf,Lukas Schmitz,29,Left-Back,Wolfsberger AC,Free transfer,out,Summer,0,1 Bundesliga,2018,2018/2019
Fortuna Düsseldorf,Kemal Rüzgar,23,Centre-Forward,Altinordu,Free transfer,out,Summer,0,1 Bundesliga,2018,2018/2019
Fortuna Düsseldorf,Justin Toshiki Kinjo,21,Defensive Midfield,Thespaku. Gunma,Free transfer,out,Summer,0,1 Bundesliga,2018,2018/2019
Fortuna Düsseldorf,Emmanuel Iyoha,20,Centre-Forward,Erzgebirge Aue,Loan,out,Summer,0,1 Bundesliga,2018,2018/2019
Fortuna Düsseldorf,Axel Bellinghausen,35,Left Midfield,Retired,-,out,Summer,0,1 Bundesliga,2018,2018/2019
Fortuna Düsseldorf,Jerome Kiesewetter,25,Centre-Forward,Without Club,-,out,Summer,0,1 Bundesliga,2018,2018/2019
Fortuna Düsseldorf,Davor Lovren,19,Left Winger,Din. Zagreb II,"End of loanJun 30, 2018",out,Summer,0,1 Bundesliga,2018,2018/2019
Fortuna Düsseldorf,Florian Neuhaus,21,Central Midfield,Bor. M'gladbach,"End of loanJun 30, 2018",out,Summer,0,1 Bundesliga,2018,2018/2019
Fortuna Düsseldorf,Jean Zimmer,24,Right-Back,VfB Stuttgart,"End of loanJun 30, 2018",out,Summer,0,1 Bundesliga,2018,2018/2019
Fortuna Düsseldorf,Takashi Usami,26,Left Winger,FC Augsburg,"End of loanJun 30, 2018",out,Summer,0,1 Bundesliga,2018,2018/2019
Fortuna Düsseldorf,Benito Raman,23,Left Winger,Standard Liège,"End of loanJun 30, 2018",out,Summer,0,1 Bundesliga,2018,2018/2019
Fortuna Düsseldorf,Genki Haraguchi,27,Attacking Midfield,Hertha BSC,"End of loanJun 30, 2018",out,Summer,0,1 Bundesliga,2018,2018/2019
1.FC Nuremberg,Virgil Misidjan,25,Right Winger,Ludogorets,£2.70m,in,Summer,2.7,1 Bundesliga,2018,2018/2019
1.FC Nuremberg,Christian Mathenia,26,Goalkeeper,Hamburger SV,£450Th.,in,Summer,0.45,1 Bundesliga,2018,2018/2019
1.FC Nuremberg,Yuya Kubo,24,Centre-Forward,KAA Gent,Loan fee:£450Th.,in,Summer,0.45,1 Bundesliga,2018,2018/2019
1.FC Nuremberg,Matheus Pereira,22,Right Winger,Sporting CP,Loan fee:£450Th.,in,Summer,0.45,1 Bundesliga,2018,2018/2019
1.FC Nuremberg,Robert Bauer,23,Right-Back,Werder Bremen,Loan fee:£180Th.,in,Summer,0.18,1 Bundesliga,2018,2018/2019
1.FC Nuremberg,Timothy Tillman,19,Attacking Midfield,FC Bayern II,Loan fee:£135Th.,in,Summer,0.135,1 Bundesliga,2018,2018/2019
1.FC Nuremberg,Törles Knöll,20,Centre-Forward,Hamburger SV II,Free transfer,in,Summer,0,1 Bundesliga,2018,2018/2019
1.FC Nuremberg,Patric Klandt,34,Goalkeeper,SC Freiburg,Free transfer,in,Summer,0,1 Bundesliga,2018,2018/2019
1.FC Nuremberg,Kevin Goden,19,Right-Back,1.FC Köln U19,Free transfer,in,Summer,0,1 Bundesliga,2018,2018/2019
1.FC Nuremberg,Kevin Möhwald,24,Central Midfield,Werder Bremen,Free transfer,out,Summer,0,1 Bundesliga,2018,2018/2019
1.FC Nuremberg,Thorsten Kirschbaum,31,Goalkeeper,Bay. Leverkusen,Free transfer,out,Summer,0,1 Bundesliga,2018,2018/2019
1.FC Nuremberg,Laszlo Sepsi,31,Left-Back,U Cluj,Free transfer,out,Summer,0,1 Bundesliga,2018,2018/2019
1.FC Nuremberg,Enis Alushi,32,Central Midfield,Retired,-,out,Summer,0,1 Bundesliga,2018,2018/2019
1.FC Nuremberg,Miso Brecko,34,Right-Back,Retired,-,out,Summer,0,1 Bundesliga,2018,2018/2019
1.FC Nuremberg,Lucas Hufnagel,24,Central Midfield,SC Freiburg,"End of loanJun 30, 2018",out,Summer,0,1 Bundesliga,2018,2018/2019
1.FC Nuremberg,Tobias Werner,32,Left Winger,VfB Stuttgart,"End of loanJun 30, 2018",out,Summer,0,1 Bundesliga,2018,2018/2019
1.FC Nuremberg,Ulisses Garcia,22,Left-Back,Werder Bremen,"End of loanJun 30, 2018",out,Summer,0,1 Bundesliga,2018,2018/2019
1.FC Nuremberg,Marvin Stefaniak,23,Right Midfield,VfL Wolfsburg,"End of loanJun 30, 2018",out,Summer,0,1 Bundesliga,2018,2018/2019
Bayern Munich,Alphonso Davies,18,Left-Back,Vancouver,£9.00m,in,Winter,9,1 Bundesliga,2018,2018/2019
Bayern Munich,Sandro Wagner,31,Centre-Forward,TJ Teda,£4.50m,out,Winter,4.5,1 Bundesliga,2018,2018/2019
FC Schalke 04,Rabbi Matondo,18,Right Winger,Man City U23,£8.10m,in,Winter,8.1,1 Bundesliga,2018,2018/2019
FC Schalke 04,Jeffrey Bruma,27,Centre-Back,VfL Wolfsburg,Loan,in,Winter,0,1 Bundesliga,2018,2018/2019
FC Schalke 04,Ahmed Kutucu,18,Centre-Forward,Schalke 04 U19,-,in,Winter,0,1 Bundesliga,2018,2018/2019
FC Schalke 04,Naldo,36,Centre-Back,Monaco,£1.80m,out,Winter,1.8,1 Bundesliga,2018,2018/2019
FC Schalke 04,Johannes Geis,25,Defensive Midfield,1. FC Köln,£450Th.,out,Winter,0.45,1 Bundesliga,2018,2018/2019
FC Schalke 04,Franco Di Santo,29,Centre-Forward,Rayo Vallecano,Free transfer,out,Winter,0,1 Bundesliga,2018,2018/2019
FC Schalke 04,Abdul Rahman Baba,24,Left-Back,Chelsea,"End of loanJan 28, 2019",out,Winter,0,1 Bundesliga,2018,2018/2019
TSG 1899 Hoffenheim,Lucas Ribeiro,20,Centre-Back,EC Vitória,£2.70m,in,Winter,2.7,1 Bundesliga,2018,2018/2019
TSG 1899 Hoffenheim,Christoph Baumgartner,19,Attacking Midfield,Hoffenheim II,-,in,Winter,0,1 Bundesliga,2018,2018/2019
TSG 1899 Hoffenheim,Havard Nordtveit,28,Centre-Back,Fulham,Loan fee:£900Th.,out,Winter,0.9,1 Bundesliga,2018,2018/2019
TSG 1899 Hoffenheim,Vincenzo Grifo,25,Left Winger,SC Freiburg,Loan fee:£540Th.,out,Winter,0.54,1 Bundesliga,2018,2018/2019
TSG 1899 Hoffenheim,Steven Zuber,27,Left Midfield,VfB Stuttgart,Loan fee:£540Th.,out,Winter,0.54,1 Bundesliga,2018,2018/2019
TSG 1899 Hoffenheim,Felipe Pires,23,Left Winger,Palmeiras,Loan fee:£360Th.,out,Winter,0.36,1 Bundesliga,2018,2018/2019
TSG 1899 Hoffenheim,Kevin Akpoguma,23,Centre-Back,Hannover 96,Loan fee:£198Th.,out,Winter,0.198,1 Bundesliga,2018,2018/2019
TSG 1899 Hoffenheim,Gregor Kobel,21,Goalkeeper,FC Augsburg,Loan fee:£135Th.,out,Winter,0.135,1 Bundesliga,2018,2018/2019
TSG 1899 Hoffenheim,Justin Hoogma,20,Centre-Back,FC St. Pauli,Loan fee:£45Th.,out,Winter,0.045,1 Bundesliga,2018,2018/2019
Borussia Dortmund,Leonardo Balerdi,19,Centre-Back,Boca Juniors,£13.95m,in,Winter,13.95,1 Bundesliga,2018,2018/2019
Borussia Dortmund,Christian Pulisic,20,Left Winger,Chelsea,Loan,in,Winter,0,1 Bundesliga,2018,2018/2019
Borussia Dortmund,Christian Pulisic,20,Left Winger,Chelsea,£57.60m,out,Winter,57.6,1 Bundesliga,2018,2018/2019
Borussia Dortmund,Dzenis Burnic,20,Defensive Midfield,Dynamo Dresden,Loan fee:£270Th.,out,Winter,0.27,1 Bundesliga,2018,2018/2019
Borussia Dortmund,Shinji Kagawa,29,Attacking Midfield,Besiktas,Loan,out,Winter,0,1 Bundesliga,2018,2018/2019
Borussia Dortmund,Sebastian Rode,28,Central Midfield,E. Frankfurt,Loan,out,Winter,0,1 Bundesliga,2018,2018/2019
Borussia Dortmund,Alexander Isak,19,Centre-Forward,Willem II,Loan,out,Winter,0,1 Bundesliga,2018,2018/2019
Borussia Dortmund,Jeremy Toljan,24,Right-Back,Celtic,Loan,out,Winter,0,1 Bundesliga,2018,2018/2019
Bayer 04 Leverkusen,Jan Boller,18,Centre-Back,Leverkusen U19,-,in,Winter,0,1 Bundesliga,2018,2018/2019
Bayer 04 Leverkusen,Jakub Bednarczyk,20,Right Winger,FC St. Pauli,Free transfer,out,Winter,0,1 Bundesliga,2018,2018/2019
Bayer 04 Leverkusen,Tomasz Kucz,19,Goalkeeper,Dunajska Streda,Loan,out,Winter,0,1 Bundesliga,2018,2018/2019
RB Leipzig,Amadou Haidara,20,Central Midfield,RB Salzburg,£17.10m,in,Winter,17.1,1 Bundesliga,2018,2018/2019
RB Leipzig,Tyler Adams,19,Defensive Midfield,NY Red Bulls,£2.37m,in,Winter,2.37,1 Bundesliga,2018,2018/2019
RB Leipzig,Emile Smith Rowe,18,Attacking Midfield,Arsenal U23,Loan fee:£900Th.,in,Winter,0.9,1 Bundesliga,2018,2018/2019
RB Leipzig,Felix Beiersdorf,20,Central Midfield,ZFC Meuselwitz,"End of loanDec 31, 2018",in,Winter,0,1 Bundesliga,2018,2018/2019
RB Leipzig,Felix Beiersdorf,20,Central Midfield,LSV Südwest,Free transfer,out,Winter,0,1 Bundesliga,2018,2018/2019
RB Leipzig,Emre Aslan,19,Left Winger,Nuremberg II,Free transfer,out,Winter,0,1 Bundesliga,2018,2018/2019
VfB Stuttgart,Ozan Kabak,18,Centre-Back,Galatasaray,£9.90m,in,Winter,9.9,1 Bundesliga,2018,2018/2019
VfB Stuttgart,Steven Zuber,27,Left Midfield,TSG Hoffenheim,Loan fee:£540Th.,in,Winter,0.54,1 Bundesliga,2018,2018/2019
VfB Stuttgart,Alexander Esswein,28,Right Winger,Hertha BSC,Loan fee:£360Th.,in,Winter,0.36,1 Bundesliga,2018,2018/2019
VfB Stuttgart,Nunoo Sarpei,20,Defensive Midfield,Greuther Fürth,Loan fee:£45Th.,out,Winter,0.045,1 Bundesliga,2018,2018/2019
VfB Stuttgart,Berkay Özcan,20,Attacking Midfield,Hamburger SV,Loan,out,Winter,0,1 Bundesliga,2018,2018/2019
Eintracht Frankfurt,Tuta,19,Centre-Back,FC São Paulo B,£1.62m,in,Winter,1.62,1 Bundesliga,2018,2018/2019
Eintracht Frankfurt,Martin Hinteregger,26,Centre-Back,FC Augsburg,Loan fee:£720Th.,in,Winter,0.72,1 Bundesliga,2018,2018/2019
Eintracht Frankfurt,Almamy Touré,22,Right-Back,Monaco,£675Th.,in,Winter,0.675,1 Bundesliga,2018,2018/2019
Eintracht Frankfurt,Sebastian Rode,28,Central Midfield,Bor. Dortmund,Loan,in,Winter,0,1 Bundesliga,2018,2018/2019
Eintracht Frankfurt,Nils Stendera,18,Defensive Midfield,Frankfurt U19,-,in,Winter,0,1 Bundesliga,2018,2018/2019
Eintracht Frankfurt,Patrick Finger,18,Attacking Midfield,Frankfurt U19,-,in,Winter,0,1 Bundesliga,2018,2018/2019
Eintracht Frankfurt,Sahverdi Cetin,18,Defensive Midfield,Frankfurt U19,-,in,Winter,0,1 Bundesliga,2018,2018/2019
Eintracht Frankfurt,Carlos Salcedo,25,Centre-Back,Tigres UANL,£7.92m,out,Winter,7.92,1 Bundesliga,2018,2018/2019
Eintracht Frankfurt,Nicolai Müller,31,Right Winger,Hannover 96,Loan fee:£180Th.,out,Winter,0.18,1 Bundesliga,2018,2018/2019
Eintracht Frankfurt,Noel Knothe,19,Centre-Back,FC Pipinsried,Loan,out,Winter,0,1 Bundesliga,2018,2018/2019
Eintracht Frankfurt,Marco Fabián,29,Attacking Midfield,Philadelphia,Free transfer,out,Winter,0,1 Bundesliga,2018,2018/2019
Eintracht Frankfurt,Deji Beyreuther,19,Left-Back,Chemnitzer FC,Loan,out,Winter,0,1 Bundesliga,2018,2018/2019
Eintracht Frankfurt,Felix Wiedwald,28,Goalkeeper,MSV Duisburg,Loan,out,Winter,0,1 Bundesliga,2018,2018/2019
Eintracht Frankfurt,Allan,21,Central Midfield,Liverpool U23,"End of loanJan 31, 2019",out,Winter,0,1 Bundesliga,2018,2018/2019
Eintracht Frankfurt,Chico Geraldes,23,Attacking Midfield,Sporting CP,"End of loanDec 23, 2018",out,Winter,0,1 Bundesliga,2018,2018/2019
Borussia Mönchengladbach,Lászlo Bénes,21,Central Midfield,Holstein Kiel,Loan,out,Winter,0,1 Bundesliga,2018,2018/2019
Hertha BSC,Maximilian Pronichev,21,Centre-Forward,Erzgebirge Aue,"End of loanDec 31, 2018",in,Winter,0,1 Bundesliga,2018,2018/2019
Hertha BSC,Alexander Esswein,28,Right Winger,VfB Stuttgart,Loan fee:£360Th.,out,Winter,0.36,1 Bundesliga,2018,2018/2019
Hertha BSC,Sinan Kurt,22,Left Winger,WSG Wattens,Free transfer,out,Winter,0,1 Bundesliga,2018,2018/2019
Hertha BSC,Maximilian Pronichev,21,Centre-Forward,Hallescher FC,Loan,out,Winter,0,1 Bundesliga,2018,2018/2019
Hertha BSC,Sidney Friede,20,Central Midfield,Mouscron,Loan,out,Winter,0,1 Bundesliga,2018,2018/2019
Hertha BSC,Muhammed Kiprit,19,Centre-Forward,FC Wacker,Loan,out,Winter,0,1 Bundesliga,2018,2018/2019
SV Werder Bremen,Romano Schmid,18,Central Midfield,RB Salzburg,£900Th.,in,Winter,0.9,1 Bundesliga,2018,2018/2019
SV Werder Bremen,Florian Kainz,26,Left Winger,1. FC Köln,£2.70m,out,Winter,2.7,1 Bundesliga,2018,2018/2019
SV Werder Bremen,Jaroslav Drobny,39,Goalkeeper,F. Düsseldorf,Free transfer,out,Winter,0,1 Bundesliga,2018,2018/2019
SV Werder Bremen,Luca Caldirola,27,Centre-Back,Benevento,Free transfer,out,Winter,0,1 Bundesliga,2018,2018/2019
SV Werder Bremen,Ole Käuper,21,Defensive Midfield,Erzgebirge Aue,Loan,out,Winter,0,1 Bundesliga,2018,2018/2019
SV Werder Bremen,Romano Schmid,19,Central Midfield,Wolfsberger AC,Loan,out,Winter,0,1 Bundesliga,2018,2018/2019
SV Werder Bremen,Michael Zetterer,23,Goalkeeper,A. Klagenfurt,Loan,out,Winter,0,1 Bundesliga,2018,2018/2019
FC Augsburg,Reece Oxford,20,Centre-Back,West Ham,Loan fee:£450Th.,in,Winter,0.45,1 Bundesliga,2018,2018/2019
FC Augsburg,Gregor Kobel,21,Goalkeeper,TSG Hoffenheim,Loan fee:£135Th.,in,Winter,0.135,1 Bundesliga,2018,2018/2019
FC Augsburg,Benjamin Leneis,19,Goalkeeper,FC Augsburg II,-,in,Winter,0,1 Bundesliga,2018,2018/2019
FC Augsburg,Martin Hinteregger,26,Centre-Back,E. Frankfurt,Loan fee:£720Th.,out,Winter,0.72,1 Bundesliga,2018,2018/2019
FC Augsburg,Caiuby,30,Centre-Forward,Grasshoppers,Loan,out,Winter,0,1 Bundesliga,2018,2018/2019
Hannover 96,Kevin Akpoguma,23,Centre-Back,TSG Hoffenheim,Loan fee:£198Th.,in,Winter,0.198,1 Bundesliga,2018,2018/2019
Hannover 96,Nicolai Müller,31,Right Winger,E. Frankfurt,Loan fee:£180Th.,in,Winter,0.18,1 Bundesliga,2018,2018/2019
Hannover 96,Jonathas,29,Centre-Forward,Corinthians,"End of loanJan 18, 2019",in,Winter,0,1 Bundesliga,2018,2018/2019
Hannover 96,Samuel Sahin-Radlinger,26,Goalkeeper,SK Brann,"End of loanDec 31, 2018",in,Winter,0,1 Bundesliga,2018,2018/2019
Hannover 96,Uffe Bech,25,Right Winger,Bröndby IF,"End of loanDec 31, 2018",in,Winter,0,1 Bundesliga,2018,2018/2019
Hannover 96,Philipp Tschauner,33,Goalkeeper,FC Ingolstadt,Loan fee:£81Th.,out,Winter,0.081,1 Bundesliga,2018,2018/2019
SC Freiburg,Vincenzo Grifo,25,Left Winger,TSG Hoffenheim,Loan fee:£540Th.,in,Winter,0.54,1 Bundesliga,2018,2018/2019
SC Freiburg,Caleb Stanko,25,Defensive Midfield,Cincinnati,£180Th.,out,Winter,0.18,1 Bundesliga,2018,2018/2019
SC Freiburg,Patrick Kammerbauer,21,Defensive Midfield,Holstein Kiel,Loan,out,Winter,0,1 Bundesliga,2018,2018/2019
SC Freiburg,Yoric Ravet,29,Right Winger,Grasshoppers,Loan,out,Winter,0,1 Bundesliga,2018,2018/2019
VfL Wolfsburg,Riechedly Bazoer,22,Central Midfield,FC Porto,"End of loanJan 6, 2019",in,Winter,0,1 Bundesliga,2018,2018/2019
VfL Wolfsburg,Paul Seguin,23,Defensive Midfield,Greuther Fürth,Loan fee:£90Th.,out,Winter,0.09,1 Bundesliga,2018,2018/2019
VfL Wolfsburg,Jeffrey Bruma,27,Centre-Back,FC Schalke 04,Loan,out,Winter,0,1 Bundesliga,2018,2018/2019
VfL Wolfsburg,Jakub Blaszczykowski,33,Right Winger,Wisla Kraków,Free transfer,out,Winter,0,1 Bundesliga,2018,2018/2019
VfL Wolfsburg,Riechedly Bazoer,22,Central Midfield,FC Utrecht,Loan,out,Winter,0,1 Bundesliga,2018,2018/2019
Fortuna Düsseldorf,Dawid Kownacki,21,Centre-Forward,Sampdoria,Loan fee:£1.13m,in,Winter,1.13,1 Bundesliga,2018,2018/2019
Fortuna Düsseldorf,Jaroslav Drobny,39,Goalkeeper,Werder Bremen,Free transfer,in,Winter,0,1 Bundesliga,2018,2018/2019
Fortuna Düsseldorf,Markus Suttner,31,Left-Back,Brighton,Loan,in,Winter,0,1 Bundesliga,2018,2018/2019
Fortuna Düsseldorf,Johannes Bühler,21,Defensive Midfield,Without Club,-,in,Winter,0,1 Bundesliga,2018,2018/2019
Fortuna Düsseldorf,Havard Nielsen,25,Centre-Forward,MSV Duisburg,Loan,out,Winter,0,1 Bundesliga,2018,2018/2019
Fortuna Düsseldorf,Johannes Bühler,21,Defensive Midfield,VfR Aalen,Loan,out,Winter,0,1 Bundesliga,2018,2018/2019
Fortuna Düsseldorf,Gökhan Gül,20,Defensive Midfield,Wehen Wiesbaden,Loan,out,Winter,0,1 Bundesliga,2018,2018/2019
Fortuna Düsseldorf,Taylan Duman,21,Central Midfield,B. Dortmund II,?,out,Winter,NA,1 Bundesliga,2018,2018/2019
1.FC Nuremberg,Ivo Ilicevic,32,Left Winger,Kairat Almaty,Free transfer,in,Winter,0,1 Bundesliga,2018,2018/2019
1.FC Nuremberg,Simon Rhein,20,Defensive Midfield,Nuremberg II,-,in,Winter,0,1 Bundesliga,2018,2018/2019
