club_name,player_name,age,position,club_involved_name,fee,transfer_movement,transfer_period,fee_cleaned,league_name,year,season
Akhmat Grozny,Idrissa Doumbia,20,Defensive Midfield,RSC Anderlecht,£1.13m,in,Summer,1.13,Premier Liga,2018,2018/2019
Akhmat Grozny,Zoran Nizic,28,Centre-Back,Hajduk Split,£720Th.,in,Summer,0.72,Premier Liga,2018,2018/2019
Akhmat Grozny,Mikhail Gashchenkov,26,Central Midfield,Amkar Perm,Free transfer,in,Summer,0,Premier Liga,2018,2018/2019
Akhmat Grozny,Evgeniy Kharin,23,Left Midfield,FCI Levadia,Free transfer,in,Summer,0,Premier Liga,2018,2018/2019
Akhmat Grozny,Aleksandr Sheplyakov,21,Goalkeeper,Dnepr Smolensk,£5Th.,in,Summer,0.005,Premier Liga,2018,2018/2019
Akhmat Grozny,Magomed Musalov,24,Right-Back,Anzhi,Loan,in,Summer,0,Premier Liga,2018,2018/2019
Akhmat Grozny,Idris Umaev,19,Centre-Forward,Akhmat II,-,in,Summer,0,Premier Liga,2018,2018/2019
Akhmat Grozny,Facundo Píriz,28,Defensive Midfield,Montpellier,"End of loanJun 30, 2018",in,Summer,0,Premier Liga,2018,2018/2019
Akhmat Grozny,Gabriel Torje,28,Right Winger,Dinamo Bucarest,"End of loanJun 30, 2018",in,Summer,0,Premier Liga,2018,2018/2019
Akhmat Grozny,Léo Jabá,19,Right Winger,PAOK Salonika,£3.15m,out,Summer,3.15,Premier Liga,2018,2018/2019
Akhmat Grozny,Facundo Píriz,28,Defensive Midfield,Montpellier,£900Th.,out,Summer,0.9,Premier Liga,2018,2018/2019
Akhmat Grozny,Adlan Katsaev,30,Attacking Midfield,Anzhi,Free transfer,out,Summer,0,Premier Liga,2018,2018/2019
Akhmat Grozny,Philipe Sampaio,23,Centre-Back,Feirense,Free transfer,out,Summer,0,Premier Liga,2018,2018/2019
Akhmat Grozny,Gabriel Torje,28,Right Winger,Sivasspor,Free transfer,out,Summer,0,Premier Liga,2018,2018/2019
Akhmat Grozny,Roland Gigolaev,28,Left Midfield,Anzhi,Loan,out,Summer,0,Premier Liga,2018,2018/2019
Akhmat Grozny,Apti Akhyadov,24,Right Winger,Anzhi,Loan,out,Summer,0,Premier Liga,2018,2018/2019
Akhmat Grozny,Aleksandr Sheplyakov,21,Goalkeeper,CRFSO Smolensk,"End of loanJun 30, 2018",out,Summer,0,Premier Liga,2018,2018/2019
Anzhi Makhachkala,Andrés Ponce,21,Centre-Forward,Sampdoria,Free transfer,in,Summer,0,Premier Liga,2018,2018/2019
Anzhi Makhachkala,Amir Mokhammad,22,Attacking Midfield,Legion-Dinamo,Free transfer,in,Summer,0,Premier Liga,2018,2018/2019
Anzhi Makhachkala,Gaël Ondoua,22,Defensive Midfield,Zorya Lugansk,Free transfer,in,Summer,0,Premier Liga,2018,2018/2019
Anzhi Makhachkala,Adlan Katsaev,30,Attacking Midfield,Akhmat Grozny,Free transfer,in,Summer,0,Premier Liga,2018,2018/2019
Anzhi Makhachkala,Vladislav Kulik,33,Central Midfield,KS Samara,Free transfer,in,Summer,0,Premier Liga,2018,2018/2019
Anzhi Makhachkala,Konstantin Savichev,24,Right Midfield,SKA Khabarovsk,Free transfer,in,Summer,0,Premier Liga,2018,2018/2019
Anzhi Makhachkala,Evgeniy Gapon,27,Left-Back,Kuban Krasnodar,Free transfer,in,Summer,0,Premier Liga,2018,2018/2019
Anzhi Makhachkala,Yuri Dyupin,30,Goalkeeper,Kuban Krasnodar,Free transfer,in,Summer,0,Premier Liga,2018,2018/2019
Anzhi Makhachkala,Dmitri Belorukov,35,Centre-Back,Dynamo Moscow,Free transfer,in,Summer,0,Premier Liga,2018,2018/2019
Anzhi Makhachkala,Roland Gigolaev,28,Left Midfield,Akhmat Grozny,Loan,in,Summer,0,Premier Liga,2018,2018/2019
Anzhi Makhachkala,Apti Akhyadov,24,Right Winger,Akhmat Grozny,Loan,in,Summer,0,Premier Liga,2018,2018/2019
Anzhi Makhachkala,Pavel Dolgov,21,Centre-Forward,Torpedo Zhodino,"End of loanJul 25, 2018",in,Summer,0,Premier Liga,2018,2018/2019
Anzhi Makhachkala,Ivan Novoseltsev,26,Centre-Back,Zenit S-Pb,Loan,in,Summer,0,Premier Liga,2018,2018/2019
Anzhi Makhachkala,Mohammed Rabiu,28,Defensive Midfield,Career break,-,in,Summer,0,Premier Liga,2018,2018/2019
Anzhi Makhachkala,Danil Glebov,18,Central Midfield,Anzhi II,-,in,Summer,0,Premier Liga,2018,2018/2019
Anzhi Makhachkala,Igor Udalyi,33,Centre-Back,Orenburg,"End of loanJun 30, 2018",in,Summer,0,Premier Liga,2018,2018/2019
Anzhi Makhachkala,Paul Anton,27,Central Midfield,KS Samara,£360Th.,out,Summer,0.36,Premier Liga,2018,2018/2019
Anzhi Makhachkala,Aleksandr Prudnikov,29,Centre-Forward,Spartaks,Free transfer,out,Summer,0,Premier Liga,2018,2018/2019
Anzhi Makhachkala,Miral Samardzic,31,Centre-Back,KS Samara,Free transfer,out,Summer,0,Premier Liga,2018,2018/2019
Anzhi Makhachkala,Igor Armas,31,Centre-Back,FC Voluntari,Free transfer,out,Summer,0,Premier Liga,2018,2018/2019
Anzhi Makhachkala,Arsen Khubulov,27,Right Winger,BB Erzurumspor,Free transfer,out,Summer,0,Premier Liga,2018,2018/2019
Anzhi Makhachkala,Pavel Yakovlev,27,Left Winger,KS Samara,Free transfer,out,Summer,0,Premier Liga,2018,2018/2019
Anzhi Makhachkala,Sergey Bryzgalov,25,Centre-Back,Ural,Free transfer,out,Summer,0,Premier Liga,2018,2018/2019
Anzhi Makhachkala,Kwadwo Poku,26,Attacking Midfield,TB Rowdies,Free transfer,out,Summer,0,Premier Liga,2018,2018/2019
Anzhi Makhachkala,Vladimir Poluyakhtov,28,Left-Back,KS Samara,Free transfer,out,Summer,0,Premier Liga,2018,2018/2019
Anzhi Makhachkala,Mikhail Bakaev,30,Defensive Midfield,Orenburg,Free transfer,out,Summer,0,Premier Liga,2018,2018/2019
Anzhi Makhachkala,Islam Zhilov,20,Right-Back,Urozhay,Free transfer,out,Summer,0,Premier Liga,2018,2018/2019
Anzhi Makhachkala,Amur Kalmykov,24,Centre-Forward,Urozhay,Loan,out,Summer,0,Premier Liga,2018,2018/2019
Anzhi Makhachkala,Juan Lescano,25,Centre-Forward,Tobol Kostanay,Loan,out,Summer,0,Premier Liga,2018,2018/2019
Anzhi Makhachkala,Magomed Musalov,24,Right-Back,Akhmat Grozny,Loan,out,Summer,0,Premier Liga,2018,2018/2019
Anzhi Makhachkala,Ivan Ivanchenko,19,Centre-Forward,Zvezda Perm,Loan,out,Summer,0,Premier Liga,2018,2018/2019
Anzhi Makhachkala,Oleg Danchenko,23,Right-Back,Shakhtar D.,"End of loanJun 30, 2018",out,Summer,0,Premier Liga,2018,2018/2019
Anzhi Makhachkala,Giorgi Loria,32,Goalkeeper,KS Samara,"End of loanJun 30, 2018",out,Summer,0,Premier Liga,2018,2018/2019
Anzhi Makhachkala,Pylyp Budkivskyi,26,Centre-Forward,Shakhtar D.,"End of loanJun 30, 2018",out,Summer,0,Premier Liga,2018,2018/2019
Arsenal Tula,Georgi Kostadinov,27,Defensive Midfield,Maccabi Haifa,£180Th.,in,Summer,0.18,Premier Liga,2018,2018/2019
Arsenal Tula,Artur Nigmatullin,27,Goalkeeper,Amkar Perm,Free transfer,in,Summer,0,Premier Liga,2018,2018/2019
Arsenal Tula,Egor Shamov,24,Goalkeeper,Luch,Free transfer,in,Summer,0,Premier Liga,2018,2018/2019
Arsenal Tula,Artem Sokol,21,Centre-Back,Spartak 2,£7Th.,in,Summer,0.007,Premier Liga,2018,2018/2019
Arsenal Tula,Reziuan Mirzov,25,Left Winger,Rostov,Loan,in,Summer,0,Premier Liga,2018,2018/2019
Arsenal Tula,Zelimkhan Bakaev,22,Attacking Midfield,Spartak Moscow,Loan,in,Summer,0,Premier Liga,2018,2018/2019
Arsenal Tula,Mohammed Kadiri,22,Defensive Midfield,Austria Vienna,Loan,in,Summer,0,Premier Liga,2018,2018/2019
Arsenal Tula,Ognjen Ozegovic,24,Centre-Forward,Partizan,Loan,in,Summer,0,Premier Liga,2018,2018/2019
Arsenal Tula,Daniil Lesovoy,20,Left Winger,Zenit 2 S-Pb,Loan,in,Summer,0,Premier Liga,2018,2018/2019
Arsenal Tula,Yaroslav Ivakin,19,Right Winger,Arsenal Tula II,-,in,Summer,0,Premier Liga,2018,2018/2019
Arsenal Tula,Maksim Mashnev,25,Defensive Midfield,Luch Vladivostok,"End of loanJun 30, 2018",in,Summer,0,Premier Liga,2018,2018/2019
Arsenal Tula,Aleksandr Stolyarenko,27,Centre-Back,Rotor Volgograd,"End of loanJun 30, 2018",in,Summer,0,Premier Liga,2018,2018/2019
Arsenal Tula,Vladislav Ryzhkov,28,Attacking Midfield,Tambov,"End of loanJun 30, 2018",in,Summer,0,Premier Liga,2018,2018/2019
Arsenal Tula,Goran Causic,26,Central Midfield,Red Star,£900Th.,out,Summer,0.9,Premier Liga,2018,2018/2019
Arsenal Tula,Vladislav Ryzhkov,28,Attacking Midfield,Sibir,Free transfer,out,Summer,0,Premier Liga,2018,2018/2019
Arsenal Tula,Aleksandr Stolyarenko,27,Centre-Back,Tyumen,Free transfer,out,Summer,0,Premier Liga,2018,2018/2019
Arsenal Tula,Maksim Mashnev,25,Defensive Midfield,Luch,Free transfer,out,Summer,0,Premier Liga,2018,2018/2019
Arsenal Tula,Igor Shevchenko,33,Right Winger,Syzran-2003,Free transfer,out,Summer,0,Premier Liga,2018,2018/2019
Arsenal Tula,Federico Rasic,26,Centre-Forward,Pafos FC,Free transfer,out,Summer,0,Premier Liga,2018,2018/2019
Arsenal Tula,Alexandru Bourceanu,33,Defensive Midfield,D. Calarasi,Free transfer,out,Summer,0,Premier Liga,2018,2018/2019
Arsenal Tula,Ilya Maksimov,31,Central Midfield,Khimik,-,out,Summer,0,Premier Liga,2018,2018/2019
Arsenal Tula,Stoppila Sunzu,29,Centre-Back,LOSC Lille,"End of loanJun 30, 2018",out,Summer,0,Premier Liga,2018,2018/2019
Arsenal Tula,Igor Obukhov,22,Goalkeeper,Zenit 2 S-Pb,"End of loanJun 30, 2018",out,Summer,0,Premier Liga,2018,2018/2019
Arsenal Tula,Ivan Novoseltsev,26,Centre-Back,Zenit S-Pb,"End of loanJun 30, 2018",out,Summer,0,Premier Liga,2018,2018/2019
Arsenal Tula,Artem Dzyuba,29,Centre-Forward,Zenit S-Pb,"End of loanJun 30, 2018",out,Summer,0,Premier Liga,2018,2018/2019
Arsenal Tula,Habib Maïga,22,Defensive Midfield,Saint-Étienne,"End of loanJun 30, 2018",out,Summer,0,Premier Liga,2018,2018/2019
Dynamo Moscow,Miguel Cardoso,24,Right Winger,Tondela,£450Th.,in,Summer,0.45,Premier Liga,2018,2018/2019
Dynamo Moscow,Joãozinho,29,Left Winger,Krasnodar,Free transfer,in,Summer,0,Premier Liga,2018,2018/2019
Dynamo Moscow,Roman Evgenjev,19,Centre-Back,Dynamo M II,-,in,Summer,0,Premier Liga,2018,2018/2019
Dynamo Moscow,Dmitri Belorukov,35,Centre-Back,Amkar Perm,"End of loanJun 30, 2018",in,Summer,0,Premier Liga,2018,2018/2019
Dynamo Moscow,Aleksandr Tashaev,24,Right Winger,Spartak Moscow,£1.35m,out,Summer,1.35,Premier Liga,2018,2018/2019
Dynamo Moscow,Nikita Kalugin,20,Centre-Back,Sochi,£180Th.,out,Summer,0.18,Premier Liga,2018,2018/2019
Dynamo Moscow,Dmitri Belorukov,35,Centre-Back,Anzhi,Free transfer,out,Summer,0,Premier Liga,2018,2018/2019
Dynamo Moscow,Anatoli Katrich,23,Right Midfield,Krasnodar,Free transfer,out,Summer,0,Premier Liga,2018,2018/2019
Dynamo Moscow,Aleksandr Zotov,27,Central Midfield,Enisey,Loan,out,Summer,0,Premier Liga,2018,2018/2019
Dynamo Moscow,Nikolay Obolskiy,21,Centre-Forward,Sochi,Loan,out,Summer,0,Premier Liga,2018,2018/2019
Dynamo Moscow,Ibragim Tsallagov,27,Defensive Midfield,Zenit S-Pb,"End of loanJun 30, 2018",out,Summer,0,Premier Liga,2018,2018/2019
Enisey Krasnoyarsk,David Yurchenko,32,Goalkeeper,Tosno,Free transfer,in,Summer,0,Premier Liga,2018,2018/2019
Enisey Krasnoyarsk,Mikhail Kostyukov,26,Right Winger,Amkar Perm,Free transfer,in,Summer,0,Premier Liga,2018,2018/2019
Enisey Krasnoyarsk,Petar Zanev,32,Left-Back,Amkar Perm,Free transfer,in,Summer,0,Premier Liga,2018,2018/2019
Enisey Krasnoyarsk,Darko Bodul,29,Centre-Forward,Amkar Perm,Free transfer,in,Summer,0,Premier Liga,2018,2018/2019
Enisey Krasnoyarsk,Pavel Komolov,29,Central Midfield,Amkar Perm,Free transfer,in,Summer,0,Premier Liga,2018,2018/2019
Enisey Krasnoyarsk,Fegor Ogude,30,Defensive Midfield,Amkar Perm,Free transfer,in,Summer,0,Premier Liga,2018,2018/2019
Enisey Krasnoyarsk,Dmitri Yatchenko,31,Right-Back,KS Samara,Free transfer,in,Summer,0,Premier Liga,2018,2018/2019
Enisey Krasnoyarsk,Rade Dugalic,25,Centre-Back,Tosno,Free transfer,in,Summer,0,Premier Liga,2018,2018/2019
Enisey Krasnoyarsk,Dmitri Torbinski,34,Central Midfield,Baltika,Free transfer,in,Summer,0,Premier Liga,2018,2018/2019
Enisey Krasnoyarsk,Aleksey Gritsaenko,23,Centre-Back,Krasnodar,Loan,in,Summer,0,Premier Liga,2018,2018/2019
Enisey Krasnoyarsk,Enis Gavazaj,23,Left Winger,KF Skënderbeu,Loan,in,Summer,0,Premier Liga,2018,2018/2019
Enisey Krasnoyarsk,Aleksandr Zotov,27,Central Midfield,Dynamo Moscow,Loan,in,Summer,0,Premier Liga,2018,2018/2019
Enisey Krasnoyarsk,Ali Gadzhibekov,28,Centre-Back,KS Samara,Loan,in,Summer,0,Premier Liga,2018,2018/2019
Enisey Krasnoyarsk,Konstantin Garbuz,30,Left-Back,Tambov,Free transfer,out,Summer,0,Premier Liga,2018,2018/2019
Enisey Krasnoyarsk,Ilya Karpuk,21,Centre-Forward,FK Ryazan,Free transfer,out,Summer,0,Premier Liga,2018,2018/2019
Enisey Krasnoyarsk,Aleksandr Zhirov,27,Centre-Back,SV Sandhausen,Free transfer,out,Summer,0,Premier Liga,2018,2018/2019
Enisey Krasnoyarsk,Maksim Vasiljev,31,Centre-Back,Rotor Volgograd,Free transfer,out,Summer,0,Premier Liga,2018,2018/2019
Enisey Krasnoyarsk,Petr Ten,25,Left-Back,Tom Tomsk,Free transfer,out,Summer,0,Premier Liga,2018,2018/2019
Enisey Krasnoyarsk,Vadim Steklov,33,Central Midfield,Avangard Kursk,Free transfer,out,Summer,0,Premier Liga,2018,2018/2019
Enisey Krasnoyarsk,Nikita Chicherin,27,Right-Back,KS Samara,Free transfer,out,Summer,0,Premier Liga,2018,2018/2019
Enisey Krasnoyarsk,Vladimirs Kamess,29,Right Winger,Liepaja,Free transfer,out,Summer,0,Premier Liga,2018,2018/2019
Enisey Krasnoyarsk,Artur Maloyan,29,Centre-Forward,Tyumen,Loan,out,Summer,0,Premier Liga,2018,2018/2019
Enisey Krasnoyarsk,Serder Serderov,24,Left Winger,Cracovia,Free transfer,out,Summer,0,Premier Liga,2018,2018/2019
Enisey Krasnoyarsk,David Mildzikhov,24,Right-Back,Khimki,Loan,out,Summer,0,Premier Liga,2018,2018/2019
Enisey Krasnoyarsk,Aleksandr Novikov,33,Centre-Back,Retired,-,out,Summer,0,Premier Liga,2018,2018/2019
Enisey Krasnoyarsk,Petar Zanev,33,Left-Back,Without Club,-,out,Summer,0,Premier Liga,2018,2018/2019
Enisey Krasnoyarsk,Maksim Rudnev,21,Centre-Forward,Syzran-2003,Loan,out,Summer,0,Premier Liga,2018,2018/2019
Enisey Krasnoyarsk,Ruslan Yunusov,19,Goalkeeper,Enisey II,-,out,Summer,0,Premier Liga,2018,2018/2019
Enisey Krasnoyarsk,Stanislav Matyash,27,Right Winger,Tyumen,Loan,out,Summer,0,Premier Liga,2018,2018/2019
Enisey Krasnoyarsk,Ali Gadzhibekov,29,Centre-Back,KS Samara,"End of loanMay 31, 2019",out,Summer,0,Premier Liga,2018,2018/2019
Enisey Krasnoyarsk,Aleksey Isaev,22,Central Midfield,Zenit 2 S-Pb,"End of loanJun 30, 2018",out,Summer,0,Premier Liga,2018,2018/2019
Enisey Krasnoyarsk,Aleksandr Lomakin,23,Central Midfield,Ural,"End of loanJun 30, 2018",out,Summer,0,Premier Liga,2018,2018/2019
FK Krasnodar,Christian Cueva,26,Attacking Midfield,São Paulo,£7.20m,in,Summer,7.2,Premier Liga,2018,2018/2019
FK Krasnodar,Uros Spajic,25,Centre-Back,RSC Anderlecht,£5.40m,in,Summer,5.4,Premier Liga,2018,2018/2019
FK Krasnodar,Dmitri Stotskiy,28,Right-Back,Ufa,£1.80m,in,Summer,1.8,Premier Liga,2018,2018/2019
FK Krasnodar,Jon Gudni Fjóluson,29,Centre-Back,Norrköping,£540Th.,in,Summer,0.54,Premier Liga,2018,2018/2019
FK Krasnodar,Nikolay Markov,33,Right-Back,Kuban Krasnodar,Free transfer,in,Summer,0,Premier Liga,2018,2018/2019
FK Krasnodar,Anatoli Katrich,23,Right Midfield,Dynamo Moscow,Free transfer,in,Summer,0,Premier Liga,2018,2018/2019
FK Krasnodar,Ari,32,Centre-Forward,Loko Moscow,"End of loanJun 30, 2018",in,Summer,0,Premier Liga,2018,2018/2019
FK Krasnodar,Ruslan Bolov,24,Centre-Forward,Avangard Kursk,"End of loanJun 30, 2018",in,Summer,0,Premier Liga,2018,2018/2019
FK Krasnodar,Vyacheslav Podberezkin,26,Attacking Midfield,Rubin Kazan,"End of loanJun 30, 2018",in,Summer,0,Premier Liga,2018,2018/2019
FK Krasnodar,Ilya Zhigulev,22,Central Midfield,Tosno,"End of loanJun 30, 2018",in,Summer,0,Premier Liga,2018,2018/2019
FK Krasnodar,Fedor Smolov,28,Centre-Forward,Loko Moscow,£8.10m,out,Summer,8.1,Premier Liga,2018,2018/2019
FK Krasnodar,Vyacheslav Podberezkin,26,Attacking Midfield,Rubin Kazan,£810Th.,out,Summer,0.81,Premier Liga,2018,2018/2019
FK Krasnodar,Andreas Granqvist,33,Centre-Back,Helsingborg,Free transfer,out,Summer,0,Premier Liga,2018,2018/2019
FK Krasnodar,Ricardo Laborde,30,Right Winger,Anorthosis,Free transfer,out,Summer,0,Premier Liga,2018,2018/2019
FK Krasnodar,Joãozinho,29,Left Winger,Dynamo Moscow,Free transfer,out,Summer,0,Premier Liga,2018,2018/2019
FK Krasnodar,Ruslan Bolov,24,Centre-Forward,Khimki,Free transfer,out,Summer,0,Premier Liga,2018,2018/2019
FK Krasnodar,Andrei Ivan,21,Left Winger,Rapid Vienna,Loan,out,Summer,0,Premier Liga,2018,2018/2019
FK Krasnodar,Aleksey Gritsaenko,23,Centre-Back,Enisey,Loan,out,Summer,0,Premier Liga,2018,2018/2019
FK Krasnodar,Ilya Zhigulev,22,Central Midfield,Ural,Loan,out,Summer,0,Premier Liga,2018,2018/2019
FK Krasnodar,Renat Yanbaev,34,Left-Back,Without Club,-,out,Summer,0,Premier Liga,2018,2018/2019
FK Krasnodar,Igor Kalinin,22,Left-Back,Without Club,-,out,Summer,0,Premier Liga,2018,2018/2019
FK Krasnodar,Oleg Shatov,27,Attacking Midfield,Zenit S-Pb,"End of loanJun 30, 2018",out,Summer,0,Premier Liga,2018,2018/2019
Krylya Sovetov Samara,Paul Anton,27,Central Midfield,Anzhi,£360Th.,in,Summer,0.36,Premier Liga,2018,2018/2019
Krylya Sovetov Samara,Agustín Rogel,20,Centre-Back,Nacional,Free transfer,in,Summer,0,Premier Liga,2018,2018/2019
Krylya Sovetov Samara,Miral Samardzic,31,Centre-Back,Anzhi,Free transfer,in,Summer,0,Premier Liga,2018,2018/2019
Krylya Sovetov Samara,Vanja Vucicevic,20,Centre-Forward,Red Star,Free transfer,in,Summer,0,Premier Liga,2018,2018/2019
Krylya Sovetov Samara,Sergey Ryzhikov,37,Goalkeeper,Rubin Kazan,Free transfer,in,Summer,0,Premier Liga,2018,2018/2019
Krylya Sovetov Samara,Ramil Sheydaev,22,Centre-Forward,Trabzonspor,Free transfer,in,Summer,0,Premier Liga,2018,2018/2019
Krylya Sovetov Samara,Pavel Yakovlev,27,Left Winger,Anzhi,Free transfer,in,Summer,0,Premier Liga,2018,2018/2019
Krylya Sovetov Samara,Nikita Chicherin,27,Right-Back,Enisey,Free transfer,in,Summer,0,Premier Liga,2018,2018/2019
Krylya Sovetov Samara,Vladimir Poluyakhtov,28,Left-Back,Anzhi,Free transfer,in,Summer,0,Premier Liga,2018,2018/2019
Krylya Sovetov Samara,Mikhail Oparin,25,Goalkeeper,Tosno,Free transfer,in,Summer,0,Premier Liga,2018,2018/2019
Krylya Sovetov Samara,Maksim Kanunnikov,27,Centre-Forward,SKA Khabarovsk,Free transfer,in,Summer,0,Premier Liga,2018,2018/2019
Krylya Sovetov Samara,Vitali Denisov,31,Left-Back,Loko Moscow,Loan,in,Summer,0,Premier Liga,2018,2018/2019
Krylya Sovetov Samara,Ali Gadzhibekov,29,Centre-Back,Enisey,"End of loanMay 31, 2019",in,Summer,0,Premier Liga,2018,2018/2019
Krylya Sovetov Samara,Georgi Tigiev,23,Left-Back,Spartak Moscow,Loan,in,Summer,0,Premier Liga,2018,2018/2019
Krylya Sovetov Samara,Yohan Mollo,29,Left Winger,Without Club,-,in,Summer,0,Premier Liga,2018,2018/2019
Krylya Sovetov Samara,Sheldon Bateau,27,Centre-Back,Kairat Almaty,"End of loanJun 30, 2018",in,Summer,0,Premier Liga,2018,2018/2019
Krylya Sovetov Samara,Pavel Kudryashov,21,Right Winger,Tom Tomsk,"End of loanJun 30, 2018",in,Summer,0,Premier Liga,2018,2018/2019
Krylya Sovetov Samara,Giorgi Loria,32,Goalkeeper,Anzhi,"End of loanJun 30, 2018",in,Summer,0,Premier Liga,2018,2018/2019
Krylya Sovetov Samara,Vyacheslav Zinkov,25,Defensive Midfield,Zenit 2 S-Pb,"End of loanJun 30, 2018",in,Summer,0,Premier Liga,2018,2018/2019
Krylya Sovetov Samara,Sergey Samodin,33,Centre-Forward,Shinnik,Free transfer,out,Summer,0,Premier Liga,2018,2018/2019
Krylya Sovetov Samara,Pavel Kudryashov,21,Right Winger,Tom Tomsk,Free transfer,out,Summer,0,Premier Liga,2018,2018/2019
Krylya Sovetov Samara,Azer Aliev,24,Right Midfield,Ufa,Free transfer,out,Summer,0,Premier Liga,2018,2018/2019
Krylya Sovetov Samara,Mikhail Oparin,25,Goalkeeper,SKA Khabarovsk,Free transfer,out,Summer,0,Premier Liga,2018,2018/2019
Krylya Sovetov Samara,Vladislav Kulik,33,Central Midfield,Anzhi,Free transfer,out,Summer,0,Premier Liga,2018,2018/2019
Krylya Sovetov Samara,Artem Leonov,24,Goalkeeper,SKA Khabarovsk,Free transfer,out,Summer,0,Premier Liga,2018,2018/2019
Krylya Sovetov Samara,Dmitri Yatchenko,31,Right-Back,Enisey,Free transfer,out,Summer,0,Premier Liga,2018,2018/2019
Krylya Sovetov Samara,Ivan Taranov,32,Centre-Back,Krasnodar 2,Free transfer,out,Summer,0,Premier Liga,2018,2018/2019
Krylya Sovetov Samara,Danil Klenkin,28,Attacking Midfield,Tambov,Free transfer,out,Summer,0,Premier Liga,2018,2018/2019
Krylya Sovetov Samara,Sheldon Bateau,27,Centre-Back,Kairat Almaty,?,out,Summer,NA,Premier Liga,2018,2018/2019
Krylya Sovetov Samara,Vitali Shilnikov,20,Goalkeeper,Syzran-2003,Loan,out,Summer,0,Premier Liga,2018,2018/2019
Krylya Sovetov Samara,Giorgi Loria,32,Goalkeeper,Without Club,-,out,Summer,0,Premier Liga,2018,2018/2019
Krylya Sovetov Samara,Ilya Viznovich,20,Centre-Forward,Luch,Loan,out,Summer,0,Premier Liga,2018,2018/2019
Krylya Sovetov Samara,Ali Gadzhibekov,28,Centre-Back,Enisey,Loan,out,Summer,0,Premier Liga,2018,2018/2019
Krylya Sovetov Samara,Svyatoslav Georgievski,22,Right Winger,Career break,-,out,Summer,0,Premier Liga,2018,2018/2019
Krylya Sovetov Samara,Vyacheslav Zinkov,25,Defensive Midfield,Career break,-,out,Summer,0,Premier Liga,2018,2018/2019
Lokomotiv Moscow,Fedor Smolov,28,Centre-Forward,Krasnodar,£8.10m,in,Summer,8.1,Premier Liga,2018,2018/2019
Lokomotiv Moscow,Benedikt Höwedes,30,Centre-Back,FC Schalke 04,£4.50m,in,Summer,4.5,Premier Liga,2018,2018/2019
Lokomotiv Moscow,Rifat Zhemaletdinov,21,Right Winger,Rubin Kazan,£1.35m,in,Summer,1.35,Premier Liga,2018,2018/2019
Lokomotiv Moscow,Grzegorz Krychowiak,28,Defensive Midfield,Paris SG,Loan fee:£1.35m,in,Summer,1.35,Premier Liga,2018,2018/2019
Lokomotiv Moscow,Éder,30,Centre-Forward,LOSC Lille,£450Th.,in,Summer,0.45,Premier Liga,2018,2018/2019
Lokomotiv Moscow,Bryan Idowu,26,Left-Back,Amkar Perm,Free transfer,in,Summer,0,Premier Liga,2018,2018/2019
Lokomotiv Moscow,Igor Portnyagin,29,Centre-Forward,Ural,"End of loanJun 30, 2018",in,Summer,0,Premier Liga,2018,2018/2019
Lokomotiv Moscow,Timofey Margasov,26,Right-Back,Tosno,"End of loanJun 30, 2018",in,Summer,0,Premier Liga,2018,2018/2019
Lokomotiv Moscow,Nemanja Pejcinovic,30,Centre-Back,CC Yatai,Free transfer,out,Summer,0,Premier Liga,2018,2018/2019
Lokomotiv Moscow,Miroslav Lobantsev,23,Goalkeeper,Rotor Volgograd,Free transfer,out,Summer,0,Premier Liga,2018,2018/2019
Lokomotiv Moscow,Arshak Koryan,23,Right Winger,Khimki,Loan,out,Summer,0,Premier Liga,2018,2018/2019
Lokomotiv Moscow,Igor Portnyagin,29,Centre-Forward,Khimki,Loan,out,Summer,0,Premier Liga,2018,2018/2019
Lokomotiv Moscow,Vitali Denisov,31,Left-Back,KS Samara,Loan,out,Summer,0,Premier Liga,2018,2018/2019
Lokomotiv Moscow,Alan Kasaev,32,Left Winger,Baltika,Loan,out,Summer,0,Premier Liga,2018,2018/2019
Lokomotiv Moscow,Ari,32,Centre-Forward,Krasnodar,"End of loanJun 30, 2018",out,Summer,0,Premier Liga,2018,2018/2019
Lokomotiv Moscow,Éder,30,Centre-Forward,LOSC Lille,"End of loanJun 30, 2018",out,Summer,0,Premier Liga,2018,2018/2019
FK Orenburg,Danijel Miskic,24,Central Midfield,NK Olimpija,£270Th.,in,Summer,0.27,Premier Liga,2018,2018/2019
FK Orenburg,Andrea Chukanov,22,Right Winger,Tyumen,£63Th.,in,Summer,0.063,Premier Liga,2018,2018/2019
FK Orenburg,Vitali Shakhov,27,Centre-Back,Tosno,Free transfer,in,Summer,0,Premier Liga,2018,2018/2019
FK Orenburg,Nikita Malyarov,28,Central Midfield,Kuban Krasnodar,Free transfer,in,Summer,0,Premier Liga,2018,2018/2019
FK Orenburg,Mikhail Sivakov,30,Centre-Back,Amkar Perm,Free transfer,in,Summer,0,Premier Liga,2018,2018/2019
FK Orenburg,Mikhail Bakaev,30,Defensive Midfield,Anzhi,Free transfer,in,Summer,0,Premier Liga,2018,2018/2019
FK Orenburg,Djordje Despotovic,26,Centre-Forward,FC Astana,Free transfer,in,Summer,0,Premier Liga,2018,2018/2019
FK Orenburg,Artem Galadzhan,20,Centre-Forward,Loko-Kazanka M.,Loan,in,Summer,0,Premier Liga,2018,2018/2019
FK Orenburg,Aleksandr Dovbnya,31,Goalkeeper,SKA Khabarovsk,?,in,Summer,NA,Premier Liga,2018,2018/2019
FK Orenburg,Artem Kulishev,24,Right Winger,Dinamo S-Pb,?,in,Summer,NA,Premier Liga,2018,2018/2019
FK Orenburg,Ricardo Alves,25,Attacking Midfield,Without Club,-,in,Summer,0,Premier Liga,2018,2018/2019
FK Orenburg,Michal Duris,30,Centre-Forward,Anorthosis,"End of loanJun 30, 2018",in,Summer,0,Premier Liga,2018,2018/2019
FK Orenburg,Islam Mashukov,23,Centre-Forward,Khimki,"End of loanJun 30, 2018",in,Summer,0,Premier Liga,2018,2018/2019
FK Orenburg,Michal Duris,30,Centre-Forward,Anorthosis,£540Th.,out,Summer,0.54,Premier Liga,2018,2018/2019
FK Orenburg,Igor Koronov,32,Right Midfield,Tyumen,Free transfer,out,Summer,0,Premier Liga,2018,2018/2019
FK Orenburg,Vladimir Parnyakov,34,Right Midfield,Tyumen,Free transfer,out,Summer,0,Premier Liga,2018,2018/2019
FK Orenburg,Artem Deljkin,27,Centre-Forward,Nizhny Novgorod,Free transfer,out,Summer,0,Premier Liga,2018,2018/2019
FK Orenburg,Khasan Mamtov,34,Centre-Forward,Tambov,Free transfer,out,Summer,0,Premier Liga,2018,2018/2019
FK Orenburg,Maksim Plopa,28,Centre-Back,Baltika,Free transfer,out,Summer,0,Premier Liga,2018,2018/2019
FK Orenburg,Farkhod Vasiev,28,Left-Back,Tyumen,Free transfer,out,Summer,0,Premier Liga,2018,2018/2019
FK Orenburg,Roman Vorobjov,34,Central Midfield,Rotor Volgograd,Free transfer,out,Summer,0,Premier Liga,2018,2018/2019
FK Orenburg,Islam Mashukov,23,Centre-Forward,Spartak Nalchik,Free transfer,out,Summer,0,Premier Liga,2018,2018/2019
FK Orenburg,Artem Popov,25,Right Winger,Rotor Volgograd,?,out,Summer,NA,Premier Liga,2018,2018/2019
FK Orenburg,Dmitri Efremov,23,Right Midfield,CSKA Moscow,"End of loanJun 30, 2018",out,Summer,0,Premier Liga,2018,2018/2019
FK Orenburg,Igor Udalyi,33,Centre-Back,Anzhi,"End of loanJun 30, 2018",out,Summer,0,Premier Liga,2018,2018/2019
FK Rostov,Vidar Örn Kjartansson,28,Centre-Forward,M. Tel Aviv,£2.25m,in,Summer,2.25,Premier Liga,2018,2018/2019
FK Rostov,Dennis Hadzikadunic,20,Centre-Back,Malmö FF,£900Th.,in,Summer,0.9,Premier Liga,2018,2018/2019
FK Rostov,Anton Salétros,22,Defensive Midfield,AIK,£540Th.,in,Summer,0.54,Premier Liga,2018,2018/2019
FK Rostov,Aleksandr Zuev,22,Left Winger,Spartak Moscow,£450Th.,in,Summer,0.45,Premier Liga,2018,2018/2019
FK Rostov,Ayaz Guliev,21,Central Midfield,Spartak 2,£450Th.,in,Summer,0.45,Premier Liga,2018,2018/2019
FK Rostov,Artem Shchadin,25,Left-Back,Kuban Krasnodar,Free transfer,in,Summer,0,Premier Liga,2018,2018/2019
FK Rostov,Arseni Logashov,26,Right-Back,Baltika,Free transfer,in,Summer,0,Premier Liga,2018,2018/2019
FK Rostov,Artur Yusupov,28,Central Midfield,Zenit S-Pb,Free transfer,in,Summer,0,Premier Liga,2018,2018/2019
FK Rostov,Nika Kacharava,24,Centre-Forward,Korona Kielce,"End of loanJun 30, 2018",in,Summer,0,Premier Liga,2018,2018/2019
FK Rostov,Aleksandr Troshechkin,22,Defensive Midfield,Tosno,"End of loanJun 30, 2018",in,Summer,0,Premier Liga,2018,2018/2019
FK Rostov,Reziuan Mirzov,25,Left Winger,Tosno,"End of loanJun 30, 2018",in,Summer,0,Premier Liga,2018,2018/2019
FK Rostov,Saeid Ezatolahi,21,Defensive Midfield,Amkar Perm,"End of loanJun 30, 2018",in,Summer,0,Premier Liga,2018,2018/2019
FK Rostov,Igor Kireev,26,Right Midfield,Avangard Kursk,"End of loanJun 30, 2018",in,Summer,0,Premier Liga,2018,2018/2019
FK Rostov,Igor Kireev,26,Right Midfield,Mordovia,Free transfer,out,Summer,0,Premier Liga,2018,2018/2019
FK Rostov,Moussa Doumbia,23,Left Winger,Stade Reims,Free transfer,out,Summer,0,Premier Liga,2018,2018/2019
FK Rostov,Nika Kacharava,24,Centre-Forward,Anorthosis,Free transfer,out,Summer,0,Premier Liga,2018,2018/2019
FK Rostov,Vladimir Dyadyun,29,Centre-Forward,Baltika,Free transfer,out,Summer,0,Premier Liga,2018,2018/2019
FK Rostov,Valeri Chuperka,26,Central Midfield,Tambov,Free transfer,out,Summer,0,Premier Liga,2018,2018/2019
FK Rostov,Evgeni Makeev,29,Right-Back,Sochi,Free transfer,out,Summer,0,Premier Liga,2018,2018/2019
FK Rostov,Aleksandr Sapeta,29,Central Midfield,Nizhny Novgorod,Free transfer,out,Summer,0,Premier Liga,2018,2018/2019
FK Rostov,Khoren Bayramyan,26,Left Midfield,Rubin Kazan,Loan,out,Summer,0,Premier Liga,2018,2018/2019
FK Rostov,Konstantin Pliev,21,Centre-Back,Baltika,Loan,out,Summer,0,Premier Liga,2018,2018/2019
FK Rostov,Saeid Ezatolahi,21,Defensive Midfield,Reading,Loan,out,Summer,0,Premier Liga,2018,2018/2019
FK Rostov,Reziuan Mirzov,25,Left Winger,Arsenal Tula,Loan,out,Summer,0,Premier Liga,2018,2018/2019
FK Rostov,Aleksandr Troshechkin,22,Defensive Midfield,Avangard Kursk,Loan,out,Summer,0,Premier Liga,2018,2018/2019
FK Rostov,Aleksandr Zuev,22,Left Winger,Spartak Moscow,"End of loanJun 30, 2018",out,Summer,0,Premier Liga,2018,2018/2019
FK Rostov,Artur Yusupov,28,Central Midfield,Zenit S-Pb,"End of loanJun 30, 2018",out,Summer,0,Premier Liga,2018,2018/2019
FK Rostov,Ayaz Guliev,21,Central Midfield,Spartak 2,"End of loanJun 30, 2018",out,Summer,0,Premier Liga,2018,2018/2019
Rubin Kazan,Filip Uremovic,21,Centre-Back,NK Olimpija,£900Th.,in,Summer,0.9,Premier Liga,2018,2018/2019
Rubin Kazan,Vyacheslav Podberezkin,26,Attacking Midfield,Krasnodar,£810Th.,in,Summer,0.81,Premier Liga,2018,2018/2019
Rubin Kazan,Chico,31,Centre-Back,Granada CF,Free transfer,in,Summer,0,Premier Liga,2018,2018/2019
Rubin Kazan,Ivan Konovalov,23,Goalkeeper,Torpedo Zhodino,Free transfer,in,Summer,0,Premier Liga,2018,2018/2019
Rubin Kazan,Khoren Bayramyan,26,Left Midfield,Rostov,Loan,in,Summer,0,Premier Liga,2018,2018/2019
Rubin Kazan,Egor Baburin,25,Goalkeeper,Zenit S-Pb,Loan,in,Summer,0,Premier Liga,2018,2018/2019
Rubin Kazan,Ibragim Tsallagov,27,Defensive Midfield,Zenit S-Pb,Loan,in,Summer,0,Premier Liga,2018,2018/2019
Rubin Kazan,Dmitri Poloz,27,Centre-Forward,Zenit S-Pb,Loan,in,Summer,0,Premier Liga,2018,2018/2019
Rubin Kazan,Timur Akmurzin,20,Goalkeeper,Rubin Kazan II,-,in,Summer,0,Premier Liga,2018,2018/2019
Rubin Kazan,Aleksandr Bukharov,33,Centre-Forward,Career break,-,in,Summer,0,Premier Liga,2018,2018/2019
Rubin Kazan,Igor Kalinin,22,Left-Back,Without Club,-,in,Summer,0,Premier Liga,2018,2018/2019
Rubin Kazan,Emil Bergström,25,Centre-Back,Grasshoppers,"End of loanJun 30, 2018",in,Summer,0,Premier Liga,2018,2018/2019
Rubin Kazan,Sergio Sánchez,32,Centre-Back,Espanyol,"End of loanJun 30, 2018",in,Summer,0,Premier Liga,2018,2018/2019
Rubin Kazan,Rubén Rochina,27,Attacking Midfield,Levante,"End of loanJun 30, 2018",in,Summer,0,Premier Liga,2018,2018/2019
Rubin Kazan,Georgi Makhatadze,20,Defensive Midfield,SKA Khabarovsk,"End of loanJun 30, 2018",in,Summer,0,Premier Liga,2018,2018/2019
Rubin Kazan,Rifat Zhemaletdinov,21,Right Winger,Loko Moscow,£1.35m,out,Summer,1.35,Premier Liga,2018,2018/2019
Rubin Kazan,Rubén Rochina,27,Attacking Midfield,Levante,£1.26m,out,Summer,1.26,Premier Liga,2018,2018/2019
Rubin Kazan,Ilzat Akhmetov,20,Central Midfield,CSKA Moscow,Free transfer,out,Summer,0,Premier Liga,2018,2018/2019
Rubin Kazan,Albert Sharipov,25,Central Midfield,Rotor Volgograd,Free transfer,out,Summer,0,Premier Liga,2018,2018/2019
Rubin Kazan,Gabriel Enache,27,Right Winger,Partizan,Free transfer,out,Summer,0,Premier Liga,2018,2018/2019
Rubin Kazan,Sergio Sánchez,32,Centre-Back,Espanyol,Free transfer,out,Summer,0,Premier Liga,2018,2018/2019
Rubin Kazan,Emil Bergström,25,Centre-Back,FC Utrecht,Free transfer,out,Summer,0,Premier Liga,2018,2018/2019
Rubin Kazan,Sergey Ryzhikov,37,Goalkeeper,KS Samara,Free transfer,out,Summer,0,Premier Liga,2018,2018/2019
Rubin Kazan,Georgi Makhatadze,20,Defensive Midfield,Loko-Kazanka M.,Free transfer,out,Summer,0,Premier Liga,2018,2018/2019
Rubin Kazan,Gökdeniz Karadeniz,38,Left Winger,Retired,-,out,Summer,0,Premier Liga,2018,2018/2019
Rubin Kazan,Oleg Kuzmin,37,Right-Back,Retired,-,out,Summer,0,Premier Liga,2018,2018/2019
Rubin Kazan,Vyacheslav Podberezkin,26,Attacking Midfield,Krasnodar,"End of loanJun 30, 2018",out,Summer,0,Premier Liga,2018,2018/2019
Rubin Kazan,Ivelin Popov,30,Attacking Midfield,Spartak Moscow,"End of loanJun 30, 2018",out,Summer,0,Premier Liga,2018,2018/2019
Rubin Kazan,Christian Noboa,33,Central Midfield,Zenit S-Pb,"End of loanJun 30, 2018",out,Summer,0,Premier Liga,2018,2018/2019
Spartak Moscow,Samuel Gigot,24,Centre-Back,KAA Gent,£7.20m,in,Summer,7.2,Premier Liga,2018,2018/2019
Spartak Moscow,Aleksandr Tashaev,24,Right Winger,Dynamo Moscow,£1.35m,in,Summer,1.35,Premier Liga,2018,2018/2019
Spartak Moscow,Aleksandr Maksimenko,20,Goalkeeper,Spartak 2,-,in,Summer,0,Premier Liga,2018,2018/2019
Spartak Moscow,Aleksandr Lomovitskiy,20,Right Winger,Spartak 2,-,in,Summer,0,Premier Liga,2018,2018/2019
Spartak Moscow,Nikolay Rasskazov,20,Right-Back,Spartak 2,-,in,Summer,0,Premier Liga,2018,2018/2019
Spartak Moscow,Zelimkhan Bakaev,22,Attacking Midfield,Spartak 2,-,in,Summer,0,Premier Liga,2018,2018/2019
Spartak Moscow,Roman Eremenko,31,Attacking Midfield,Ban,-,in,Summer,0,Premier Liga,2018,2018/2019
Spartak Moscow,Mikhail Ignatov,18,Attacking Midfield,Spartak 2,-,in,Summer,0,Premier Liga,2018,2018/2019
Spartak Moscow,Aleksandr Zuev,22,Left Winger,Rostov,"End of loanJun 30, 2018",in,Summer,0,Premier Liga,2018,2018/2019
Spartak Moscow,Ivelin Popov,30,Attacking Midfield,Rubin Kazan,"End of loanJun 30, 2018",in,Summer,0,Premier Liga,2018,2018/2019
Spartak Moscow,Quincy Promes,26,Left Winger,Sevilla FC,£18.00m,out,Summer,18,Premier Liga,2018,2018/2019
Spartak Moscow,Pedro Rocha,24,Left Winger,Cruzeiro,Loan fee:£675Th.,out,Summer,0.675,Premier Liga,2018,2018/2019
Spartak Moscow,Aleksandr Zuev,22,Left Winger,Rostov,£450Th.,out,Summer,0.45,Premier Liga,2018,2018/2019
Spartak Moscow,Zelimkhan Bakaev,22,Attacking Midfield,Arsenal Tula,Loan,out,Summer,0,Premier Liga,2018,2018/2019
Spartak Moscow,Serdar Tasci,31,Centre-Back,Without Club,-,out,Summer,0,Premier Liga,2018,2018/2019
Spartak Moscow,Georgi Tigiev,23,Left-Back,KS Samara,Loan,out,Summer,0,Premier Liga,2018,2018/2019
Spartak Moscow,Mario Pasalic,23,Central Midfield,Chelsea,"End of loanJun 30, 2018",out,Summer,0,Premier Liga,2018,2018/2019
Spartak Moscow,Nikola Maksimovic,26,Centre-Back,SSC Napoli,"End of loanJun 30, 2018",out,Summer,0,Premier Liga,2018,2018/2019
FK Ufa,Lovro Bizjak,24,Centre-Forward,NK Domzale,£405Th.,in,Summer,0.405,Premier Liga,2018,2018/2019
FK Ufa,Olivier Thill,21,Central Midfield,Pr. Niederkorn,£225Th.,in,Summer,0.225,Premier Liga,2018,2018/2019
FK Ufa,Danil Krugovoy,20,Left-Back,Zenit 2 S-Pb,£144Th.,in,Summer,0.144,Premier Liga,2018,2018/2019
FK Ufa,Azer Aliev,24,Right Midfield,KS Samara,Free transfer,in,Summer,0,Premier Liga,2018,2018/2019
FK Ufa,Igor Diveev,18,Centre-Back,Ufa II,-,in,Summer,0,Premier Liga,2018,2018/2019
FK Ufa,Aleksandr Putsko,25,Centre-Back,SKA Khabarovsk,"End of loanJun 30, 2018",in,Summer,0,Premier Liga,2018,2018/2019
FK Ufa,Andrey Batyutin,23,Left Winger,Dinamo S-Pb,"End of loanJun 30, 2018",in,Summer,0,Premier Liga,2018,2018/2019
FK Ufa,Igor Bezdenezhnykh,21,Central Midfield,Volga-Olimpiets,"End of loanJun 30, 2018",in,Summer,0,Premier Liga,2018,2018/2019
FK Ufa,Vladimir Zubarev,25,Defensive Midfield,Khimki,"End of loanJun 30, 2018",in,Summer,0,Premier Liga,2018,2018/2019
FK Ufa,Islamnur Abdulavov,24,Centre-Forward,Tom Tomsk,"End of loanJun 30, 2018",in,Summer,0,Premier Liga,2018,2018/2019
FK Ufa,Ivan Oblyakov,20,Central Midfield,CSKA Moscow,£3.60m,out,Summer,3.6,Premier Liga,2018,2018/2019
FK Ufa,Dmitri Stotskiy,28,Right-Back,Krasnodar,£1.80m,out,Summer,1.8,Premier Liga,2018,2018/2019
FK Ufa,Kehinde Fatai,28,Centre-Forward,Dinamo Minsk,Free transfer,out,Summer,0,Premier Liga,2018,2018/2019
FK Ufa,Islamnur Abdulavov,24,Centre-Forward,Rotor Volgograd,Loan,out,Summer,0,Premier Liga,2018,2018/2019
FK Ufa,Andrey Batyutin,23,Left Winger,Avangard Kursk,Loan,out,Summer,0,Premier Liga,2018,2018/2019
FK Ufa,Nikolay Safronidi,34,Left Midfield,Retired,-,out,Summer,0,Premier Liga,2018,2018/2019
Ural Yekaterinburg,Marco Aratore,27,Left Midfield,FC St. Gallen,£585Th.,in,Summer,0.585,Premier Liga,2018,2018/2019
Ural Yekaterinburg,Sergey Bryzgalov,25,Centre-Back,Anzhi,Free transfer,in,Summer,0,Premier Liga,2018,2018/2019
Ural Yekaterinburg,Dzhamaldin Khodzhaniyazov,22,Centre-Back,Baltika,Free transfer,in,Summer,0,Premier Liga,2018,2018/2019
Ural Yekaterinburg,Pavel Pogrebnyak,34,Centre-Forward,Tosno,Free transfer,in,Summer,0,Premier Liga,2018,2018/2019
Ural Yekaterinburg,Andrey Panyukov,23,Centre-Forward,Zenit S-Pb,Loan,in,Summer,0,Premier Liga,2018,2018/2019
Ural Yekaterinburg,Ilya Zhigulev,22,Central Midfield,Krasnodar,Loan,in,Summer,0,Premier Liga,2018,2018/2019
Ural Yekaterinburg,Artem Yusupov,21,Centre-Forward,Ural II,-,in,Summer,0,Premier Liga,2018,2018/2019
Ural Yekaterinburg,Denis Fomin,22,Centre-Back,Tekstilshchik,"End of loanJun 30, 2018",in,Summer,0,Premier Liga,2018,2018/2019
Ural Yekaterinburg,Radovan Pankov,22,Centre-Back,AEK Larnaca,"End of loanJun 30, 2018",in,Summer,0,Premier Liga,2018,2018/2019
Ural Yekaterinburg,Aleksandr Lomakin,23,Central Midfield,Enisey,"End of loanJun 30, 2018",in,Summer,0,Premier Liga,2018,2018/2019
Ural Yekaterinburg,Aleksandr Stavpets,28,Right Winger,Tyumen,"End of loanJun 30, 2018",in,Summer,0,Premier Liga,2018,2018/2019
Ural Yekaterinburg,Dmitri Korobov,24,Attacking Midfield,Avangard Kursk,"End of loanJun 30, 2018",in,Summer,0,Premier Liga,2018,2018/2019
Ural Yekaterinburg,Dmitri Arapov,25,Goalkeeper,Volgar,"End of loanJun 30, 2018",in,Summer,0,Premier Liga,2018,2018/2019
Ural Yekaterinburg,Sergey Serchenkov,21,Right Winger,Alashkert,"End of loanJun 30, 2018",in,Summer,0,Premier Liga,2018,2018/2019
Ural Yekaterinburg,Edgar Manucharyan,31,Centre-Forward,Alashkert,Free transfer,out,Summer,0,Premier Liga,2018,2018/2019
Ural Yekaterinburg,Denis Fomin,22,Centre-Back,Tekstilshchik,Free transfer,out,Summer,0,Premier Liga,2018,2018/2019
Ural Yekaterinburg,Dmitri Korobov,24,Attacking Midfield,Avangard Kursk,Free transfer,out,Summer,0,Premier Liga,2018,2018/2019
Ural Yekaterinburg,Radovan Pankov,22,Centre-Back,Radnicki Nis,Free transfer,out,Summer,0,Premier Liga,2018,2018/2019
Ural Yekaterinburg,Aleksandr Stavpets,29,Right Winger,Tom Tomsk,Free transfer,out,Summer,0,Premier Liga,2018,2018/2019
Ural Yekaterinburg,Aleksandr Lomakin,23,Central Midfield,Fakel Voronezh,Loan,out,Summer,0,Premier Liga,2018,2018/2019
Ural Yekaterinburg,Dmitri Arapov,25,Goalkeeper,Chaika Pes.,Loan,out,Summer,0,Premier Liga,2018,2018/2019
Ural Yekaterinburg,Vladimir Khozin,29,Centre-Back,Ararat-Armenia,Loan,out,Summer,0,Premier Liga,2018,2018/2019
Ural Yekaterinburg,Sergey Podoksenov,20,Central Midfield,Ural 2,-,out,Summer,0,Premier Liga,2018,2018/2019
Ural Yekaterinburg,Sergey Serchenkov,21,Right Winger,Ural 2,-,out,Summer,0,Premier Liga,2018,2018/2019
Ural Yekaterinburg,Igor Portnyagin,29,Centre-Forward,Loko Moscow,"End of loanJun 30, 2018",out,Summer,0,Premier Liga,2018,2018/2019
Ural Yekaterinburg,Nikita Chernov,22,Centre-Back,CSKA Moscow II,"End of loanJun 30, 2018",out,Summer,0,Premier Liga,2018,2018/2019
Zenit St. Petersburg,Claudio Marchisio,32,Central Midfield,Juventus,Free transfer,in,Summer,0,Premier Liga,2018,2018/2019
Zenit St. Petersburg,Andrey Mostovoy,21,Left Winger,Zenit 2 S-Pb,-,in,Summer,0,Premier Liga,2018,2018/2019
Zenit St. Petersburg,Artur Yusupov,28,Central Midfield,Rostov,"End of loanJun 30, 2018",in,Summer,0,Premier Liga,2018,2018/2019
Zenit St. Petersburg,Oleg Shatov,27,Attacking Midfield,Krasnodar,"End of loanJun 30, 2018",in,Summer,0,Premier Liga,2018,2018/2019
Zenit St. Petersburg,Artem Dzyuba,29,Centre-Forward,Arsenal Tula,"End of loanJun 30, 2018",in,Summer,0,Premier Liga,2018,2018/2019
Zenit St. Petersburg,Ivan Novoseltsev,26,Centre-Back,Arsenal Tula,"End of loanJun 30, 2018",in,Summer,0,Premier Liga,2018,2018/2019
Zenit St. Petersburg,Luís Neto,30,Centre-Back,Fenerbahce,"End of loanJun 30, 2018",in,Summer,0,Premier Liga,2018,2018/2019
Zenit St. Petersburg,Hernani,24,Defensive Midfield,Saint-Étienne,"End of loanJun 30, 2018",in,Summer,0,Premier Liga,2018,2018/2019
Zenit St. Petersburg,Ibragim Tsallagov,27,Defensive Midfield,Dynamo Moscow,"End of loanJun 30, 2018",in,Summer,0,Premier Liga,2018,2018/2019
Zenit St. Petersburg,Aleksandr Ryazantsev,31,Central Midfield,Amkar Perm,"End of loanJun 30, 2018",in,Summer,0,Premier Liga,2018,2018/2019
Zenit St. Petersburg,Evgeniy Chernov,25,Left-Back,Tosno,"End of loanJun 30, 2018",in,Summer,0,Premier Liga,2018,2018/2019
Zenit St. Petersburg,Robert Mak,27,Left Winger,PAOK Salonika,"End of loanJun 30, 2018",in,Summer,0,Premier Liga,2018,2018/2019
Zenit St. Petersburg,Christian Noboa,33,Central Midfield,Rubin Kazan,"End of loanJun 30, 2018",in,Summer,0,Premier Liga,2018,2018/2019
Zenit St. Petersburg,Emiliano Rigoni,25,Right Winger,Atalanta,Loan fee:£900Th.,out,Summer,0.9,Premier Liga,2018,2018/2019
Zenit St. Petersburg,Domenico Criscito,31,Left-Back,Genoa,Free transfer,out,Summer,0,Premier Liga,2018,2018/2019
Zenit St. Petersburg,Artur Yusupov,28,Central Midfield,Rostov,Free transfer,out,Summer,0,Premier Liga,2018,2018/2019
Zenit St. Petersburg,Egor Baburin,25,Goalkeeper,Rubin Kazan,Loan,out,Summer,0,Premier Liga,2018,2018/2019
Zenit St. Petersburg,Andrey Panyukov,23,Centre-Forward,Ural,Loan,out,Summer,0,Premier Liga,2018,2018/2019
Zenit St. Petersburg,Ibragim Tsallagov,27,Defensive Midfield,Rubin Kazan,Loan,out,Summer,0,Premier Liga,2018,2018/2019
Zenit St. Petersburg,Dmitri Poloz,27,Centre-Forward,Rubin Kazan,Loan,out,Summer,0,Premier Liga,2018,2018/2019
Zenit St. Petersburg,Ivan Novoseltsev,26,Centre-Back,Anzhi,Loan,out,Summer,0,Premier Liga,2018,2018/2019
Zenit St. Petersburg,Aleksandr Ryazantsev,31,Central Midfield,Without Club,-,out,Summer,0,Premier Liga,2018,2018/2019
Zenit St. Petersburg,Viktor Faizulin,32,Central Midfield,Retired,-,out,Summer,0,Premier Liga,2018,2018/2019
CSKA Moscow,Arnór Sigurdsson,19,Attacking Midfield,Norrköping,£3.60m,in,Summer,3.6,Premier Liga,2018,2018/2019
CSKA Moscow,Ivan Oblyakov,20,Central Midfield,Ufa,£3.60m,in,Summer,3.6,Premier Liga,2018,2018/2019
CSKA Moscow,Hördur Magnússon,25,Centre-Back,Bristol City,£2.52m,in,Summer,2.52,Premier Liga,2018,2018/2019
CSKA Moscow,Takuma Nishimura,21,Second Striker,Vegalta Sendai,£900Th.,in,Summer,0.9,Premier Liga,2018,2018/2019
CSKA Moscow,Jaka Bijol,19,Defensive Midfield,Rudar Velenje,£360Th.,in,Summer,0.36,Premier Liga,2018,2018/2019
CSKA Moscow,Lassana N'Diaye,18,Centre-Forward,Guidars FC,£63Th.,in,Summer,0.063,Premier Liga,2018,2018/2019
CSKA Moscow,Rodrigo Becão,22,Centre-Back,EC Bahia,Loan fee:£45Th.,in,Summer,0.045,Premier Liga,2018,2018/2019
CSKA Moscow,Ilzat Akhmetov,20,Central Midfield,Rubin Kazan,Free transfer,in,Summer,0,Premier Liga,2018,2018/2019
CSKA Moscow,Abel Hernández,27,Centre-Forward,Hull City,Free transfer,in,Summer,0,Premier Liga,2018,2018/2019
CSKA Moscow,Nikola Vlasic,20,Attacking Midfield,Everton,Loan,in,Summer,0,Premier Liga,2018,2018/2019
CSKA Moscow,Nikita Chernov,22,Centre-Back,CSKA Moscow II,-,in,Summer,0,Premier Liga,2018,2018/2019
CSKA Moscow,Khetag Khosonov,20,Defensive Midfield,CSKA Moscow II,-,in,Summer,0,Premier Liga,2018,2018/2019
CSKA Moscow,Dmitri Efremov,23,Right Midfield,Orenburg,"End of loanJun 30, 2018",in,Summer,0,Premier Liga,2018,2018/2019
CSKA Moscow,Konstantin Bazelyuk,25,Centre-Forward,Zbrojovka Brno,"End of loanJun 30, 2018",in,Summer,0,Premier Liga,2018,2018/2019
CSKA Moscow,Aleksandr Makarov,22,Right Winger,Tosno,"End of loanJun 30, 2018",in,Summer,0,Premier Liga,2018,2018/2019
CSKA Moscow,Aaron Olanare,24,Centre-Forward,Amkar Perm,"End of loanJun 30, 2018",in,Summer,0,Premier Liga,2018,2018/2019
CSKA Moscow,Aleksandr Golovin,22,Attacking Midfield,Monaco,£27.00m,out,Summer,27,Premier Liga,2018,2018/2019
CSKA Moscow,Vitinho,24,Left Winger,Flamengo,£10.80m,out,Summer,10.8,Premier Liga,2018,2018/2019
CSKA Moscow,Pontus Wernbloom,32,Defensive Midfield,PAOK Salonika,Free transfer,out,Summer,0,Premier Liga,2018,2018/2019
CSKA Moscow,Bibras Natcho,30,Central Midfield,Olympiacos,Free transfer,out,Summer,0,Premier Liga,2018,2018/2019
CSKA Moscow,Georgi Milanov,26,Attacking Midfield,Fehérvár,Free transfer,out,Summer,0,Premier Liga,2018,2018/2019
CSKA Moscow,Konstantin Bazelyuk,25,Centre-Forward,SKA Khabarovsk,Loan,out,Summer,0,Premier Liga,2018,2018/2019
CSKA Moscow,Sergey Ignashevich,38,Centre-Back,Retired,-,out,Summer,0,Premier Liga,2018,2018/2019
CSKA Moscow,Vasili Berezutski,36,Centre-Back,Retired,-,out,Summer,0,Premier Liga,2018,2018/2019
CSKA Moscow,Aleksey Berezutski,36,Centre-Back,Retired,-,out,Summer,0,Premier Liga,2018,2018/2019
CSKA Moscow,Aaron Olanare,24,Centre-Forward,Without Club,-,out,Summer,0,Premier Liga,2018,2018/2019
CSKA Moscow,Ahmed Musa,25,Left Winger,Leicester,"End of loanJun 30, 2018",out,Summer,0,Premier Liga,2018,2018/2019
Akhmat Grozny,Damian Szymanski,23,Central Midfield,Wisla Plock,£1.35m,in,Winter,1.35,Premier Liga,2018,2018/2019
Akhmat Grozny,Idrissa Doumbia,20,Defensive Midfield,Sporting CP,£3.42m,out,Winter,3.42,Premier Liga,2018,2018/2019
Akhmat Grozny,Zaur Sadaev,29,Centre-Forward,Ankaragücü,Loan,out,Winter,0,Premier Liga,2018,2018/2019
Akhmat Grozny,Ayub Batsuev,21,Central Midfield,Chaika Pes.,Loan,out,Winter,0,Premier Liga,2018,2018/2019
Akhmat Grozny,Idris Umaev,20,Centre-Forward,FK Palanga,Loan,out,Winter,0,Premier Liga,2018,2018/2019
Anzhi Makhachkala,Nikoloz Kutateladze,17,Centre-Forward,Paris SG U17,Free transfer,in,Winter,0,Premier Liga,2018,2018/2019
Anzhi Makhachkala,Juan Lescano,26,Centre-Forward,Tobol Kostanay,"End of loanJan 15, 2019",in,Winter,0,Premier Liga,2018,2018/2019
Anzhi Makhachkala,Gamid Agalarov,18,Centre-Forward,Anzhi II,-,in,Winter,0,Premier Liga,2018,2018/2019
Anzhi Makhachkala,Anton Belov,22,Centre-Back,Anzhi II,-,in,Winter,0,Premier Liga,2018,2018/2019
Anzhi Makhachkala,Pavel Kaloshin,20,Centre-Back,Anzhi II,-,in,Winter,0,Premier Liga,2018,2018/2019
Anzhi Makhachkala,Shakhban Gaydarov,21,Defensive Midfield,Anzhi II,-,in,Winter,0,Premier Liga,2018,2018/2019
Anzhi Makhachkala,Magomed Magomedov,21,Right Midfield,Anzhi II,-,in,Winter,0,Premier Liga,2018,2018/2019
Anzhi Makhachkala,Kamil Zakirov,20,Central Midfield,Anzhi II,-,in,Winter,0,Premier Liga,2018,2018/2019
Anzhi Makhachkala,Nikita Chistyakov,18,Left-Back,Anzhi II,-,in,Winter,0,Premier Liga,2018,2018/2019
Anzhi Makhachkala,Magomed Elmurzaev,21,Left-Back,Career break,-,in,Winter,0,Premier Liga,2018,2018/2019
Anzhi Makhachkala,Ivan Ivanchenko,20,Centre-Forward,Zvezda Perm,"End of loanDec 31, 2018",in,Winter,0,Premier Liga,2018,2018/2019
Anzhi Makhachkala,Danil Glebov,19,Central Midfield,Rostov,£45Th.,out,Winter,0.045,Premier Liga,2018,2018/2019
Anzhi Makhachkala,Guram Tetrashvili,30,Defensive Midfield,Gomel,Free transfer,out,Winter,0,Premier Liga,2018,2018/2019
Anzhi Makhachkala,Jhon Chancellor,27,Centre-Back,Al-Ahli SC,Free transfer,out,Winter,0,Premier Liga,2018,2018/2019
Anzhi Makhachkala,Vladimir Sugrobov,22,Goalkeeper,Baltika,Free transfer,out,Winter,0,Premier Liga,2018,2018/2019
Anzhi Makhachkala,Mohammed Rabiu,29,Defensive Midfield,KS Samara,Free transfer,out,Winter,0,Premier Liga,2018,2018/2019
Anzhi Makhachkala,Dostonbek Khamdamov,22,Right Winger,Pakhtakor,Free transfer,out,Winter,0,Premier Liga,2018,2018/2019
Anzhi Makhachkala,Konstantin Savichev,24,Right Midfield,Enisey,Free transfer,out,Winter,0,Premier Liga,2018,2018/2019
Anzhi Makhachkala,Igor Chaykovskyi,27,Defensive Midfield,Zorya Lugansk,Free transfer,out,Winter,0,Premier Liga,2018,2018/2019
Anzhi Makhachkala,Nikoloz Kutateladze,17,Centre-Forward,Without Club,-,out,Winter,0,Premier Liga,2018,2018/2019
Anzhi Makhachkala,Amir Mokhammad,22,Attacking Midfield,Legion-Dinamo,Loan,out,Winter,0,Premier Liga,2018,2018/2019
Anzhi Makhachkala,Ivan Novoseltsev,27,Centre-Back,Zenit S-Pb,"End of loanDec 31, 2018",out,Winter,0,Premier Liga,2018,2018/2019
Arsenal Tula,Maksim Volodjko,26,Left-Back,BATE Borisov,Free transfer,in,Winter,0,Premier Liga,2018,2018/2019
Arsenal Tula,Bakary Koné,30,Centre-Back,Ankaragücü,Free transfer,in,Winter,0,Premier Liga,2018,2018/2019
Arsenal Tula,Artem Sokol,21,Centre-Back,Tromsø IL,Loan,out,Winter,0,Premier Liga,2018,2018/2019
Dynamo Moscow,Artur Yusupov,29,Central Midfield,Rostov,Free transfer,in,Winter,0,Premier Liga,2018,2018/2019
Dynamo Moscow,Vyacheslav Grulev,19,Left Winger,Dynamo M II,-,in,Winter,0,Premier Liga,2018,2018/2019
Dynamo Moscow,Vladimir Moskvichev,18,Defensive Midfield,Dynamo M II,-,in,Winter,0,Premier Liga,2018,2018/2019
Enisey Krasnoyarsk,Dmitri Tikhiy,26,Right-Back,Tom Tomsk,Free transfer,in,Winter,0,Premier Liga,2018,2018/2019
Enisey Krasnoyarsk,Konstantin Savichev,24,Right Midfield,Anzhi,Free transfer,in,Winter,0,Premier Liga,2018,2018/2019
Enisey Krasnoyarsk,Babacar Sarr,27,Defensive Midfield,Molde,Free transfer,in,Winter,0,Premier Liga,2018,2018/2019
Enisey Krasnoyarsk,Arsen Khubulov,28,Right Winger,BB Erzurumspor,Free transfer,in,Winter,0,Premier Liga,2018,2018/2019
Enisey Krasnoyarsk,Aleksandr Sobolev,21,Centre-Forward,KS Samara,Loan,in,Winter,0,Premier Liga,2018,2018/2019
Enisey Krasnoyarsk,Oleg Danchenko,24,Right-Back,Shakhtar D.,Loan,in,Winter,0,Premier Liga,2018,2018/2019
Enisey Krasnoyarsk,Artur Maloyan,29,Centre-Forward,Tyumen,"End of loanDec 31, 2018",in,Winter,0,Premier Liga,2018,2018/2019
Enisey Krasnoyarsk,Stanislav Matyash,27,Right Winger,Tyumen,"End of loanDec 31, 2018",in,Winter,0,Premier Liga,2018,2018/2019
Enisey Krasnoyarsk,Marko Obradovic,27,Centre-Forward,Torpedo Zhodino,Free transfer,out,Winter,0,Premier Liga,2018,2018/2019
Enisey Krasnoyarsk,Rade Dugalic,26,Centre-Back,Kairat Almaty,Free transfer,out,Winter,0,Premier Liga,2018,2018/2019
Enisey Krasnoyarsk,Artur Maloyan,29,Centre-Forward,Urozhay,Free transfer,out,Winter,0,Premier Liga,2018,2018/2019
Enisey Krasnoyarsk,Darko Bodul,30,Centre-Forward,Soligorsk,Free transfer,out,Winter,0,Premier Liga,2018,2018/2019
Enisey Krasnoyarsk,Dmitri Tikhiy,26,Right-Back,Khimki,£12Th.,out,Winter,0.012,Premier Liga,2018,2018/2019
Enisey Krasnoyarsk,Shamil Gasanov,25,Centre-Back,Baltika,Loan,out,Winter,0,Premier Liga,2018,2018/2019
Enisey Krasnoyarsk,Azim Fatullaev,32,Defensive Midfield,Rotor Volgograd,Loan,out,Winter,0,Premier Liga,2018,2018/2019
Enisey Krasnoyarsk,Mikhail Filippov,26,Goalkeeper,Rotor Volgograd,Loan,out,Winter,0,Premier Liga,2018,2018/2019
Enisey Krasnoyarsk,Enis Gavazaj,23,Left Winger,KF Skënderbeu,"End of loanFeb 22, 2019",out,Winter,0,Premier Liga,2018,2018/2019
FK Krasnodar,Kristoffer Olsson,23,Central Midfield,AIK,£4.05m,in,Winter,4.05,Premier Liga,2018,2018/2019
FK Krasnodar,Dmitri Skopintsev,21,Left-Back,Rostov,£3.96m,in,Winter,3.96,Premier Liga,2018,2018/2019
FK Krasnodar,Nikolay Komlichenko,23,Centre-Forward,Mladá Boleslav,"End of loanJan 29, 2019",in,Winter,0,Premier Liga,2018,2018/2019
FK Krasnodar,Matvey Safonov,19,Goalkeeper,Krasnodar 2,-,in,Winter,0,Premier Liga,2018,2018/2019
FK Krasnodar,Mihailo Ristic,23,Left Midfield,Sparta Praha,"End of loanDec 31, 2018",in,Winter,0,Premier Liga,2018,2018/2019
FK Krasnodar,Christian Cueva,27,Attacking Midfield,Santos FC,Loan fee:£900Th.,out,Winter,0.9,Premier Liga,2018,2018/2019
FK Krasnodar,Mihailo Ristic,23,Left Midfield,Montpellier,£540Th.,out,Winter,0.54,Premier Liga,2018,2018/2019
FK Krasnodar,Nikolay Komlichenko,23,Centre-Forward,Mladá Boleslav,£360Th.,out,Winter,0.36,Premier Liga,2018,2018/2019
FK Krasnodar,Anatoli Katrich,24,Right Midfield,Ural,Free transfer,out,Winter,0,Premier Liga,2018,2018/2019
FK Krasnodar,Roman Shishkin,31,Defensive Midfield,KS Samara,Loan,out,Winter,0,Premier Liga,2018,2018/2019
FK Krasnodar,Stefan Strandberg,28,Centre-Back,Ural,Loan,out,Winter,0,Premier Liga,2018,2018/2019
Krylya Sovetov Samara,Anton Zinkovskiy,22,Left Winger,Chertanovo,£315Th.,in,Winter,0.315,Premier Liga,2018,2018/2019
Krylya Sovetov Samara,Maksim Karpov,23,Centre-Back,Zenit 2 S-Pb,£180Th.,in,Winter,0.18,Premier Liga,2018,2018/2019
Krylya Sovetov Samara,Aleksandr Samedov,34,Right Winger,Spartak Moscow,Free transfer,in,Winter,0,Premier Liga,2018,2018/2019
Krylya Sovetov Samara,Mohammed Rabiu,29,Defensive Midfield,Anzhi,Free transfer,in,Winter,0,Premier Liga,2018,2018/2019
Krylya Sovetov Samara,Jano Ananidze,26,Attacking Midfield,Spartak Moscow,Loan,in,Winter,0,Premier Liga,2018,2018/2019
Krylya Sovetov Samara,Artem Timofeev,25,Defensive Midfield,Spartak Moscow,Loan,in,Winter,0,Premier Liga,2018,2018/2019
Krylya Sovetov Samara,Roman Shishkin,31,Defensive Midfield,Krasnodar,Loan,in,Winter,0,Premier Liga,2018,2018/2019
Krylya Sovetov Samara,Dmytro Nemchaninov,28,Left-Back,Olimpik Donetsk,"End of loanDec 31, 2018",in,Winter,0,Premier Liga,2018,2018/2019
Krylya Sovetov Samara,Yohan Mollo,29,Left Winger,FC Sochaux,Free transfer,out,Winter,0,Premier Liga,2018,2018/2019
Krylya Sovetov Samara,Dmytro Nemchaninov,28,Left-Back,Desna,Free transfer,out,Winter,0,Premier Liga,2018,2018/2019
Krylya Sovetov Samara,Evgeniy Bashkirov,27,Central Midfield,Rubin Kazan,Free transfer,out,Winter,0,Premier Liga,2018,2018/2019
Krylya Sovetov Samara,Alan Chochiev,27,Attacking Midfield,Dinamo Minsk,Free transfer,out,Winter,0,Premier Liga,2018,2018/2019
Krylya Sovetov Samara,Nadson,34,Centre-Back,SJK Seinäjoki,Free transfer,out,Winter,0,Premier Liga,2018,2018/2019
Krylya Sovetov Samara,Oleg Lanin,22,Defensive Midfield,Krasnodar 2,"End of loanJan 10, 2019",out,Winter,0,Premier Liga,2018,2018/2019
Krylya Sovetov Samara,Aleksandr Sobolev,21,Centre-Forward,Enisey,Loan,out,Winter,0,Premier Liga,2018,2018/2019
Krylya Sovetov Samara,Georgi Tigiev,23,Left-Back,Spartak Moscow,"End of loanFeb 27, 2019",out,Winter,0,Premier Liga,2018,2018/2019
Lokomotiv Moscow,Khvicha Kvaratskhelia,18,Left Winger,Rustavi,Loan fee:£90Th.,in,Winter,0.09,Premier Liga,2018,2018/2019
Lokomotiv Moscow,Alan Kasaev,32,Left Winger,Baltika,"End of loanJan 13, 2019",in,Winter,0,Premier Liga,2018,2018/2019
Lokomotiv Moscow,Igor Portnyagin,29,Centre-Forward,Khimki,"End of loanDec 31, 2018",in,Winter,0,Premier Liga,2018,2018/2019
Lokomotiv Moscow,Alan Kasaev,32,Left Winger,Sochi,Loan,out,Winter,0,Premier Liga,2018,2018/2019
Lokomotiv Moscow,Igor Portnyagin,30,Centre-Forward,Baltika,Loan,out,Winter,0,Premier Liga,2018,2018/2019
Lokomotiv Moscow,Timofey Margasov,26,Right-Back,Sochi,Loan,out,Winter,0,Premier Liga,2018,2018/2019
FK Orenburg,Saveli Kozlov,22,Centre-Back,Tyumen,£63Th.,in,Winter,0.063,Premier Liga,2018,2018/2019
FK Rostov,Mathias Normann,22,Central Midfield,Brighton,£1.53m,in,Winter,1.53,Premier Liga,2018,2018/2019
FK Rostov,Baktiyar Zaynutdinov,20,Attacking Midfield,FC Astana,£104Th.,in,Winter,0.104,Premier Liga,2018,2018/2019
FK Rostov,Danil Glebov,19,Central Midfield,Anzhi,£45Th.,in,Winter,0.045,Premier Liga,2018,2018/2019
FK Rostov,Ivelin Popov,31,Attacking Midfield,Spartak Moscow,Free transfer,in,Winter,0,Premier Liga,2018,2018/2019
FK Rostov,Roman Eremenko,31,Attacking Midfield,Spartak Moscow,Free transfer,in,Winter,0,Premier Liga,2018,2018/2019
FK Rostov,Evgeniy Chernov,26,Left-Back,Zenit S-Pb,Free transfer,in,Winter,0,Premier Liga,2018,2018/2019
FK Rostov,Ivan Novoseltsev,27,Centre-Back,Zenit S-Pb,Loan,in,Winter,0,Premier Liga,2018,2018/2019
FK Rostov,Miha Mevlja,28,Centre-Back,Zenit S-Pb,Loan,in,Winter,0,Premier Liga,2018,2018/2019
FK Rostov,Konstantin Pliev,22,Centre-Back,Baltika,"End of loanDec 31, 2018",in,Winter,0,Premier Liga,2018,2018/2019
FK Rostov,Dmitri Skopintsev,21,Left-Back,Krasnodar,£3.96m,out,Winter,3.96,Premier Liga,2018,2018/2019
FK Rostov,Sverrir Ingi Ingason,25,Centre-Back,PAOK Salonika,£3.60m,out,Winter,3.6,Premier Liga,2018,2018/2019
FK Rostov,Ayaz Guliev,22,Central Midfield,Spartak Moscow,£900Th.,out,Winter,0.9,Premier Liga,2018,2018/2019
FK Rostov,Artur Yusupov,29,Central Midfield,Dynamo Moscow,Free transfer,out,Winter,0,Premier Liga,2018,2018/2019
FK Rostov,Zan Majer,26,Central Midfield,Lecce,Free transfer,out,Winter,0,Premier Liga,2018,2018/2019
FK Rostov,Anton Salétros,22,Defensive Midfield,AIK,Loan,out,Winter,0,Premier Liga,2018,2018/2019
FK Rostov,Matija Boben,24,Centre-Back,AS Livorno,Loan,out,Winter,0,Premier Liga,2018,2018/2019
FK Rostov,Vidar Örn Kjartansson,29,Centre-Forward,Hammarby,Loan,out,Winter,0,Premier Liga,2018,2018/2019
Rubin Kazan,Vladislav Panteleev,22,Central Midfield,Spartak 2,£306Th.,in,Winter,0.306,Premier Liga,2018,2018/2019
Rubin Kazan,Aleksey Gorodovoy,25,Goalkeeper,Kongsvinger,Free transfer,in,Winter,0,Premier Liga,2018,2018/2019
Rubin Kazan,Roman Akbashev,27,Central Midfield,Avangard Kursk,Free transfer,in,Winter,0,Premier Liga,2018,2018/2019
Rubin Kazan,Evgeniy Bashkirov,27,Central Midfield,KS Samara,Free transfer,in,Winter,0,Premier Liga,2018,2018/2019
Rubin Kazan,Artur Sagitov,18,Centre-Forward,Rubin Kazan II,-,in,Winter,0,Premier Liga,2018,2018/2019
Rubin Kazan,Danil Stepanov,18,Left-Back,Rubin Kazan II,-,in,Winter,0,Premier Liga,2018,2018/2019
Rubin Kazan,Sardar Azmoun,24,Centre-Forward,Zenit S-Pb,£10.80m,out,Winter,10.8,Premier Liga,2018,2018/2019
Rubin Kazan,Fedor Kudryashov,31,Left-Back,Basaksehir,Free transfer,out,Winter,0,Premier Liga,2018,2018/2019
Rubin Kazan,Soslan Dzhanaev,31,Goalkeeper,Miedz Legnica,Free transfer,out,Winter,0,Premier Liga,2018,2018/2019
Rubin Kazan,César Navas,39,Centre-Back,Retired,-,out,Winter,0,Premier Liga,2018,2018/2019
Rubin Kazan,Aleksey Gorodovoy,25,Goalkeeper,Zenit 2 S-Pb,Loan,out,Winter,0,Premier Liga,2018,2018/2019
Rubin Kazan,Timur Akmurzin,21,Goalkeeper,Ufa,Loan,out,Winter,0,Premier Liga,2018,2018/2019
Rubin Kazan,Chico,31,Centre-Back,Without Club,-,out,Winter,0,Premier Liga,2018,2018/2019
Spartak Moscow,Ayrton Lucas,21,Left-Back,Fluminense,£6.30m,in,Winter,6.3,Premier Liga,2018,2018/2019
Spartak Moscow,Ayaz Guliev,22,Central Midfield,Rostov,£900Th.,in,Winter,0.9,Premier Liga,2018,2018/2019
Spartak Moscow,Nail Umyarov,18,Defensive Midfield,Chertanovo,£270Th.,in,Winter,0.27,Premier Liga,2018,2018/2019
Spartak Moscow,Maksim Glushenkov,19,Right Winger,Chertanovo,£270Th.,in,Winter,0.27,Premier Liga,2018,2018/2019
Spartak Moscow,Georgi Melkadze,21,Second Striker,Spartak 2,-,in,Winter,0,Premier Liga,2018,2018/2019
Spartak Moscow,Georgi Tigiev,23,Left-Back,KS Samara,"End of loanFeb 27, 2019",in,Winter,0,Premier Liga,2018,2018/2019
Spartak Moscow,Aleksandr Samedov,34,Right Winger,KS Samara,Free transfer,out,Winter,0,Premier Liga,2018,2018/2019
Spartak Moscow,Ivelin Popov,31,Attacking Midfield,Rostov,Free transfer,out,Winter,0,Premier Liga,2018,2018/2019
Spartak Moscow,Roman Eremenko,31,Attacking Midfield,Rostov,Free transfer,out,Winter,0,Premier Liga,2018,2018/2019
Spartak Moscow,Jano Ananidze,26,Attacking Midfield,KS Samara,Loan,out,Winter,0,Premier Liga,2018,2018/2019
Spartak Moscow,Artem Timofeev,25,Defensive Midfield,KS Samara,Loan,out,Winter,0,Premier Liga,2018,2018/2019
Spartak Moscow,Marko Petkovic,26,Right-Back,Without Club,-,out,Winter,0,Premier Liga,2018,2018/2019
Spartak Moscow,Georgi Tigiev,23,Left-Back,Dinamo Minsk,Loan,out,Winter,0,Premier Liga,2018,2018/2019
FK Ufa,Andrés Vombergar,24,Centre-Forward,NK Olimpija,£900Th.,in,Winter,0.9,Premier Liga,2018,2018/2019
FK Ufa,Yuri Shafinskiy,24,Goalkeeper,Tom Tomsk,Free transfer,in,Winter,0,Premier Liga,2018,2018/2019
FK Ufa,Islamnur Abdulavov,24,Centre-Forward,Rotor Volgograd,"End of loanJan 31, 2019",in,Winter,0,Premier Liga,2018,2018/2019
FK Ufa,Timur Akmurzin,21,Goalkeeper,Rubin Kazan,Loan,in,Winter,0,Premier Liga,2018,2018/2019
FK Ufa,Giorgi Shelia,30,Goalkeeper,Tambov,Free transfer,out,Winter,0,Premier Liga,2018,2018/2019
FK Ufa,Denis Tumasyan,33,Centre-Back,Alashkert,Free transfer,out,Winter,0,Premier Liga,2018,2018/2019
FK Ufa,Islamnur Abdulavov,24,Centre-Forward,Tom Tomsk,Free transfer,out,Winter,0,Premier Liga,2018,2018/2019
FK Ufa,Erkebulan Seydakhmet,19,Centre-Forward,Levski Sofia,Loan,out,Winter,0,Premier Liga,2018,2018/2019
FK Ufa,Vladimir Zubarev,26,Defensive Midfield,Without Club,-,out,Winter,0,Premier Liga,2018,2018/2019
FK Ufa,Igor Diveev,19,Centre-Back,CSKA Moscow,Loan,out,Winter,0,Premier Liga,2018,2018/2019
Ural Yekaterinburg,Shamsiddin Shanbiev,21,Left-Back,Spartak 2,Free transfer,in,Winter,0,Premier Liga,2018,2018/2019
Ural Yekaterinburg,Denis Polyakov,27,Centre-Back,BATE Borisov,Free transfer,in,Winter,0,Premier Liga,2018,2018/2019
Ural Yekaterinburg,Anatoli Katrich,24,Right Midfield,Krasnodar,Free transfer,in,Winter,0,Premier Liga,2018,2018/2019
Ural Yekaterinburg,Stefan Strandberg,28,Centre-Back,Krasnodar,Loan,in,Winter,0,Premier Liga,2018,2018/2019
Ural Yekaterinburg,Aleksey Evseev,24,Central Midfield,Khimki,Free transfer,out,Winter,0,Premier Liga,2018,2018/2019
Ural Yekaterinburg,Dzhamaldin Khodzhaniyazov,22,Centre-Back,BATE Borisov,Free transfer,out,Winter,0,Premier Liga,2018,2018/2019
Ural Yekaterinburg,Nikita Glushkov,24,Left Winger,Baltika,Loan,out,Winter,0,Premier Liga,2018,2018/2019
Ural Yekaterinburg,Giorgi Chanturia,25,Right Winger,Without Club,-,out,Winter,0,Premier Liga,2018,2018/2019
Ural Yekaterinburg,Artem Yusupov,21,Centre-Forward,Zenit 2 S-Pb,Loan,out,Winter,0,Premier Liga,2018,2018/2019
Zenit St. Petersburg,Wilmar Barrios,25,Defensive Midfield,Boca Juniors,£13.50m,in,Winter,13.5,Premier Liga,2018,2018/2019
Zenit St. Petersburg,Sardar Azmoun,24,Centre-Forward,Rubin Kazan,£10.80m,in,Winter,10.8,Premier Liga,2018,2018/2019
Zenit St. Petersburg,Yaroslav Rakitskiy,29,Centre-Back,Shakhtar D.,£9.00m,in,Winter,9,Premier Liga,2018,2018/2019
Zenit St. Petersburg,Ivan Novoseltsev,27,Centre-Back,Anzhi,"End of loanDec 31, 2018",in,Winter,0,Premier Liga,2018,2018/2019
Zenit St. Petersburg,Emiliano Rigoni,25,Right Winger,Atalanta,"End of loanDec 31, 2018",in,Winter,0,Premier Liga,2018,2018/2019
Zenit St. Petersburg,Leandro Paredes,24,Defensive Midfield,Paris SG,£36.00m,out,Winter,36,Premier Liga,2018,2018/2019
Zenit St. Petersburg,Evgeniy Chernov,26,Left-Back,Rostov,Free transfer,out,Winter,0,Premier Liga,2018,2018/2019
Zenit St. Petersburg,Ivan Novoseltsev,27,Centre-Back,Rostov,Loan,out,Winter,0,Premier Liga,2018,2018/2019
Zenit St. Petersburg,Yuri Lodygin,28,Goalkeeper,Olympiacos,Loan,out,Winter,0,Premier Liga,2018,2018/2019
Zenit St. Petersburg,Miha Mevlja,28,Centre-Back,Rostov,Loan,out,Winter,0,Premier Liga,2018,2018/2019
CSKA Moscow,Lassana N'Diaye,18,Centre-Forward,Guidars FC,£63Th.,in,Winter,0.063,Premier Liga,2018,2018/2019
CSKA Moscow,Nayair Tiknizyan,19,Left Midfield,CSKA Moscow II,-,in,Winter,0,Premier Liga,2018,2018/2019
CSKA Moscow,Vitali Zhironkin,18,Centre-Forward,CSKA Moscow II,-,in,Winter,0,Premier Liga,2018,2018/2019
CSKA Moscow,Georgiy Kyrnats,20,Goalkeeper,CSKA Moscow II,-,in,Winter,0,Premier Liga,2018,2018/2019
CSKA Moscow,Igor Diveev,19,Centre-Back,Ufa,Loan,in,Winter,0,Premier Liga,2018,2018/2019
CSKA Moscow,Timur Zhamaletdinov,21,Centre-Forward,Lech Poznan,Loan,out,Winter,0,Premier Liga,2018,2018/2019
CSKA Moscow,Khetag Khosonov,20,Defensive Midfield,Tambov,Loan,out,Winter,0,Premier Liga,2018,2018/2019
CSKA Moscow,Astemir Gordyushenko,21,Central Midfield,Tyumen,Loan,out,Winter,0,Premier Liga,2018,2018/2019
CSKA Moscow,Aleksandr Makarov,22,Right Winger,Avangard Kursk,Loan,out,Winter,0,Premier Liga,2018,2018/2019
