club_name,player_name,age,position,club_involved_name,fee,transfer_movement,transfer_period,fee_cleaned,league_name,year,season
Athletic Bilbao,Yuri Berchiche,28,Left-Back,Paris SG,£21.60m,in,Summer,21.6,Primera Division,2018,2018/2019
Athletic Bilbao,Ander Capa,26,Right-Back,SD Eibar,£2.70m,in,Summer,2.7,Primera Division,2018,2018/2019
Athletic Bilbao,Cristian Ganea,26,Left-Back,FC Viitorul,£900Th.,in,Summer,0.9,Primera Division,2018,2018/2019
Athletic Bilbao,Dani García,28,Central Midfield,SD Eibar,Free transfer,in,Summer,0,Primera Division,2018,2018/2019
Athletic Bilbao,Andoni López,22,Left-Back,Bilbao Athletic,-,in,Summer,0,Primera Division,2018,2018/2019
Athletic Bilbao,Unai Simón,21,Goalkeeper,Bilbao Athletic,-,in,Summer,0,Primera Division,2018,2018/2019
Athletic Bilbao,Urtzi Iriondo,23,Left-Back,Granada CF,"End of loanJun 30, 2018",in,Summer,0,Primera Division,2018,2018/2019
Athletic Bilbao,Álex Remiro,23,Goalkeeper,SD Huesca,"End of loanJun 30, 2018",in,Summer,0,Primera Division,2018,2018/2019
Athletic Bilbao,Unai López,22,Central Midfield,Rayo Vallecano,"End of loanJun 30, 2018",in,Summer,0,Primera Division,2018,2018/2019
Athletic Bilbao,Kepa,23,Goalkeeper,Chelsea,£72.00m,out,Summer,72,Primera Division,2018,2018/2019
Athletic Bilbao,Enric Saborit,26,Left-Back,M. Tel Aviv,Free transfer,out,Summer,0,Primera Division,2018,2018/2019
Athletic Bilbao,Urtzi Iriondo,23,Left-Back,Saint Gilloise,Free transfer,out,Summer,0,Primera Division,2018,2018/2019
Athletic Bilbao,Mikel Vesga,25,Defensive Midfield,CD Leganés,Loan,out,Summer,0,Primera Division,2018,2018/2019
Athletic Bilbao,Xabi Etxeita,30,Centre-Back,SD Huesca,Loan,out,Summer,0,Primera Division,2018,2018/2019
Athletic Bilbao,Andoni López,22,Left-Back,UD Almería,Loan,out,Summer,0,Primera Division,2018,2018/2019
Athletic Bilbao,Sabin Merino,26,Centre-Forward,CD Leganés,Loan,out,Summer,0,Primera Division,2018,2018/2019
Athletic Bilbao,Kike Sola,32,Centre-Forward,Retired,-,out,Summer,0,Primera Division,2018,2018/2019
Atlético Madrid,Thomas Lemar,22,Left Winger,Monaco,£63.00m,in,Summer,63,Primera Division,2018,2018/2019
Atlético Madrid,Rodri,22,Defensive Midfield,Villarreal,£22.50m,in,Summer,22.5,Primera Division,2018,2018/2019
Atlético Madrid,Gelson Martins,23,Right Winger,Sporting CP,£20.25m,in,Summer,20.25,Primera Division,2018,2018/2019
Atlético Madrid,Nikola Kalinic,30,Centre-Forward,AC Milan,£13.05m,in,Summer,13.05,Primera Division,2018,2018/2019
Atlético Madrid,Santiago Arias,26,Right-Back,PSV Eindhoven,£9.90m,in,Summer,9.9,Primera Division,2018,2018/2019
Atlético Madrid,Jonny Otto,24,Left-Back,Celta de Vigo,£6.30m,in,Summer,6.3,Primera Division,2018,2018/2019
Atlético Madrid,Nehuén Pérez,18,Centre-Back,Argentinos U20,£2.25m,in,Summer,2.25,Primera Division,2018,2018/2019
Atlético Madrid,Antonio Adán,31,Goalkeeper,Real Betis,£900Th.,in,Summer,0.9,Primera Division,2018,2018/2019
Atlético Madrid,Bernard Mensah,23,Attacking Midfield,Kasimpasa,"End of loanJun 30, 2018",in,Summer,0,Primera Division,2018,2018/2019
Atlético Madrid,Diogo Jota,21,Left Winger,Wolves,"End of loanJun 30, 2018",in,Summer,0,Primera Division,2018,2018/2019
Atlético Madrid,Pierre Kunde Malong,22,Central Midfield,Granada CF,"End of loanJun 30, 2018",in,Summer,0,Primera Division,2018,2018/2019
Atlético Madrid,Emiliano Velázquez,24,Centre-Back,Rayo Vallecano,"End of loanJun 30, 2018",in,Summer,0,Primera Division,2018,2018/2019
Atlético Madrid,Héctor Hernández,22,Centre-Forward,Albacete,"End of loanJun 30, 2018",in,Summer,0,Primera Division,2018,2018/2019
Atlético Madrid,André Moreira,22,Goalkeeper,Belenenses SAD,"End of loanJun 30, 2018",in,Summer,0,Primera Division,2018,2018/2019
Atlético Madrid,Luciano Vietto,24,Centre-Forward,Valencia,"End of loanJun 30, 2018",in,Summer,0,Primera Division,2018,2018/2019
Atlético Madrid,Kévin Gameiro,31,Centre-Forward,Valencia,£14.40m,out,Summer,14.4,Primera Division,2018,2018/2019
Atlético Madrid,Diogo Jota,21,Left Winger,Wolves,£12.60m,out,Summer,12.6,Primera Division,2018,2018/2019
Atlético Madrid,Pierre Kunde Malong,22,Central Midfield,1.FSV Mainz 05,£6.75m,out,Summer,6.75,Primera Division,2018,2018/2019
Atlético Madrid,Sime Vrsaljko,26,Right-Back,Inter,Loan fee:£5.85m,out,Summer,5.85,Primera Division,2018,2018/2019
Atlético Madrid,Bernard Mensah,23,Attacking Midfield,Kayserispor,Loan fee:£360Th.,out,Summer,0.36,Primera Division,2018,2018/2019
Atlético Madrid,Fernando Torres,34,Centre-Forward,Sagan Tosu,Free transfer,out,Summer,0,Primera Division,2018,2018/2019
Atlético Madrid,Gabi,34,Defensive Midfield,Al-Sadd SC,Free transfer,out,Summer,0,Primera Division,2018,2018/2019
Atlético Madrid,Emiliano Velázquez,24,Centre-Back,Rayo Vallecano,Free transfer,out,Summer,0,Primera Division,2018,2018/2019
Atlético Madrid,Nehuén Pérez,18,Centre-Back,Argentinos Jrs.,Loan,out,Summer,0,Primera Division,2018,2018/2019
Atlético Madrid,Axel Werner,22,Goalkeeper,SD Huesca,Loan,out,Summer,0,Primera Division,2018,2018/2019
Atlético Madrid,Jonny Otto,24,Left-Back,Wolves,Loan,out,Summer,0,Primera Division,2018,2018/2019
Atlético Madrid,Héctor Hernández,22,Centre-Forward,Málaga CF,Loan,out,Summer,0,Primera Division,2018,2018/2019
Atlético Madrid,André Moreira,22,Goalkeeper,Aston Villa,Loan,out,Summer,0,Primera Division,2018,2018/2019
Atlético Madrid,Luciano Vietto,24,Centre-Forward,Fulham,Loan,out,Summer,0,Primera Division,2018,2018/2019
CD Leganés,Youssef En-Nesyri,21,Centre-Forward,Málaga CF,£5.40m,in,Summer,5.4,Primera Division,2018,2018/2019
CD Leganés,José Manuel Arnáiz,23,Left Winger,FC Barcelona B,£4.50m,in,Summer,4.5,Primera Division,2018,2018/2019
CD Leganés,Recio,27,Central Midfield,Málaga CF,£1.35m,in,Summer,1.35,Primera Division,2018,2018/2019
CD Leganés,Diego Rolán,25,Centre-Forward,Dep. La Coruña,Loan fee:£900Th.,in,Summer,0.9,Primera Division,2018,2018/2019
CD Leganés,Kenneth Omeruo,24,Centre-Back,Chelsea,Loan fee:£720Th.,in,Summer,0.72,Primera Division,2018,2018/2019
CD Leganés,Óscar Rodríguez,20,Attacking Midfield,Real Madrid,Loan fee:£540Th.,in,Summer,0.54,Primera Division,2018,2018/2019
CD Leganés,Josua Mejías,20,Centre-Back,Carabobo FC,£405Th.,in,Summer,0.405,Primera Division,2018,2018/2019
CD Leganés,Facundo García,18,Central Midfield,Olimpo,£315Th.,in,Summer,0.315,Primera Division,2018,2018/2019
CD Leganés,Juanfran,29,Right-Back,Dep. La Coruña,Loan fee:£270Th.,in,Summer,0.27,Primera Division,2018,2018/2019
CD Leganés,Jonathan Silva,24,Left-Back,Sporting CP,Loan fee:£180Th.,in,Summer,0.18,Primera Division,2018,2018/2019
CD Leganés,Rodrigo Tarín,21,Centre-Back,FC Barcelona B,Free transfer,in,Summer,0,Primera Division,2018,2018/2019
CD Leganés,Dani Ojeda,23,Left Winger,Lorca FC,Free transfer,in,Summer,0,Primera Division,2018,2018/2019
CD Leganés,Rubén Pérez,29,Defensive Midfield,Granada CF,Free transfer,in,Summer,0,Primera Division,2018,2018/2019
CD Leganés,Fede Vico,24,Attacking Midfield,CD Lugo,Free transfer,in,Summer,0,Primera Division,2018,2018/2019
CD Leganés,Sabin Merino,26,Centre-Forward,Athletic,Loan,in,Summer,0,Primera Division,2018,2018/2019
CD Leganés,Andriy Lunin,19,Goalkeeper,Real Madrid,Loan,in,Summer,0,Primera Division,2018,2018/2019
CD Leganés,Allan Nyom,30,Right-Back,West Brom,Loan,in,Summer,0,Primera Division,2018,2018/2019
CD Leganés,Mikel Vesga,25,Defensive Midfield,Athletic,Loan,in,Summer,0,Primera Division,2018,2018/2019
CD Leganés,Michael Santos,25,Centre-Forward,Málaga CF,Loan,in,Summer,0,Primera Division,2018,2018/2019
CD Leganés,Guido Carrillo,27,Centre-Forward,Southampton,Loan,in,Summer,0,Primera Division,2018,2018/2019
CD Leganés,William De Camargo,19,Right Winger,Leganés U19,-,in,Summer,0,Primera Division,2018,2018/2019
CD Leganés,Luciano,25,Centre-Forward,Panathinaikos,"End of loanJun 30, 2018",in,Summer,0,Primera Division,2018,2018/2019
CD Leganés,Josua Mejías,20,Centre-Back,FC Cartagena,"End of loanJun 29, 2018",in,Summer,0,Primera Division,2018,2018/2019
CD Leganés,Owusu,21,Right Winger,FC Cartagena,"End of loanJun 30, 2018",in,Summer,0,Primera Division,2018,2018/2019
CD Leganés,Mamadou Koné,26,Centre-Forward,KAS Eupen,"End of loanJun 30, 2018",in,Summer,0,Primera Division,2018,2018/2019
CD Leganés,Diego Rico,25,Left-Back,Bournemouth,£13.50m,out,Summer,13.5,Primera Division,2018,2018/2019
CD Leganés,Gabriel,24,Central Midfield,Benfica,£7.20m,out,Summer,7.2,Primera Division,2018,2018/2019
CD Leganés,Martín Mantovani,33,Centre-Back,UD Las Palmas,Free transfer,out,Summer,0,Primera Division,2018,2018/2019
CD Leganés,Luciano,25,Centre-Forward,Fluminense,Loan,out,Summer,0,Primera Division,2018,2018/2019
CD Leganés,Miguel Ángel Guerrero,27,Centre-Forward,Olympiacos,Free transfer,out,Summer,0,Primera Division,2018,2018/2019
CD Leganés,Tito,33,Right-Back,Rayo Vallecano,Free transfer,out,Summer,0,Primera Division,2018,2018/2019
CD Leganés,Fede Vico,24,Attacking Midfield,Granada CF,Loan,out,Summer,0,Primera Division,2018,2018/2019
CD Leganés,Owusu,21,Right Winger,Salamanca CF,Loan,out,Summer,0,Primera Division,2018,2018/2019
CD Leganés,Josua Mejías,20,Centre-Back,Gimnàstic,Loan,out,Summer,0,Primera Division,2018,2018/2019
CD Leganés,Mamadou Koné,26,Centre-Forward,Málaga CF,Loan,out,Summer,0,Primera Division,2018,2018/2019
CD Leganés,Facundo García,18,Central Midfield,AEK Larnaca,Loan,out,Summer,0,Primera Division,2018,2018/2019
CD Leganés,William De Camargo,19,Right Winger,Karpaty,Loan,out,Summer,0,Primera Division,2018,2018/2019
CD Leganés,Omar Ramos,30,Right Winger,Without Club,-,out,Summer,0,Primera Division,2018,2018/2019
CD Leganés,Rubén Pérez,29,Defensive Midfield,Granada CF,"End of loanJun 30, 2018",out,Summer,0,Primera Division,2018,2018/2019
CD Leganés,Joseba Zaldua,26,Right-Back,Real Sociedad,"End of loanJun 30, 2018",out,Summer,0,Primera Division,2018,2018/2019
CD Leganés,Nereo Champagne,33,Goalkeeper,Olimpo,"End of loanJun 30, 2018",out,Summer,0,Primera Division,2018,2018/2019
CD Leganés,Claudio Beauvue,30,Centre-Forward,Celta de Vigo,"End of loanJun 30, 2018",out,Summer,0,Primera Division,2018,2018/2019
CD Leganés,Darko Brasanac,26,Central Midfield,Real Betis,"End of loanJun 30, 2018",out,Summer,0,Primera Division,2018,2018/2019
CD Leganés,José Naranjo,23,Left Winger,KRC Genk,"End of loanJun 30, 2018",out,Summer,0,Primera Division,2018,2018/2019
CD Leganés,Nordin Amrabat,31,Right Winger,Watford,"End of loanJun 30, 2018",out,Summer,0,Primera Division,2018,2018/2019
CD Leganés,Josua Mejías,20,Centre-Back,Carabobo FC,"End of loanJun 30, 2018",out,Summer,0,Primera Division,2018,2018/2019
Deportivo Alavés,John Guidetti,26,Centre-Forward,Celta de Vigo,£3.60m,in,Summer,3.6,Primera Division,2018,2018/2019
Deportivo Alavés,Patrick Twumasi,24,Right Winger,FC Astana,£2.70m,in,Summer,2.7,Primera Division,2018,2018/2019
Deportivo Alavés,Tomás Pina,30,Central Midfield,Club Brugge,£1.35m,in,Summer,1.35,Primera Division,2018,2018/2019
Deportivo Alavés,Ximo Navarro,28,Centre-Back,UD Las Palmas,£1.35m,in,Summer,1.35,Primera Division,2018,2018/2019
Deportivo Alavés,Adrián Marín,21,Left-Back,Villarreal,Free transfer,in,Summer,0,Primera Division,2018,2018/2019
Deportivo Alavés,Javi Muñoz,23,Central Midfield,RM Castilla,Free transfer,in,Summer,0,Primera Division,2018,2018/2019
Deportivo Alavés,Rafa Navarro,24,Right-Back,Real Betis,Free transfer,in,Summer,0,Primera Division,2018,2018/2019
Deportivo Alavés,Eraldo Cinari,21,Left Winger,KF Vllaznia,£18Th.,in,Summer,0.018,Primera Division,2018,2018/2019
Deportivo Alavés,Borja Bastón,25,Centre-Forward,Swansea,Loan,in,Summer,0,Primera Division,2018,2018/2019
Deportivo Alavés,Jonathan Calleri,24,Centre-Forward,Maldonado,Loan,in,Summer,0,Primera Division,2018,2018/2019
Deportivo Alavés,Jony,26,Left Midfield,Málaga CF,Loan,in,Summer,0,Primera Division,2018,2018/2019
Deportivo Alavés,Darko Brasanac,26,Central Midfield,Real Betis,Loan,in,Summer,0,Primera Division,2018,2018/2019
Deportivo Alavés,Aleksandar Katai,27,Left Winger,Chicago Fire,"End of loanJul 10, 2018",in,Summer,0,Primera Division,2018,2018/2019
Deportivo Alavés,Adrián Diéguez,22,Centre-Back,Depor. Alavés B,-,in,Summer,0,Primera Division,2018,2018/2019
Deportivo Alavés,Ermedin Demirovic,20,Centre-Forward,Depor. Alavés B,-,in,Summer,0,Primera Division,2018,2018/2019
Deportivo Alavés,Martín Aguirregabiria,22,Right-Back,Depor. Alavés B,-,in,Summer,0,Primera Division,2018,2018/2019
Deportivo Alavés,Eraldo Cinari,21,Left Winger,NK Istra,"End of loanAug 30, 2018",in,Summer,0,Primera Division,2018,2018/2019
Deportivo Alavés,Cristian Glauder,22,Left-Back,NK Rudes,"End of loanJun 30, 2018",in,Summer,0,Primera Division,2018,2018/2019
Deportivo Alavés,Juanan Entrena,22,Left Winger,NK Rudes,"End of loanJun 30, 2018",in,Summer,0,Primera Division,2018,2018/2019
Deportivo Alavés,Nando García,24,Right Winger,Lorca FC,"End of loanJun 30, 2018",in,Summer,0,Primera Division,2018,2018/2019
Deportivo Alavés,Anderson Emanuel,22,Left Winger,NK Rudes,"End of loanJun 30, 2018",in,Summer,0,Primera Division,2018,2018/2019
Deportivo Alavés,Rafa Páez,23,Centre-Back,NK Rudes,"End of loanJun 30, 2018",in,Summer,0,Primera Division,2018,2018/2019
Deportivo Alavés,Juanan Entrena,22,Left Winger,Omonia Nikosia,Free transfer,out,Summer,0,Primera Division,2018,2018/2019
Deportivo Alavés,Alexis Ruano,32,Centre-Back,Ahli,Free transfer,out,Summer,0,Primera Division,2018,2018/2019
Deportivo Alavés,Christian Santos,30,Centre-Forward,Dep. La Coruña,Free transfer,out,Summer,0,Primera Division,2018,2018/2019
Deportivo Alavés,Eraldo Cinari,21,Left Winger,NK Istra,Loan,out,Summer,0,Primera Division,2018,2018/2019
Deportivo Alavés,Eraldo Cinari,21,Left Winger,FK Partizani,Free transfer,out,Summer,0,Primera Division,2018,2018/2019
Deportivo Alavés,Anderson Emanuel,22,Left Winger,FC Sochaux,Loan,out,Summer,0,Primera Division,2018,2018/2019
Deportivo Alavés,Rafa Páez,23,Centre-Back,FC Sochaux,Loan,out,Summer,0,Primera Division,2018,2018/2019
Deportivo Alavés,Nando García,24,Right Winger,FC Sochaux,Loan,out,Summer,0,Primera Division,2018,2018/2019
Deportivo Alavés,Rafa Navarro,24,Right-Back,FC Sochaux,Loan,out,Summer,0,Primera Division,2018,2018/2019
Deportivo Alavés,Aleksandar Katai,27,Left Winger,Chicago Fire,?,out,Summer,NA,Primera Division,2018,2018/2019
Deportivo Alavés,Javi Muñoz,23,Central Midfield,Real Oviedo,Loan,out,Summer,0,Primera Division,2018,2018/2019
Deportivo Alavés,Cristian Glauder,22,Left-Back,CF Fuenlabrada,Loan,out,Summer,0,Primera Division,2018,2018/2019
Deportivo Alavés,Ermedin Demirovic,20,Centre-Forward,FC Sochaux,Loan,out,Summer,0,Primera Division,2018,2018/2019
Deportivo Alavés,Héctor Hernández,27,Left-Back,Real Sociedad,"End of loanJun 30, 2018",out,Summer,0,Primera Division,2018,2018/2019
Deportivo Alavés,Alfonso Pedraza,22,Left-Back,Villarreal,"End of loanJun 30, 2018",out,Summer,0,Primera Division,2018,2018/2019
Deportivo Alavés,Tomás Pina,30,Central Midfield,Club Brugge,"End of loanJun 30, 2018",out,Summer,0,Primera Division,2018,2018/2019
Deportivo Alavés,Bojan Krkic,27,Second Striker,Stoke City,"End of loanJun 30, 2018",out,Summer,0,Primera Division,2018,2018/2019
Deportivo Alavés,Álvaro Medrán,24,Central Midfield,Valencia,"End of loanJun 30, 2018",out,Summer,0,Primera Division,2018,2018/2019
Deportivo Alavés,Munir El Haddadi,22,Right Winger,FC Barcelona,"End of loanJun 30, 2018",out,Summer,0,Primera Division,2018,2018/2019
Deportivo Alavés,John Guidetti,26,Centre-Forward,Celta de Vigo,"End of loanJun 30, 2018",out,Summer,0,Primera Division,2018,2018/2019
Deportivo Alavés,Hernán Pérez,29,Right Winger,Espanyol,"End of loanJun 30, 2018",out,Summer,0,Primera Division,2018,2018/2019
FC Barcelona,Malcom,21,Right Winger,G. Bordeaux,£36.90m,in,Summer,36.9,Primera Division,2018,2018/2019
FC Barcelona,Clément Lenglet,23,Centre-Back,Sevilla FC,£32.31m,in,Summer,32.31,Primera Division,2018,2018/2019
FC Barcelona,Arthur,21,Central Midfield,Grêmio,£27.90m,in,Summer,27.9,Primera Division,2018,2018/2019
FC Barcelona,Arturo Vidal,31,Central Midfield,Bayern Munich,£16.20m,in,Summer,16.2,Primera Division,2018,2018/2019
FC Barcelona,Adrián Ortolá,24,Goalkeeper,FC Barcelona B,-,in,Summer,0,Primera Division,2018,2018/2019
FC Barcelona,Marc Cucurella,19,Left Midfield,FC Barcelona B,-,in,Summer,0,Primera Division,2018,2018/2019
FC Barcelona,Marc Cardona,22,Centre-Forward,FC Barcelona B,-,in,Summer,0,Primera Division,2018,2018/2019
FC Barcelona,Sergi Palencia,22,Right-Back,FC Barcelona B,-,in,Summer,0,Primera Division,2018,2018/2019
FC Barcelona,Marlon,22,Centre-Back,OGC Nice,"End of loanJun 30, 2018",in,Summer,0,Primera Division,2018,2018/2019
FC Barcelona,Douglas,27,Right-Back,Benfica,"End of loanJun 30, 2018",in,Summer,0,Primera Division,2018,2018/2019
FC Barcelona,Munir El Haddadi,22,Right Winger,Alavés,"End of loanJun 30, 2018",in,Summer,0,Primera Division,2018,2018/2019
FC Barcelona,Rafinha,25,Attacking Midfield,Inter,"End of loanJun 30, 2018",in,Summer,0,Primera Division,2018,2018/2019
FC Barcelona,Gerard Deulofeu,24,Left Winger,Watford,"End of loanJun 30, 2018",in,Summer,0,Primera Division,2018,2018/2019
FC Barcelona,Yerry Mina,23,Centre-Back,Everton,£27.23m,out,Summer,27.23,Primera Division,2018,2018/2019
FC Barcelona,Lucas Digne,25,Left-Back,Everton,£18.18m,out,Summer,18.18,Primera Division,2018,2018/2019
FC Barcelona,Gerard Deulofeu,24,Left Winger,Watford,£11.70m,out,Summer,11.7,Primera Division,2018,2018/2019
FC Barcelona,Aleix Vidal,28,Right Winger,Sevilla FC,£8.37m,out,Summer,8.37,Primera Division,2018,2018/2019
FC Barcelona,Marlon,22,Centre-Back,Sassuolo,£5.40m,out,Summer,5.4,Primera Division,2018,2018/2019
FC Barcelona,Paulinho,29,Central Midfield,GZ Evergrande,Loan fee:£4.95m,out,Summer,4.95,Primera Division,2018,2018/2019
FC Barcelona,André Gomes,25,Central Midfield,Everton,Loan fee:£2.03m,out,Summer,2.03,Primera Division,2018,2018/2019
FC Barcelona,Paco Alcácer,24,Centre-Forward,Bor. Dortmund,Loan fee:£1.80m,out,Summer,1.8,Primera Division,2018,2018/2019
FC Barcelona,Andrés Iniesta,34,Central Midfield,Vissel Kobe,Free transfer,out,Summer,0,Primera Division,2018,2018/2019
FC Barcelona,Sergi Palencia,22,Right-Back,G. Bordeaux,Loan,out,Summer,0,Primera Division,2018,2018/2019
FC Barcelona,Marc Cardona,23,Centre-Forward,SD Eibar,Loan,out,Summer,0,Primera Division,2018,2018/2019
FC Barcelona,Douglas,27,Right-Back,Sivasspor,Loan,out,Summer,0,Primera Division,2018,2018/2019
FC Barcelona,Adrián Ortolá,24,Goalkeeper,Dep. La Coruña,Loan,out,Summer,0,Primera Division,2018,2018/2019
FC Barcelona,Marc Cucurella,20,Left Midfield,SD Eibar,Loan,out,Summer,0,Primera Division,2018,2018/2019
Getafe CF,Nemanja Maksimovic,23,Central Midfield,Valencia,£9.00m,in,Summer,9,Primera Division,2018,2018/2019
Getafe CF,Ignasi Miquel,25,Centre-Back,Málaga CF,£4.50m,in,Summer,4.5,Primera Division,2018,2018/2019
Getafe CF,Iván Alejo,23,Right Winger,SD Eibar,£3.60m,in,Summer,3.6,Primera Division,2018,2018/2019
Getafe CF,David Soria,25,Goalkeeper,Sevilla FC,£2.70m,in,Summer,2.7,Primera Division,2018,2018/2019
Getafe CF,Vitorino Antunes,31,Left-Back,Dynamo Kyiv,£2.25m,in,Summer,2.25,Primera Division,2018,2018/2019
Getafe CF,Mauro Arambarri,22,Central Midfield,Boston River,£1.94m,in,Summer,1.94,Primera Division,2018,2018/2019
Getafe CF,Leandro Cabrera,27,Centre-Back,Crotone,£540Th.,in,Summer,0.54,Primera Division,2018,2018/2019
Getafe CF,Oswaldo Alanís,29,Centre-Back,Chivas,Free transfer,in,Summer,0,Primera Division,2018,2018/2019
Getafe CF,José Carlos Lazo,22,Left Winger,RM Castilla,Free transfer,in,Summer,0,Primera Division,2018,2018/2019
Getafe CF,Ayoub Abou,20,Central Midfield,R. Majadahonda,Free transfer,in,Summer,0,Primera Division,2018,2018/2019
Getafe CF,Jaime Mata,29,Centre-Forward,Real Valladolid,Free transfer,in,Summer,0,Primera Division,2018,2018/2019
Getafe CF,Leandro Chichizola,28,Goalkeeper,UD Las Palmas,Free transfer,in,Summer,0,Primera Division,2018,2018/2019
Getafe CF,Markel Bergara,32,Defensive Midfield,Real Sociedad,Free transfer,in,Summer,0,Primera Division,2018,2018/2019
Getafe CF,Sebastián Cristóforo,25,Central Midfield,Fiorentina,Loan,in,Summer,0,Primera Division,2018,2018/2019
Getafe CF,Sergi Guardiola,27,Centre-Forward,Córdoba CF,Loan,in,Summer,0,Primera Division,2018,2018/2019
Getafe CF,Dimitri Foulquier,25,Right-Back,Watford,Loan,in,Summer,0,Primera Division,2018,2018/2019
Getafe CF,Merveil Ndockyt,19,Left Winger,Getafe CF B,-,in,Summer,0,Primera Division,2018,2018/2019
Getafe CF,Alberto García,33,Goalkeeper,Rayo Vallecano,"End of loanJun 30, 2018",in,Summer,0,Primera Division,2018,2018/2019
Getafe CF,Emiliano Buendía,21,Right Winger,CyD Leonesa,"End of loanJun 30, 2018",in,Summer,0,Primera Division,2018,2018/2019
Getafe CF,Rubén Yáñez,24,Goalkeeper,Cádiz CF,"End of loanJun 30, 2018",in,Summer,0,Primera Division,2018,2018/2019
Getafe CF,Karim Yoda,29,Right Winger,Reus Deportiu,"End of loanJun 30, 2018",in,Summer,0,Primera Division,2018,2018/2019
Getafe CF,Chuli,27,Centre-Forward,CD Lugo,"End of loanJun 30, 2018",in,Summer,0,Primera Division,2018,2018/2019
Getafe CF,Rober Ibáñez,25,Right Winger,CA Osasuna,"End of loanJun 30, 2018",in,Summer,0,Primera Division,2018,2018/2019
Getafe CF,Jefferson Montero,28,Left Winger,CS Emelec,"End of loanJun 29, 2018",in,Summer,0,Primera Division,2018,2018/2019
Getafe CF,Fayçal Fajr,30,Central Midfield,SM Caen,£1.35m,out,Summer,1.35,Primera Division,2018,2018/2019
Getafe CF,Emiliano Buendía,21,Right Winger,Norwich,£1.35m,out,Summer,1.35,Primera Division,2018,2018/2019
Getafe CF,Alberto García,33,Goalkeeper,Rayo Vallecano,£450Th.,out,Summer,0.45,Primera Division,2018,2018/2019
Getafe CF,Dani Pacheco,27,Left Winger,Málaga CF,Free transfer,out,Summer,0,Primera Division,2018,2018/2019
Getafe CF,Ayoub Abou,20,Central Midfield,RM Castilla,Free transfer,out,Summer,0,Primera Division,2018,2018/2019
Getafe CF,Karim Yoda,29,Right Winger,Reus Deportiu,Free transfer,out,Summer,0,Primera Division,2018,2018/2019
Getafe CF,Francisco Molinero,32,Right-Back,Sporting Gijón,Free transfer,out,Summer,0,Primera Division,2018,2018/2019
Getafe CF,Oswaldo Alanís,29,Centre-Back,Real Oviedo,Free transfer,out,Summer,0,Primera Division,2018,2018/2019
Getafe CF,Mathí­as Olivera,20,Left-Back,Albacete,Loan,out,Summer,0,Primera Division,2018,2018/2019
Getafe CF,Vicente Guaita,31,Goalkeeper,Crystal Palace,Free transfer,out,Summer,0,Primera Division,2018,2018/2019
Getafe CF,Merveil Ndockyt,20,Left Winger,RCD Mallorca,Loan,out,Summer,0,Primera Division,2018,2018/2019
Getafe CF,Álvaro Jiménez,23,Right Winger,Sporting Gijón,Loan,out,Summer,0,Primera Division,2018,2018/2019
Getafe CF,Chuli,27,Centre-Forward,Extremadura,Loan,out,Summer,0,Primera Division,2018,2018/2019
Getafe CF,José Carlos Lazo,22,Left Winger,CD Lugo,Loan,out,Summer,0,Primera Division,2018,2018/2019
Getafe CF,Filip Manojlovic,22,Goalkeeper,Panionios,Loan,out,Summer,0,Primera Division,2018,2018/2019
Getafe CF,Mathieu Flamini,34,Defensive Midfield,Without Club,-,out,Summer,0,Primera Division,2018,2018/2019
Getafe CF,Sergio Mora,38,Central Midfield,Retired,-,out,Summer,0,Primera Division,2018,2018/2019
Getafe CF,Markel Bergara,32,Defensive Midfield,Real Sociedad,"End of loanJun 30, 2018",out,Summer,0,Primera Division,2018,2018/2019
Getafe CF,Vitorino Antunes,31,Left-Back,Dynamo Kyiv,"End of loanJun 30, 2018",out,Summer,0,Primera Division,2018,2018/2019
Getafe CF,Emiliano Martínez,25,Goalkeeper,Arsenal,"End of loanJun 30, 2018",out,Summer,0,Primera Division,2018,2018/2019
Getafe CF,Mauro Arambarri,22,Central Midfield,Boston River,"End of loanJun 30, 2018",out,Summer,0,Primera Division,2018,2018/2019
Getafe CF,Jefferson Montero,28,Left Winger,Swansea,"End of loanJun 30, 2018",out,Summer,0,Primera Division,2018,2018/2019
Getafe CF,Leandro Cabrera,27,Centre-Back,Crotone,"End of loanJun 30, 2018",out,Summer,0,Primera Division,2018,2018/2019
Getafe CF,Loïc Rémy,31,Centre-Forward,UD Las Palmas,"End of loanJun 30, 2018",out,Summer,0,Primera Division,2018,2018/2019
Girona FC,Marc Muniesa,26,Centre-Back,Stoke City,£4.50m,in,Summer,4.5,Primera Division,2018,2018/2019
Girona FC,Johan Mojica,25,Left-Back,Rayo Vallecano,£4.50m,in,Summer,4.5,Primera Division,2018,2018/2019
Girona FC,Jairo Izquierdo,24,Left Winger,Extremadura,£180Th.,in,Summer,0.18,Primera Division,2018,2018/2019
Girona FC,Seydou Doumbia,30,Centre-Forward,Sporting CP,Free transfer,in,Summer,0,Primera Division,2018,2018/2019
Girona FC,Patrick Roberts,21,Right Winger,Man City,Loan,in,Summer,0,Primera Division,2018,2018/2019
Girona FC,Pedro Porro,18,Right-Back,CF Peralada,-,in,Summer,0,Primera Division,2018,2018/2019
Girona FC,Sebas Coris,25,Right Winger,CA Osasuna,"End of loanJun 30, 2018",in,Summer,0,Primera Division,2018,2018/2019
Girona FC,Rubén Alcaraz,27,Central Midfield,UD Almería,"End of loanJun 30, 2018",in,Summer,0,Primera Division,2018,2018/2019
Girona FC,Farid Boulaya,25,Right Winger,FC Metz,"End of loanJun 30, 2018",in,Summer,0,Primera Division,2018,2018/2019
Girona FC,David Timor,28,Defensive Midfield,UD Las Palmas,£1.35m,out,Summer,1.35,Primera Division,2018,2018/2019
Girona FC,Rubén Alcaraz,27,Central Midfield,Real Valladolid,£900Th.,out,Summer,0.9,Primera Division,2018,2018/2019
Girona FC,Farid Boulaya,25,Right Winger,FC Metz,£720Th.,out,Summer,0.72,Primera Division,2018,2018/2019
Girona FC,Eloi Amagat,33,Attacking Midfield,NYCFC,Free transfer,out,Summer,0,Primera Division,2018,2018/2019
Girona FC,Sebas Coris,25,Right Winger,Gimnàstic,Loan,out,Summer,0,Primera Division,2018,2018/2019
Girona FC,Jairo Izquierdo,24,Left Winger,Cádiz CF,Loan,out,Summer,0,Primera Division,2018,2018/2019
Girona FC,Marcel Lizak,22,Goalkeeper,CF Peralada,-,out,Summer,0,Primera Division,2018,2018/2019
Girona FC,Pablo Maffeo,20,Right-Back,Man City,"End of loanJun 30, 2018",out,Summer,0,Primera Division,2018,2018/2019
Girona FC,Marc Muniesa,26,Centre-Back,Stoke City,"End of loanJun 30, 2018",out,Summer,0,Primera Division,2018,2018/2019
Girona FC,Johan Mojica,25,Left-Back,Rayo Vallecano,"End of loanJun 30, 2018",out,Summer,0,Primera Division,2018,2018/2019
Girona FC,Michael Olunga,24,Centre-Forward,GZ Hengfeng,"End of loanJun 30, 2018",out,Summer,0,Primera Division,2018,2018/2019
Levante UD,Nikola Vukcevic,26,Defensive Midfield,Braga,£8.01m,in,Summer,8.01,Primera Division,2018,2018/2019
Levante UD,Raphael Dwamena,22,Centre-Forward,FC Zürich,£5.58m,in,Summer,5.58,Primera Division,2018,2018/2019
Levante UD,Moses Simon,23,Left Winger,KAA Gent,£4.50m,in,Summer,4.5,Primera Division,2018,2018/2019
Levante UD,Erick Cabaco,23,Centre-Back,Nacional,£1.80m,in,Summer,1.8,Primera Division,2018,2018/2019
Levante UD,Coke,31,Right-Back,FC Schalke 04,£1.35m,in,Summer,1.35,Primera Division,2018,2018/2019
Levante UD,Rubén Rochina,27,Attacking Midfield,Rubin Kazan,£1.26m,in,Summer,1.26,Primera Division,2018,2018/2019
Levante UD,Aitor Fernández,27,Goalkeeper,CD Numancia,£900Th.,in,Summer,0.9,Primera Division,2018,2018/2019
Levante UD,Sanjin Prcic,24,Central Midfield,Stade Rennais,Free transfer,in,Summer,0,Primera Division,2018,2018/2019
Levante UD,Rober Pier,23,Centre-Back,Dep. La Coruña,Loan,in,Summer,0,Primera Division,2018,2018/2019
Levante UD,Borja Mayoral,21,Centre-Forward,Real Madrid,Loan,in,Summer,0,Primera Division,2018,2018/2019
Levante UD,Rubén García,24,Attacking Midfield,Sporting Gijón,"End of loanJun 30, 2018",in,Summer,0,Primera Division,2018,2018/2019
Levante UD,Esteban Saveljich,27,Centre-Back,Albacete,"End of loanJun 30, 2018",in,Summer,0,Primera Division,2018,2018/2019
Levante UD,Javier Espinosa,25,Central Midfield,Granada CF,"End of loanJun 30, 2018",in,Summer,0,Primera Division,2018,2018/2019
Levante UD,Verza,31,Central Midfield,UD Almería,"End of loanJun 30, 2018",in,Summer,0,Primera Division,2018,2018/2019
Levante UD,Samu García,27,Right Winger,Málaga CF,"End of loanJun 30, 2018",in,Summer,0,Primera Division,2018,2018/2019
Levante UD,Jefferson Lerma,23,Defensive Midfield,Bournemouth,£25.20m,out,Summer,25.2,Primera Division,2018,2018/2019
Levante UD,Raúl Fernández,30,Goalkeeper,UD Las Palmas,Free transfer,out,Summer,0,Primera Division,2018,2018/2019
Levante UD,Javier Espinosa,25,Central Midfield,Twente FC,Free transfer,out,Summer,0,Primera Division,2018,2018/2019
Levante UD,Verza,31,Central Midfield,R. Majadahonda,Free transfer,out,Summer,0,Primera Division,2018,2018/2019
Levante UD,Ivi López,24,Right Winger,Real Valladolid,Loan,out,Summer,0,Primera Division,2018,2018/2019
Levante UD,Rubén García,25,Attacking Midfield,CA Osasuna,Loan,out,Summer,0,Primera Division,2018,2018/2019
Levante UD,Iván López,25,Right-Back,Gimnàstic,Loan,out,Summer,0,Primera Division,2018,2018/2019
Levante UD,Esteban Saveljich,27,Centre-Back,UD Almería,Loan,out,Summer,0,Primera Division,2018,2018/2019
Levante UD,Alex Alegría,25,Centre-Forward,Real Betis,"End of loanJun 30, 2018",out,Summer,0,Primera Division,2018,2018/2019
Levante UD,Rober Pier,23,Centre-Back,Dep. La Coruña,"End of loanJun 30, 2018",out,Summer,0,Primera Division,2018,2018/2019
Levante UD,Sasa Lukic,21,Central Midfield,Torino,"End of loanJun 30, 2018",out,Summer,0,Primera Division,2018,2018/2019
Levante UD,Erick Cabaco,23,Centre-Back,Nacional,"End of loanJun 30, 2018",out,Summer,0,Primera Division,2018,2018/2019
Levante UD,Coke,31,Right-Back,FC Schalke 04,"End of loanJun 30, 2018",out,Summer,0,Primera Division,2018,2018/2019
Levante UD,Fahad Al-Muwallad,23,Right Winger,Ittihad,"End of loanJun 30, 2018",out,Summer,0,Primera Division,2018,2018/2019
Levante UD,Iván Villar,20,Goalkeeper,Celta de Vigo,"End of loanJun 30, 2018",out,Summer,0,Primera Division,2018,2018/2019
Levante UD,Giampaolo Pazzini,33,Centre-Forward,Hellas Verona,"End of loanJun 30, 2018",out,Summer,0,Primera Division,2018,2018/2019
Levante UD,Rubén Rochina,27,Attacking Midfield,Rubin Kazan,"End of loanJun 30, 2018",out,Summer,0,Primera Division,2018,2018/2019
Celta de Vigo,Fran Beltrán,19,Central Midfield,Rayo Vallecano,£7.20m,in,Summer,7.2,Primera Division,2018,2018/2019
Celta de Vigo,Néstor Araújo,26,Centre-Back,Santos Laguna,£6.30m,in,Summer,6.3,Primera Division,2018,2018/2019
Celta de Vigo,Okay Yokuslu,24,Defensive Midfield,Trabzonspor,£5.40m,in,Summer,5.4,Primera Division,2018,2018/2019
Celta de Vigo,Mathias Jensen,22,Central Midfield,Nordsjaelland,£4.50m,in,Summer,4.5,Primera Division,2018,2018/2019
Celta de Vigo,David Juncà,24,Left-Back,SD Eibar,Free transfer,in,Summer,0,Primera Division,2018,2018/2019
Celta de Vigo,Sofiane Boufal,24,Left Winger,Southampton,Loan,in,Summer,0,Primera Division,2018,2018/2019
Celta de Vigo,Brais Méndez,21,Right Winger,Celta Vigo B,-,in,Summer,0,Primera Division,2018,2018/2019
Celta de Vigo,Borja Iglesias,25,Centre-Forward,Celta Vigo B,-,in,Summer,0,Primera Division,2018,2018/2019
Celta de Vigo,Kevin Vázquez,25,Right-Back,Celta Vigo B,-,in,Summer,0,Primera Division,2018,2018/2019
Celta de Vigo,Juan Hernández,23,Right Winger,Celta Vigo B,-,in,Summer,0,Primera Division,2018,2018/2019
Celta de Vigo,Dennis Eckert Ayensa,21,Centre-Forward,Celta Vigo B,-,in,Summer,0,Primera Division,2018,2018/2019
Celta de Vigo,Júnior Alonso,25,Centre-Back,LOSC Lille,Loan,in,Summer,0,Primera Division,2018,2018/2019
Celta de Vigo,Claudio Beauvue,30,Centre-Forward,CD Leganés,"End of loanJun 30, 2018",in,Summer,0,Primera Division,2018,2018/2019
Celta de Vigo,David Costas,23,Centre-Back,FC Barcelona B,"End of loanJun 30, 2018",in,Summer,0,Primera Division,2018,2018/2019
Celta de Vigo,John Guidetti,26,Centre-Forward,Alavés,"End of loanJun 30, 2018",in,Summer,0,Primera Division,2018,2018/2019
Celta de Vigo,Álvaro Lemos,25,Right-Back,CD Lugo,"End of loanJun 30, 2018",in,Summer,0,Primera Division,2018,2018/2019
Celta de Vigo,Iván Villar,20,Goalkeeper,Levante,"End of loanJun 30, 2018",in,Summer,0,Primera Division,2018,2018/2019
Celta de Vigo,Theo Bongonda,22,Left Winger,Zulte Waregem,"End of loanJun 30, 2018",in,Summer,0,Primera Division,2018,2018/2019
Celta de Vigo,Andrew Hjulsager,23,Right Winger,Granada CF,"End of loanJun 30, 2018",in,Summer,0,Primera Division,2018,2018/2019
Celta de Vigo,Borja Iglesias,25,Centre-Forward,Espanyol,£9.00m,out,Summer,9,Primera Division,2018,2018/2019
Celta de Vigo,Jonny Otto,24,Left-Back,Atlético Madrid,£6.30m,out,Summer,6.3,Primera Division,2018,2018/2019
Celta de Vigo,Daniel Wass,29,Right-Back,Valencia,£5.40m,out,Summer,5.4,Primera Division,2018,2018/2019
Celta de Vigo,Sergi Gómez,26,Centre-Back,Sevilla FC,£4.05m,out,Summer,4.05,Primera Division,2018,2018/2019
Celta de Vigo,John Guidetti,26,Centre-Forward,Alavés,£3.60m,out,Summer,3.6,Primera Division,2018,2018/2019
Celta de Vigo,Theo Bongonda,22,Left Winger,Zulte Waregem,£1.44m,out,Summer,1.44,Primera Division,2018,2018/2019
Celta de Vigo,Pablo Hernández,31,Central Midfield,Independiente,£1.26m,out,Summer,1.26,Primera Division,2018,2018/2019
Celta de Vigo,Álvaro Lemos,25,Right-Back,UD Las Palmas,£270Th.,out,Summer,0.27,Primera Division,2018,2018/2019
Celta de Vigo,Andreu Fontàs,28,Centre-Back,Kansas,Free transfer,out,Summer,0,Primera Division,2018,2018/2019
Celta de Vigo,Juan Hernández,23,Right Winger,Cádiz CF,Loan,out,Summer,0,Primera Division,2018,2018/2019
Celta de Vigo,Claudio Beauvue,30,Centre-Forward,SM Caen,Loan,out,Summer,0,Primera Division,2018,2018/2019
Celta de Vigo,Iván Villar,20,Goalkeeper,Celta Vigo B,-,out,Summer,0,Primera Division,2018,2018/2019
Celta de Vigo,Lucas Boyé,22,Centre-Forward,Torino,"End of loanJun 30, 2018",out,Summer,0,Primera Division,2018,2018/2019
RCD Espanyol Barcelona,Borja Iglesias,25,Centre-Forward,Celta de Vigo,£9.00m,in,Summer,9,Primera Division,2018,2018/2019
RCD Espanyol Barcelona,Sergi Darder,24,Central Midfield,Olympique Lyon,£7.20m,in,Summer,7.2,Primera Division,2018,2018/2019
RCD Espanyol Barcelona,Sergio Sánchez,32,Centre-Back,Rubin Kazan,Free transfer,in,Summer,0,Primera Division,2018,2018/2019
RCD Espanyol Barcelona,Roberto Rosales,29,Right-Back,Málaga CF,Loan,in,Summer,0,Primera Division,2018,2018/2019
RCD Espanyol Barcelona,Pipa,20,Right-Back,RCD Espanyol B,-,in,Summer,0,Primera Division,2018,2018/2019
RCD Espanyol Barcelona,Javi Puado,20,Left Winger,RCD Espanyol B,-,in,Summer,0,Primera Division,2018,2018/2019
RCD Espanyol Barcelona,Álex López,21,Central Midfield,RCD Espanyol B,-,in,Summer,0,Primera Division,2018,2018/2019
RCD Espanyol Barcelona,Roberto,32,Goalkeeper,Málaga CF,"End of loanJun 30, 2018",in,Summer,0,Primera Division,2018,2018/2019
RCD Espanyol Barcelona,Álvaro Vázquez,27,Centre-Forward,Gimnàstic,"End of loanJun 30, 2018",in,Summer,0,Primera Division,2018,2018/2019
RCD Espanyol Barcelona,Hernán Pérez,29,Right Winger,Alavés,"End of loanJun 30, 2018",in,Summer,0,Primera Division,2018,2018/2019
RCD Espanyol Barcelona,Gerard Moreno,26,Centre-Forward,Villarreal,£18.00m,out,Summer,18,Primera Division,2018,2018/2019
RCD Espanyol Barcelona,Aarón Martín,21,Left-Back,1.FSV Mainz 05,Loan fee:£2.70m,out,Summer,2.7,Primera Division,2018,2018/2019
RCD Espanyol Barcelona,Marc Navarro,22,Right-Back,Watford,£1.80m,out,Summer,1.8,Primera Division,2018,2018/2019
RCD Espanyol Barcelona,Jairo Morillas,25,Centre-Forward,V-V. Nagasaki,Free transfer,out,Summer,0,Primera Division,2018,2018/2019
RCD Espanyol Barcelona,José Manuel Jurado,32,Attacking Midfield,Ahli,Free transfer,out,Summer,0,Primera Division,2018,2018/2019
RCD Espanyol Barcelona,Pau López,23,Goalkeeper,Real Betis,Free transfer,out,Summer,0,Primera Division,2018,2018/2019
RCD Espanyol Barcelona,Álvaro Vázquez,27,Centre-Forward,Real Zaragoza,Loan,out,Summer,0,Primera Division,2018,2018/2019
RCD Espanyol Barcelona,Sergio Sánchez,32,Centre-Back,Without Club,-,out,Summer,0,Primera Division,2018,2018/2019
RCD Espanyol Barcelona,Sergi Darder,24,Central Midfield,Olympique Lyon,"End of loanJun 30, 2018",out,Summer,0,Primera Division,2018,2018/2019
RCD Espanyol Barcelona,Sergio Sánchez,32,Centre-Back,Rubin Kazan,"End of loanJun 30, 2018",out,Summer,0,Primera Division,2018,2018/2019
RCD Espanyol Barcelona,Carlos Sánchez,32,Defensive Midfield,Fiorentina,"End of loanJun 30, 2018",out,Summer,0,Primera Division,2018,2018/2019
Real Betis Balompié,William Carvalho,26,Defensive Midfield,Sporting CP,£14.40m,in,Summer,14.4,Primera Division,2018,2018/2019
Real Betis Balompié,Sidnei,28,Centre-Back,Dep. La Coruña,£4.05m,in,Summer,4.05,Primera Division,2018,2018/2019
Real Betis Balompié,Giovani Lo Celso,22,Central Midfield,Paris SG,Loan fee:£2.70m,in,Summer,2.7,Primera Division,2018,2018/2019
Real Betis Balompié,Antonio Barragán,31,Right-Back,Middlesbrough,£900Th.,in,Summer,0.9,Primera Division,2018,2018/2019
Real Betis Balompié,Takashi Inui,30,Left Winger,SD Eibar,Free transfer,in,Summer,0,Primera Division,2018,2018/2019
Real Betis Balompié,Sergio Canales,27,Attacking Midfield,Real Sociedad,Free transfer,in,Summer,0,Primera Division,2018,2018/2019
Real Betis Balompié,Joel Robles,28,Goalkeeper,Everton,Free transfer,in,Summer,0,Primera Division,2018,2018/2019
Real Betis Balompié,Pau López,23,Goalkeeper,Espanyol,Free transfer,in,Summer,0,Primera Division,2018,2018/2019
Real Betis Balompié,Liberto Beltrán,21,Left Winger,Betis B,-,in,Summer,0,Primera Division,2018,2018/2019
Real Betis Balompié,Alex Alegría,25,Centre-Forward,Levante,"End of loanJun 30, 2018",in,Summer,0,Primera Division,2018,2018/2019
Real Betis Balompié,Germán Pezzella,27,Centre-Back,Fiorentina,"End of loanJun 30, 2018",in,Summer,0,Primera Division,2018,2018/2019
Real Betis Balompié,Darko Brasanac,26,Central Midfield,CD Leganés,"End of loanJun 30, 2018",in,Summer,0,Primera Division,2018,2018/2019
Real Betis Balompié,Juanjo Narváez,23,Left Winger,Córdoba CF,"End of loanJun 30, 2018",in,Summer,0,Primera Division,2018,2018/2019
Real Betis Balompié,Alin Tosca,26,Centre-Back,Benevento,"End of loanJun 30, 2018",in,Summer,0,Primera Division,2018,2018/2019
Real Betis Balompié,Fabián Ruiz,22,Central Midfield,SSC Napoli,£27.00m,out,Summer,27,Primera Division,2018,2018/2019
Real Betis Balompié,Germán Pezzella,27,Centre-Back,Fiorentina,£8.78m,out,Summer,8.78,Primera Division,2018,2018/2019
Real Betis Balompié,Riza Durmisi,24,Left-Back,Lazio,£6.75m,out,Summer,6.75,Primera Division,2018,2018/2019
Real Betis Balompié,Antonio Adán,31,Goalkeeper,Atlético Madrid,£900Th.,out,Summer,0.9,Primera Division,2018,2018/2019
Real Betis Balompié,Dani Giménez,34,Goalkeeper,Dep. La Coruña,Free transfer,out,Summer,0,Primera Division,2018,2018/2019
Real Betis Balompié,Rafa Navarro,24,Right-Back,Alavés,Free transfer,out,Summer,0,Primera Division,2018,2018/2019
Real Betis Balompié,Rubén Castro,37,Centre-Forward,UD Las Palmas,Free transfer,out,Summer,0,Primera Division,2018,2018/2019
Real Betis Balompié,Víctor Camarasa,24,Central Midfield,Cardiff,Loan,out,Summer,0,Primera Division,2018,2018/2019
Real Betis Balompié,Liberto Beltrán,21,Left Winger,CyD Leonesa,Loan,out,Summer,0,Primera Division,2018,2018/2019
Real Betis Balompié,Alin Tosca,26,Centre-Back,PAOK Salonika,Loan,out,Summer,0,Primera Division,2018,2018/2019
Real Betis Balompié,Darko Brasanac,26,Central Midfield,Alavés,Loan,out,Summer,0,Primera Division,2018,2018/2019
Real Betis Balompié,Juanjo Narváez,23,Left Winger,UD Almería,Loan,out,Summer,0,Primera Division,2018,2018/2019
Real Betis Balompié,Alex Alegría,25,Centre-Forward,Rayo Vallecano,Loan,out,Summer,0,Primera Division,2018,2018/2019
Real Betis Balompié,Antonio Barragán,31,Right-Back,Middlesbrough,"End of loanJun 30, 2018",out,Summer,0,Primera Division,2018,2018/2019
Real Betis Balompié,Jordi Amat,26,Centre-Back,Swansea,"End of loanJun 30, 2018",out,Summer,0,Primera Division,2018,2018/2019
Real Betis Balompié,Joel Campbell,26,Right Winger,Arsenal,"End of loanJun 30, 2018",out,Summer,0,Primera Division,2018,2018/2019
Real Madrid,Vinícius Júnior,18,Left Winger,Flamengo,£40.50m,in,Summer,40.5,Primera Division,2018,2018/2019
Real Madrid,Thibaut Courtois,26,Goalkeeper,Chelsea,£31.50m,in,Summer,31.5,Primera Division,2018,2018/2019
Real Madrid,Álvaro Odriozola,22,Right-Back,Real Sociedad,£27.00m,in,Summer,27,Primera Division,2018,2018/2019
Real Madrid,Mariano Díaz,25,Centre-Forward,Olympique Lyon,£19.35m,in,Summer,19.35,Primera Division,2018,2018/2019
Real Madrid,Andriy Lunin,19,Goalkeeper,Zorya Lugansk,£7.65m,in,Summer,7.65,Primera Division,2018,2018/2019
Real Madrid,Omar Mascarell,25,Defensive Midfield,E. Frankfurt,£3.60m,in,Summer,3.6,Primera Division,2018,2018/2019
Real Madrid,Lucas Torró,23,Defensive Midfield,CA Osasuna,£1.58m,in,Summer,1.58,Primera Division,2018,2018/2019
Real Madrid,Raúl de Tomás,23,Centre-Forward,RM Castilla,-,in,Summer,0,Primera Division,2018,2018/2019
Real Madrid,Federico Valverde,19,Central Midfield,RM Castilla,-,in,Summer,0,Primera Division,2018,2018/2019
Real Madrid,Sergio Reguilón,21,Left-Back,RM Castilla,-,in,Summer,0,Primera Division,2018,2018/2019
Real Madrid,Óscar Rodríguez,20,Attacking Midfield,RM Castilla,-,in,Summer,0,Primera Division,2018,2018/2019
Real Madrid,Martin Ödegaard,19,Attacking Midfield,Heerenveen,"End of loanJun 30, 2018",in,Summer,0,Primera Division,2018,2018/2019
Real Madrid,Philipp Lienhart,21,Centre-Back,SC Freiburg,"End of loanJun 30, 2018",in,Summer,0,Primera Division,2018,2018/2019
Real Madrid,Fábio Coentrão,30,Left-Back,Sporting CP,"End of loanJun 30, 2018",in,Summer,0,Primera Division,2018,2018/2019
Real Madrid,Cristiano Ronaldo,33,Left Winger,Juventus,£105.30m,out,Summer,105.3,Primera Division,2018,2018/2019
Real Madrid,Omar Mascarell,25,Defensive Midfield,FC Schalke 04,£9.00m,out,Summer,9,Primera Division,2018,2018/2019
Real Madrid,Lucas Torró,23,Defensive Midfield,E. Frankfurt,£3.15m,out,Summer,3.15,Primera Division,2018,2018/2019
Real Madrid,Philipp Lienhart,21,Centre-Back,SC Freiburg,£1.80m,out,Summer,1.8,Primera Division,2018,2018/2019
Real Madrid,Raúl de Tomás,23,Centre-Forward,Rayo Vallecano,Loan fee:£900Th.,out,Summer,0.9,Primera Division,2018,2018/2019
Real Madrid,Óscar Rodríguez,20,Attacking Midfield,CD Leganés,Loan fee:£540Th.,out,Summer,0.54,Primera Division,2018,2018/2019
Real Madrid,Fábio Coentrão,30,Left-Back,Rio Ave FC,Free transfer,out,Summer,0,Primera Division,2018,2018/2019
Real Madrid,Andriy Lunin,19,Goalkeeper,CD Leganés,Loan,out,Summer,0,Primera Division,2018,2018/2019
Real Madrid,Martin Ödegaard,19,Attacking Midfield,Vitesse,Loan,out,Summer,0,Primera Division,2018,2018/2019
Real Madrid,Theo Hernández,20,Left-Back,Real Sociedad,Loan,out,Summer,0,Primera Division,2018,2018/2019
Real Madrid,Mateo Kovacic,24,Central Midfield,Chelsea,Loan,out,Summer,0,Primera Division,2018,2018/2019
Real Madrid,Achraf Hakimi,19,Right Midfield,Bor. Dortmund,Loan,out,Summer,0,Primera Division,2018,2018/2019
Real Madrid,Borja Mayoral,21,Centre-Forward,Levante,Loan,out,Summer,0,Primera Division,2018,2018/2019
Real Sociedad,Mikel Merino,22,Central Midfield,Newcastle,£10.80m,in,Summer,10.8,Primera Division,2018,2018/2019
Real Sociedad,Theo Hernández,20,Left-Back,Real Madrid,Loan,in,Summer,0,Primera Division,2018,2018/2019
Real Sociedad,Sandro Ramírez,23,Centre-Forward,Everton,Loan,in,Summer,0,Primera Division,2018,2018/2019
Real Sociedad,Andoni Gorosabel,21,Right-Back,Real Sociedad B,-,in,Summer,0,Primera Division,2018,2018/2019
Real Sociedad,Eneko Capilla,23,Attacking Midfield,Real Sociedad B,-,in,Summer,0,Primera Division,2018,2018/2019
Real Sociedad,Luca Sangalli,23,Attacking Midfield,Real Sociedad B,-,in,Summer,0,Primera Division,2018,2018/2019
Real Sociedad,Martín Merquelanz,23,Left Winger,Real Sociedad B,-,in,Summer,0,Primera Division,2018,2018/2019
Real Sociedad,Héctor Hernández,27,Left-Back,Alavés,"End of loanJun 30, 2018",in,Summer,0,Primera Division,2018,2018/2019
Real Sociedad,Joseba Zaldua,26,Right-Back,CD Leganés,"End of loanJun 30, 2018",in,Summer,0,Primera Division,2018,2018/2019
Real Sociedad,Srdjan Babic,22,Centre-Back,Red Star,"End of loanJun 30, 2018",in,Summer,0,Primera Division,2018,2018/2019
Real Sociedad,Markel Bergara,32,Defensive Midfield,Getafe,"End of loanJun 30, 2018",in,Summer,0,Primera Division,2018,2018/2019
Real Sociedad,Álvaro Odriozola,22,Right-Back,Real Madrid,£27.00m,out,Summer,27,Primera Division,2018,2018/2019
Real Sociedad,Srdjan Babic,22,Centre-Back,Red Star,£720Th.,out,Summer,0.72,Primera Division,2018,2018/2019
Real Sociedad,Sergio Canales,27,Attacking Midfield,Real Betis,Free transfer,out,Summer,0,Primera Division,2018,2018/2019
Real Sociedad,Carlos Martínez,32,Right-Back,Real Oviedo,Free transfer,out,Summer,0,Primera Division,2018,2018/2019
Real Sociedad,Markel Bergara,32,Defensive Midfield,Getafe,Free transfer,out,Summer,0,Primera Division,2018,2018/2019
Real Sociedad,Toño,31,Goalkeeper,AEK Larnaca,Free transfer,out,Summer,0,Primera Division,2018,2018/2019
Real Sociedad,Alberto de la Bella,32,Left-Back,UD Las Palmas,Free transfer,out,Summer,0,Primera Division,2018,2018/2019
Real Sociedad,Héctor Hernández,27,Left-Back,CD Tenerife,Free transfer,out,Summer,0,Primera Division,2018,2018/2019
Real Sociedad,Eneko Capilla,23,Attacking Midfield,CyD Leonesa,Loan,out,Summer,0,Primera Division,2018,2018/2019
Real Sociedad,Xabi Prieto,34,Central Midfield,Retired,-,out,Summer,0,Primera Division,2018,2018/2019
Real Sociedad,Jon Guridi,23,Central Midfield,Real Sociedad B,-,out,Summer,0,Primera Division,2018,2018/2019
Real Sociedad,Imanol Agirretxe,31,Centre-Forward,Retired,-,out,Summer,0,Primera Division,2018,2018/2019
SD Eibar,Sergio Álvarez,26,Central Midfield,Sporting Gijón,£3.60m,in,Summer,3.6,Primera Division,2018,2018/2019
SD Eibar,Fabián Orellana,32,Right Winger,Valencia,£1.80m,in,Summer,1.8,Primera Division,2018,2018/2019
SD Eibar,Pablo de Blasis,30,Left Winger,1.FSV Mainz 05,£1.80m,in,Summer,1.8,Primera Division,2018,2018/2019
SD Eibar,José Antonio Martínez,25,Centre-Back,FC Barcelona B,Free transfer,in,Summer,0,Primera Division,2018,2018/2019
SD Eibar,Marc Cardona,23,Centre-Forward,FC Barcelona,Loan,in,Summer,0,Primera Division,2018,2018/2019
SD Eibar,Pedro Bigas,28,Centre-Back,UD Las Palmas,Loan,in,Summer,0,Primera Division,2018,2018/2019
SD Eibar,Marc Cucurella,20,Left Midfield,FC Barcelona,Loan,in,Summer,0,Primera Division,2018,2018/2019
SD Eibar,Pere Milla,25,Left Winger,CD Numancia,"End of loanJun 30, 2018",in,Summer,0,Primera Division,2018,2018/2019
SD Eibar,Pablo Hervías,25,Right Winger,Real Valladolid,"End of loanJun 30, 2018",in,Summer,0,Primera Division,2018,2018/2019
SD Eibar,Unai Elgezabal,25,Centre-Back,CD Numancia,"End of loanJun 30, 2018",in,Summer,0,Primera Division,2018,2018/2019
SD Eibar,Jordi Calavera,22,Right-Back,Sporting Gijón,"End of loanJun 30, 2018",in,Summer,0,Primera Division,2018,2018/2019
SD Eibar,Alejandro Gálvez,29,Centre-Back,UD Las Palmas,"End of loanJun 30, 2018",in,Summer,0,Primera Division,2018,2018/2019
SD Eibar,Christian Rivera,20,Central Midfield,FC Barcelona B,"End of loanJun 30, 2018",in,Summer,0,Primera Division,2018,2018/2019
SD Eibar,Nano Mesa,23,Centre-Forward,Sporting Gijón,"End of loanJun 30, 2018",in,Summer,0,Primera Division,2018,2018/2019
SD Eibar,Bebé,27,Left Winger,Rayo Vallecano,"End of loanJun 30, 2018",in,Summer,0,Primera Division,2018,2018/2019
SD Eibar,Iván Alejo,23,Right Winger,Getafe,£3.60m,out,Summer,3.6,Primera Division,2018,2018/2019
SD Eibar,Ander Capa,26,Right-Back,Athletic,£2.70m,out,Summer,2.7,Primera Division,2018,2018/2019
SD Eibar,Bebé,28,Left Winger,Rayo Vallecano,£675Th.,out,Summer,0.675,Primera Division,2018,2018/2019
SD Eibar,David Juncà,24,Left-Back,Celta de Vigo,Free transfer,out,Summer,0,Primera Division,2018,2018/2019
SD Eibar,Dani García,28,Central Midfield,Athletic,Free transfer,out,Summer,0,Primera Division,2018,2018/2019
SD Eibar,Takashi Inui,30,Left Winger,Real Betis,Free transfer,out,Summer,0,Primera Division,2018,2018/2019
SD Eibar,Alejandro Gálvez,29,Centre-Back,Rayo Vallecano,Free transfer,out,Summer,0,Primera Division,2018,2018/2019
SD Eibar,Yoel Rodríguez,30,Goalkeeper,Real Valladolid,Loan,out,Summer,0,Primera Division,2018,2018/2019
SD Eibar,Unai Elgezabal,25,Centre-Back,Alcorcón,Loan,out,Summer,0,Primera Division,2018,2018/2019
SD Eibar,Nano Mesa,23,Centre-Forward,CD Tenerife,Loan,out,Summer,0,Primera Division,2018,2018/2019
SD Eibar,Christian Rivera,21,Central Midfield,UD Las Palmas,?,out,Summer,NA,Primera Division,2018,2018/2019
SD Eibar,José Antonio Martínez,25,Centre-Back,Granada CF,Loan,out,Summer,0,Primera Division,2018,2018/2019
SD Eibar,David Lombán,31,Centre-Back,Without Club,-,out,Summer,0,Primera Division,2018,2018/2019
SD Eibar,Fran Rico,30,Central Midfield,Granada CF,"End of loanJun 30, 2018",out,Summer,0,Primera Division,2018,2018/2019
SD Eibar,Fabián Orellana,32,Right Winger,Valencia,"End of loanJun 30, 2018",out,Summer,0,Primera Division,2018,2018/2019
SD Eibar,Vukasin Jovanovic,22,Centre-Back,G. Bordeaux,"End of loanJun 30, 2018",out,Summer,0,Primera Division,2018,2018/2019
Sevilla FC,Quincy Promes,26,Left Winger,Spartak Moscow,£18.00m,in,Summer,18,Primera Division,2018,2018/2019
Sevilla FC,Ibrahim Amadou,25,Defensive Midfield,LOSC Lille,£12.96m,in,Summer,12.96,Primera Division,2018,2018/2019
Sevilla FC,Joris Gnagnon,21,Centre-Back,Stade Rennais,£12.15m,in,Summer,12.15,Primera Division,2018,2018/2019
Sevilla FC,Aleix Vidal,28,Right Winger,FC Barcelona,£8.37m,in,Summer,8.37,Primera Division,2018,2018/2019
Sevilla FC,Roque Mesa,29,Central Midfield,Swansea,£5.40m,in,Summer,5.4,Primera Division,2018,2018/2019
Sevilla FC,Tomas Vaclík,29,Goalkeeper,FC Basel,£5.40m,in,Summer,5.4,Primera Division,2018,2018/2019
Sevilla FC,Sergi Gómez,26,Centre-Back,Celta de Vigo,£4.05m,in,Summer,4.05,Primera Division,2018,2018/2019
Sevilla FC,André Silva,22,Centre-Forward,AC Milan,Loan fee:£3.42m,in,Summer,3.42,Primera Division,2018,2018/2019
Sevilla FC,Maxime Gonalons,29,Defensive Midfield,AS Roma,Loan,in,Summer,0,Primera Division,2018,2018/2019
Sevilla FC,Juan Soriano,20,Goalkeeper,Sevilla Atl.,-,in,Summer,0,Primera Division,2018,2018/2019
Sevilla FC,Carlos Fernández,22,Centre-Forward,Sevilla Atl.,-,in,Summer,0,Primera Division,2018,2018/2019
Sevilla FC,Marc Gual,22,Centre-Forward,Sevilla Atl.,-,in,Summer,0,Primera Division,2018,2018/2019
Sevilla FC,Alejandro Pozo,19,Right-Back,Sevilla Atl.,-,in,Summer,0,Primera Division,2018,2018/2019
Sevilla FC,Juan Muñoz,22,Centre-Forward,UD Almería,"End of loanJun 30, 2018",in,Summer,0,Primera Division,2018,2018/2019
Sevilla FC,Borja Lasso,24,Attacking Midfield,CA Osasuna,"End of loanJun 30, 2018",in,Summer,0,Primera Division,2018,2018/2019
Sevilla FC,Clément Lenglet,23,Centre-Back,FC Barcelona,£32.31m,out,Summer,32.31,Primera Division,2018,2018/2019
Sevilla FC,Steven Nzonzi,29,Defensive Midfield,AS Roma,£23.99m,out,Summer,23.99,Primera Division,2018,2018/2019
Sevilla FC,Joaquín Correa,23,Second Striker,Lazio,£13.77m,out,Summer,13.77,Primera Division,2018,2018/2019
Sevilla FC,Guido Pizarro,28,Defensive Midfield,Tigres UANL,£7.83m,out,Summer,7.83,Primera Division,2018,2018/2019
Sevilla FC,David Soria,25,Goalkeeper,Getafe,£2.70m,out,Summer,2.7,Primera Division,2018,2018/2019
Sevilla FC,Sébastien Corchia,27,Right-Back,Benfica,Loan fee:£630Th.,out,Summer,0.63,Primera Division,2018,2018/2019
Sevilla FC,Nicolás Pareja,34,Centre-Back,Atlas,Free transfer,out,Summer,0,Primera Division,2018,2018/2019
Sevilla FC,Juan Muñoz,22,Centre-Forward,Alcorcón,Free transfer,out,Summer,0,Primera Division,2018,2018/2019
Sevilla FC,Alejandro Pozo,19,Right-Back,Granada CF,Loan,out,Summer,0,Primera Division,2018,2018/2019
Sevilla FC,Carlos Fernández,22,Centre-Forward,Dep. La Coruña,Loan,out,Summer,0,Primera Division,2018,2018/2019
Sevilla FC,Marc Gual,22,Centre-Forward,Real Zaragoza,Loan,out,Summer,0,Primera Division,2018,2018/2019
Sevilla FC,Sergio Rico,24,Goalkeeper,Fulham,Loan,out,Summer,0,Primera Division,2018,2018/2019
Sevilla FC,Giorgi Aburjania,23,Central Midfield,CD Lugo,Loan,out,Summer,0,Primera Division,2018,2018/2019
Sevilla FC,Ganso,28,Attacking Midfield,Amiens SC,Loan,out,Summer,0,Primera Division,2018,2018/2019
Sevilla FC,Lionel Carole,27,Left-Back,Galatasaray,"End of loanJun 30, 2018",out,Summer,0,Primera Division,2018,2018/2019
Sevilla FC,Johannes Geis,24,Defensive Midfield,FC Schalke 04,"End of loanJun 30, 2018",out,Summer,0,Primera Division,2018,2018/2019
Sevilla FC,Miguel Layún,30,Right Midfield,FC Porto,"End of loanJun 30, 2018",out,Summer,0,Primera Division,2018,2018/2019
Sevilla FC,Roque Mesa,29,Central Midfield,Swansea,"End of loanJun 30, 2018",out,Summer,0,Primera Division,2018,2018/2019
Sevilla FC,Sandro Ramírez,22,Centre-Forward,Everton,"End of loanJun 30, 2018",out,Summer,0,Primera Division,2018,2018/2019
Valencia CF,Gonçalo Guedes,21,Left Winger,Paris SG,£36.00m,in,Summer,36,Primera Division,2018,2018/2019
Valencia CF,Geoffrey Kondogbia,25,Central Midfield,Inter,£19.80m,in,Summer,19.8,Primera Division,2018,2018/2019
Valencia CF,Kévin Gameiro,31,Centre-Forward,Atlético Madrid,£14.40m,in,Summer,14.4,Primera Division,2018,2018/2019
Valencia CF,Mouctar Diakhaby,21,Centre-Back,Olympique Lyon,£13.50m,in,Summer,13.5,Primera Division,2018,2018/2019
Valencia CF,Jeison Murillo,26,Centre-Back,Inter,£10.80m,in,Summer,10.8,Primera Division,2018,2018/2019
Valencia CF,Cristiano Piccini,25,Right-Back,Sporting CP,£7.20m,in,Summer,7.2,Primera Division,2018,2018/2019
Valencia CF,Daniel Wass,29,Right-Back,Celta de Vigo,£5.40m,in,Summer,5.4,Primera Division,2018,2018/2019
Valencia CF,Michy Batshuayi,24,Centre-Forward,Chelsea,Loan fee:£2.70m,in,Summer,2.7,Primera Division,2018,2018/2019
Valencia CF,Uros Racic,20,Central Midfield,Red Star,£1.98m,in,Summer,1.98,Primera Division,2018,2018/2019
Valencia CF,Denis Cheryshev,27,Left Winger,Villarreal,Loan,in,Summer,0,Primera Division,2018,2018/2019
Valencia CF,Fran Villalba,20,Attacking Midfield,Valencia B,-,in,Summer,0,Primera Division,2018,2018/2019
Valencia CF,Zakaria Bakkali,22,Left Winger,Dep. La Coruña,"End of loanJun 30, 2018",in,Summer,0,Primera Division,2018,2018/2019
Valencia CF,João Cancelo,24,Right-Back,Inter,"End of loanJun 30, 2018",in,Summer,0,Primera Division,2018,2018/2019
Valencia CF,Nani,31,Left Winger,Lazio,"End of loanJun 30, 2018",in,Summer,0,Primera Division,2018,2018/2019
Valencia CF,Álvaro Medrán,24,Central Midfield,Alavés,"End of loanJun 30, 2018",in,Summer,0,Primera Division,2018,2018/2019
Valencia CF,Fabián Orellana,32,Right Winger,SD Eibar,"End of loanJun 30, 2018",in,Summer,0,Primera Division,2018,2018/2019
Valencia CF,Nacho Gil,22,Left Winger,UD Las Palmas,"End of loanJun 30, 2018",in,Summer,0,Primera Division,2018,2018/2019
Valencia CF,João Cancelo,24,Right-Back,Juventus,£36.36m,out,Summer,36.36,Primera Division,2018,2018/2019
Valencia CF,Nemanja Maksimovic,23,Central Midfield,Getafe,£9.00m,out,Summer,9,Primera Division,2018,2018/2019
Valencia CF,Martín Montoya,27,Right-Back,Brighton,£6.30m,out,Summer,6.3,Primera Division,2018,2018/2019
Valencia CF,Fabián Orellana,32,Right Winger,SD Eibar,£1.80m,out,Summer,1.8,Primera Division,2018,2018/2019
Valencia CF,Simone Zaza,27,Centre-Forward,Torino,Loan fee:£1.80m,out,Summer,1.8,Primera Division,2018,2018/2019
Valencia CF,Zakaria Bakkali,22,Left Winger,RSC Anderlecht,£1.08m,out,Summer,1.08,Primera Division,2018,2018/2019
Valencia CF,Nani,31,Left Winger,Sporting CP,Free transfer,out,Summer,0,Primera Division,2018,2018/2019
Valencia CF,Nacho Vidal,23,Right-Back,CA Osasuna,Free transfer,out,Summer,0,Primera Division,2018,2018/2019
Valencia CF,Fran Villalba,20,Attacking Midfield,CD Numancia,Loan,out,Summer,0,Primera Division,2018,2018/2019
Valencia CF,Álvaro Medrán,24,Central Midfield,Rayo Vallecano,Loan,out,Summer,0,Primera Division,2018,2018/2019
Valencia CF,Nacho Gil,23,Left Winger,Elche CF,Loan,out,Summer,0,Primera Division,2018,2018/2019
Valencia CF,Jeison Murillo,26,Centre-Back,Inter,"End of loanJun 30, 2018",out,Summer,0,Primera Division,2018,2018/2019
Valencia CF,Geoffrey Kondogbia,25,Central Midfield,Inter,"End of loanJun 30, 2018",out,Summer,0,Primera Division,2018,2018/2019
Valencia CF,Gonçalo Guedes,21,Left Winger,Paris SG,"End of loanJun 30, 2018",out,Summer,0,Primera Division,2018,2018/2019
Valencia CF,Andreas Pereira,22,Attacking Midfield,Man Utd,"End of loanJun 30, 2018",out,Summer,0,Primera Division,2018,2018/2019
Valencia CF,Luciano Vietto,24,Centre-Forward,Atlético Madrid,"End of loanJun 30, 2018",out,Summer,0,Primera Division,2018,2018/2019
Villarreal CF,Gerard Moreno,26,Centre-Forward,Espanyol,£18.00m,in,Summer,18,Primera Division,2018,2018/2019
Villarreal CF,Karl Toko Ekambi,25,Centre-Forward,SCO Angers,£16.20m,in,Summer,16.2,Primera Division,2018,2018/2019
Villarreal CF,Roger Martínez,24,Centre-Forward,JS Suning,£13.41m,in,Summer,13.41,Primera Division,2018,2018/2019
Villarreal CF,Santiago Cáseres,21,Defensive Midfield,Vélez Sarsfield,£9.00m,in,Summer,9,Primera Division,2018,2018/2019
Villarreal CF,Ramiro Funes Mori,27,Centre-Back,Everton,£8.10m,in,Summer,8.1,Primera Division,2018,2018/2019
Villarreal CF,Carlos Bacca,31,Centre-Forward,AC Milan,£6.30m,in,Summer,6.3,Primera Division,2018,2018/2019
Villarreal CF,Miguel Layún,30,Right Midfield,FC Porto,£3.60m,in,Summer,3.6,Primera Division,2018,2018/2019
Villarreal CF,Santi Cazorla,33,Central Midfield,Arsenal,Free transfer,in,Summer,0,Primera Division,2018,2018/2019
Villarreal CF,Dani Raba,22,Right Winger,Villarreal CF B,-,in,Summer,0,Primera Division,2018,2018/2019
Villarreal CF,Pau Torres,21,Centre-Back,Villarreal CF B,-,in,Summer,0,Primera Division,2018,2018/2019
Villarreal CF,Leo Suárez,22,Right Winger,Villarreal CF B,-,in,Summer,0,Primera Division,2018,2018/2019
Villarreal CF,Miguelón,22,Right-Back,Villarreal CF B,-,in,Summer,0,Primera Division,2018,2018/2019
Villarreal CF,Juan Ibiza,22,Centre-Back,Villarreal CF B,-,in,Summer,0,Primera Division,2018,2018/2019
Villarreal CF,Manuel Iturra,34,Defensive Midfield,Without Club,-,in,Summer,0,Primera Division,2018,2018/2019
Villarreal CF,Alfonso Pedraza,22,Left-Back,Alavés,"End of loanJun 30, 2018",in,Summer,0,Primera Division,2018,2018/2019
Villarreal CF,Alfred N'Diaye,28,Defensive Midfield,Wolves,"End of loanJun 30, 2018",in,Summer,0,Primera Division,2018,2018/2019
Villarreal CF,Matías Nahuel,21,Left Winger,FC Barcelona B,"End of loanJun 30, 2018",in,Summer,0,Primera Division,2018,2018/2019
Villarreal CF,Rodri,22,Defensive Midfield,Atlético Madrid,£22.50m,out,Summer,22.5,Primera Division,2018,2018/2019
Villarreal CF,Samu Castillejo,23,Right Winger,AC Milan,£19.17m,out,Summer,19.17,Primera Division,2018,2018/2019
Villarreal CF,Roger Martínez,24,Centre-Forward,América,£7.65m,out,Summer,7.65,Primera Division,2018,2018/2019
Villarreal CF,Roberto Soriano,27,Central Midfield,Torino,Loan fee:£900Th.,out,Summer,0.9,Primera Division,2018,2018/2019
Villarreal CF,Antonio Rukavina,34,Right-Back,FC Astana,Free transfer,out,Summer,0,Primera Division,2018,2018/2019
Villarreal CF,Adrián Marín,21,Left-Back,Alavés,Free transfer,out,Summer,0,Primera Division,2018,2018/2019
Villarreal CF,Matías Nahuel,21,Left Winger,Olympiacos,Free transfer,out,Summer,0,Primera Division,2018,2018/2019
Villarreal CF,Juan Ibiza,22,Centre-Back,UD Almería,Loan,out,Summer,0,Primera Division,2018,2018/2019
Villarreal CF,Rúben Semedo,24,Centre-Back,SD Huesca,Loan,out,Summer,0,Primera Division,2018,2018/2019
Villarreal CF,Alfred N'Diaye,28,Defensive Midfield,Málaga CF,Loan,out,Summer,0,Primera Division,2018,2018/2019
Villarreal CF,Denis Cheryshev,27,Left Winger,Valencia,Loan,out,Summer,0,Primera Division,2018,2018/2019
Villarreal CF,Enes Ünal,21,Centre-Forward,Real Valladolid,Loan,out,Summer,0,Primera Division,2018,2018/2019
Villarreal CF,Leo Suárez,22,Right Winger,Real Valladolid,Loan,out,Summer,0,Primera Division,2018,2018/2019
Villarreal CF,Pau Torres,21,Centre-Back,Málaga CF,Loan,out,Summer,0,Primera Division,2018,2018/2019
Villarreal CF,Carlos Bacca,31,Centre-Forward,AC Milan,"End of loanJun 30, 2018",out,Summer,0,Primera Division,2018,2018/2019
Villarreal CF,Salem Al-Dawsari,26,Left Winger,Hilal,"End of loanJun 30, 2018",out,Summer,0,Primera Division,2018,2018/2019
Villarreal CF,Roger Martínez,24,Centre-Forward,JS Suning,"End of loanJun 30, 2018",out,Summer,0,Primera Division,2018,2018/2019
SD Huesca,Serdar Gürler,26,Right Winger,Osmanlispor,£2.25m,in,Summer,2.25,Primera Division,2018,2018/2019
SD Huesca,Aleksandar Jovanovic,25,Goalkeeper,Aarhus GF,£900Th.,in,Summer,0.9,Primera Division,2018,2018/2019
SD Huesca,Dani Escriche,20,Centre-Forward,CD Lugo,£450Th.,in,Summer,0.45,Primera Division,2018,2018/2019
SD Huesca,Jorge Miramón,29,Right-Back,Reus Deportiu,Free transfer,in,Summer,0,Primera Division,2018,2018/2019
SD Huesca,Jonathan Toro,21,Second Striker,Gil Vicente,Free transfer,in,Summer,0,Primera Division,2018,2018/2019
SD Huesca,Eugeni Valderrama,23,Attacking Midfield,Valencia B,Free transfer,in,Summer,0,Primera Division,2018,2018/2019
SD Huesca,Luisinho,33,Left-Back,Dep. La Coruña,Free transfer,in,Summer,0,Primera Division,2018,2018/2019
SD Huesca,Axel Werner,22,Goalkeeper,Atlético Madrid,Loan,in,Summer,0,Primera Division,2018,2018/2019
SD Huesca,Damián Musto,31,Defensive Midfield,Club Tijuana,Loan,in,Summer,0,Primera Division,2018,2018/2019
SD Huesca,Samuele Longo,26,Centre-Forward,Inter,Loan,in,Summer,0,Primera Division,2018,2018/2019
SD Huesca,Rúben Semedo,24,Centre-Back,Villarreal,Loan,in,Summer,0,Primera Division,2018,2018/2019
SD Huesca,Pablo Insua,24,Centre-Back,FC Schalke 04,Loan,in,Summer,0,Primera Division,2018,2018/2019
SD Huesca,Xabi Etxeita,30,Centre-Back,Athletic,Loan,in,Summer,0,Primera Division,2018,2018/2019
SD Huesca,Christian Rivera,21,Central Midfield,UD Las Palmas,Loan,in,Summer,0,Primera Division,2018,2018/2019
SD Huesca,Jair Amador,28,Centre-Back,M. Tel Aviv,Free transfer,out,Summer,0,Primera Division,2018,2018/2019
SD Huesca,Rulo Prieto,22,Left-Back,Alcorcón,Free transfer,out,Summer,0,Primera Division,2018,2018/2019
SD Huesca,Kilian Grant,24,Right Winger,UCAM Murcia,Free transfer,out,Summer,0,Primera Division,2018,2018/2019
SD Huesca,Alexander González,25,Right-Back,Elche CF,Free transfer,out,Summer,0,Primera Division,2018,2018/2019
SD Huesca,Iñigo López,36,Centre-Back,Extremadura,Free transfer,out,Summer,0,Primera Division,2018,2018/2019
SD Huesca,Luso,33,Central Midfield,R. Majadahonda,Free transfer,out,Summer,0,Primera Division,2018,2018/2019
SD Huesca,Carlos David,32,Centre-Back,Saint Gilloise,Free transfer,out,Summer,0,Primera Division,2018,2018/2019
SD Huesca,Álvaro Vadillo,23,Left Winger,Granada CF,Free transfer,out,Summer,0,Primera Division,2018,2018/2019
SD Huesca,Dani Escriche,20,Centre-Forward,CD Lugo,Loan,out,Summer,0,Primera Division,2018,2018/2019
SD Huesca,Jonathan Toro,21,Second Striker,Varzim,Loan,out,Summer,0,Primera Division,2018,2018/2019
SD Huesca,Ander Bardají,23,Goalkeeper,CF Fuenlabrada,Loan,out,Summer,0,Primera Division,2018,2018/2019
SD Huesca,Eugeni Valderrama,24,Attacking Midfield,Albacete,Loan,out,Summer,0,Primera Division,2018,2018/2019
SD Huesca,Antonio Valera,21,Goalkeeper,CD Teruel,Loan,out,Summer,0,Primera Division,2018,2018/2019
SD Huesca,Nagore,37,Right-Back,Retired,-,out,Summer,0,Primera Division,2018,2018/2019
SD Huesca,Álex Remiro,23,Goalkeeper,Athletic,"End of loanJun 30, 2018",out,Summer,0,Primera Division,2018,2018/2019
SD Huesca,Ezequiel Rescaldani,26,Centre-Forward,Atl. Nacional,"End of loanJun 30, 2018",out,Summer,0,Primera Division,2018,2018/2019
Rayo Vallecano,Álvaro García,25,Left Winger,Cádiz CF,£4.05m,in,Summer,4.05,Primera Division,2018,2018/2019
Rayo Vallecano,Gaël Kakuta,27,Attacking Midfield,HB CFFC,£1.80m,in,Summer,1.8,Primera Division,2018,2018/2019
Rayo Vallecano,José Pozo,22,Attacking Midfield,UD Almería,£1.17m,in,Summer,1.17,Primera Division,2018,2018/2019
Rayo Vallecano,Jordi Amat,26,Centre-Back,Swansea,£900Th.,in,Summer,0.9,Primera Division,2018,2018/2019
Rayo Vallecano,Raúl de Tomás,23,Centre-Forward,Real Madrid,Loan fee:£900Th.,in,Summer,0.9,Primera Division,2018,2018/2019
Rayo Vallecano,Bebé,28,Left Winger,SD Eibar,£675Th.,in,Summer,0.675,Primera Division,2018,2018/2019
Rayo Vallecano,Alberto García,33,Goalkeeper,Getafe,£450Th.,in,Summer,0.45,Primera Division,2018,2018/2019
Rayo Vallecano,Luis Advíncula,28,Right-Back,Tigres UANL,Loan fee:£315Th.,in,Summer,0.315,Primera Division,2018,2018/2019
Rayo Vallecano,Emiliano Velázquez,24,Centre-Back,Atlético Madrid,Free transfer,in,Summer,0,Primera Division,2018,2018/2019
Rayo Vallecano,Tito,33,Right-Back,CD Leganés,Free transfer,in,Summer,0,Primera Division,2018,2018/2019
Rayo Vallecano,José León,23,Centre-Back,RM Castilla,Free transfer,in,Summer,0,Primera Division,2018,2018/2019
Rayo Vallecano,Alejandro Gálvez,29,Centre-Back,SD Eibar,Free transfer,in,Summer,0,Primera Division,2018,2018/2019
Rayo Vallecano,Stole Dimitrievski,24,Goalkeeper,Gimnàstic,Loan,in,Summer,0,Primera Division,2018,2018/2019
Rayo Vallecano,Alex Alegría,25,Centre-Forward,Real Betis,Loan,in,Summer,0,Primera Division,2018,2018/2019
Rayo Vallecano,Giannelli Imbula,25,Defensive Midfield,Stoke City,Loan,in,Summer,0,Primera Division,2018,2018/2019
Rayo Vallecano,Álvaro Medrán,24,Central Midfield,Valencia,Loan,in,Summer,0,Primera Division,2018,2018/2019
Rayo Vallecano,Sergio Benito,19,Centre-Forward,Rayo B,-,in,Summer,0,Primera Division,2018,2018/2019
Rayo Vallecano,Johan Mojica,25,Left-Back,Girona,"End of loanJun 30, 2018",in,Summer,0,Primera Division,2018,2018/2019
Rayo Vallecano,Nacho Monsalve,24,Centre-Back,Recr. Huelva,"End of loanJun 30, 2018",in,Summer,0,Primera Division,2018,2018/2019
Rayo Vallecano,Javi Noblejas,25,Left-Back,Córdoba CF,"End of loanJun 30, 2018",in,Summer,0,Primera Division,2018,2018/2019
Rayo Vallecano,Joni Montiel,19,Attacking Midfield,CD Toledo,"End of loanJun 30, 2018",in,Summer,0,Primera Division,2018,2018/2019
Rayo Vallecano,Lass Bangoura,26,Right Winger,UD Almería,"End of loanJun 30, 2018",in,Summer,0,Primera Division,2018,2018/2019
Rayo Vallecano,Fran Beltrán,19,Central Midfield,Celta de Vigo,£7.20m,out,Summer,7.2,Primera Division,2018,2018/2019
Rayo Vallecano,Johan Mojica,25,Left-Back,Girona,£4.50m,out,Summer,4.5,Primera Division,2018,2018/2019
Rayo Vallecano,Ernesto Galán,32,Right-Back,R. Majadahonda,Free transfer,out,Summer,0,Primera Division,2018,2018/2019
Rayo Vallecano,Antonio Amaya,35,Centre-Back,UCAM Murcia,Free transfer,out,Summer,0,Primera Division,2018,2018/2019
Rayo Vallecano,Nacho Monsalve,24,Centre-Back,Twente FC,Free transfer,out,Summer,0,Primera Division,2018,2018/2019
Rayo Vallecano,Baiano,31,Right-Back,Alanyaspor,Free transfer,out,Summer,0,Primera Division,2018,2018/2019
Rayo Vallecano,Javi Noblejas,25,Left-Back,Sporting Gijón,Free transfer,out,Summer,0,Primera Division,2018,2018/2019
Rayo Vallecano,Diego Aguirre,27,Left Winger,Real Zaragoza,Free transfer,out,Summer,0,Primera Division,2018,2018/2019
Rayo Vallecano,Francisco Cerro,30,Central Midfield,Defensa,Free transfer,out,Summer,0,Primera Division,2018,2018/2019
Rayo Vallecano,Mario Fernández,30,Goalkeeper,FC Cartagena,Free transfer,out,Summer,0,Primera Division,2018,2018/2019
Rayo Vallecano,Sergio Benito,19,Centre-Forward,Barakaldo CF,Loan,out,Summer,0,Primera Division,2018,2018/2019
Rayo Vallecano,Joni Montiel,19,Attacking Midfield,Depor Fabril,Loan,out,Summer,0,Primera Division,2018,2018/2019
Rayo Vallecano,Manucho,35,Centre-Forward,Without Club,-,out,Summer,0,Primera Division,2018,2018/2019
Rayo Vallecano,Alejandro Domínguez,37,Attacking Midfield,Retired,-,out,Summer,0,Primera Division,2018,2018/2019
Rayo Vallecano,Emiliano Armenteros,32,Left Winger,Without Club,-,out,Summer,0,Primera Division,2018,2018/2019
Rayo Vallecano,Alberto García,33,Goalkeeper,Getafe,"End of loanJun 30, 2018",out,Summer,0,Primera Division,2018,2018/2019
Rayo Vallecano,Emiliano Velázquez,24,Centre-Back,Atlético Madrid,"End of loanJun 30, 2018",out,Summer,0,Primera Division,2018,2018/2019
Rayo Vallecano,Unai López,22,Central Midfield,Athletic,"End of loanJun 30, 2018",out,Summer,0,Primera Division,2018,2018/2019
Rayo Vallecano,Raúl de Tomás,23,Centre-Forward,RM Castilla,"End of loanJun 30, 2018",out,Summer,0,Primera Division,2018,2018/2019
Rayo Vallecano,Abdulmajeed Al-Sulaiheem,24,Central Midfield,Shabab,"End of loanJun 30, 2018",out,Summer,0,Primera Division,2018,2018/2019
Rayo Vallecano,Bebé,27,Left Winger,SD Eibar,"End of loanJun 30, 2018",out,Summer,0,Primera Division,2018,2018/2019
Real Valladolid CF,Joaquín Fernández,22,Centre-Back,UD Almería,£990Th.,in,Summer,0.99,Primera Division,2018,2018/2019
Real Valladolid CF,Rubén Alcaraz,27,Central Midfield,Girona,£900Th.,in,Summer,0.9,Primera Division,2018,2018/2019
Real Valladolid CF,Duje Cop,28,Centre-Forward,Standard Liège,Loan fee:£450Th.,in,Summer,0.45,Primera Division,2018,2018/2019
Real Valladolid CF,Fede San Emeterio,21,Central Midfield,Sevilla Atl.,£450Th.,in,Summer,0.45,Primera Division,2018,2018/2019
Real Valladolid CF,José Antonio Caro,24,Goalkeeper,Sevilla Atl.,Free transfer,in,Summer,0,Primera Division,2018,2018/2019
Real Valladolid CF,Ivi López,24,Right Winger,Levante,Loan,in,Summer,0,Primera Division,2018,2018/2019
Real Valladolid CF,Keko,26,Right Winger,Málaga CF,Loan,in,Summer,0,Primera Division,2018,2018/2019
Real Valladolid CF,Daniele Verde,22,Right Winger,AS Roma,Loan,in,Summer,0,Primera Division,2018,2018/2019
Real Valladolid CF,Enes Ünal,21,Centre-Forward,Villarreal,Loan,in,Summer,0,Primera Division,2018,2018/2019
Real Valladolid CF,Leo Suárez,22,Right Winger,Villarreal,Loan,in,Summer,0,Primera Division,2018,2018/2019
Real Valladolid CF,Yoel Rodríguez,30,Goalkeeper,SD Eibar,Loan,in,Summer,0,Primera Division,2018,2018/2019
Real Valladolid CF,Antonio Domínguez,25,Right Winger,R. Valladolid B,-,in,Summer,0,Primera Division,2018,2018/2019
Real Valladolid CF,Moi Delgado,24,Left-Back,R. Valladolid B,-,in,Summer,0,Primera Division,2018,2018/2019
Real Valladolid CF,David Mayoral,21,Right Winger,R. Valladolid B,-,in,Summer,0,Primera Division,2018,2018/2019
Real Valladolid CF,Iban Salvador,22,Right Winger,CyD Leonesa,"End of loanJun 30, 2018",in,Summer,0,Primera Division,2018,2018/2019
Real Valladolid CF,Alberto Guitián,27,Centre-Back,Sporting Gijón,"End of loanJun 30, 2018",in,Summer,0,Primera Division,2018,2018/2019
Real Valladolid CF,Jaime Mata,29,Centre-Forward,Getafe,Free transfer,out,Summer,0,Primera Division,2018,2018/2019
Real Valladolid CF,Isaac Becerra,30,Goalkeeper,Gimnàstic,Free transfer,out,Summer,0,Primera Division,2018,2018/2019
Real Valladolid CF,Iban Salvador,22,Right Winger,Celta Vigo B,Free transfer,out,Summer,0,Primera Division,2018,2018/2019
Real Valladolid CF,Deivid,29,Centre-Back,UD Las Palmas,Free transfer,out,Summer,0,Primera Division,2018,2018/2019
Real Valladolid CF,José Antonio Caro,24,Goalkeeper,Albacete,Loan,out,Summer,0,Primera Division,2018,2018/2019
Real Valladolid CF,Fede San Emeterio,21,Central Midfield,Granada CF,Loan,out,Summer,0,Primera Division,2018,2018/2019
Real Valladolid CF,David Mayoral,21,Right Winger,Alcorcón,Loan,out,Summer,0,Primera Division,2018,2018/2019
Real Valladolid CF,Antonio Domínguez,25,Right Winger,CE Sabadell,Loan,out,Summer,0,Primera Division,2018,2018/2019
Real Valladolid CF,Chris Ramos,21,Centre-Forward,Sevilla Atl.,Loan,out,Summer,0,Primera Division,2018,2018/2019
Real Valladolid CF,Lukas Rotpuller,27,Centre-Back,Without Club,-,out,Summer,0,Primera Division,2018,2018/2019
Real Valladolid CF,Sulayman Marreh,22,Defensive Midfield,Watford U23,"End of loanJan 25, 2018",out,Summer,0,Primera Division,2018,2018/2019
Real Valladolid CF,Pablo Hervías,25,Right Winger,SD Eibar,"End of loanJun 30, 2018",out,Summer,0,Primera Division,2018,2018/2019
Real Valladolid CF,Giannis Gianniotas,25,Right Winger,Olympiacos,"End of loanJun 30, 2018",out,Summer,0,Primera Division,2018,2018/2019
Real Valladolid CF,Nooh Al-Mousa,27,Central Midfield,Al-Fateh,"End of loanJun 30, 2018",out,Summer,0,Primera Division,2018,2018/2019
Real Valladolid CF,Borja Herrera,25,Left-Back,UD Las Palmas,"End of loanJun 30, 2018",out,Summer,0,Primera Division,2018,2018/2019
Real Valladolid CF,Javi Ontiveros,20,Left Winger,Málaga CF,"End of loanJun 30, 2018",out,Summer,0,Primera Division,2018,2018/2019
Real Valladolid CF,Toni Martínez,21,Centre-Forward,West Ham U23,"End of loanJun 30, 2018",out,Summer,0,Primera Division,2018,2018/2019
Athletic Bilbao,Ibai Gómez,29,Right Winger,Alavés,£3.60m,in,Winter,3.6,Primera Division,2018,2018/2019
Athletic Bilbao,Kenan Kodro,25,Centre-Forward,FC Copenhagen,£810Th.,in,Winter,0.81,Primera Division,2018,2018/2019
Athletic Bilbao,Cristian Ganea,26,Left-Back,CD Numancia,Loan,out,Winter,0,Primera Division,2018,2018/2019
Atlético Madrid,Álvaro Morata,26,Centre-Forward,Chelsea,Loan fee:£6.30m,in,Winter,6.3,Primera Division,2018,2018/2019
Atlético Madrid,Nehuén Pérez,18,Centre-Back,Argentinos Jrs.,"End of loanJan 31, 2019",in,Winter,0,Primera Division,2018,2018/2019
Atlético Madrid,Axel Werner,22,Goalkeeper,SD Huesca,"End of loanJan 30, 2019",in,Winter,0,Primera Division,2018,2018/2019
Atlético Madrid,Jonny Otto,24,Left-Back,Wolves,"End of loanJan 30, 2019",in,Winter,0,Primera Division,2018,2018/2019
Atlético Madrid,André Moreira,23,Goalkeeper,Aston Villa,"End of loanJan 22, 2019",in,Winter,0,Primera Division,2018,2018/2019
Atlético Madrid,Héctor Hernández,23,Centre-Forward,Málaga CF,"End of loanJan 30, 2019",in,Winter,0,Primera Division,2018,2018/2019
Atlético Madrid,Caio Henrique,21,Left-Back,Atl. Madrid B,-,in,Winter,0,Primera Division,2018,2018/2019
Atlético Madrid,Jonny Otto,24,Left-Back,Wolves,£18.45m,out,Winter,18.45,Primera Division,2018,2018/2019
Atlético Madrid,Gelson Martins,23,Right Winger,Monaco,Loan,out,Winter,0,Primera Division,2018,2018/2019
Atlético Madrid,Caio Henrique,21,Left-Back,Fluminense,Loan,out,Winter,0,Primera Division,2018,2018/2019
Atlético Madrid,André Moreira,23,Goalkeeper,Feirense,Loan,out,Winter,0,Primera Division,2018,2018/2019
Atlético Madrid,Héctor Hernández,23,Centre-Forward,R. Majadahonda,Loan,out,Winter,0,Primera Division,2018,2018/2019
Atlético Madrid,Axel Werner,22,Goalkeeper,Málaga CF,Loan,out,Winter,0,Primera Division,2018,2018/2019
CD Leganés,Vasyl Kravets,21,Left-Back,CD Lugo,£2.25m,in,Winter,2.25,Primera Division,2018,2018/2019
CD Leganés,Andrés Prieto,25,Goalkeeper,Málaga CF,Free transfer,in,Winter,0,Primera Division,2018,2018/2019
CD Leganés,Martin Braithwaite,27,Centre-Forward,Middlesbrough,Loan,in,Winter,0,Primera Division,2018,2018/2019
CD Leganés,Diego Reyes,26,Centre-Back,Fenerbahce,Loan,in,Winter,0,Primera Division,2018,2018/2019
CD Leganés,Josua Mejías,21,Centre-Back,Gimnàstic,"End of loanJan 29, 2019",in,Winter,0,Primera Division,2018,2018/2019
CD Leganés,Jon Ander Serantes,29,Goalkeeper,Avispa Fukuoka,Free transfer,out,Winter,0,Primera Division,2018,2018/2019
CD Leganés,Mauro dos Santos,29,Centre-Back,CD Tenerife,Free transfer,out,Winter,0,Primera Division,2018,2018/2019
CD Leganés,Raúl Carnero,29,Left-Back,Girona,Free transfer,out,Winter,0,Primera Division,2018,2018/2019
CD Leganés,Dani Ojeda,24,Left Winger,Granada CF,Loan,out,Winter,0,Primera Division,2018,2018/2019
CD Leganés,Josua Mejías,21,Centre-Back,FC Cartagena,Loan,out,Winter,0,Primera Division,2018,2018/2019
CD Leganés,Diego Rolán,25,Centre-Forward,Dep. La Coruña,"End of loanJan 30, 2019",out,Winter,0,Primera Division,2018,2018/2019
Deportivo Alavés,Takashi Inui,30,Left Winger,Real Betis,Loan,in,Winter,0,Primera Division,2018,2018/2019
Deportivo Alavés,Álex Blanco,20,Left Winger,Valencia,Loan,in,Winter,0,Primera Division,2018,2018/2019
Deportivo Alavés,Diego Rolán,25,Centre-Forward,Dep. La Coruña,Loan,in,Winter,0,Primera Division,2018,2018/2019
Deportivo Alavés,Nando García,24,Right Winger,FC Sochaux,"End of loanJan 16, 2019",in,Winter,0,Primera Division,2018,2018/2019
Deportivo Alavés,Ermedin Demirovic,20,Centre-Forward,FC Sochaux,"End of loanJan 16, 2019",in,Winter,0,Primera Division,2018,2018/2019
Deportivo Alavés,Rubén Sobrino,26,Centre-Forward,Valencia,£4.50m,out,Winter,4.5,Primera Division,2018,2018/2019
Deportivo Alavés,Ibai Gómez,29,Right Winger,Athletic,£3.60m,out,Winter,3.6,Primera Division,2018,2018/2019
Deportivo Alavés,Nando García,24,Right Winger,Extremadura,Loan,out,Winter,0,Primera Division,2018,2018/2019
Deportivo Alavés,Dani Torres,29,Defensive Midfield,Albacete,Loan,out,Winter,0,Primera Division,2018,2018/2019
Deportivo Alavés,Adrián Diéguez,22,Centre-Back,SD Huesca,Loan,out,Winter,0,Primera Division,2018,2018/2019
Deportivo Alavés,Ermedin Demirovic,20,Centre-Forward,UD Almería,Loan,out,Winter,0,Primera Division,2018,2018/2019
FC Barcelona,Jeison Murillo,26,Centre-Back,Valencia,Loan fee:£1.08m,in,Winter,1.08,Primera Division,2018,2018/2019
FC Barcelona,Kevin-Prince Boateng,31,Attacking Midfield,Sassuolo,Loan fee:£900Th.,in,Winter,0.9,Primera Division,2018,2018/2019
FC Barcelona,Jean-Clair Todibo,19,Centre-Back,Toulouse,£900Th.,in,Winter,0.9,Primera Division,2018,2018/2019
FC Barcelona,Paulinho,30,Central Midfield,GZ Evergrande,"End of loanJan 1, 2019",in,Winter,0,Primera Division,2018,2018/2019
FC Barcelona,Carles Aleñá,20,Central Midfield,FC Barcelona B,-,in,Winter,0,Primera Division,2018,2018/2019
FC Barcelona,Paulinho,30,Central Midfield,GZ Evergrande,£37.80m,out,Winter,37.8,Primera Division,2018,2018/2019
FC Barcelona,Denis Suárez,25,Attacking Midfield,Arsenal,Loan fee:£2.25m,out,Winter,2.25,Primera Division,2018,2018/2019
FC Barcelona,Munir El Haddadi,23,Right Winger,Sevilla FC,£945Th.,out,Winter,0.945,Primera Division,2018,2018/2019
FC Barcelona,Sergi Samper,24,Defensive Midfield,Vissel Kobe,Free transfer,out,Winter,0,Primera Division,2018,2018/2019
Getafe CF,Samu Saiz,27,Attacking Midfield,Leeds,Loan,in,Winter,0,Primera Division,2018,2018/2019
Getafe CF,Mathí­as Olivera,21,Left-Back,Albacete,"End of loanJan 25, 2019",in,Winter,0,Primera Division,2018,2018/2019
Getafe CF,Merveil Ndockyt,20,Left Winger,RCD Mallorca,"End of loanJan 29, 2019",in,Winter,0,Primera Division,2018,2018/2019
Getafe CF,Mathieu Flamini,34,Defensive Midfield,Without Club,-,in,Winter,0,Primera Division,2018,2018/2019
Getafe CF,Sergi Guardiola,27,Centre-Forward,Córdoba CF,"End of loanJan 24, 2019",out,Winter,0,Primera Division,2018,2018/2019
Getafe CF,Rober Ibáñez,25,Right Winger,CA Osasuna,Loan,out,Winter,0,Primera Division,2018,2018/2019
Getafe CF,Merveil Ndockyt,20,Left Winger,FC Barcelona B,Loan,out,Winter,0,Primera Division,2018,2018/2019
Getafe CF,Iván Alejo,23,Right Winger,Málaga CF,Loan,out,Winter,0,Primera Division,2018,2018/2019
Girona FC,Raúl Carnero,29,Left-Back,CD Leganés,Free transfer,in,Winter,0,Primera Division,2018,2018/2019
Girona FC,Valery Fernández,19,Right Winger,CF Peralada,-,in,Winter,0,Primera Division,2018,2018/2019
Levante UD,Rúben Vezo,24,Centre-Back,Valencia,Loan,in,Winter,0,Primera Division,2018,2018/2019
Levante UD,Ivi López,24,Right Winger,Real Valladolid,"End of loanJan 30, 2019",in,Winter,0,Primera Division,2018,2018/2019
Levante UD,Emmanuel Boateng,22,Centre-Forward,DL Yifang,£4.50m,out,Winter,4.5,Primera Division,2018,2018/2019
Levante UD,Armando Sadiku,27,Centre-Forward,FC Lugano,Loan,out,Winter,0,Primera Division,2018,2018/2019
Levante UD,Sanjin Prcic,25,Central Midfield,R. Strasbourg,Loan,out,Winter,0,Primera Division,2018,2018/2019
Levante UD,Ivi López,24,Right Winger,Sporting Gijón,Loan,out,Winter,0,Primera Division,2018,2018/2019
Levante UD,Samu García,28,Right Winger,Without Club,-,out,Winter,0,Primera Division,2018,2018/2019
Celta de Vigo,Gabriel Fernández,24,Centre-Forward,Peñarol,£3.15m,in,Winter,3.15,Primera Division,2018,2018/2019
Celta de Vigo,Wesley Hoedt,24,Centre-Back,Southampton,Loan,in,Winter,0,Primera Division,2018,2018/2019
Celta de Vigo,Ryad Boudebouz,28,Attacking Midfield,Real Betis,Loan,in,Winter,0,Primera Division,2018,2018/2019
Celta de Vigo,Lucas Olaza,24,Left-Back,Boca Juniors,Loan,in,Winter,0,Primera Division,2018,2018/2019
Celta de Vigo,Robert Mazan,24,Left-Back,Venezia,Loan,out,Winter,0,Primera Division,2018,2018/2019
Celta de Vigo,Gabriel Fernández,24,Centre-Forward,Peñarol,Loan,out,Winter,0,Primera Division,2018,2018/2019
Celta de Vigo,Dennis Eckert Ayensa,22,Centre-Forward,Excelsior,Loan,out,Winter,0,Primera Division,2018,2018/2019
Celta de Vigo,Facundo Roncaglia,31,Centre-Back,Valencia,Loan,out,Winter,0,Primera Division,2018,2018/2019
Celta de Vigo,Júnior Alonso,25,Centre-Back,LOSC Lille,"End of loanJan 6, 2019",out,Winter,0,Primera Division,2018,2018/2019
RCD Espanyol Barcelona,Facundo Ferreyra,27,Centre-Forward,Benfica,Loan fee:£1.98m,in,Winter,1.98,Primera Division,2018,2018/2019
RCD Espanyol Barcelona,Lei Wu,27,Left Winger,SH SIPG,£1.80m,in,Winter,1.8,Primera Division,2018,2018/2019
RCD Espanyol Barcelona,Alfa Semedo,21,Defensive Midfield,Benfica,Loan fee:£360Th.,in,Winter,0.36,Primera Division,2018,2018/2019
RCD Espanyol Barcelona,Leo Baptistão,26,Right Winger,WH Zall,£5.22m,out,Winter,5.22,Primera Division,2018,2018/2019
RCD Espanyol Barcelona,Pipa,20,Right-Back,Gimnàstic,Loan,out,Winter,0,Primera Division,2018,2018/2019
Real Betis Balompié,Diego Lainez,18,Left Winger,América,£12.60m,in,Winter,12.6,Primera Division,2018,2018/2019
Real Betis Balompié,Jesé,25,Left Winger,Paris SG,Loan,in,Winter,0,Primera Division,2018,2018/2019
Real Betis Balompié,Emerson,20,Right-Back,Atlético-MG,Loan,in,Winter,0,Primera Division,2018,2018/2019
Real Betis Balompié,Alex Alegría,26,Centre-Forward,Rayo Vallecano,"End of loanJan 30, 2019",in,Winter,0,Primera Division,2018,2018/2019
Real Betis Balompié,Wilfrid Kaptoum,22,Central Midfield,Betis B,-,in,Winter,0,Primera Division,2018,2018/2019
Real Betis Balompié,Takashi Inui,30,Left Winger,Alavés,Loan,out,Winter,0,Primera Division,2018,2018/2019
Real Betis Balompié,Antonio Sanabria,22,Centre-Forward,Genoa,Loan,out,Winter,0,Primera Division,2018,2018/2019
Real Betis Balompié,Ryad Boudebouz,28,Attacking Midfield,Celta de Vigo,Loan,out,Winter,0,Primera Division,2018,2018/2019
Real Betis Balompié,Alex Alegría,26,Centre-Forward,Sporting Gijón,Loan,out,Winter,0,Primera Division,2018,2018/2019
Real Madrid,Brahim Díaz,19,Attacking Midfield,Man City,£15.30m,in,Winter,15.3,Primera Division,2018,2018/2019
Real Madrid,Luca Zidane,20,Goalkeeper,RM Castilla,-,in,Winter,0,Primera Division,2018,2018/2019
Real Madrid,Kiko Casilla,32,Goalkeeper,Leeds,Free transfer,out,Winter,0,Primera Division,2018,2018/2019
Real Sociedad,Jon Guridi,23,Central Midfield,Real Sociedad B,-,in,Winter,0,Primera Division,2018,2018/2019
Real Sociedad,Jon Guridi,23,Central Midfield,CD Mirandés,Loan,out,Winter,0,Primera Division,2018,2018/2019
Real Sociedad,David Concha,22,Right Winger,Gamba Osaka,Loan,out,Winter,0,Primera Division,2018,2018/2019
SD Eibar,Pablo Hervías,25,Right Winger,Real Valladolid,Loan,out,Winter,0,Primera Division,2018,2018/2019
Sevilla FC,Munir El Haddadi,23,Right Winger,FC Barcelona,£945Th.,in,Winter,0.945,Primera Division,2018,2018/2019
Sevilla FC,Marko Rog,23,Central Midfield,SSC Napoli,Loan fee:£450Th.,in,Winter,0.45,Primera Division,2018,2018/2019
Sevilla FC,Maximilian Wöber,20,Centre-Back,Ajax,Loan,in,Winter,0,Primera Division,2018,2018/2019
Sevilla FC,Ganso,29,Attacking Midfield,Amiens SC,"End of loanJan 30, 2019",in,Winter,0,Primera Division,2018,2018/2019
Sevilla FC,Bryan Gil,17,Left Winger,Sevilla Atl.,-,in,Winter,0,Primera Division,2018,2018/2019
Sevilla FC,Luis Muriel,27,Centre-Forward,Fiorentina,Loan fee:£900Th.,out,Winter,0.9,Primera Division,2018,2018/2019
Sevilla FC,Borja Lasso,25,Attacking Midfield,CD Tenerife,Free transfer,out,Winter,0,Primera Division,2018,2018/2019
Sevilla FC,Ganso,29,Attacking Midfield,Fluminense,Free transfer,out,Winter,0,Primera Division,2018,2018/2019
Valencia CF,Rubén Sobrino,26,Centre-Forward,Alavés,£4.50m,in,Winter,4.5,Primera Division,2018,2018/2019
Valencia CF,Facundo Roncaglia,31,Centre-Back,Celta de Vigo,Loan,in,Winter,0,Primera Division,2018,2018/2019
Valencia CF,Kang-in Lee,17,Attacking Midfield,Valencia B,-,in,Winter,0,Primera Division,2018,2018/2019
Valencia CF,Álex Blanco,20,Left Winger,Valencia B,-,in,Winter,0,Primera Division,2018,2018/2019
Valencia CF,Aderllan Santos,29,Centre-Back,EC Vitória,"End of loanDec 31, 2018",in,Winter,0,Primera Division,2018,2018/2019
Valencia CF,Aderllan Santos,29,Centre-Back,Ahli,£4.50m,out,Winter,4.5,Primera Division,2018,2018/2019
Valencia CF,Jeison Murillo,26,Centre-Back,FC Barcelona,Loan fee:£1.08m,out,Winter,1.08,Primera Division,2018,2018/2019
Valencia CF,Uros Racic,20,Central Midfield,CD Tenerife,Loan,out,Winter,0,Primera Division,2018,2018/2019
Valencia CF,Rúben Vezo,24,Centre-Back,Levante,Loan,out,Winter,0,Primera Division,2018,2018/2019
Valencia CF,Álex Blanco,20,Left Winger,Alavés,Loan,out,Winter,0,Primera Division,2018,2018/2019
Valencia CF,Michy Batshuayi,25,Centre-Forward,Chelsea,"End of loanJan 30, 2019",out,Winter,0,Primera Division,2018,2018/2019
Villarreal CF,Vicente Iborra,30,Central Midfield,Leicester,£9.00m,in,Winter,9,Primera Division,2018,2018/2019
Villarreal CF,Rúben Semedo,24,Centre-Back,SD Huesca,"End of loanJan 29, 2019",in,Winter,0,Primera Division,2018,2018/2019
Villarreal CF,Roberto Soriano,27,Central Midfield,Torino,"End of loanJan 3, 2019",in,Winter,0,Primera Division,2018,2018/2019
Villarreal CF,Leo Suárez,22,Right Winger,Real Valladolid,"End of loanJan 30, 2019",in,Winter,0,Primera Division,2018,2018/2019
Villarreal CF,Manu Morlanes,19,Central Midfield,Villarreal CF B,-,in,Winter,0,Primera Division,2018,2018/2019
Villarreal CF,Samu Chukwueze,19,Right Winger,Villarreal CF B,-,in,Winter,0,Primera Division,2018,2018/2019
Villarreal CF,Cristian Espinoza,23,Right Winger,Boca Juniors,"End of loanDec 31, 2018",in,Winter,0,Primera Division,2018,2018/2019
Villarreal CF,Miguel Layún,30,Right Midfield,Monterrey,£3.60m,out,Winter,3.6,Primera Division,2018,2018/2019
Villarreal CF,Manuel Iturra,34,Defensive Midfield,Maccabi Haifa,Free transfer,out,Winter,0,Primera Division,2018,2018/2019
Villarreal CF,Cristian Espinoza,23,Right Winger,Quakes,Loan,out,Winter,0,Primera Division,2018,2018/2019
Villarreal CF,Roberto Soriano,27,Central Midfield,Bologna,Loan,out,Winter,0,Primera Division,2018,2018/2019
Villarreal CF,Nicola Sansone,27,Left Winger,Bologna,Loan,out,Winter,0,Primera Division,2018,2018/2019
Villarreal CF,Rúben Semedo,24,Centre-Back,Rio Ave FC,Loan,out,Winter,0,Primera Division,2018,2018/2019
Villarreal CF,Leo Suárez,22,Right Winger,RCD Mallorca,Loan,out,Winter,0,Primera Division,2018,2018/2019
SD Huesca,Enric Gallego,32,Centre-Forward,Extremadura,£2.70m,in,Winter,2.7,Primera Division,2018,2018/2019
SD Huesca,Javi Galán,24,Left-Back,Córdoba CF,£900Th.,in,Winter,0.9,Primera Division,2018,2018/2019
SD Huesca,Yangel Herrera,21,Defensive Midfield,Man City,Loan,in,Winter,0,Primera Division,2018,2018/2019
SD Huesca,Adrián Diéguez,22,Centre-Back,Alavés,Loan,in,Winter,0,Primera Division,2018,2018/2019
SD Huesca,Juanpi Añor,25,Attacking Midfield,Málaga CF,Loan,in,Winter,0,Primera Division,2018,2018/2019
SD Huesca,Martín Mantovani,34,Centre-Back,UD Las Palmas,Loan,in,Winter,0,Primera Division,2018,2018/2019
SD Huesca,Christian Rivera,21,Central Midfield,UD Las Palmas,Loan,in,Winter,0,Primera Division,2018,2018/2019
SD Huesca,Jonathan Toro,22,Second Striker,Varzim,"End of loanJan 30, 2019",in,Winter,0,Primera Division,2018,2018/2019
SD Huesca,Javi Varas,36,Goalkeeper,Without Club,-,in,Winter,0,Primera Division,2018,2018/2019
SD Huesca,Serdar Gürler,27,Right Winger,Göztepe,Loan fee:£360Th.,out,Winter,0.36,Primera Division,2018,2018/2019
SD Huesca,Lluis Sastre,32,Central Midfield,AEK Larnaca,Free transfer,out,Winter,0,Primera Division,2018,2018/2019
SD Huesca,Rajko Brezancic,29,Left-Back,Málaga CF,Free transfer,out,Winter,0,Primera Division,2018,2018/2019
SD Huesca,Jonathan Toro,22,Second Striker,Coimbra,Loan,out,Winter,0,Primera Division,2018,2018/2019
SD Huesca,Samuele Longo,27,Centre-Forward,Inter,"End of loanJan 29, 2019",out,Winter,0,Primera Division,2018,2018/2019
SD Huesca,Axel Werner,22,Goalkeeper,Atlético Madrid,"End of loanJan 30, 2019",out,Winter,0,Primera Division,2018,2018/2019
SD Huesca,Rúben Semedo,24,Centre-Back,Villarreal,"End of loanJan 29, 2019",out,Winter,0,Primera Division,2018,2018/2019
Rayo Vallecano,Stole Dimitrievski,25,Goalkeeper,Gimnàstic,£810Th.,in,Winter,0.81,Primera Division,2018,2018/2019
Rayo Vallecano,Mario Suárez,31,Defensive Midfield,GZ Hengfeng,Free transfer,in,Winter,0,Primera Division,2018,2018/2019
Rayo Vallecano,Franco Di Santo,29,Centre-Forward,FC Schalke 04,Free transfer,in,Winter,0,Primera Division,2018,2018/2019
Rayo Vallecano,Alejandro Catena,24,Centre-Back,Reus Deportiu,Free transfer,in,Winter,0,Primera Division,2018,2018/2019
Rayo Vallecano,Uche Agbo,23,Defensive Midfield,Standard Liège,Loan,in,Winter,0,Primera Division,2018,2018/2019
Rayo Vallecano,Mario Hernández,19,Right-Back,Rayo B,-,in,Winter,0,Primera Division,2018,2018/2019
Rayo Vallecano,Chechu Dorado,36,Centre-Back,Real Zaragoza,Free transfer,out,Winter,0,Primera Division,2018,2018/2019
Rayo Vallecano,Mario Hernández,19,Right-Back,UD Melilla,Loan,out,Winter,0,Primera Division,2018,2018/2019
Rayo Vallecano,Lass Bangoura,26,Right Winger,Vancouver,Loan,out,Winter,0,Primera Division,2018,2018/2019
Rayo Vallecano,José León,24,Centre-Back,AFC Eskilstuna,Loan,out,Winter,0,Primera Division,2018,2018/2019
Rayo Vallecano,Alex Alegría,26,Centre-Forward,Real Betis,"End of loanJan 30, 2019",out,Winter,0,Primera Division,2018,2018/2019
Rayo Vallecano,Stole Dimitrievski,25,Goalkeeper,Gimnàstic,"End of loanJan 30, 2019",out,Winter,0,Primera Division,2018,2018/2019
Real Valladolid CF,Sergi Guardiola,27,Centre-Forward,Córdoba CF,£2.70m,in,Winter,2.7,Primera Division,2018,2018/2019
Real Valladolid CF,Stiven Plaza,19,Centre-Forward,Independiente,£1.80m,in,Winter,1.8,Primera Division,2018,2018/2019
Real Valladolid CF,Álvaro Aguado,22,Attacking Midfield,Córdoba CF,£1.80m,in,Winter,1.8,Primera Division,2018,2018/2019
Real Valladolid CF,Pablo Hervías,25,Right Winger,SD Eibar,Loan,in,Winter,0,Primera Division,2018,2018/2019
Real Valladolid CF,Waldo Rubio,23,Left Winger,R. Valladolid B,-,in,Winter,0,Primera Division,2018,2018/2019
Real Valladolid CF,Antonio Cotán,23,Central Midfield,Gimnàstic,Free transfer,out,Winter,0,Primera Division,2018,2018/2019
Real Valladolid CF,Alberto Guitián,28,Centre-Back,Real Zaragoza,Free transfer,out,Winter,0,Primera Division,2018,2018/2019
Real Valladolid CF,Álvaro Aguado,22,Attacking Midfield,Córdoba CF,Loan,out,Winter,0,Primera Division,2018,2018/2019
Real Valladolid CF,Ivi López,24,Right Winger,Levante,"End of loanJan 30, 2019",out,Winter,0,Primera Division,2018,2018/2019
Real Valladolid CF,Leo Suárez,22,Right Winger,Villarreal,"End of loanJan 30, 2019",out,Winter,0,Primera Division,2018,2018/2019
