club_name,player_name,age,position,club_involved_name,fee,transfer_movement,transfer_period,fee_cleaned,league_name,year,season
Piacenza FC,Matuzalém,21,Defensive Midfield,SSC Napoli,£2.79m,in,Summer,2.79,Serie A,2001,2001/2002
Piacenza FC,Matteo Guardalben,27,Goalkeeper,AC Parma,£702Th.,in,Summer,0.702,Serie A,2001,2001/2002
Piacenza FC,Amauri,21,Centre-Forward,AC Parma,£180Th.,in,Summer,0.18,Serie A,2001,2001/2002
Piacenza FC,Dario Hübner,34,Centre-Forward,Brescia,Free transfer,in,Summer,0,Serie A,2001,2001/2002
Piacenza FC,Giuseppe Cardone,27,Right-Back,Vicenza,?,in,Summer,NA,Serie A,2001,2001/2002
Piacenza FC,Paolo Orlandoni,28,Goalkeeper,Reggina,?,in,Summer,NA,Serie A,2001,2001/2002
Piacenza FC,Nicola Mora,21,Left-Back,Torino,?,in,Summer,NA,Serie A,2001,2001/2002
Piacenza FC,Eusebio Di Francesco,31,Central Midfield,AS Roma,?,in,Summer,NA,Serie A,2001,2001/2002
Piacenza FC,Filippo Cristante,24,Centre-Back,Ravenna,?,in,Summer,NA,Serie A,2001,2001/2002
Piacenza FC,Paolo Poggi,30,Centre-Forward,AC Parma,Loan,in,Summer,0,Serie A,2001,2001/2002
Piacenza FC,Flavio Roma,27,Goalkeeper,Monaco,£7.65m,out,Summer,7.65,Serie A,2001,2001/2002
Piacenza FC,Alberto Gilardino,19,Centre-Forward,Hellas Verona,£3.49m,out,Summer,3.49,Serie A,2001,2001/2002
Piacenza FC,Adolfo Daniele Speranza,21,Central Midfield,Salernitana,Free transfer,out,Summer,0,Serie A,2001,2001/2002
Piacenza FC,Stefano Sacchetti,28,Centre-Back,Sampdoria,?,out,Summer,NA,Serie A,2001,2001/2002
Piacenza FC,Paolo Cristallini,29,Attacking Midfield,Vicenza,?,out,Summer,NA,Serie A,2001,2001/2002
Piacenza FC,Gianpietro Piovani,33,Attacking Midfield,AS Livorno,?,out,Summer,NA,Serie A,2001,2001/2002
Piacenza FC,Francesco Zitolo,19,Attacking Midfield,AC Pisa,?,out,Summer,NA,Serie A,2001,2001/2002
Piacenza FC,Matteo Savioni,18,Midfielder,Pro Vercelli,?,out,Summer,NA,Serie A,2001,2001/2002
Piacenza FC,Andrea Tagliaferri,22,Midfielder,Spezia,?,out,Summer,NA,Serie A,2001,2001/2002
Piacenza FC,Francesco Palmieri,33,Centre-Forward,Bari,?,out,Summer,NA,Serie A,2001,2001/2002
Piacenza FC,Alessandro Colombo,18,Midfielder,Biellese,?,out,Summer,NA,Serie A,2001,2001/2002
Piacenza FC,Massimo Rastelli,32,Right Winger,SSC Napoli,?,out,Summer,NA,Serie A,2001,2001/2002
Piacenza FC,Francesco Zerbini,21,Centre-Forward,Varese,Loan,out,Summer,0,Serie A,2001,2001/2002
Piacenza FC,Marco Comotto,17,Centre-Back,Spezia,Loan,out,Summer,0,Serie A,2001,2001/2002
Piacenza FC,Matteo Giovagnoli,18,Goalkeeper,Without Club,-,out,Summer,0,Serie A,2001,2001/2002
Piacenza FC,Fabio Artico,27,Centre-Forward,Pescara,"End of loanJun 30, 2001",out,Summer,0,Serie A,2001,2001/2002
US Lecce,Javier Chevantón,20,Centre-Forward,Danubio FC,£6.30m,in,Summer,6.3,Serie A,2001,2001/2002
US Lecce,Bruno Cirillo,24,Centre-Back,Inter,£3.06m,in,Summer,3.06,Serie A,2001,2001/2002
US Lecce,Djuric Winklaar,19,Left Midfield,Heerenveen U19,£1.39m,in,Summer,1.39,Serie A,2001,2001/2002
US Lecce,Gheorghe Popescu,33,Centre-Back,Galatasaray,£929Th.,in,Summer,0.929,Serie A,2001,2001/2002
US Lecce,Philippe Billy,19,Right-Back,Stade Lavallois,Free transfer,in,Summer,0,Serie A,2001,2001/2002
US Lecce,Cristian Silvestri,26,Centre-Back,Cosenza,?,in,Summer,NA,Serie A,2001,2001/2002
US Lecce,Klas Ingesson,32,Defensive Midfield,Marseille,?,in,Summer,NA,Serie A,2001,2001/2002
US Lecce,Marco De Braco,22,Defender,Unknown,?,in,Summer,NA,Serie A,2001,2001/2002
US Lecce,Giorgio Frezzolini,25,Goalkeeper,Chievo Verona,?,in,Summer,NA,Serie A,2001,2001/2002
US Lecce,Lorenzo Stovini,24,Centre-Back,Reggina,?,in,Summer,NA,Serie A,2001,2001/2002
US Lecce,Guillermo Giacomazzi,23,Defensive Midfield,Peñarol,?,in,Summer,NA,Serie A,2001,2001/2002
US Lecce,Matteo Superbi,32,Midfielder,FC Crotone,?,in,Summer,NA,Serie A,2001,2001/2002
US Lecce,Marco Testa,18,Central Midfield,Lecce U19,-,in,Summer,0,Serie A,2001,2001/2002
US Lecce,Dario Dainelli,22,Centre-Back,FC Empoli,£2.09m,out,Summer,2.09,Serie A,2001,2001/2002
US Lecce,Stéphane Coqu,19,Goalkeeper,Sora,Free transfer,out,Summer,0,Serie A,2001,2001/2002
US Lecce,Diego Mateo,22,Defensive Midfield,Racing,?,out,Summer,NA,Serie A,2001,2001/2002
US Lecce,William Viali,26,Centre-Back,AC Venezia 1907,?,out,Summer,NA,Serie A,2001,2001/2002
US Lecce,Cristiano Lucarelli,25,Centre-Forward,Torino,?,out,Summer,NA,Serie A,2001,2001/2002
US Lecce,Mark Edusei,24,Defensive Midfield,Cosenza,?,out,Summer,NA,Serie A,2001,2001/2002
US Lecce,Massimo Lotti,32,Goalkeeper,Arezzo,?,out,Summer,NA,Serie A,2001,2001/2002
US Lecce,Emanuele Manitta,24,Goalkeeper,Messina Peloro,"End of loanJun 30, 2001",out,Summer,0,Serie A,2001,2001/2002
US Lecce,Pier Giovanni Rutzittu,25,Midfielder,Calcio Monza,"End of loanJun 30, 2001",out,Summer,0,Serie A,2001,2001/2002
US Lecce,Riccardo Fissore,21,Centre-Back,Inter,"End of loanJun 30, 2001",out,Summer,0,Serie A,2001,2001/2002
US Lecce,Klas Ingesson,32,Defensive Midfield,Marseille,"End of loanJun 30, 2001",out,Summer,0,Serie A,2001,2001/2002
Atalanta BC,Luca Saudati,22,Centre-Forward,Milan,£9.00m,in,Summer,9,Serie A,2001,2001/2002
Atalanta BC,Luigi Sala,27,Centre-Back,Milan,£2.25m,in,Summer,2.25,Serie A,2001,2001/2002
Atalanta BC,Massimo Taibi,31,Goalkeeper,Reggina,Free transfer,in,Summer,0,Serie A,2001,2001/2002
Atalanta BC,Ousmane Dabo,24,Defensive Midfield,Vicenza,?,in,Summer,NA,Serie A,2001,2001/2002
Atalanta BC,Pierluigi Orlandini,28,Right Midfield,Brescia,?,in,Summer,NA,Serie A,2001,2001/2002
Atalanta BC,Alessandro Rinaldi,26,Right-Back,AS Roma,?,in,Summer,NA,Serie A,2001,2001/2002
Atalanta BC,Corrado Colombo,21,Centre-Forward,Torino,?,in,Summer,NA,Serie A,2001,2001/2002
Atalanta BC,Fabiano Medina,19,Centre-Back,EC Vitória,?,in,Summer,NA,Serie A,2001,2001/2002
Atalanta BC,Luca Cavalli,23,Central Midfield,Pro Sesto,?,in,Summer,NA,Serie A,2001,2001/2002
Atalanta BC,Gianni Comandini,24,Centre-Forward,Milan,?,in,Summer,NA,Serie A,2001,2001/2002
Atalanta BC,Alex Calderoni,25,Goalkeeper,Calcio Monza,?,in,Summer,NA,Serie A,2001,2001/2002
Atalanta BC,Vinicio Espinal,18,Right Midfield,Atalanta U19,-,in,Summer,0,Serie A,2001,2001/2002
Atalanta BC,Simone Padoin,17,Left Midfield,Atalanta U19,-,in,Summer,0,Serie A,2001,2001/2002
Atalanta BC,Piá,19,Left Winger,Atalanta U19,-,in,Summer,0,Serie A,2001,2001/2002
Atalanta BC,Joelson,17,Right Winger,Atalanta U19,-,in,Summer,0,Serie A,2001,2001/2002
Atalanta BC,Yuri Breviario,18,Central Midfield,Atalanta U19,-,in,Summer,0,Serie A,2001,2001/2002
Atalanta BC,Riccardo Montolivo,16,Defensive Midfield,Atalanta U19,-,in,Summer,0,Serie A,2001,2001/2002
Atalanta BC,Nicholas Caglioni,18,Goalkeeper,Atalanta U19,-,in,Summer,0,Serie A,2001,2001/2002
Atalanta BC,Massimo Donati,20,Defensive Midfield,Milan,£13.50m,out,Summer,13.5,Serie A,2001,2001/2002
Atalanta BC,Ivan Pelizzoli,20,Goalkeeper,AS Roma,£12.60m,out,Summer,12.6,Serie A,2001,2001/2002
Atalanta BC,José Espinal,18,Left Winger,Alzano Virescit,Free transfer,out,Summer,0,Serie A,2001,2001/2002
Atalanta BC,Fabio Gallo,30,Defensive Midfield,Ternana,?,out,Summer,NA,Serie A,2001,2001/2002
Atalanta BC,Nicholas Caglioni,18,Goalkeeper,Fanfulla,Loan,out,Summer,0,Serie A,2001,2001/2002
Atalanta BC,Luca Tomasig,18,Goalkeeper,AS Pozzuolo Calcio,?,out,Summer,NA,Serie A,2001,2001/2002
Atalanta BC,Marco Nappi,35,Second Striker,Ternana,?,out,Summer,NA,Serie A,2001,2001/2002
Atalanta BC,Sebastiano Siviglia,28,Centre-Back,AS Roma,?,out,Summer,NA,Serie A,2001,2001/2002
Atalanta BC,Walter Bressan,20,Goalkeeper,Spezia,?,out,Summer,NA,Serie A,2001,2001/2002
Atalanta BC,Ljubisa Dundjerski,29,Central Midfield,Como,Loan,out,Summer,0,Serie A,2001,2001/2002
Atalanta BC,Cristian Zenoni,24,Right-Back,Milan,?,out,Summer,NA,Serie A,2001,2001/2002
Atalanta BC,Adrian Madaschi,18,Centre-Back,Calcio Monza,?,out,Summer,NA,Serie A,2001,2001/2002
Atalanta BC,Pierre Regonesi,22,Left-Back,UC AlbinoLeffe,?,out,Summer,NA,Serie A,2001,2001/2002
Atalanta BC,Matteo Gritti,21,Goalkeeper,Galbiatese Oggiono,?,out,Summer,NA,Serie A,2001,2001/2002
Atalanta BC,Mauro Minelli,20,Centre-Back,Lumezzane,Loan,out,Summer,0,Serie A,2001,2001/2002
Atalanta BC,Stefano Lorenzi,24,Centre-Back,Chievo Verona,?,out,Summer,NA,Serie A,2001,2001/2002
Atalanta BC,Maurizio Ganz,32,Centre-Forward,Without Club,-,out,Summer,0,Serie A,2001,2001/2002
Atalanta BC,Nicola Ventola,23,Centre-Forward,Inter,"End of loanJun 30, 2001",out,Summer,0,Serie A,2001,2001/2002
Atalanta BC,Domenico Morfeo,25,Attacking Midfield,Fiorentina,"End of loanJun 30, 2001",out,Summer,0,Serie A,2001,2001/2002
AC Venezia 1907,Joachim Björklund,30,Centre-Back,Valencia,£3.60m,in,Summer,3.6,Serie A,2001,2001/2002
AC Venezia 1907,Daniel Andersson,23,Centre-Back,Bari,£2.25m,in,Summer,2.25,Serie A,2001,2001/2002
AC Venezia 1907,Federico Magallanes,25,Centre-Forward,Defensor,Free transfer,in,Summer,0,Serie A,2001,2001/2002
AC Venezia 1907,Matías Donnet,21,Right Midfield,CA Unión,Loan,in,Summer,0,Serie A,2001,2001/2002
AC Venezia 1907,Jimmy Algérino,29,Right-Back,Paris SG,Free transfer,in,Summer,0,Serie A,2001,2001/2002
AC Venezia 1907,Mario Cvitanovic,26,Centre-Back,Hellas Verona,Free transfer,in,Summer,0,Serie A,2001,2001/2002
AC Venezia 1907,Mauro Bressan,30,Defensive Midfield,Fiorentina,?,in,Summer,NA,Serie A,2001,2001/2002
AC Venezia 1907,Stefano Bellè,24,Left Winger,L'Aquila,?,in,Summer,NA,Serie A,2001,2001/2002
AC Venezia 1907,Valentino Lai,17,Central Midfield,Malmö U19,?,in,Summer,NA,Serie A,2001,2001/2002
AC Venezia 1907,Pablo García,24,Defensive Midfield,Milan,Loan,in,Summer,0,Serie A,2001,2001/2002
AC Venezia 1907,William Viali,26,Centre-Back,Lecce,?,in,Summer,NA,Serie A,2001,2001/2002
AC Venezia 1907,Francesco Bison,20,Goalkeeper,Jesolo,?,in,Summer,NA,Serie A,2001,2001/2002
AC Venezia 1907,Gianluca Luppi,34,Centre-Back,SSC Napoli,Free transfer,out,Summer,0,Serie A,2001,2001/2002
AC Venezia 1907,Daniel Niccolini,18,Centre-Back,Catanzaro,Free transfer,out,Summer,0,Serie A,2001,2001/2002
AC Venezia 1907,Paulo da Silva,21,Centre-Back,Cosenza,Free transfer,out,Summer,0,Serie A,2001,2001/2002
AC Venezia 1907,Michael Scheuber,19,Midfielder,Verbania,Free transfer,out,Summer,0,Serie A,2001,2001/2002
AC Venezia 1907,Stefano Bellè,25,Left Winger,Ancona,Loan,out,Summer,0,Serie A,2001,2001/2002
AC Venezia 1907,Tommaso Toffanin,18,Midfielder,Padova,?,out,Summer,NA,Serie A,2001,2001/2002
AC Venezia 1907,Marco Cento,25,Midfielder,Unknown,?,out,Summer,NA,Serie A,2001,2001/2002
AC Venezia 1907,Alessio Bandieri,27,Goalkeeper,Padova,?,out,Summer,NA,Serie A,2001,2001/2002
AC Venezia 1907,Pablo Pinones-Arce,19,Centre-Forward,Hammarby,?,out,Summer,NA,Serie A,2001,2001/2002
AC Venezia 1907,Francesco Pedone,33,Right Midfield,Como,?,out,Summer,NA,Serie A,2001,2001/2002
AC Venezia 1907,Cristian Bertani,20,Centre-Forward,Carrarese,Loan,out,Summer,0,Serie A,2001,2001/2002
AC Venezia 1907,Francesco Benussi,19,Goalkeeper,Ascoli,Loan,out,Summer,0,Serie A,2001,2001/2002
AC Venezia 1907,Salvatore Masiello,19,Left-Back,Lumezzane,?,out,Summer,NA,Serie A,2001,2001/2002
AC Venezia 1907,Paolo Foglio,25,Right-Back,Chievo Verona,?,out,Summer,NA,Serie A,2001,2001/2002
AC Venezia 1907,Giampiero Maini,29,Defensive Midfield,AC Parma,?,out,Summer,NA,Serie A,2001,2001/2002
AC Venezia 1907,Fabio Bazzani,24,Centre-Forward,Perugia,Loan,out,Summer,0,Serie A,2001,2001/2002
AC Venezia 1907,Michael Konsel,39,Goalkeeper,Retired,-,out,Summer,0,Serie A,2001,2001/2002
Juventus FC,Gianluigi Buffon,23,Goalkeeper,AC Parma,£47.60m,in,Summer,47.6,Serie A,2001,2001/2002
Juventus FC,Pavel Nedved,28,Left Midfield,Lazio,£40.50m,in,Summer,40.5,Serie A,2001,2001/2002
Juventus FC,Lilian Thuram,29,Centre-Back,AC Parma,£32.54m,in,Summer,32.54,Serie A,2001,2001/2002
Juventus FC,Marcelo Salas,26,Centre-Forward,Lazio,£22.50m,in,Summer,22.5,Serie A,2001,2001/2002
Juventus FC,Cristian Zenoni,24,Right-Back,Milan,£13.95m,in,Summer,13.95,Serie A,2001,2001/2002
Juventus FC,Nicola Amoruso,26,Centre-Forward,SSC Napoli,£4.95m,in,Summer,4.95,Serie A,2001,2001/2002
Juventus FC,Landry Bonnefoi,18,Goalkeeper,Cannes,?,in,Summer,NA,Serie A,2001,2001/2002
Juventus FC,Alessandro Frara,18,Defensive Midfield,Juventus U19,-,in,Summer,0,Serie A,2001,2001/2002
Juventus FC,Tomás Guzmán,19,Attacking Midfield,Juventus U19,-,in,Summer,0,Serie A,2001,2001/2002
Juventus FC,Felice Piccolo,17,Centre-Back,Juventus U19,-,in,Summer,0,Serie A,2001,2001/2002
Juventus FC,Zinédine Zidane,29,Attacking Midfield,Real Madrid,£69.75m,out,Summer,69.75,Serie A,2001,2001/2002
Juventus FC,Filippo Inzaghi,27,Centre-Forward,Milan,£32.54m,out,Summer,32.54,Serie A,2001,2001/2002
Juventus FC,Darko Kovacevic,27,Centre-Forward,Lazio,£13.50m,out,Summer,13.5,Serie A,2001,2001/2002
Juventus FC,Jonathan Bachini,26,Right Midfield,AC Parma,£13.50m,out,Summer,13.5,Serie A,2001,2001/2002
Juventus FC,Edwin van der Sar,30,Goalkeeper,Fulham,£9.27m,out,Summer,9.27,Serie A,2001,2001/2002
Juventus FC,Ronnie O´Brien,22,Midfielder,Dundee United,Free transfer,out,Summer,0,Serie A,2001,2001/2002
Juventus FC,Riccardo Bonetto,22,Left-Back,FC Empoli,?,out,Summer,NA,Serie A,2001,2001/2002
Juventus FC,Andrea Gasbarroni,19,Second Striker,Varese,Loan,out,Summer,0,Serie A,2001,2001/2002
Juventus FC,Luigi Lavecchia,19,Right Midfield,Torres,Loan,out,Summer,0,Serie A,2001,2001/2002
Juventus FC,Matteo Brighi,20,Central Midfield,Bologna,Loan,out,Summer,0,Serie A,2001,2001/2002
Juventus FC,Marco Gorzegno,20,Centre-Back,Torres,?,out,Summer,NA,Serie A,2001,2001/2002
Juventus FC,Daniel Fonseca,31,Centre-Forward,River Plate,?,out,Summer,NA,Serie A,2001,2001/2002
Juventus FC,Giorgio Perelli,17,Midfielder,Valenzana Mado,?,out,Summer,NA,Serie A,2001,2001/2002
Juventus FC,Piero Spina,20,Goalkeeper,Valenzana Mado,?,out,Summer,NA,Serie A,2001,2001/2002
Juventus FC,Marco Zanchi,24,Centre-Back,Hellas Verona,Loan,out,Summer,0,Serie A,2001,2001/2002
AC Fiorentina,Ezequiel González,20,Attacking Midfield,CA Rosario,£4.81m,in,Summer,4.81,Serie A,2001,2001/2002
AC Fiorentina,Alexander Manninger,24,Goalkeeper,Arsenal,Loan,in,Summer,0,Serie A,2001,2001/2002
AC Fiorentina,Mario Cassano,17,Goalkeeper,Voghera,?,in,Summer,NA,Serie A,2001,2001/2002
AC Fiorentina,Mirko Benin,23,Attacking Midfield,Ternana,?,in,Summer,NA,Serie A,2001,2001/2002
AC Fiorentina,Marco Franceschetti,34,Midfielder,Hellas Verona,?,in,Summer,NA,Serie A,2001,2001/2002
AC Fiorentina,Roberto Baronio,23,Defensive Midfield,Lazio,Loan,in,Summer,0,Serie A,2001,2001/2002
AC Fiorentina,Angelo Palombo,19,Defensive Midfield,Fiorentina U19,-,in,Summer,0,Serie A,2001,2001/2002
AC Fiorentina,Maurizio Ganz,33,Centre-Forward,Without Club,-,in,Summer,0,Serie A,2001,2001/2002
AC Fiorentina,Rui Costa,29,Attacking Midfield,Milan,£37.18m,out,Summer,37.18,Serie A,2001,2001/2002
AC Fiorentina,Francesco Toldo,29,Goalkeeper,Inter,£23.85m,out,Summer,23.85,Serie A,2001,2001/2002
AC Fiorentina,Tomas Repka,27,Centre-Back,West Ham,£7.43m,out,Summer,7.43,Serie A,2001,2001/2002
AC Fiorentina,Leandro Amaral,23,Centre-Forward,Grêmio,Free transfer,out,Summer,0,Serie A,2001,2001/2002
AC Fiorentina,Saliou Lassissi,22,Centre-Back,AS Roma,?,out,Summer,NA,Serie A,2001,2001/2002
AC Fiorentina,Alessandro Pierini,28,Centre-Back,Reggina,?,out,Summer,NA,Serie A,2001,2001/2002
AC Fiorentina,Mattia Passarini,20,Goalkeeper,Sassuolo,?,out,Summer,NA,Serie A,2001,2001/2002
AC Fiorentina,Mauro Bressan,30,Defensive Midfield,AC Venezia 1907,?,out,Summer,NA,Serie A,2001,2001/2002
AC Fiorentina,Giacomo Bonora,21,Defender,Unknown,?,out,Summer,NA,Serie A,2001,2001/2002
Torino Calcio,Simone Vergassola,25,Defensive Midfield,Sampdoria,£3.33m,in,Summer,3.33,Serie A,2001,2001/2002
Torino Calcio,Yksel Osmanovski,24,Left Midfield,Bari,£3.15m,in,Summer,3.15,Serie A,2001,2001/2002
Torino Calcio,Riccardo Fissore,21,Centre-Back,Inter,£927Th.,in,Summer,0.927,Serie A,2001,2001/2002
Torino Calcio,Cristiano Lucarelli,25,Centre-Forward,Lecce,?,in,Summer,NA,Serie A,2001,2001/2002
Torino Calcio,Gianluca Comotto,22,Right-Back,Vicenza,?,in,Summer,NA,Serie A,2001,2001/2002
Torino Calcio,Gabriele Paoletti,23,Goalkeeper,L'Aquila,?,in,Summer,NA,Serie A,2001,2001/2002
Torino Calcio,Tiziano Turchetti,21,Forward,Ancona,?,in,Summer,NA,Serie A,2001,2001/2002
Torino Calcio,Luca Mezzano,24,Centre-Back,Inter,Loan,in,Summer,0,Serie A,2001,2001/2002
Torino Calcio,Benoît Cauet,32,Central Midfield,Inter,?,in,Summer,NA,Serie A,2001,2001/2002
Torino Calcio,Giovanni Marchese,16,Left-Back,Torino U19,-,in,Summer,0,Serie A,2001,2001/2002
Torino Calcio,Mirko Cudini,27,Centre-Back,Cagliari Calcio,?,out,Summer,NA,Serie A,2001,2001/2002
Torino Calcio,Gennaro Scarlato,24,Centre-Back,Udinese,?,out,Summer,NA,Serie A,2001,2001/2002
Torino Calcio,Stefan Schwoch,31,Centre-Forward,Vicenza,?,out,Summer,NA,Serie A,2001,2001/2002
Torino Calcio,Edoardo Artistico,32,Centre-Forward,FC Crotone,?,out,Summer,NA,Serie A,2001,2001/2002
Torino Calcio,Nicola Mora,21,Left-Back,Piacenza,?,out,Summer,NA,Serie A,2001,2001/2002
Torino Calcio,Davide Mandelli,24,Centre-Back,Siena,?,out,Summer,NA,Serie A,2001,2001/2002
Torino Calcio,Luigi Panarelli,25,Right-Back,FC Crotone,?,out,Summer,NA,Serie A,2001,2001/2002
Torino Calcio,Corrado Colombo,21,Centre-Forward,Atalanta,?,out,Summer,NA,Serie A,2001,2001/2002
Torino Calcio,Djibril Diawara,26,Centre-Back,Bolton,Loan,out,Summer,0,Serie A,2001,2001/2002
Torino Calcio,Fabio Tricarico,31,Midfielder,Sampdoria,?,out,Summer,NA,Serie A,2001,2001/2002
Torino Calcio,Federico Balzaretti,19,Left-Back,Siena,Loan,out,Summer,0,Serie A,2001,2001/2002
Torino Calcio,Jacopo Mariani,18,Midfielder,Pro Patria,?,out,Summer,NA,Serie A,2001,2001/2002
Torino Calcio,Krunoslav Jurcic,31,Defensive Midfield,Sampdoria,?,out,Summer,NA,Serie A,2001,2001/2002
Torino Calcio,Luca Pastine,30,Goalkeeper,Without Club,-,out,Summer,0,Serie A,2001,2001/2002
Torino Calcio,Alessandro Nista,35,Goalkeeper,Retired,-,out,Summer,0,Serie A,2001,2001/2002
Torino Calcio,Sixto Peralta,22,Central Midfield,Inter,"End of loanJun 30, 2001",out,Summer,0,Serie A,2001,2001/2002
Hellas Verona,Alberto Gilardino,19,Centre-Forward,Piacenza,£3.49m,in,Summer,3.49,Serie A,2001,2001/2002
Hellas Verona,Mario Frick,26,Centre-Forward,Arezzo,£1.35m,in,Summer,1.35,Serie A,2001,2001/2002
Hellas Verona,Nicola Di Liso,26,Centre-Back,Cagliari Calcio,?,in,Summer,NA,Serie A,2001,2001/2002
Hellas Verona,Davide Mandorlini,17,Centre-Back,Ravenna,?,in,Summer,NA,Serie A,2001,2001/2002
Hellas Verona,Luca Matteassi,22,Right Winger,Brescello Calcio,?,in,Summer,NA,Serie A,2001,2001/2002
Hellas Verona,Nicola Diliso,26,Defender,Cagliari Calcio,?,in,Summer,NA,Serie A,2001,2001/2002
Hellas Verona,Marco Zanchi,24,Centre-Back,Juventus,Loan,in,Summer,0,Serie A,2001,2001/2002
Hellas Verona,Paolo Cannavaro,20,Centre-Back,AC Parma,Loan,in,Summer,0,Serie A,2001,2001/2002
Hellas Verona,Johnnier Montaño,18,Attacking Midfield,AC Parma,Loan,in,Summer,0,Serie A,2001,2001/2002
Hellas Verona,Fabio Alterio,18,Centre-Forward,Verona U19,-,in,Summer,0,Serie A,2001,2001/2002
Hellas Verona,Martin Laursen,23,Centre-Back,AC Parma,£8.37m,out,Summer,8.37,Serie A,2001,2001/2002
Hellas Verona,Mario Cvitanovic,26,Centre-Back,AC Venezia 1907,Free transfer,out,Summer,0,Serie A,2001,2001/2002
Hellas Verona,Dario Biasi,21,Centre-Back,Pavia,?,out,Summer,NA,Serie A,2001,2001/2002
Hellas Verona,Ivan Rajcic,20,Central Midfield,Chieti,?,out,Summer,NA,Serie A,2001,2001/2002
Hellas Verona,Alberto Pomini,20,Goalkeeper,San Marino,?,out,Summer,NA,Serie A,2001,2001/2002
Hellas Verona,Marco Franceschetti,34,Midfielder,Fiorentina,?,out,Summer,NA,Serie A,2001,2001/2002
Hellas Verona,Giovanni Lo Russo,20,Left Midfield,Pavia,Loan,out,Summer,0,Serie A,2001,2001/2002
Hellas Verona,Fabio Alterio,19,Centre-Forward,Torres,Loan,out,Summer,0,Serie A,2001,2001/2002
Hellas Verona,Luigi Apolloni,34,Centre-Back,Retired,-,out,Summer,0,Serie A,2001,2001/2002
Hellas Verona,Andrea Corrent,19,Midfielder,Legnano,-,out,Summer,0,Serie A,2001,2001/2002
Hellas Verona,Emiliano Bonazzoli,22,Centre-Forward,AC Parma,"End of loanJun 30, 2001",out,Summer,0,Serie A,2001,2001/2002
Hellas Verona,Maurizio Lanzaro,19,Centre-Back,AS Roma,"End of loanJun 30, 2001",out,Summer,0,Serie A,2001,2001/2002
Hellas Verona,Lampros Vangelis,19,Central Midfield,Siena,"End of loanJun 30, 2001",out,Summer,0,Serie A,2001,2001/2002
FC Internazionale,Francesco Toldo,29,Goalkeeper,Fiorentina,£23.85m,in,Summer,23.85,Serie A,2001,2001/2002
FC Internazionale,Sérgio Conceição,26,Right Winger,AC Parma,£16.20m,in,Summer,16.2,Serie A,2001,2001/2002
FC Internazionale,Adriano,19,Centre-Forward,Flamengo,£11.87m,in,Summer,11.87,Serie A,2001,2001/2002
FC Internazionale,Mohamed Kallon,21,Centre-Forward,Vicenza,£11.70m,in,Summer,11.7,Serie A,2001,2001/2002
FC Internazionale,Cristiano Zanetti,24,Defensive Midfield,AS Roma,£9.90m,in,Summer,9.9,Serie A,2001,2001/2002
FC Internazionale,Marco Materazzi,27,Centre-Back,Perugia,£9.45m,in,Summer,9.45,Serie A,2001,2001/2002
FC Internazionale,Nelson Vivas,31,Right-Back,Arsenal,£6.30m,in,Summer,6.3,Serie A,2001,2001/2002
FC Internazionale,Gonzalo Sorondo,21,Centre-Back,Defensor,£5.40m,in,Summer,5.4,Serie A,2001,2001/2002
FC Internazionale,Paolo Ginestra,22,Goalkeeper,Milan,£3.15m,in,Summer,3.15,Serie A,2001,2001/2002
FC Internazionale,Alberto Fontana,34,Goalkeeper,SSC Napoli,£2.70m,in,Summer,2.7,Serie A,2001,2001/2002
FC Internazionale,Stefano Lombardi,24,Centre-Back,Perugia,£450Th.,in,Summer,0.45,Serie A,2001,2001/2002
FC Internazionale,Emre Belözoglu,20,Central Midfield,Galatasaray,Free transfer,in,Summer,0,Serie A,2001,2001/2002
FC Internazionale,Okan Buruk,27,Right Midfield,Galatasaray,Free transfer,in,Summer,0,Serie A,2001,2001/2002
FC Internazionale,Guly,27,Left Midfield,Milan,?,in,Summer,NA,Serie A,2001,2001/2002
FC Internazionale,Alessandro Frau,24,Attacking Midfield,AS Roma,?,in,Summer,NA,Serie A,2001,2001/2002
FC Internazionale,Jonatan Binotto,26,Right Winger,Bologna,?,in,Summer,NA,Serie A,2001,2001/2002
FC Internazionale,Pasquale Padalino,28,Centre-Back,Bologna,?,in,Summer,NA,Serie A,2001,2001/2002
FC Internazionale,Drazen Brncic,29,Attacking Midfield,Milan,?,in,Summer,NA,Serie A,2001,2001/2002
FC Internazionale,Robbie Keane,20,Centre-Forward,Leeds,£16.20m,out,Summer,16.2,Serie A,2001,2001/2002
FC Internazionale,Andrea Pirlo,22,Defensive Midfield,Milan,£15.34m,out,Summer,15.34,Serie A,2001,2001/2002
FC Internazionale,Christian Panucci,28,Right-Back,Monaco,£6.04m,out,Summer,6.04,Serie A,2001,2001/2002
FC Internazionale,Matteo Ferrari,21,Centre-Back,AC Parma,£4.65m,out,Summer,4.65,Serie A,2001,2001/2002
FC Internazionale,Bruno Cirillo,24,Centre-Back,Lecce,£3.06m,out,Summer,3.06,Serie A,2001,2001/2002
FC Internazionale,Riccardo Fissore,21,Centre-Back,Torino,£927Th.,out,Summer,0.927,Serie A,2001,2001/2002
FC Internazionale,Giuseppe Ticli,22,Left Midfield,Reggiana,£464Th.,out,Summer,0.464,Serie A,2001,2001/2002
FC Internazionale,Sixto Peralta,22,Central Midfield,Ipswich,Loan fee:£180Th.,out,Summer,0.18,Serie A,2001,2001/2002
FC Internazionale,Stefano Lombardi,25,Centre-Back,Genoa,Loan fee:£50Th.,out,Summer,0.05,Serie A,2001,2001/2002
FC Internazionale,Laurent Blanc,35,Sweeper,Man Utd,Free transfer,out,Summer,0,Serie A,2001,2001/2002
FC Internazionale,Tiago Henrique,19,Right Winger,Corinthians,Free transfer,out,Summer,0,Serie A,2001,2001/2002
FC Internazionale,Vladimir Jugovic,31,Left Midfield,Monaco,Free transfer,out,Summer,0,Serie A,2001,2001/2002
FC Internazionale,Marco Ballotta,37,Goalkeeper,Modena,Free transfer,out,Summer,0,Serie A,2001,2001/2002
FC Internazionale,Jonatan Binotto,26,Right Winger,Chievo Verona,Loan,out,Summer,0,Serie A,2001,2001/2002
FC Internazionale,Julien Brellier,19,Central Midfield,Lecco,Loan,out,Summer,0,Serie A,2001,2001/2002
FC Internazionale,Alessandro Frau,24,Attacking Midfield,Viterbese,?,out,Summer,NA,Serie A,2001,2001/2002
FC Internazionale,Luca Masaracchio,18,Defender,Valenzana Mado,?,out,Summer,NA,Serie A,2001,2001/2002
FC Internazionale,Luca Mezzano,24,Centre-Back,Torino,Loan,out,Summer,0,Serie A,2001,2001/2002
FC Internazionale,Alonso Piola,21,Centre-Forward,Pro Sesto,?,out,Summer,NA,Serie A,2001,2001/2002
FC Internazionale,Riccardo Ramazzotti,21,Defender,AS Gubbio,?,out,Summer,NA,Serie A,2001,2001/2002
FC Internazionale,Cyril Domoraud,29,Centre-Back,Milan,?,out,Summer,NA,Serie A,2001,2001/2002
FC Internazionale,Paolo Ginestra,22,Goalkeeper,Prato,Loan,out,Summer,0,Serie A,2001,2001/2002
FC Internazionale,Cristian Brocchi,25,Central Midfield,Milan,?,out,Summer,NA,Serie A,2001,2001/2002
FC Internazionale,Paulo Costa,21,Attacking Midfield,FC Porto,?,out,Summer,NA,Serie A,2001,2001/2002
FC Internazionale,Salvatore Fresi,28,Centre-Back,Bologna,?,out,Summer,NA,Serie A,2001,2001/2002
FC Internazionale,Fabio Macellari,26,Left-Back,Bologna,?,out,Summer,NA,Serie A,2001,2001/2002
FC Internazionale,Sébastien Frey,21,Goalkeeper,AC Parma,Loan,out,Summer,0,Serie A,2001,2001/2002
FC Internazionale,Benoît Cauet,32,Central Midfield,Torino,?,out,Summer,NA,Serie A,2001,2001/2002
FC Internazionale,Marco Ferrante,30,Centre-Forward,Torino,"End of loanJun 30, 2001",out,Summer,0,Serie A,2001,2001/2002
Milan AC,Rui Costa,29,Attacking Midfield,Fiorentina,£37.18m,in,Summer,37.18,Serie A,2001,2001/2002
Milan AC,Filippo Inzaghi,27,Centre-Forward,Juventus,£32.54m,in,Summer,32.54,Serie A,2001,2001/2002
Milan AC,Andrea Pirlo,22,Defensive Midfield,Inter,£15.34m,in,Summer,15.34,Serie A,2001,2001/2002
Milan AC,Javi Moreno,26,Centre-Forward,Alavés,£14.40m,in,Summer,14.4,Serie A,2001,2001/2002
Milan AC,Massimo Donati,20,Defensive Midfield,Atalanta,£13.50m,in,Summer,13.5,Serie A,2001,2001/2002
Milan AC,Cosmin Contra,25,Right-Back,Alavés,£6.30m,in,Summer,6.3,Serie A,2001,2001/2002
Milan AC,Ümit Davala,28,Right Midfield,Galatasaray,£4.50m,in,Summer,4.5,Serie A,2001,2001/2002
Milan AC,Nicola Corrent,21,Central Midfield,Salernitana,£3.25m,in,Summer,3.25,Serie A,2001,2001/2002
Milan AC,Vitali Kutuzov,21,Centre-Forward,BATE Borisov,£3.15m,in,Summer,3.15,Serie A,2001,2001/2002
Milan AC,Martin Laursen,24,Centre-Back,AC Parma,Loan fee:£450Th.,in,Summer,0.45,Serie A,2001,2001/2002
Milan AC,Cristian Zenoni,24,Right-Back,Atalanta,?,in,Summer,NA,Serie A,2001,2001/2002
Milan AC,Maurizio Domizzi,21,Centre-Back,Lazio,?,in,Summer,NA,Serie A,2001,2001/2002
Milan AC,Cristian Brocchi,25,Central Midfield,Inter,?,in,Summer,NA,Serie A,2001,2001/2002
Milan AC,Cyril Domoraud,29,Centre-Back,Inter,?,in,Summer,NA,Serie A,2001,2001/2002
Milan AC,Luca Saudati,22,Centre-Forward,Perugia,?,in,Summer,NA,Serie A,2001,2001/2002
Milan AC,Marco Simone,32,Centre-Forward,Monaco,Loan,in,Summer,0,Serie A,2001,2001/2002
Milan AC,Mohamed Sarr,17,Centre-Back,Milan U19,-,in,Summer,0,Serie A,2001,2001/2002
Milan AC,Cristian Zenoni,24,Right-Back,Juventus,£13.95m,out,Summer,13.95,Serie A,2001,2001/2002
Milan AC,Luca Saudati,22,Centre-Forward,Atalanta,£9.00m,out,Summer,9,Serie A,2001,2001/2002
Milan AC,Paolo Ginestra,22,Goalkeeper,Inter,£3.15m,out,Summer,3.15,Serie A,2001,2001/2002
Milan AC,Luigi Sala,27,Centre-Back,Atalanta,£2.25m,out,Summer,2.25,Serie A,2001,2001/2002
Milan AC,Francesco Coco,24,Left-Back,FC Barcelona,Loan fee:£900Th.,out,Summer,0.9,Serie A,2001,2001/2002
Milan AC,Federico Giunti,29,Defensive Midfield,Brescia,£855Th.,out,Summer,0.855,Serie A,2001,2001/2002
Milan AC,Fabricio Coloccini,19,Centre-Back,Alavés,Loan fee:£675Th.,out,Summer,0.675,Serie A,2001,2001/2002
Milan AC,Leonardo,31,Attacking Midfield,São Paulo,Free transfer,out,Summer,0,Serie A,2001,2001/2002
Milan AC,Oliver Bierhoff,33,Centre-Forward,Monaco,Free transfer,out,Summer,0,Serie A,2001,2001/2002
Milan AC,Dida,27,Goalkeeper,Corinthians,Loan,out,Summer,0,Serie A,2001,2001/2002
Milan AC,Zvonimir Boban,32,Attacking Midfield,Celta de Vigo,Free transfer,out,Summer,0,Serie A,2001,2001/2002
Milan AC,Ibrahim Bá,27,Right Midfield,Marseille,Loan,out,Summer,0,Serie A,2001,2001/2002
Milan AC,Luca Antonini,18,Left-Back,Prato,Loan,out,Summer,0,Serie A,2001,2001/2002
Milan AC,Mattia Graffiedi,21,Centre-Forward,SSC Napoli,Loan,out,Summer,0,Serie A,2001,2001/2002
Milan AC,Pablo García,24,Defensive Midfield,AC Venezia 1907,Loan,out,Summer,0,Serie A,2001,2001/2002
Milan AC,Maurizio Domizzi,21,Centre-Back,Modena,Loan,out,Summer,0,Serie A,2001,2001/2002
Milan AC,Nicola Corrent,21,Central Midfield,Como,Loan,out,Summer,0,Serie A,2001,2001/2002
Milan AC,Michele Ferri,20,Centre-Back,Cesena,?,out,Summer,NA,Serie A,2001,2001/2002
Milan AC,Guly,27,Left Midfield,Inter,?,out,Summer,NA,Serie A,2001,2001/2002
Milan AC,Daniele Daino,21,Right-Back,Derby,Loan,out,Summer,0,Serie A,2001,2001/2002
Milan AC,Marco Ciasullo,18,Goalkeeper,Mestre,?,out,Summer,NA,Serie A,2001,2001/2002
Milan AC,Gabriele Aldegani,25,Goalkeeper,Alavés,Loan,out,Summer,0,Serie A,2001,2001/2002
Milan AC,Gianni Comandini,24,Centre-Forward,Atalanta,?,out,Summer,NA,Serie A,2001,2001/2002
Milan AC,Cyril Domoraud,30,Centre-Back,Monaco,Loan,out,Summer,0,Serie A,2001,2001/2002
Milan AC,Matteo Contini,21,Centre-Back,Calcio Monza,?,out,Summer,NA,Serie A,2001,2001/2002
Milan AC,Andrea Rabito,21,Right Winger,Modena,Loan,out,Summer,0,Serie A,2001,2001/2002
Milan AC,Drazen Brncic,29,Attacking Midfield,Inter,?,out,Summer,NA,Serie A,2001,2001/2002
Milan AC,Gabriele Aldegani,25,Goalkeeper,Cosenza,Loan,out,Summer,0,Serie A,2001,2001/2002
SS Lazio,Gaizka Mendieta,27,Right Midfield,Valencia,£43.20m,in,Summer,43.2,Serie A,2001,2001/2002
SS Lazio,Jaap Stam,29,Centre-Back,Man Utd,£23.18m,in,Summer,23.18,Serie A,2001,2001/2002
SS Lazio,Stefano Fiore,26,Attacking Midfield,Udinese,£22.50m,in,Summer,22.5,Serie A,2001,2001/2002
SS Lazio,Darko Kovacevic,27,Centre-Forward,Juventus,£13.50m,in,Summer,13.5,Serie A,2001,2001/2002
SS Lazio,Fabio Liverani,25,Defensive Midfield,Perugia,£11.70m,in,Summer,11.7,Serie A,2001,2001/2002
SS Lazio,Giuliano Giannichedda,26,Defensive Midfield,Udinese,£6.75m,in,Summer,6.75,Serie A,2001,2001/2002
SS Lazio,César,26,Left Midfield,São Caetano,£4.50m,in,Summer,4.5,Serie A,2001,2001/2002
SS Lazio,Alberto Comazzi,22,Centre-Back,Calcio Monza,?,in,Summer,NA,Serie A,2001,2001/2002
SS Lazio,Felice Evacuo,18,Centre-Forward,Turris Calcio,?,in,Summer,NA,Serie A,2001,2001/2002
SS Lazio,Pavel Nedved,28,Left Midfield,Juventus,£40.50m,out,Summer,40.5,Serie A,2001,2001/2002
SS Lazio,Juan Sebastián Verón,26,Central Midfield,Man Utd,£38.34m,out,Summer,38.34,Serie A,2001,2001/2002
SS Lazio,Marcelo Salas,26,Centre-Forward,Juventus,£22.50m,out,Summer,22.5,Serie A,2001,2001/2002
SS Lazio,Fabrizio Ravanelli,32,Centre-Forward,Derby,Free transfer,out,Summer,0,Serie A,2001,2001/2002
SS Lazio,Marcello Fiorentini,20,Central Midfield,AC Montichiari,Free transfer,out,Summer,0,Serie A,2001,2001/2002
SS Lazio,Maurizio Domizzi,21,Centre-Back,Milan,?,out,Summer,NA,Serie A,2001,2001/2002
SS Lazio,Emanuele Pesaresi,24,Left-Back,Benfica,Loan,out,Summer,0,Serie A,2001,2001/2002
SS Lazio,Giorgio Santarelli,20,Right-Back,Avellino,?,out,Summer,NA,Serie A,2001,2001/2002
SS Lazio,Andrea Luciani,19,Midfielder,Salernitana,?,out,Summer,NA,Serie A,2001,2001/2002
SS Lazio,Daniele Ruggiu,20,Forward,Cittadella,Loan,out,Summer,0,Serie A,2001,2001/2002
SS Lazio,Emanuele Verdesca,18,Forward,Castel di Sangr,?,out,Summer,NA,Serie A,2001,2001/2002
SS Lazio,Giampaolo Iacobellis,18,Defender,Fasano,?,out,Summer,NA,Serie A,2001,2001/2002
SS Lazio,Roberto Baronio,23,Defensive Midfield,Fiorentina,Loan,out,Summer,0,Serie A,2001,2001/2002
SS Lazio,Daniel Ola,18,Centre-Back,Chievo Verona,Loan,out,Summer,0,Serie A,2001,2001/2002
SS Lazio,Paolo Orlandoni,28,Goalkeeper,Reggina,"End of loanJun 30, 2001",out,Summer,0,Serie A,2001,2001/2002
AC Parma,Hidetoshi Nakata,24,Attacking Midfield,AS Roma,£25.56m,in,Summer,25.56,Serie A,2001,2001/2002
AC Parma,Evanilson,25,Right-Back,Bor. Dortmund,£13.50m,in,Summer,13.5,Serie A,2001,2001/2002
AC Parma,Jonathan Bachini,26,Right Midfield,Juventus,£13.50m,in,Summer,13.5,Serie A,2001,2001/2002
AC Parma,Martin Djetou,26,Centre-Back,Monaco,£8.78m,in,Summer,8.78,Serie A,2001,2001/2002
AC Parma,Martin Laursen,23,Centre-Back,Hellas Verona,£8.37m,in,Summer,8.37,Serie A,2001,2001/2002
AC Parma,Alex,23,Attacking Midfield,Cruzeiro,£7.20m,in,Summer,7.2,Serie A,2001,2001/2002
AC Parma,Marco Marchionni,20,Right Midfield,FC Empoli,£5.58m,in,Summer,5.58,Serie A,2001,2001/2002
AC Parma,Matteo Ferrari,21,Centre-Back,Inter,£4.65m,in,Summer,4.65,Serie A,2001,2001/2002
AC Parma,Claudio Taffarel,35,Goalkeeper,Galatasaray,£1.80m,in,Summer,1.8,Serie A,2001,2001/2002
AC Parma,Andrea Staffolani,18,Centre-Forward,Ancona,£697Th.,in,Summer,0.697,Serie A,2001,2001/2002
AC Parma,Zlatko Dedic,16,Centre-Forward,FC Koper,£225Th.,in,Summer,0.225,Serie A,2001,2001/2002
AC Parma,Mohamed Kader,22,Centre-Forward,Al-Ahly Tripoli,Free transfer,in,Summer,0,Serie A,2001,2001/2002
AC Parma,Paolo Poggi,30,Centre-Forward,AS Roma,?,in,Summer,NA,Serie A,2001,2001/2002
AC Parma,Gabriele Giaroli,20,Goalkeeper,Prato,?,in,Summer,NA,Serie A,2001,2001/2002
AC Parma,Massimiliano Iezzi,20,Right Midfield,West Brom,?,in,Summer,NA,Serie A,2001,2001/2002
AC Parma,Gaetano Grieco,18,Centre-Forward,Genoa,?,in,Summer,NA,Serie A,2001,2001/2002
AC Parma,Amedeo Mangone,32,Left-Back,AS Roma,?,in,Summer,NA,Serie A,2001,2001/2002
AC Parma,Giampiero Maini,29,Defensive Midfield,AC Venezia 1907,?,in,Summer,NA,Serie A,2001,2001/2002
AC Parma,Sébastien Frey,21,Goalkeeper,Inter,Loan,in,Summer,0,Serie A,2001,2001/2002
AC Parma,Sergey Gurenko,28,Right-Back,AS Roma,?,in,Summer,NA,Serie A,2001,2001/2002
AC Parma,Aimo Diana,23,Right Midfield,Brescia,Loan,in,Summer,0,Serie A,2001,2001/2002
AC Parma,Alfonso De Lucia,17,Goalkeeper,Parma U19,-,in,Summer,0,Serie A,2001,2001/2002
AC Parma,Gianluigi Buffon,23,Goalkeeper,Juventus,£47.60m,out,Summer,47.6,Serie A,2001,2001/2002
AC Parma,Lilian Thuram,29,Centre-Back,Juventus,£32.54m,out,Summer,32.54,Serie A,2001,2001/2002
AC Parma,Márcio Amoroso,26,Centre-Forward,Bor. Dortmund,£22.95m,out,Summer,22.95,Serie A,2001,2001/2002
AC Parma,Sérgio Conceição,26,Right Winger,Inter,£16.20m,out,Summer,16.2,Serie A,2001,2001/2002
AC Parma,Evanilson,25,Right-Back,Bor. Dortmund,Loan fee:£2.70m,out,Summer,2.7,Serie A,2001,2001/2002
AC Parma,Matteo Guardalben,27,Goalkeeper,Piacenza,£702Th.,out,Summer,0.702,Serie A,2001,2001/2002
AC Parma,Martin Laursen,24,Centre-Back,Milan,Loan fee:£450Th.,out,Summer,0.45,Serie A,2001,2001/2002
AC Parma,Amauri,21,Centre-Forward,Piacenza,£180Th.,out,Summer,0.18,Serie A,2001,2001/2002
AC Parma,Diego Fuser,32,Right Midfield,AS Roma,Free transfer,out,Summer,0,Serie A,2001,2001/2002
AC Parma,Andrea Staffolani,18,Centre-Forward,Ancona,Loan,out,Summer,0,Serie A,2001,2001/2002
AC Parma,Johnnier Montaño,18,Attacking Midfield,Hellas Verona,Loan,out,Summer,0,Serie A,2001,2001/2002
AC Parma,Paolo Cannavaro,20,Centre-Back,Hellas Verona,Loan,out,Summer,0,Serie A,2001,2001/2002
AC Parma,Alejandro Lembo,23,Centre-Back,Nacional,?,out,Summer,NA,Serie A,2001,2001/2002
AC Parma,Paolo Poggi,30,Centre-Forward,Piacenza,Loan,out,Summer,0,Serie A,2001,2001/2002
AC Parma,Davide Micillo,30,Goalkeeper,Cosenza,?,out,Summer,NA,Serie A,2001,2001/2002
AC Parma,Davide Stirpe,19,Defender,Prato,?,out,Summer,NA,Serie A,2001,2001/2002
AC Parma,Gianluca De Angelis,20,Centre-Forward,Sora,Loan,out,Summer,0,Serie A,2001,2001/2002
AC Parma,Jonathan Bachini,26,Right Midfield,Brescia,Loan,out,Summer,0,Serie A,2001,2001/2002
Udinese Calcio,Winston Parks,19,Centre-Forward,AD Limonense,£1.80m,in,Summer,1.8,Serie A,2001,2001/2002
Udinese Calcio,Dimitrios Nalitzis,25,Centre-Forward,PAOK Salonika,£1.08m,in,Summer,1.08,Serie A,2001,2001/2002
Udinese Calcio,Carlos Pavón,27,Centre-Forward,Monarcas Morelia,£450Th.,in,Summer,0.45,Serie A,2001,2001/2002
Udinese Calcio,Per Kröldrup,21,Centre-Back,B.93,Free transfer,in,Summer,0,Serie A,2001,2001/2002
Udinese Calcio,Isaac,21,Left Winger,Ciudad Murcia,Loan,in,Summer,0,Serie A,2001,2001/2002
Udinese Calcio,Mirko Pieri,22,Left-Back,Perugia,?,in,Summer,NA,Serie A,2001,2001/2002
Udinese Calcio,Fabio Pittilino,24,Defender,Castel di Sangr,?,in,Summer,NA,Serie A,2001,2001/2002
Udinese Calcio,Fábio César Montezine,22,Left Midfield,Viktoria Plzen,?,in,Summer,NA,Serie A,2001,2001/2002
Udinese Calcio,Esteban Lopez,24,Right-Back,Real Murcia,?,in,Summer,NA,Serie A,2001,2001/2002
Udinese Calcio,Sergio Almirón,20,Central Midfield,Newell's,?,in,Summer,NA,Serie A,2001,2001/2002
Udinese Calcio,Marcos Paulo,24,Central Midfield,Cruzeiro,Loan,in,Summer,0,Serie A,2001,2001/2002
Udinese Calcio,Gonzalo Martínez,25,Right-Back,Deportes Tolima,?,in,Summer,NA,Serie A,2001,2001/2002
Udinese Calcio,José Devaca,18,Centre-Back,Cerro Porteño,?,in,Summer,NA,Serie A,2001,2001/2002
Udinese Calcio,Gennaro Scarlato,24,Centre-Back,Torino,?,in,Summer,NA,Serie A,2001,2001/2002
Udinese Calcio,David Di Michele,25,Centre-Forward,Salernitana,?,in,Summer,NA,Serie A,2001,2001/2002
Udinese Calcio,Samuel Caballero,26,Centre-Back,Olimpia,?,in,Summer,NA,Serie A,2001,2001/2002
Udinese Calcio,Siyabonga Nomvethe,23,Centre-Forward,Kaizer Chiefs,?,in,Summer,NA,Serie A,2001,2001/2002
Udinese Calcio,Terrence Genaux,17,Centre-Back,Udinese U19,-,in,Summer,0,Serie A,2001,2001/2002
Udinese Calcio,Jorge Cordero,24,Midfielder,RCD Mallorca,,in,Summer,NA,Serie A,2001,2001/2002
Udinese Calcio,Stefano Fiore,26,Attacking Midfield,Lazio,£22.50m,out,Summer,22.5,Serie A,2001,2001/2002
Udinese Calcio,Giuliano Giannichedda,26,Defensive Midfield,Lazio,£6.75m,out,Summer,6.75,Serie A,2001,2001/2002
Udinese Calcio,Massimo Margiotta,24,Second Striker,Vicenza,£3.24m,out,Summer,3.24,Serie A,2001,2001/2002
Udinese Calcio,Cristian Díaz,25,Left-Back,RCD Mallorca,£2.09m,out,Summer,2.09,Serie A,2001,2001/2002
Udinese Calcio,Johan Walem,29,Left Midfield,Standard Liège,£1.39m,out,Summer,1.39,Serie A,2001,2001/2002
Udinese Calcio,Morten Bisgaard,27,Central Midfield,FC Copenhagen,£225Th.,out,Summer,0.225,Serie A,2001,2001/2002
Udinese Calcio,Allan Gaarde,27,Attacking Midfield,Aalborg BK,Free transfer,out,Summer,0,Serie A,2001,2001/2002
Udinese Calcio,Julio Gutiérrez,21,Centre-Forward,Messina Peloro,Loan,out,Summer,0,Serie A,2001,2001/2002
Udinese Calcio,Dimitrios Nalitzis,25,Centre-Forward,Perugia,Loan,out,Summer,0,Serie A,2001,2001/2002
Udinese Calcio,Fábio César Montezine,22,Left Midfield,SSC Napoli,Loan,out,Summer,0,Serie A,2001,2001/2002
Udinese Calcio,Mauro Esposito,22,Right Winger,Cagliari Calcio,Loan,out,Summer,0,Serie A,2001,2001/2002
Udinese Calcio,Giancarlo Conchione,18,Goalkeeper,Unknown,?,out,Summer,NA,Serie A,2001,2001/2002
Udinese Calcio,Lorenzo Nonis,19,Midfielder,Faenza Calcio,?,out,Summer,NA,Serie A,2001,2001/2002
Udinese Calcio,Ousmane Sanda Sanda,19,Midfielder,Royal Antwerp,Loan,out,Summer,0,Serie A,2001,2001/2002
Udinese Calcio,Feliciano Magro,22,Attacking Midfield,FC Zürich,Loan,out,Summer,0,Serie A,2001,2001/2002
Udinese Calcio,Elijah Louhenapessy,24,Defensive Midfield,SW Bregenz,Loan,out,Summer,0,Serie A,2001,2001/2002
Udinese Calcio,Zlatan Muslimovic,20,Centre-Forward,Perugia,Loan,out,Summer,0,Serie A,2001,2001/2002
Udinese Calcio,Marijan Budimir,20,Centre-Back,NK Trnje Zagreb,?,out,Summer,NA,Serie A,2001,2001/2002
Udinese Calcio,Anthony Basso,21,Goalkeeper,Viterbese,Loan,out,Summer,0,Serie A,2001,2001/2002
Udinese Calcio,Raffaele Merzek,20,Midfielder,Südtirol,?,out,Summer,NA,Serie A,2001,2001/2002
Udinese Calcio,Vittorio Micolucci,17,Centre-Back,Pescara,?,out,Summer,NA,Serie A,2001,2001/2002
Udinese Calcio,Abdul Rahman Issah,20,Centre-Back,Messina Peloro,Loan,out,Summer,0,Serie A,2001,2001/2002
Udinese Calcio,Henry van der Vegt,29,Midfielder,Retired,-,out,Summer,0,Serie A,2001,2001/2002
Chievo Verona,Simone Perrotta,23,Attacking Midfield,Bari,£1.35m,in,Summer,1.35,Serie A,2001,2001/2002
Chievo Verona,Cristiano Lupatelli,23,Goalkeeper,AS Roma,£1.31m,in,Summer,1.31,Serie A,2001,2001/2002
Chievo Verona,Diomansy Kamara,20,Right Winger,Catanzaro,£464Th.,in,Summer,0.464,Serie A,2001,2001/2002
Chievo Verona,Marco Ambrosio,28,Goalkeeper,Lucchese,?,in,Summer,NA,Serie A,2001,2001/2002
Chievo Verona,Daniel Ola,18,Centre-Back,Lazio,Loan,in,Summer,0,Serie A,2001,2001/2002
Chievo Verona,Jonatan Binotto,26,Right Winger,Inter,Loan,in,Summer,0,Serie A,2001,2001/2002
Chievo Verona,Fabio Firmani,23,Central Midfield,Vicenza,?,in,Summer,NA,Serie A,2001,2001/2002
Chievo Verona,Cleiton Da Silva Lima,18,Midfielder,Fiorentina U19,?,in,Summer,NA,Serie A,2001,2001/2002
Chievo Verona,Gioacchino Cavaliere,20,Goalkeeper,Ascoli,?,in,Summer,NA,Serie A,2001,2001/2002
Chievo Verona,Francesco Quintavalla,19,Right-Back,Bologna,?,in,Summer,NA,Serie A,2001,2001/2002
Chievo Verona,Paolo Foglio,25,Right-Back,AC Venezia 1907,?,in,Summer,NA,Serie A,2001,2001/2002
Chievo Verona,Stefano Lorenzi,24,Centre-Back,Atalanta,?,in,Summer,NA,Serie A,2001,2001/2002
Chievo Verona,Jason Mayélé,25,Forward,Without Club,-,in,Summer,0,Serie A,2001,2001/2002
Chievo Verona,Mauro Zironelli,31,Midfielder,Modena,?,out,Summer,NA,Serie A,2001,2001/2002
Chievo Verona,Ciro De Cesare,29,Second Striker,Siena,Loan,out,Summer,0,Serie A,2001,2001/2002
Chievo Verona,Andrea Zanchetta,26,Central Midfield,Vicenza,Loan,out,Summer,0,Serie A,2001,2001/2002
Chievo Verona,Diomansy Kamara,20,Right Winger,Modena,Loan,out,Summer,0,Serie A,2001,2001/2002
Chievo Verona,Fabio Ferraresi,22,Central Midfield,Castel di Sangr,?,out,Summer,NA,Serie A,2001,2001/2002
Chievo Verona,Andrea Guerra,28,Defensive Midfield,US Palermo,?,out,Summer,NA,Serie A,2001,2001/2002
Chievo Verona,Davide Caurla,19,Defender,AC Montichiari,?,out,Summer,NA,Serie A,2001,2001/2002
Chievo Verona,Maurizio De Pascale,23,Defender,AS Gubbio,?,out,Summer,NA,Serie A,2001,2001/2002
Chievo Verona,Francesco Carbone,21,Right-Back,Pistoiese,Loan,out,Summer,0,Serie A,2001,2001/2002
Chievo Verona,Michele Baldi,29,Midfielder,Pescara,?,out,Summer,NA,Serie A,2001,2001/2002
Chievo Verona,Giorgio Frezzolini,25,Goalkeeper,Lecce,?,out,Summer,NA,Serie A,2001,2001/2002
Chievo Verona,Paolo Codognola,20,Goalkeeper,Poggese Calcio,Loan,out,Summer,0,Serie A,2001,2001/2002
Chievo Verona,Salvatore Bruno,21,Centre-Forward,Ascoli,?,out,Summer,NA,Serie A,2001,2001/2002
Chievo Verona,Luca Corradi,20,Forward,Poggese Calcio,?,out,Summer,NA,Serie A,2001,2001/2002
Chievo Verona,Stefano Garzon,19,Defensive Midfield,Pavia,Loan,out,Summer,0,Serie A,2001,2001/2002
Chievo Verona,Luigi Martinelli,30,Right-Back,Siena,?,out,Summer,NA,Serie A,2001,2001/2002
Chievo Verona,Enrico Fantini,25,Centre-Forward,Modena,?,out,Summer,NA,Serie A,2001,2001/2002
Chievo Verona,Sergio Marcon,30,Goalkeeper,Ternana,?,out,Summer,NA,Serie A,2001,2001/2002
Chievo Verona,Ivan Franceschini,24,Centre-Back,Reggina,"End of loanJun 30, 2001",out,Summer,0,Serie A,2001,2001/2002
AS Roma,Antonio Cassano,18,Second Striker,Bari,£27.90m,in,Summer,27.9,Serie A,2001,2001/2002
AS Roma,Ivan Pelizzoli,20,Goalkeeper,Atalanta,£12.60m,in,Summer,12.6,Serie A,2001,2001/2002
AS Roma,Sebastián Cejas,26,Goalkeeper,Newell's,£5.40m,in,Summer,5.4,Serie A,2001,2001/2002
AS Roma,Leandro Cufré,23,Left-Back,Gimnasia,£2.79m,in,Summer,2.79,Serie A,2001,2001/2002
AS Roma,Christian Panucci,28,Right-Back,Monaco,Loan fee:£1.39m,in,Summer,1.39,Serie A,2001,2001/2002
AS Roma,Gustavo Vassallo,22,Centre-Forward,OGC Nice,£405Th.,in,Summer,0.405,Serie A,2001,2001/2002
AS Roma,Diego Fuser,32,Right Midfield,AC Parma,Free transfer,in,Summer,0,Serie A,2001,2001/2002
AS Roma,Francisco Lima,30,Defensive Midfield,Bologna,Free transfer,in,Summer,0,Serie A,2001,2001/2002
AS Roma,Saliou Lassissi,22,Centre-Back,Fiorentina,?,in,Summer,NA,Serie A,2001,2001/2002
AS Roma,Adewale Dauda Wahab,16,Central Midfield,Reggiana,?,in,Summer,NA,Serie A,2001,2001/2002
AS Roma,Sebastiano Siviglia,28,Centre-Back,Atalanta,?,in,Summer,NA,Serie A,2001,2001/2002
AS Roma,Luigi Malafronte,22,Centre-Back,SSC Napoli,?,in,Summer,NA,Serie A,2001,2001/2002
AS Roma,Carlo Zotti,18,Goalkeeper,Roma U19,-,in,Summer,0,Serie A,2001,2001/2002
AS Roma,Massimo Bonanni,19,Left Midfield,Roma U19,-,in,Summer,0,Serie A,2001,2001/2002
AS Roma,Alessandro Tulli,19,Centre-Forward,Roma U19,-,in,Summer,0,Serie A,2001,2001/2002
AS Roma,Daniele Martinetti,20,Centre-Forward,Roma U19,-,in,Summer,0,Serie A,2001,2001/2002
AS Roma,Hidetoshi Nakata,24,Attacking Midfield,AC Parma,£25.56m,out,Summer,25.56,Serie A,2001,2001/2002
AS Roma,Cristiano Zanetti,24,Defensive Midfield,Inter,£9.90m,out,Summer,9.9,Serie A,2001,2001/2002
AS Roma,Manuele Blasi,20,Central Midfield,Perugia,£8.83m,out,Summer,8.83,Serie A,2001,2001/2002
AS Roma,Gaetano D'Agostino,19,Central Midfield,Bari,Loan fee:£4.65m,out,Summer,4.65,Serie A,2001,2001/2002
AS Roma,Marco Amelia,19,Goalkeeper,AS Livorno,£2.52m,out,Summer,2.52,Serie A,2001,2001/2002
AS Roma,Cristiano Lupatelli,23,Goalkeeper,Chievo Verona,£1.31m,out,Summer,1.31,Serie A,2001,2001/2002
AS Roma,Abel Balbo,35,Centre-Forward,Boca Juniors,Free transfer,out,Summer,0,Serie A,2001,2001/2002
AS Roma,Daniele De Vezze,21,Central Midfield,US Palermo,Loan,out,Summer,0,Serie A,2001,2001/2002
AS Roma,Gustavo Vassallo,22,Centre-Forward,US Palermo,Loan,out,Summer,0,Serie A,2001,2001/2002
AS Roma,Alessandro Tulli,19,Centre-Forward,Vicenza,?,out,Summer,NA,Serie A,2001,2001/2002
AS Roma,Simone Farina,19,Left-Back,Catania,?,out,Summer,NA,Serie A,2001,2001/2002
AS Roma,Paolo Poggi,30,Centre-Forward,AC Parma,?,out,Summer,NA,Serie A,2001,2001/2002
AS Roma,Alessandro Frau,24,Attacking Midfield,Inter,?,out,Summer,NA,Serie A,2001,2001/2002
AS Roma,Massimo Bonanni,19,Left Midfield,Viterbese,Loan,out,Summer,0,Serie A,2001,2001/2002
AS Roma,Adewale Dauda Wahab,16,Central Midfield,Reggiana,Loan,out,Summer,0,Serie A,2001,2001/2002
AS Roma,Alessandro Rinaldi,26,Right-Back,Atalanta,?,out,Summer,NA,Serie A,2001,2001/2002
AS Roma,Maurizio Lanzaro,19,Centre-Back,US Palermo,?,out,Summer,NA,Serie A,2001,2001/2002
AS Roma,Sergey Gurenko,28,Right-Back,AC Parma,?,out,Summer,NA,Serie A,2001,2001/2002
AS Roma,Eusebio Di Francesco,31,Central Midfield,Piacenza,?,out,Summer,NA,Serie A,2001,2001/2002
AS Roma,Amedeo Mangone,32,Left-Back,AC Parma,?,out,Summer,NA,Serie A,2001,2001/2002
AS Roma,César Gómez,33,Centre-Back,Retired,-,out,Summer,0,Serie A,2001,2001/2002
Brescia Calcio,Luca Toni,24,Centre-Forward,Vicenza,£4.50m,in,Summer,4.5,Serie A,2001,2001/2002
Brescia Calcio,Dario Dainelli,22,Centre-Back,FC Empoli,£4.18m,in,Summer,4.18,Serie A,2001,2001/2002
Brescia Calcio,Federico Giunti,29,Defensive Midfield,Milan,£855Th.,in,Summer,0.855,Serie A,2001,2001/2002
Brescia Calcio,Markus Schopp,27,Right Midfield,Sturm Graz,£523Th.,in,Summer,0.523,Serie A,2001,2001/2002
Brescia Calcio,Igli Tare,28,Centre-Forward,1.FC K'lautern,£495Th.,in,Summer,0.495,Serie A,2001,2001/2002
Brescia Calcio,Andrea Caracciolo,19,Centre-Forward,Como,£218Th.,in,Summer,0.218,Serie A,2001,2001/2002
Brescia Calcio,Pep Guardiola,30,Defensive Midfield,FC Barcelona,Free transfer,in,Summer,0,Serie A,2001,2001/2002
Brescia Calcio,Jonathan Bachini,26,Right Midfield,AC Parma,Loan,in,Summer,0,Serie A,2001,2001/2002
Brescia Calcio,Angelo Danotti,21,Left-Back,Cesena,?,in,Summer,NA,Serie A,2001,2001/2002
Brescia Calcio,Matteo Tacchini,20,Midfielder,Varese,?,in,Summer,NA,Serie A,2001,2001/2002
Brescia Calcio,Alessio Baresi,21,Centre-Back,AC Montichiari,?,in,Summer,NA,Serie A,2001,2001/2002
Brescia Calcio,Stefano Tignonsini,19,Centre-Back,Unknown,?,in,Summer,NA,Serie A,2001,2001/2002
Brescia Calcio,Mauro Bacchin,31,Goalkeeper,Padova,?,in,Summer,NA,Serie A,2001,2001/2002
Brescia Calcio,Mario Salgado,20,Centre-Forward,Huachipato FC,?,in,Summer,NA,Serie A,2001,2001/2002
Brescia Calcio,Andrea Sussi,27,Left-Back,Genoa,?,in,Summer,NA,Serie A,2001,2001/2002
Brescia Calcio,Ermanno Leoni,20,Midfielder,Brescia U19,-,in,Summer,0,Serie A,2001,2001/2002
Brescia Calcio,Simone Dallamano,17,Left-Back,Brescia U19,-,in,Summer,0,Serie A,2001,2001/2002
Brescia Calcio,Dario Hübner,34,Centre-Forward,Piacenza,Free transfer,out,Summer,0,Serie A,2001,2001/2002
Brescia Calcio,Sandro Grande,23,Defensive Midfield,Frosinone,Loan,out,Summer,0,Serie A,2001,2001/2002
Brescia Calcio,Pierpaolo Bisoli,34,Right Midfield,Pistoiese,Free transfer,out,Summer,0,Serie A,2001,2001/2002
Brescia Calcio,Nicola Pavarini,27,Goalkeeper,Acireale,?,out,Summer,NA,Serie A,2001,2001/2002
Brescia Calcio,Filippo Galli,38,Centre-Back,Watford,?,out,Summer,NA,Serie A,2001,2001/2002
Brescia Calcio,Simone Del Nero,19,Left Winger,Livingston FC,Loan,out,Summer,0,Serie A,2001,2001/2002
Brescia Calcio,Pierluigi Orlandini,28,Right Midfield,Atalanta,?,out,Summer,NA,Serie A,2001,2001/2002
Brescia Calcio,Massimiliano Caputo,20,Left Winger,Livingston FC,Loan,out,Summer,0,Serie A,2001,2001/2002
Brescia Calcio,Simone Dallamano,17,Left-Back,Mantova,Loan,out,Summer,0,Serie A,2001,2001/2002
Brescia Calcio,Darío Aurelio,25,Left Midfield,Livingston FC,?,out,Summer,NA,Serie A,2001,2001/2002
Brescia Calcio,Aimo Diana,23,Right Midfield,AC Parma,Loan,out,Summer,0,Serie A,2001,2001/2002
Brescia Calcio,Alessio Baresi,21,Centre-Back,Mestre,?,out,Summer,NA,Serie A,2001,2001/2002
Brescia Calcio,Jonathan Bachini,26,Right Midfield,Juventus,"End of loanJun 30, 2001",out,Summer,0,Serie A,2001,2001/2002
Brescia Calcio,Igli Tare,27,Centre-Forward,1.FC K'lautern,"End of loanJun 30, 2001",out,Summer,0,Serie A,2001,2001/2002
Brescia Calcio,Andrea Pirlo,22,Defensive Midfield,Inter,"End of loanJun 30, 2001",out,Summer,0,Serie A,2001,2001/2002
AC Perugia,Manuele Blasi,20,Central Midfield,AS Roma,£8.83m,in,Summer,8.83,Serie A,2001,2001/2002
AC Perugia,Rahman Rezaei,26,Centre-Back,Zob Ahan,£135Th.,in,Summer,0.135,Serie A,2001,2001/2002
AC Perugia,Traianos Dellas,25,Centre-Back,AEK Athens,Free transfer,in,Summer,0,Serie A,2001,2001/2002
AC Perugia,Dimitrios Nalitzis,25,Centre-Forward,Udinese,Loan,in,Summer,0,Serie A,2001,2001/2002
AC Perugia,Christian Obodo,17,Central Midfield,Plateau United,Free transfer,in,Summer,0,Serie A,2001,2001/2002
AC Perugia,Silvio Spann,19,Defensive Midfield,W Connection,Free transfer,in,Summer,0,Serie A,2001,2001/2002
AC Perugia,Donovan Maury,20,Right-Back,Standard Liège,Free transfer,in,Summer,0,Serie A,2001,2001/2002
AC Perugia,Roberto Goretti,25,Defensive Midfield,Bologna,Loan,in,Summer,0,Serie A,2001,2001/2002
AC Perugia,Fabio Bazzani,24,Centre-Forward,AC Venezia 1907,Loan,in,Summer,0,Serie A,2001,2001/2002
AC Perugia,Samuel,26,Centre-Back,Caxias-RS,?,in,Summer,NA,Serie A,2001,2001/2002
AC Perugia,Ali Samereh,23,Centre-Forward,Esteghlal FC,Loan,in,Summer,0,Serie A,2001,2001/2002
AC Perugia,Denis André Dasoul,17,Right-Back,Standard Liège,?,in,Summer,NA,Serie A,2001,2001/2002
AC Perugia,Nicolás Cinalli,21,Goalkeeper,Virtus Entella,?,in,Summer,NA,Serie A,2001,2001/2002
AC Perugia,Alessio Tombesi,19,Left-Back,Frosinone,?,in,Summer,NA,Serie A,2001,2001/2002
AC Perugia,Andrea Soncin,22,Centre-Forward,Vigevano Calcio,?,in,Summer,NA,Serie A,2001,2001/2002
AC Perugia,Nicolás Córdova,22,Central Midfield,Española,?,in,Summer,NA,Serie A,2001,2001/2002
AC Perugia,Zlatan Muslimovic,20,Centre-Forward,Udinese,Loan,in,Summer,0,Serie A,2001,2001/2002
AC Perugia,Massimiliano Fusani,21,Central Midfield,Brescello Calcio,?,in,Summer,NA,Serie A,2001,2001/2002
AC Perugia,Fabio Grosso,23,Left-Back,Chieti,?,in,Summer,NA,Serie A,2001,2001/2002
AC Perugia,Júnior Baiano,31,Centre-Back,Vasco da Gama,?,in,Summer,NA,Serie A,2001,2001/2002
AC Perugia,Fabio Liverani,25,Defensive Midfield,Lazio,£11.70m,out,Summer,11.7,Serie A,2001,2001/2002
AC Perugia,Marco Materazzi,27,Centre-Back,Inter,£9.45m,out,Summer,9.45,Serie A,2001,2001/2002
AC Perugia,Cristian Bucchi,24,Centre-Forward,Ternana,£2.25m,out,Summer,2.25,Serie A,2001,2001/2002
AC Perugia,Stefano Lombardi,24,Centre-Back,Inter,£450Th.,out,Summer,0.45,Serie A,2001,2001/2002
AC Perugia,Juan Turchi,25,Centre-Forward,Arezzo,Loan,out,Summer,0,Serie A,2001,2001/2002
AC Perugia,Roberto Bichieri,20,Forward,Sambenedettese,?,out,Summer,NA,Serie A,2001,2001/2002
AC Perugia,Luca Saudati,22,Centre-Forward,Milan,?,out,Summer,NA,Serie A,2001,2001/2002
AC Perugia,Dani,22,Forward,Unknown,?,out,Summer,NA,Serie A,2001,2001/2002
AC Perugia,Tomaso Tatti,28,Forward,Cosenza,?,out,Summer,NA,Serie A,2001,2001/2002
AC Perugia,Emiliano Tarana,22,Right Winger,Modena,?,out,Summer,NA,Serie A,2001,2001/2002
AC Perugia,Claudio Rivalta,23,Centre-Back,Vicenza,?,out,Summer,NA,Serie A,2001,2001/2002
AC Perugia,Mirko Pieri,22,Left-Back,Udinese,?,out,Summer,NA,Serie A,2001,2001/2002
AC Perugia,Claudio Paris,29,Midfielder,Racing Club,?,out,Summer,NA,Serie A,2001,2001/2002
AC Perugia,Manuele Blasi,20,Central Midfield,AS Roma,"End of loanJun 30, 2001",out,Summer,0,Serie A,2001,2001/2002
AC Perugia,Ibrahim Bá,26,Right Midfield,Milan,"End of loanJun 30, 2000",out,Summer,0,Serie A,2001,2001/2002
AC Perugia,Anselmo Robbiati,31,Left Winger,Inter,"End of loanJun 30, 2001",out,Summer,0,Serie A,2001,2001/2002
Bologna FC 1909,Lamberto Zauli,30,Attacking Midfield,Vicenza,£5.40m,in,Summer,5.4,Serie A,2001,2001/2002
Bologna FC 1909,Fabio Macellari,26,Left-Back,Inter,?,in,Summer,NA,Serie A,2001,2001/2002
Bologna FC 1909,Fabio Pecchia,27,Right Midfield,SSC Napoli,?,in,Summer,NA,Serie A,2001,2001/2002
Bologna FC 1909,Salvatore Fresi,28,Centre-Back,Inter,?,in,Summer,NA,Serie A,2001,2001/2002
Bologna FC 1909,Matteo Brighi,20,Central Midfield,Juventus,Loan,in,Summer,0,Serie A,2001,2001/2002
Bologna FC 1909,Nicolò Consolini,16,Right-Back,Bologna U19,-,in,Summer,0,Serie A,2001,2001/2002
Bologna FC 1909,Gennaro Fragiello,17,Centre-Forward,Bologna U19,-,in,Summer,0,Serie A,2001,2001/2002
Bologna FC 1909,Francisco Lima,30,Defensive Midfield,AS Roma,Free transfer,out,Summer,0,Serie A,2001,2001/2002
Bologna FC 1909,Luis Oliveira,32,Centre-Forward,Como,Free transfer,out,Summer,0,Serie A,2001,2001/2002
Bologna FC 1909,Francesco Quintavalla,19,Right-Back,Chievo Verona,?,out,Summer,NA,Serie A,2001,2001/2002
Bologna FC 1909,Pasquale Padalino,28,Centre-Back,Inter,?,out,Summer,NA,Serie A,2001,2001/2002
Bologna FC 1909,Giovanni Bia,32,Centre-Back,Saint-Étienne,?,out,Summer,NA,Serie A,2001,2001/2002
Bologna FC 1909,Jonatan Binotto,26,Right Winger,Inter,?,out,Summer,NA,Serie A,2001,2001/2002
Bologna FC 1909,Giovanni Longobardi,18,Centre-Forward,Aglianese,?,out,Summer,NA,Serie A,2001,2001/2002
Bologna FC 1909,Andrea Ferrari,24,Goalkeeper,Fiorenzuola,?,out,Summer,NA,Serie A,2001,2001/2002
Bologna FC 1909,Gennaro Fragiello,17,Centre-Forward,Fiorenzuola,Loan,out,Summer,0,Serie A,2001,2001/2002
Bologna FC 1909,Roberto Goretti,25,Defensive Midfield,Perugia,Loan,out,Summer,0,Serie A,2001,2001/2002
Bologna FC 1909,Igor Kolyvanov,33,Left Winger,Retired,-,out,Summer,0,Serie A,2001,2001/2002
Bologna FC 1909,Giovanni Piacentini,33,Defensive Midfield,Retired,-,out,Summer,0,Serie A,2001,2001/2002
Bologna FC 1909,Federico Gmeiner,19,Defender,Without Club,-,out,Summer,0,Serie A,2001,2001/2002
Bologna FC 1909,Enzo Maresca,21,Central Midfield,Juventus,"End of loanJun 30, 2001",out,Summer,0,Serie A,2001,2001/2002
Bologna FC 1909,Ferdinando Coppola,23,Goalkeeper,SSC Napoli,"End of loanJun 30, 2001",out,Summer,0,Serie A,2001,2001/2002
Piacenza FC,Bogdan Patrascu,22,Defensive Midfield,Litex Lovetch,£1.39m,in,Winter,1.39,Serie A,2001,2001/2002
Piacenza FC,Vincenzo Sommese,25,Right Winger,Vicenza,Loan,in,Winter,0,Serie A,2001,2001/2002
Piacenza FC,Roberto Maltagliati,32,Centre-Back,Ancona,Loan,out,Winter,0,Serie A,2001,2001/2002
Piacenza FC,Marco Comotto,17,Centre-Back,Spezia,Loan,out,Winter,0,Serie A,2001,2001/2002
Piacenza FC,Gabriele Ambrosetti,28,Left Midfield,Vicenza,Loan,out,Winter,0,Serie A,2001,2001/2002
US Lecce,Sebastjan Cimirotic,27,Centre-Forward,NK Olimpija,£630Th.,in,Winter,0.63,Serie A,2001,2001/2002
US Lecce,Aldo Osorio,27,Centre-Forward,FC Crotone,Loan,out,Winter,0,Serie A,2001,2001/2002
US Lecce,Krassimir Chomakov,24,Midfielder,Panionios,Loan,out,Winter,0,Serie A,2001,2001/2002
US Lecce,Matteo Superbi,32,Midfielder,Salernitana,?,out,Winter,NA,Serie A,2001,2001/2002
Atalanta BC,Gianluca Falsini,26,Left-Back,AC Parma,Loan,in,Winter,0,Serie A,2001,2001/2002
Atalanta BC,Paolo Foglio,26,Right-Back,Chievo Verona,?,in,Winter,NA,Serie A,2001,2001/2002
Atalanta BC,Alessandro Rinaldi,27,Right-Back,Chievo Verona,?,out,Winter,NA,Serie A,2001,2001/2002
Atalanta BC,Federico Pettinà,19,Midfielder,Pavia,Loan,out,Winter,0,Serie A,2001,2001/2002
AC Venezia 1907,Mario Santana,20,Right Winger,San Lorenzo,Loan,in,Winter,0,Serie A,2001,2001/2002
AC Venezia 1907,Marcone,23,Centre-Back,EC Vitória,?,in,Winter,NA,Serie A,2001,2001/2002
AC Venezia 1907,Roberto Merenda,17,Centre-Back,Fiorenzuola,?,in,Winter,NA,Serie A,2001,2001/2002
AC Venezia 1907,Joachim Björklund,30,Centre-Back,Sunderland,£2.00m,out,Winter,2,Serie A,2001,2001/2002
AC Venezia 1907,Jimmy Algérino,30,Right-Back,FC Sochaux,Free transfer,out,Winter,0,Serie A,2001,2001/2002
AC Venezia 1907,Rubén Maldonado,22,Centre-Back,Cosenza,Loan,out,Winter,0,Serie A,2001,2001/2002
AC Venezia 1907,Stefano Morrone,23,Central Midfield,Cosenza,Loan,out,Winter,0,Serie A,2001,2001/2002
AC Venezia 1907,Runar Berg,31,Central Midfield,Bodø/Glimt,?,out,Winter,NA,Serie A,2001,2001/2002
AC Venezia 1907,Mariano Sotgia,32,Right Winger,Padova,?,out,Winter,NA,Serie A,2001,2001/2002
Juventus FC,Marco Rigoni,22,Central Midfield,Cittadella,Loan,out,Winter,0,Serie A,2001,2001/2002
Juventus FC,Athirson,25,Left-Back,Flamengo,Loan,out,Winter,0,Serie A,2001,2001/2002
Juventus FC,Fabián O'Neill,28,Attacking Midfield,Perugia,?,out,Winter,NA,Serie A,2001,2001/2002
Juventus FC,Francesco Scardina,20,Centre-Back,Cesena,Loan,out,Winter,0,Serie A,2001,2001/2002
AC Fiorentina,Adriano,19,Centre-Forward,Inter,Loan,in,Winter,0,Serie A,2001,2001/2002
AC Fiorentina,Anselmo Robbiati,32,Left Winger,Inter,Loan,in,Winter,0,Serie A,2001,2001/2002
AC Fiorentina,Maurizio Ganz,33,Centre-Forward,Without Club,-,in,Winter,0,Serie A,2001,2001/2002
AC Fiorentina,Georgios Vakouftsis,21,Centre-Forward,Iraklis,Loan,out,Winter,0,Serie A,2001,2001/2002
Torino Calcio,Alessandro Cibocchi,19,Left-Back,Ternana,?,in,Winter,NA,Serie A,2001,2001/2002
Torino Calcio,José María Franco,23,Centre-Forward,Peñarol,?,in,Winter,NA,Serie A,2001,2001/2002
Torino Calcio,Benoît Cauet,32,Central Midfield,Inter,?,in,Winter,NA,Serie A,2001,2001/2002
Torino Calcio,Yksel Osmanovski,24,Left Midfield,G. Bordeaux,Loan,out,Winter,0,Serie A,2001,2001/2002
Torino Calcio,Riccardo Fissore,21,Centre-Back,Vicenza,Loan,out,Winter,0,Serie A,2001,2001/2002
Torino Calcio,Emanuele Calaiò,20,Centre-Forward,Ternana,Loan,out,Winter,0,Serie A,2001,2001/2002
Torino Calcio,Simone Tiribocchi,23,Centre-Forward,Ancona,Loan,out,Winter,0,Serie A,2001,2001/2002
Torino Calcio,André Pinga,20,Attacking Midfield,Siena,Loan,out,Winter,0,Serie A,2001,2001/2002
Torino Calcio,Gustavo Méndez,30,Right-Back,Nacional,?,out,Winter,NA,Serie A,2001,2001/2002
Torino Calcio,Djibril Diawara,27,Centre-Back,Cosenza,Loan,out,Winter,0,Serie A,2001,2001/2002
Hellas Verona,Dario Dainelli,22,Centre-Back,Brescia,Loan,in,Winter,0,Serie A,2001,2001/2002
Hellas Verona,Ruslan Nigmatullin,27,Goalkeeper,Loko Moscow,Free transfer,in,Winter,0,Serie A,2001,2001/2002
Hellas Verona,Andrea Cossu,21,Attacking Midfield,Torres,Loan,out,Winter,0,Serie A,2001,2001/2002
Hellas Verona,Marco Fummo,20,Forward,US Poggibonsi,?,out,Winter,NA,Serie A,2001,2001/2002
Hellas Verona,Nicola Di Liso,27,Centre-Back,FC Crotone,Loan,out,Winter,0,Serie A,2001,2001/2002
Hellas Verona,Nicola Diliso,27,Defender,FC Crotone,Loan,out,Winter,0,Serie A,2001,2001/2002
Hellas Verona,Andrea Doardo,18,Midfielder,Triestina,Loan,out,Winter,0,Serie A,2001,2001/2002
FC Internazionale,Hakan Sükür,30,Centre-Forward,AC Parma,Free transfer,out,Winter,0,Serie A,2001,2001/2002
FC Internazionale,Adriano,19,Centre-Forward,Fiorentina,Loan,out,Winter,0,Serie A,2001,2001/2002
FC Internazionale,Drazen Brncic,30,Attacking Midfield,Ancona,Loan,out,Winter,0,Serie A,2001,2001/2002
FC Internazionale,Antonio Pacheco,25,Second Striker,Espanyol,Loan,out,Winter,0,Serie A,2001,2001/2002
FC Internazionale,Anselmo Robbiati,32,Left Winger,Fiorentina,Loan,out,Winter,0,Serie A,2001,2001/2002
FC Internazionale,Jonatan Binotto,27,Right Winger,Brescia,Loan,out,Winter,0,Serie A,2001,2001/2002
FC Internazionale,Benoît Cauet,32,Central Midfield,Torino,?,out,Winter,NA,Serie A,2001,2001/2002
Milan AC,Taribo West,27,Left-Back,1.FC K'lautern,Free transfer,out,Winter,0,Serie A,2001,2001/2002
Milan AC,Daniele Daino,22,Right-Back,Perugia,Loan,out,Winter,0,Serie A,2001,2001/2002
Milan AC,Gabriele Aldegani,25,Goalkeeper,Cosenza,Loan,out,Winter,0,Serie A,2001,2001/2002
SS Lazio,Darko Kovacevic,28,Centre-Forward,Real Sociedad,£13.94m,out,Winter,13.94,Serie A,2001,2001/2002
SS Lazio,Daniel Ola,19,Centre-Back,L'Aquila,Loan,out,Winter,0,Serie A,2001,2001/2002
AC Parma,Hakan Sükür,30,Centre-Forward,Inter,Free transfer,in,Winter,0,Serie A,2001,2001/2002
AC Parma,Alex,24,Attacking Midfield,Cruzeiro,£5.40m,out,Winter,5.4,Serie A,2001,2001/2002
AC Parma,Patrick M'Boma,31,Centre-Forward,Sunderland,£4.05m,out,Winter,4.05,Serie A,2001,2001/2002
AC Parma,Mohamed Kader,22,Centre-Forward,Vicenza,Free transfer,out,Winter,0,Serie A,2001,2001/2002
AC Parma,Savo Milosevic,28,Centre-Forward,Real Zaragoza,Loan,out,Winter,0,Serie A,2001,2001/2002
AC Parma,Amedeo Mangone,33,Left-Back,Brescia,?,out,Winter,NA,Serie A,2001,2001/2002
AC Parma,Stefano Torrisi,30,Centre-Back,Marseille,Loan,out,Winter,0,Serie A,2001,2001/2002
AC Parma,Gianluca Falsini,26,Left-Back,Atalanta,Loan,out,Winter,0,Serie A,2001,2001/2002
AC Parma,Manuel Saccani,19,Midfielder,Calcio Monza,?,out,Winter,NA,Serie A,2001,2001/2002
AC Parma,Andrea Staffolani,18,Centre-Forward,Taranto,?,out,Winter,NA,Serie A,2001,2001/2002
AC Parma,Massimiliano Iezzi,20,Right Midfield,Benevento,?,out,Winter,NA,Serie A,2001,2001/2002
Udinese Calcio,Abdul Rahman Issah,21,Centre-Back,AC Bellinzona,?,in,Winter,NA,Serie A,2001,2001/2002
Udinese Calcio,Dimitrios Nalitzis,25,Centre-Forward,Sporting CP,Loan fee:£225Th.,out,Winter,0.225,Serie A,2001,2001/2002
Udinese Calcio,Régis Genaux,28,Right-Back,Standard Liège,Loan,out,Winter,0,Serie A,2001,2001/2002
Udinese Calcio,José Devaca,19,Centre-Back,Cerro Porteño,?,out,Winter,NA,Serie A,2001,2001/2002
Udinese Calcio,Esteban Lopez,25,Right-Back,SSC Napoli,Loan,out,Winter,0,Serie A,2001,2001/2002
Udinese Calcio,Ousmane Sanda Sanda,20,Midfielder,FC Istres,Loan,out,Winter,0,Serie A,2001,2001/2002
Udinese Calcio,Abdul Rahman Issah,21,Centre-Back,Goldfields SC,?,out,Winter,NA,Serie A,2001,2001/2002
Udinese Calcio,Carlos Pavón,28,Centre-Forward,SSC Napoli,Loan,out,Winter,0,Serie A,2001,2001/2002
Udinese Calcio,Zlatan Muslimovic,20,Centre-Forward,Pistoiese,Loan,out,Winter,0,Serie A,2001,2001/2002
Udinese Calcio,Fabio Pittilino,24,Defender,Benevento,?,out,Winter,NA,Serie A,2001,2001/2002
Chievo Verona,Luigi Beghetto,28,Centre-Forward,Cagliari Calcio,Free transfer,in,Winter,0,Serie A,2001,2001/2002
Chievo Verona,Massimiliano Esposito,29,Right Midfield,Brescia,Loan,in,Winter,0,Serie A,2001,2001/2002
Chievo Verona,Vojislav Dragovic,19,Goalkeeper,FK Zemun,?,in,Winter,NA,Serie A,2001,2001/2002
Chievo Verona,Alessandro Rinaldi,27,Right-Back,Atalanta,?,in,Winter,NA,Serie A,2001,2001/2002
Chievo Verona,Patrice Grillon,22,Defender,LB Châteauroux,?,in,Winter,NA,Serie A,2001,2001/2002
Chievo Verona,Jason Mayélé,25,Forward,Without Club,-,in,Winter,0,Serie A,2001,2001/2002
Chievo Verona,Dario Passoni,27,Central Midfield,Siena,Loan,out,Winter,0,Serie A,2001,2001/2002
Chievo Verona,Paolo Foglio,26,Right-Back,Atalanta,?,out,Winter,NA,Serie A,2001,2001/2002
Chievo Verona,Giorgio Gorgone,25,Right Midfield,Cagliari Calcio,?,out,Winter,NA,Serie A,2001,2001/2002
Chievo Verona,Fabio Firmani,23,Central Midfield,Bologna,Loan,out,Winter,0,Serie A,2001,2001/2002
Chievo Verona,Gioacchino Cavaliere,20,Goalkeeper,Lucchese,?,out,Winter,NA,Serie A,2001,2001/2002
Chievo Verona,Enrico Franchi,28,Defender,Catania,?,out,Winter,NA,Serie A,2001,2001/2002
Chievo Verona,Ciro De Cesare,30,Second Striker,Spezia,Loan,out,Winter,0,Serie A,2001,2001/2002
AS Roma,Fábio Júnior,24,Centre-Forward,Cruzeiro,Loan,out,Winter,0,Serie A,2001,2001/2002
AS Roma,Sebastián Cejas,26,Goalkeeper,Siena,Loan,out,Winter,0,Serie A,2001,2001/2002
AS Roma,Daniele De Vezze,22,Central Midfield,Virtus Lanciano,Loan,out,Winter,0,Serie A,2001,2001/2002
AS Roma,Daniele Martinetti,20,Centre-Forward,Sora,?,out,Winter,NA,Serie A,2001,2001/2002
Brescia Calcio,Amedeo Mangone,33,Left-Back,AC Parma,?,in,Winter,NA,Serie A,2001,2001/2002
Brescia Calcio,Jonatan Binotto,27,Right Winger,Inter,Loan,in,Winter,0,Serie A,2001,2001/2002
Brescia Calcio,Dario Dainelli,22,Centre-Back,Hellas Verona,Loan,out,Winter,0,Serie A,2001,2001/2002
Brescia Calcio,Marek Koźmiński,31,Left-Back,Ancona,Free transfer,out,Winter,0,Serie A,2001,2001/2002
Brescia Calcio,Francesco Marino,30,Second Striker,Pescara,Free transfer,out,Winter,0,Serie A,2001,2001/2002
Brescia Calcio,Alejandro Correa,22,Defensive Midfield,Fermana,Loan,out,Winter,0,Serie A,2001,2001/2002
Brescia Calcio,Massimiliano Esposito,29,Right Midfield,Chievo Verona,Loan,out,Winter,0,Serie A,2001,2001/2002
Brescia Calcio,Alessio Baresi,21,Centre-Back,Mestre,?,out,Winter,NA,Serie A,2001,2001/2002
AC Perugia,Óscar Córdoba,31,Goalkeeper,Boca Juniors,Loan fee:£360Th.,in,Winter,0.36,Serie A,2001,2001/2002
AC Perugia,Daniele Daino,22,Right-Back,Milan,Loan,in,Winter,0,Serie A,2001,2001/2002
AC Perugia,Fabián O'Neill,28,Attacking Midfield,Juventus,?,in,Winter,NA,Serie A,2001,2001/2002
AC Perugia,Andrea Soncin,18,Centre-Back,Novara,?,in,Winter,NA,Serie A,2001,2001/2002
AC Perugia,Roberto Goretti,25,Defensive Midfield,Bologna,Loan,in,Winter,0,Serie A,2001,2001/2002
AC Perugia,Júnior Baiano,31,Centre-Back,Internacional,?,out,Winter,NA,Serie A,2001,2001/2002
AC Perugia,Andrea Soncin,23,Centre-Forward,Sambenedettese,?,out,Winter,NA,Serie A,2001,2001/2002
AC Perugia,Nicolás Córdova,22,Central Midfield,FC Crotone,Loan,out,Winter,0,Serie A,2001,2001/2002
AC Perugia,Héctor Tapia,24,Centre-Forward,CD Palestino,Loan,out,Winter,0,Serie A,2001,2001/2002
AC Perugia,Emiliano Testini,24,Left Winger,Arezzo,?,out,Winter,NA,Serie A,2001,2001/2002
Bologna FC 1909,Marco Negri,31,Centre-Forward,Rangers,Free transfer,in,Winter,0,Serie A,2001,2001/2002
Bologna FC 1909,Vlado Smit,21,Left-Back,Zeleznik Belgr.,?,in,Winter,NA,Serie A,2001,2001/2002
Bologna FC 1909,Fabio Firmani,23,Central Midfield,Chievo Verona,Loan,in,Winter,0,Serie A,2001,2001/2002
Bologna FC 1909,Marco Negri,31,Centre-Forward,Cagliari Calcio,?,out,Winter,NA,Serie A,2001,2001/2002
Bologna FC 1909,Roberto Goretti,25,Defensive Midfield,Perugia,Loan,out,Winter,0,Serie A,2001,2001/2002
