club_name,player_name,age,position,club_involved_name,fee,transfer_movement,transfer_period,fee_cleaned,league_name,year,season
FC Girondins Bordeaux,David Jemmali,22,Right-Back,Cannes,Free transfer,in,Summer,0,Ligue 1,1997,1997/1998
FC Girondins Bordeaux,Romain Ferrier,21,Left-Back,Cannes,Free transfer,in,Summer,0,Ligue 1,1997,1997/1998
FC Girondins Bordeaux,Sylvain Wiltord,23,Second Striker,Stade Rennais,Free transfer,in,Summer,0,Ligue 1,1997,1997/1998
FC Girondins Bordeaux,Ricardinho,21,Attacking Midfield,Paraná,Free transfer,in,Summer,0,Ligue 1,1997,1997/1998
FC Girondins Bordeaux,Niša Saveljić,27,Centre-Back,Partizan,Free transfer,in,Summer,0,Ligue 1,1997,1997/1998
FC Girondins Bordeaux,Lilian Laslandes,25,Centre-Forward,AJ Auxerre,?,in,Summer,NA,Ligue 1,1997,1997/1998
FC Girondins Bordeaux,Steeve Epesse-Titi,17,Defender,Unknown,?,in,Summer,NA,Ligue 1,1997,1997/1998
FC Girondins Bordeaux,Stanley Menzo,33,Goalkeeper,Lierse SK,Loan,in,Summer,0,Ligue 1,1997,1997/1998
FC Girondins Bordeaux,Kiki Musampa,19,Left Winger,Ajax,?,in,Summer,NA,Ligue 1,1997,1997/1998
FC Girondins Bordeaux,Ulrich Ramé,24,Goalkeeper,SCO Angers,?,in,Summer,NA,Ligue 1,1997,1997/1998
FC Girondins Bordeaux,Lassina Diabaté,22,Defensive Midfield,Sp. Perpignan R,?,in,Summer,NA,Ligue 1,1997,1997/1998
FC Girondins Bordeaux,Louis Gomis,25,Left-Back,OGC Nice,?,in,Summer,NA,Ligue 1,1997,1997/1998
FC Girondins Bordeaux,Nicolas Ardouin,19,Goalkeeper,G. Bordeaux B,-,in,Summer,0,Ligue 1,1997,1997/1998
FC Girondins Bordeaux,William Prunier,29,Centre-Back,FC Copenhagen,"End of loanJun 30, 1997",in,Summer,0,Ligue 1,1997,1997/1998
FC Girondins Bordeaux,Ibrahim Bá,23,Right Midfield,Milan,£10.80m,out,Summer,10.8,Ligue 1,1997,1997/1998
FC Girondins Bordeaux,Cyril Domoraud,25,Centre-Back,Marseille,£2.25m,out,Summer,2.25,Ligue 1,1997,1997/1998
FC Girondins Bordeaux,Gilbert Bodart,34,Goalkeeper,Standard Liège,Free transfer,out,Summer,0,Ligue 1,1997,1997/1998
FC Girondins Bordeaux,Geoffray Toyes,24,Right-Back,FC Metz,Free transfer,out,Summer,0,Ligue 1,1997,1997/1998
FC Girondins Bordeaux,Stéphane Ziani,25,Attacking Midfield,Lens,?,out,Summer,NA,Ligue 1,1997,1997/1998
FC Girondins Bordeaux,Bernard Lambourde,26,Centre-Back,Chelsea,?,out,Summer,NA,Ligue 1,1997,1997/1998
FC Girondins Bordeaux,Sylvain N'Diaye,21,Defensive Midfield,FC Martigues,Loan,out,Summer,0,Ligue 1,1997,1997/1998
FC Girondins Bordeaux,Didier Tholot,33,Centre-Forward,FC Sion,?,out,Summer,NA,Ligue 1,1997,1997/1998
FC Girondins Bordeaux,Franck Histilloles,24,Midfielder,FC Metz,?,out,Summer,NA,Ligue 1,1997,1997/1998
FC Girondins Bordeaux,Miklós Lendvai,22,Defensive Midfield,FC Lugano,?,out,Summer,NA,Ligue 1,1997,1997/1998
FC Girondins Bordeaux,Claudio Biaggio,29,Centre-Forward,San Lorenzo,?,out,Summer,NA,Ligue 1,1997,1997/1998
FC Girondins Bordeaux,Anthony Bancarel,26,Centre-Forward,Guingamp,?,out,Summer,NA,Ligue 1,1997,1997/1998
FC Girondins Bordeaux,Patrick Colleter,31,Left-Back,Marseille,?,out,Summer,NA,Ligue 1,1997,1997/1998
FC Girondins Bordeaux,Laurent Croci,32,Defensive Midfield,G. Bordeaux B,-,out,Summer,0,Ligue 1,1997,1997/1998
FC Girondins Bordeaux,Franck Fontan,23,Goalkeeper,Career break,-,out,Summer,0,Ligue 1,1997,1997/1998
Olympique Lyon,Philippe Violeau,26,Defensive Midfield,AJ Auxerre,Free transfer,in,Summer,0,Ligue 1,1997,1997/1998
Olympique Lyon,Christophe Delmotte,28,Left-Back,Lens,?,in,Summer,NA,Ligue 1,1997,1997/1998
Olympique Lyon,Sébastien Socié,20,Goalkeeper,Unknown,?,in,Summer,NA,Ligue 1,1997,1997/1998
Olympique Lyon,Patrice Carteron,26,Centre-Back,Stade Rennais,?,in,Summer,NA,Ligue 1,1997,1997/1998
Olympique Lyon,Jean-Claude Nadon,32,Goalkeeper,Lens,?,in,Summer,NA,Ligue 1,1997,1997/1998
Olympique Lyon,Stéphane Roche,26,Central Midfield,SM Caen,?,in,Summer,NA,Ligue 1,1997,1997/1998
Olympique Lyon,Daniel Bravo,34,Defensive Midfield,AC Parma,?,in,Summer,NA,Ligue 1,1997,1997/1998
Olympique Lyon,Cédric Uras,19,Centre-Back,Olymp. Lyon B,-,in,Summer,0,Ligue 1,1997,1997/1998
Olympique Lyon,Nicolas Rabuel,19,Centre-Back,Olymp. Lyon B,-,in,Summer,0,Ligue 1,1997,1997/1998
Olympique Lyon,Joseph-Désiré Job,19,Centre-Forward,Olymp. Lyon B,-,in,Summer,0,Ligue 1,1997,1997/1998
Olympique Lyon,Frédéric Kanouté,19,Centre-Forward,Olymp. Lyon B,-,in,Summer,0,Ligue 1,1997,1997/1998
Olympique Lyon,Steed Malbranque,17,Central Midfield,Olymp. Lyon U19,-,in,Summer,0,Ligue 1,1997,1997/1998
Olympique Lyon,M'Saddek Senoussi,19,Midfielder,Olymp. Lyon B,-,in,Summer,0,Ligue 1,1997,1997/1998
Olympique Lyon,Claude-Arnaud Rivenet,24,Midfielder,FC Gueugnon,"End of loanJun 30, 1997",in,Summer,0,Ligue 1,1997,1997/1998
Olympique Lyon,Florian Maurice,23,Centre-Forward,Paris SG,£6.30m,out,Summer,6.3,Ligue 1,1997,1997/1998
Olympique Lyon,Fabrice Fiorèse,21,Right Winger,Guingamp,Free transfer,out,Summer,0,Ligue 1,1997,1997/1998
Olympique Lyon,Christophe Breton,31,Goalkeeper,FC Villefranche,?,out,Summer,NA,Ligue 1,1997,1997/1998
Olympique Lyon,Marcelo Djian,30,Centre-Back,São Paulo,?,out,Summer,NA,Ligue 1,1997,1997/1998
Olympique Lyon,Franck Gava,27,Left Midfield,Paris SG,?,out,Summer,NA,Ligue 1,1997,1997/1998
Olympique Lyon,Sylvain Deplace,25,Defensive Midfield,Montpellier,?,out,Summer,NA,Ligue 1,1997,1997/1998
Olympique Lyon,Christophe Deguerville,27,Left-Back,SC Bastia,?,out,Summer,NA,Ligue 1,1997,1997/1998
Olympique Lyon,Frédéric Patouillard,23,Midfielder,Toulouse,?,out,Summer,NA,Ligue 1,1997,1997/1998
Olympique Lyon,Laurent Casanova,25,Defensive Midfield,SC Bastia,?,out,Summer,NA,Ligue 1,1997,1997/1998
Olympique Lyon,Claude-Arnaud Rivenet,24,Midfielder,Troyes,?,out,Summer,NA,Ligue 1,1997,1997/1998
Olympique Lyon,Jean-Luc Sassus,34,Right-Back,Without Club,-,out,Summer,0,Ligue 1,1997,1997/1998
FC Nantes,Yao Aziawonou,17,Defensive Midfield,AC Merlan Lome,Free transfer,in,Summer,0,Ligue 1,1997,1997/1998
FC Nantes,Stéphane Lièvre,24,Left-Back,SM Caen,Free transfer,in,Summer,0,Ligue 1,1997,1997/1998
FC Nantes,Samba N'Diaye,24,Centre-Forward,Saint-Étienne,?,in,Summer,NA,Ligue 1,1997,1997/1998
FC Nantes,Fabrice Grange,25,Goalkeeper,OFC Charleville,?,in,Summer,NA,Ligue 1,1997,1997/1998
FC Nantes,Salomon Olembé,16,Left Midfield,FC Nantes U19,-,in,Summer,0,Ligue 1,1997,1997/1998
FC Nantes,Jean-Hugues Ateba,15,Left-Back,FC Nantes U19,-,in,Summer,0,Ligue 1,1997,1997/1998
FC Nantes,Claude Makélélé,24,Defensive Midfield,Marseille,Free transfer,out,Summer,0,Ligue 1,1997,1997/1998
FC Nantes,Dominique Casagrande,26,Goalkeeper,Sevilla FC,?,out,Summer,NA,Ligue 1,1997,1997/1998
FC Nantes,Eddy Capron,26,Centre-Back,Stade Rennais,?,out,Summer,NA,Ligue 1,1997,1997/1998
FC Nantes,Christophe Pignol,27,Left-Back,Monaco,?,out,Summer,NA,Ligue 1,1997,1997/1998
FC Nantes,Japhet N'Doram,31,Centre-Forward,Monaco,?,out,Summer,NA,Ligue 1,1997,1997/1998
FC Nantes,Nenad Bjekovic,23,Centre-Forward,LB Châteauroux,?,out,Summer,NA,Ligue 1,1997,1997/1998
FC Nantes,Eric Loussouarn,22,Goalkeeper,LB Châteauroux,Loan,out,Summer,0,Ligue 1,1997,1997/1998
FC Nantes,Javier Mazzoni,25,Centre-Forward,FC Nantes B,-,out,Summer,0,Ligue 1,1997,1997/1998
Montpellier HSC,Cédric Barbosa,21,Left Winger,Olympique Alès,Free transfer,in,Summer,0,Ligue 1,1997,1997/1998
Montpellier HSC,Nenad Dzodic,20,Centre-Back,FK Zemun,Free transfer,in,Summer,0,Ligue 1,1997,1997/1998
Montpellier HSC,Manuel dos Santos,23,Left-Back,Monaco,Free transfer,in,Summer,0,Ligue 1,1997,1997/1998
Montpellier HSC,Marcel Mahouvé,24,Defensive Midfield,Putra Samarinda,Free transfer,in,Summer,0,Ligue 1,1997,1997/1998
Montpellier HSC,Gérald Martin,22,Defensive Midfield,Olympique Alès,?,in,Summer,NA,Ligue 1,1997,1997/1998
Montpellier HSC,Frédéric Garny,22,Forward,FC Sochaux,?,in,Summer,NA,Ligue 1,1997,1997/1998
Montpellier HSC,Sylvain Deplace,25,Defensive Midfield,Olympique Lyon,?,in,Summer,NA,Ligue 1,1997,1997/1998
Montpellier HSC,Uche Agbo,22,Centre-Forward,FK Obilic,?,in,Summer,NA,Ligue 1,1997,1997/1998
Montpellier HSC,Toifilou Maoulida,18,Centre-Forward,HSC Montpellier B,-,in,Summer,0,Ligue 1,1997,1997/1998
Montpellier HSC,Michel Rodríguez,18,Centre-Back,HSC Montpellier B,-,in,Summer,0,Ligue 1,1997,1997/1998
Montpellier HSC,Didier Agathé,21,Right Midfield,Olympique Alès,"End of loanJun 30, 1997",in,Summer,0,Ligue 1,1997,1997/1998
Montpellier HSC,Vincent Petit,23,Centre-Forward,R. Strasbourg,"End of loanJun 30, 1997",in,Summer,0,Ligue 1,1997,1997/1998
Montpellier HSC,Fabien Lefèvre,25,Left Midfield,Monaco,Free transfer,out,Summer,0,Ligue 1,1997,1997/1998
Montpellier HSC,Serge Blanc,24,Left-Back,Marseille,Free transfer,out,Summer,0,Ligue 1,1997,1997/1998
Montpellier HSC,Vincent Petit,23,Centre-Forward,SM Caen,Loan,out,Summer,0,Ligue 1,1997,1997/1998
Montpellier HSC,Frédéric Martin,28,Right-Back,OGC Nice,?,out,Summer,NA,Ligue 1,1997,1997/1998
Montpellier HSC,Jean-Manuel Thétis,25,Centre-Back,Sevilla FC,?,out,Summer,NA,Ligue 1,1997,1997/1998
Montpellier HSC,Roman Kosecki,31,Centre-Forward,Legia Warszawa,?,out,Summer,NA,Ligue 1,1997,1997/1998
Montpellier HSC,Michel Der Zakarian,34,Centre-Back,Retired,-,out,Summer,0,Ligue 1,1997,1997/1998
AS Cannes,Grégory Wimbée,25,Goalkeeper,AS Nancy,Free transfer,in,Summer,0,Ligue 1,1997,1997/1998
AS Cannes,Gilles Hampartzoumian,28,Right-Back,LOSC Lille,?,in,Summer,NA,Ligue 1,1997,1997/1998
AS Cannes,José Bray,32,Midfielder,SH Shenhua,?,in,Summer,NA,Ligue 1,1997,1997/1998
AS Cannes,Brian Jensen,29,Left-Back,Stade Rennais,?,in,Summer,NA,Ligue 1,1997,1997/1998
AS Cannes,Stéphane Floiras,16,Midfielder,Unknown,?,in,Summer,NA,Ligue 1,1997,1997/1998
AS Cannes,Leeroy Echteld,29,Attacking Midfield,Heerenveen,?,in,Summer,NA,Ligue 1,1997,1997/1998
AS Cannes,Walter Kogler,29,Defender,Wüstenrot Sbg,?,in,Summer,NA,Ligue 1,1997,1997/1998
AS Cannes,Brahim Hemdani,19,Defensive Midfield,RC Paris,?,in,Summer,NA,Ligue 1,1997,1997/1998
AS Cannes,Gerald Vanenburg,33,Right Winger,FC Utrecht,?,in,Summer,NA,Ligue 1,1997,1997/1998
AS Cannes,Marco Grassi,29,Centre-Forward,FC Sion,?,in,Summer,NA,Ligue 1,1997,1997/1998
AS Cannes,Sebastien Chabaud,20,Defensive Midfield,Cannes B,-,in,Summer,0,Ligue 1,1997,1997/1998
AS Cannes,Sébastien Frey,17,Goalkeeper,AS Cannes U19,-,in,Summer,0,Ligue 1,1997,1997/1998
AS Cannes,Samassi Abou,24,Centre-Forward,West Ham,£338Th.,out,Summer,0.338,Ligue 1,1997,1997/1998
AS Cannes,David Jemmali,22,Right-Back,G. Bordeaux,Free transfer,out,Summer,0,Ligue 1,1997,1997/1998
AS Cannes,Romain Ferrier,21,Left-Back,G. Bordeaux,Free transfer,out,Summer,0,Ligue 1,1997,1997/1998
AS Cannes,Lilian Compan,20,Centre-Forward,AJ Auxerre,Free transfer,out,Summer,0,Ligue 1,1997,1997/1998
AS Cannes,Samir Beloufa,17,Centre-Back,Milan,?,out,Summer,NA,Ligue 1,1997,1997/1998
AS Cannes,Pascal Bédrossian,22,Left Midfield,Stade Rennais,?,out,Summer,NA,Ligue 1,1997,1997/1998
AS Cannes,Cédric Daury,27,Midfielder,Stade Lavallois,?,out,Summer,NA,Ligue 1,1997,1997/1998
AS Cannes,François Lemasson,33,Goalkeeper,Marseille,?,out,Summer,NA,Ligue 1,1997,1997/1998
AS Cannes,Sébastien Renaud,21,Goalkeeper,FC Martigues,?,out,Summer,NA,Ligue 1,1997,1997/1998
AS Cannes,Jean-Jacques Etamé,30,Midfielder,SC Bastia,?,out,Summer,NA,Ligue 1,1997,1997/1998
AS Cannes,Sasa Person,32,Centre-Back,HNK Rijeka,?,out,Summer,NA,Ligue 1,1997,1997/1998
AS Cannes,Sacha Opinel,20,Left-Back,LOSC Lille,?,out,Summer,NA,Ligue 1,1997,1997/1998
AS Cannes,Kwami Hodouto,22,Right-Back,AJ Auxerre,?,out,Summer,NA,Ligue 1,1997,1997/1998
AS Cannes,Fabrice Grondin,24,Defender,Cannes B,-,out,Summer,0,Ligue 1,1997,1997/1998
EA Guingamp,Fabrice Fiorèse,21,Right Winger,Olympique Lyon,Free transfer,in,Summer,0,Ligue 1,1997,1997/1998
EA Guingamp,Gérard Gnanhouan,18,Goalkeeper,INF Clairefontaine,Free transfer,in,Summer,0,Ligue 1,1997,1997/1998
EA Guingamp,Moussa Dabo,15,Central Midfield,Stade Rennais,Free transfer,in,Summer,0,Ligue 1,1997,1997/1998
EA Guingamp,Guillaume Bouisset,24,Left-Back,FC Martigues,?,in,Summer,NA,Ligue 1,1997,1997/1998
EA Guingamp,David Garcion,23,Attacking Midfield,LOSC Lille,?,in,Summer,NA,Ligue 1,1997,1997/1998
EA Guingamp,Abdelhafid Tasfaout,28,Attacking Midfield,AJ Auxerre,Loan,in,Summer,0,Ligue 1,1997,1997/1998
EA Guingamp,Rudy Perron,19,Defender,AS Angoulême 92,?,in,Summer,NA,Ligue 1,1997,1997/1998
EA Guingamp,Anthony Bancarel,26,Centre-Forward,G. Bordeaux,?,in,Summer,NA,Ligue 1,1997,1997/1998
EA Guingamp,Lilian Nalis,25,Central Midfield,Stade Lavallois,?,in,Summer,NA,Ligue 1,1997,1997/1998
EA Guingamp,Philippe Celdran,24,Left Midfield,ASOA Valence,"End of loanJun 30, 1998",in,Summer,0,Ligue 1,1997,1997/1998
EA Guingamp,Guillaume Gauclin,16,Goalkeeper,EA Guingamp U19,-,in,Summer,0,Ligue 1,1997,1997/1998
EA Guingamp,Fabrice Colleau,20,Defensive Midfield,EA Guingamp B,-,in,Summer,0,Ligue 1,1997,1997/1998
EA Guingamp,Sylvain Didot,21,Attacking Midfield,GSI Pontivy,Free transfer,out,Summer,0,Ligue 1,1997,1997/1998
EA Guingamp,Stéphane Boulila,22,Central Midfield,Le Mans UC 72,Free transfer,out,Summer,0,Ligue 1,1997,1997/1998
EA Guingamp,Stéphane Carnot,24,Attacking Midfield,Monaco,?,out,Summer,NA,Ligue 1,1997,1997/1998
EA Guingamp,Philippe Celdran,23,Left Midfield,ASOA Valence,Loan,out,Summer,0,Ligue 1,1997,1997/1998
EA Guingamp,Christophe Horlaville,28,Centre-Forward,AC Le Havre,?,out,Summer,NA,Ligue 1,1997,1997/1998
EA Guingamp,Jean-Marc Moulin,23,Centre-Back,FC Martigues,?,out,Summer,NA,Ligue 1,1997,1997/1998
EA Guingamp,Richard Lecomte,33,Defender,Amiens SC,?,out,Summer,NA,Ligue 1,1997,1997/1998
EA Guingamp,Christopher Wreh,22,Centre-Forward,Arsenal,?,out,Summer,NA,Ligue 1,1997,1997/1998
EA Guingamp,Éric Assadourian,30,Right Winger,Louh.-Cuiseaux,?,out,Summer,NA,Ligue 1,1997,1997/1998
RC Lens,José-Karl Pierre-Fanfan,21,Centre-Back,USL Dunkerque,Free transfer,in,Summer,0,Ligue 1,1997,1997/1998
RC Lens,Stéphane Ziani,25,Attacking Midfield,G. Bordeaux,?,in,Summer,NA,Ligue 1,1997,1997/1998
RC Lens,Anto Drobnjak,28,Centre-Forward,SC Bastia,?,in,Summer,NA,Ligue 1,1997,1997/1998
RC Lens,Romain Pitau,19,Defensive Midfield,RC Lens B,-,in,Summer,0,Ligue 1,1997,1997/1998
RC Lens,Aboubacar Sankharé,19,Left-Back,RC Lens U19,-,in,Summer,0,Ligue 1,1997,1997/1998
RC Lens,Wilson Oruma,20,Attacking Midfield,AS Nancy,"End of loanJun 30, 1997",in,Summer,0,Ligue 1,1997,1997/1998
RC Lens,Wagneau Eloi,23,Centre-Forward,AS Nancy,"End of loanJun 30, 1997",in,Summer,0,Ligue 1,1997,1997/1998
RC Lens,Anthony Colinet,21,Central Midfield,US Fécamp,Free transfer,out,Summer,0,Ligue 1,1997,1997/1998
RC Lens,Robert Malm,23,Centre-Forward,FC Lorient,Free transfer,out,Summer,0,Ligue 1,1997,1997/1998
RC Lens,Cédric Vernier,22,Centre-Back,Paris FC,Loan,out,Summer,0,Ligue 1,1997,1997/1998
RC Lens,Christophe Delmotte,28,Left-Back,Olympique Lyon,?,out,Summer,NA,Ligue 1,1997,1997/1998
RC Lens,Jean-Claude Nadon,32,Goalkeeper,Olympique Lyon,?,out,Summer,NA,Ligue 1,1997,1997/1998
RC Lens,Jean-Marc Adjovi-Boco,33,Centre-Back,Hibernian FC,?,out,Summer,NA,Ligue 1,1997,1997/1998
RC Lens,Aleksandr Rychkov,22,Attacking Midfield,Loko Moscow,?,out,Summer,NA,Ligue 1,1997,1997/1998
RC Lens,David Régis,28,Centre-Back,Karlsruher SC,?,out,Summer,NA,Ligue 1,1997,1997/1998
RC Lens,Sébastien Dallet,23,Right Winger,FC Sochaux,?,out,Summer,NA,Ligue 1,1997,1997/1998
RC Lens,Philippe Vercruysse,35,Attacking Midfield,Hilal,?,out,Summer,NA,Ligue 1,1997,1997/1998
RC Lens,Philippe Durpes,23,Centre-Back,RC Lens B,-,out,Summer,0,Ligue 1,1997,1997/1998
AC Le Havre,Mohammed Camara,22,Left-Back,Beauvais,Free transfer,in,Summer,0,Ligue 1,1997,1997/1998
AC Le Havre,Stéphane Cassard,24,Goalkeeper,FC Sochaux,Free transfer,in,Summer,0,Ligue 1,1997,1997/1998
AC Le Havre,Marinos Ouzounidis,28,Centre-Back,Panathinaikos,Free transfer,in,Summer,0,Ligue 1,1997,1997/1998
AC Le Havre,Thierry De Neef,30,Midfielder,OGC Nice,?,in,Summer,NA,Ligue 1,1997,1997/1998
AC Le Havre,Cyrille Pouget,24,Centre-Forward,Paris SG,?,in,Summer,NA,Ligue 1,1997,1997/1998
AC Le Havre,Lionel Prat,26,Centre-Forward,FC Lorient,?,in,Summer,NA,Ligue 1,1997,1997/1998
AC Le Havre,Yann Soloy,27,Midfielder,Louh.-Cuiseaux,?,in,Summer,NA,Ligue 1,1997,1997/1998
AC Le Havre,Christophe Horlaville,28,Centre-Forward,Guingamp,?,in,Summer,NA,Ligue 1,1997,1997/1998
AC Le Havre,Oumar Sané,21,Right Winger,Le Havre B,-,in,Summer,0,Ligue 1,1997,1997/1998
AC Le Havre,Hamed Diallo,20,Centre-Forward,Le Havre B,-,in,Summer,0,Ligue 1,1997,1997/1998
AC Le Havre,Bruno Hameni Njeukam,18,Goalkeeper,Le Havre U19,-,in,Summer,0,Ligue 1,1997,1997/1998
AC Le Havre,Franck-Augustin Dia,19,Centre-Forward,Le Havre U19,-,in,Summer,0,Ligue 1,1997,1997/1998
AC Le Havre,Yazid Mansouri,19,Central Midfield,Le Havre B,-,in,Summer,0,Ligue 1,1997,1997/1998
AC Le Havre,Christophe Revault,25,Goalkeeper,Paris SG,£1.80m,out,Summer,1.8,Ligue 1,1997,1997/1998
AC Le Havre,Frédéric Brando,23,Central Midfield,Marseille,Free transfer,out,Summer,0,Ligue 1,1997,1997/1998
AC Le Havre,Teddy Bertin,27,Centre-Back,Marseille,?,out,Summer,NA,Ligue 1,1997,1997/1998
AC Le Havre,Roger Boli,31,Centre-Forward,Walsall,?,out,Summer,NA,Ligue 1,1997,1997/1998
AC Le Havre,Momo Sylla,20,Right Winger,Olympique Noisy-le-Sec,Loan,out,Summer,0,Ligue 1,1997,1997/1998
AC Le Havre,Djibril Diawara,22,Centre-Back,Monaco,?,out,Summer,NA,Ligue 1,1997,1997/1998
AC Le Havre,Olivier De Luca,24,Defensive Midfield,AC Ajaccio,?,out,Summer,NA,Ligue 1,1997,1997/1998
AC Le Havre,Tomasz Wieszczycki,25,Central Midfield,LKS Lodz,?,out,Summer,NA,Ligue 1,1997,1997/1998
AC Le Havre,Abder Ramdane,23,Centre-Forward,Nîmes Olympique,"End of loanJun 30, 1997",out,Summer,0,Ligue 1,1997,1997/1998
AC Le Havre,Chris Kiwomya,27,Centre-Forward,Arsenal,"End of loanJun 30, 1997",out,Summer,0,Ligue 1,1997,1997/1998
RC Strasbourg Alsace,Denni Conteh,21,Centre-Forward,Hvidovre IF,Free transfer,in,Summer,0,Ligue 1,1997,1997/1998
RC Strasbourg Alsace,Christophe Kinet,22,Left Midfield,Germinal Ekeren,?,in,Summer,NA,Ligue 1,1997,1997/1998
RC Strasbourg Alsace,Luciano Zavagno,19,Left-Back,CA Unión,?,in,Summer,NA,Ligue 1,1997,1997/1998
RC Strasbourg Alsace,Frédéric Arpinon,28,Attacking Midfield,FC Metz,?,in,Summer,NA,Ligue 1,1997,1997/1998
RC Strasbourg Alsace,Christophe Avril,28,Midfielder,OFC Charleville,?,in,Summer,NA,Ligue 1,1997,1997/1998
RC Strasbourg Alsace,Kim Ekroos,16,Goalkeeper,TPS,?,in,Summer,NA,Ligue 1,1997,1997/1998
RC Strasbourg Alsace,Raphaël Miceli,21,Left Midfield,Standard Liège,?,in,Summer,NA,Ligue 1,1997,1997/1998
RC Strasbourg Alsace,Rafik Mezriche,19,Defensive Midfield,Strasbourg U19,-,in,Summer,0,Ligue 1,1997,1997/1998
RC Strasbourg Alsace,Yvon Pouliquen,34,Defensive Midfield,Retired,-,out,Summer,0,Ligue 1,1997,1997/1998
RC Strasbourg Alsace,Francis Llacer,25,Left-Back,Paris SG,"End of loanJun 30, 1997",out,Summer,0,Ligue 1,1997,1997/1998
RC Strasbourg Alsace,Vincent Petit,23,Centre-Forward,Montpellier,"End of loanJun 30, 1997",out,Summer,0,Ligue 1,1997,1997/1998
SC Bastia,Franck Jurietti,22,Left-Back,FC Gueugnon,Free transfer,in,Summer,0,Ligue 1,1997,1997/1998
SC Bastia,Pierre-Yves André,23,Centre-Forward,Stade Rennais,?,in,Summer,NA,Ligue 1,1997,1997/1998
SC Bastia,Eric Durand,31,Goalkeeper,FC Martigues,?,in,Summer,NA,Ligue 1,1997,1997/1998
SC Bastia,Jean-Jacques Etamé,30,Midfielder,Cannes,?,in,Summer,NA,Ligue 1,1997,1997/1998
SC Bastia,Pascual Garrido,22,Defender,Boca Juniors,?,in,Summer,NA,Ligue 1,1997,1997/1998
SC Bastia,Christophe Deguerville,27,Left-Back,Olympique Lyon,?,in,Summer,NA,Ligue 1,1997,1997/1998
SC Bastia,Laurent Casanova,25,Defensive Midfield,Olympique Lyon,?,in,Summer,NA,Ligue 1,1997,1997/1998
SC Bastia,Nenad Jestrovic,21,Centre-Forward,OFK Beograd,?,in,Summer,NA,Ligue 1,1997,1997/1998
SC Bastia,Ali Boumnijel,31,Goalkeeper,FC Gueugnon,?,in,Summer,NA,Ligue 1,1997,1997/1998
SC Bastia,Frédéric Mendy,23,Centre-Back,FC Martigues,?,in,Summer,NA,Ligue 1,1997,1997/1998
SC Bastia,François Modesto,18,Centre-Back,SC Bastia B,-,in,Summer,0,Ligue 1,1997,1997/1998
SC Bastia,Alain Masudi,19,Attacking Midfield,SC Bastia U19,-,in,Summer,0,Ligue 1,1997,1997/1998
SC Bastia,Yannick Zambernardi,19,Centre-Back,SC Bastia U19,-,in,Summer,0,Ligue 1,1997,1997/1998
SC Bastia,Prince Daye,19,Centre-Forward,SC Bastia B,-,in,Summer,0,Ligue 1,1997,1997/1998
SC Bastia,Laurent Moracchini,29,Defensive Midfield,AS Nancy,Free transfer,out,Summer,0,Ligue 1,1997,1997/1998
SC Bastia,Hervé Sekli,20,Goalkeeper,GFCO Ajaccio,Free transfer,out,Summer,0,Ligue 1,1997,1997/1998
SC Bastia,Patrick Valéry,27,Right-Back,Blackburn,Free transfer,out,Summer,0,Ligue 1,1997,1997/1998
SC Bastia,Pascal Camadini,25,Central Midfield,FC Sion,?,out,Summer,NA,Ligue 1,1997,1997/1998
SC Bastia,Anto Drobnjak,28,Centre-Forward,Lens,?,out,Summer,NA,Ligue 1,1997,1997/1998
SC Bastia,Didier Santini,28,Left-Back,Toulouse,?,out,Summer,NA,Ligue 1,1997,1997/1998
SC Bastia,Pierre Maroselli,30,Defender,Stade Rennais,?,out,Summer,NA,Ligue 1,1997,1997/1998
SC Bastia,Franck Vandecasteele,29,Centre-Forward,OGC Nice,?,out,Summer,NA,Ligue 1,1997,1997/1998
SC Bastia,Jamie Fullarton,22,Midfielder,Crystal Palace,?,out,Summer,NA,Ligue 1,1997,1997/1998
SC Bastia,Jean-Jacques Eydelie,31,Defensive Midfield,FC Sion,?,out,Summer,NA,Ligue 1,1997,1997/1998
SC Bastia,Laurent Weber,24,Goalkeeper,Troyes,?,out,Summer,NA,Ligue 1,1997,1997/1998
Paris Saint-Germain,Florian Maurice,23,Centre-Forward,Olympique Lyon,£6.30m,in,Summer,6.3,Ligue 1,1997,1997/1998
Paris Saint-Germain,Christophe Revault,25,Goalkeeper,AC Le Havre,£1.80m,in,Summer,1.8,Ligue 1,1997,1997/1998
Paris Saint-Germain,Marco Simone,28,Centre-Forward,Milan,£900Th.,in,Summer,0.9,Ligue 1,1997,1997/1998
Paris Saint-Germain,Marko Pantelic,18,Centre-Forward,Iraklis,Free transfer,in,Summer,0,Ligue 1,1997,1997/1998
Paris Saint-Germain,Éric Rabésandratana,24,Defensive Midfield,AS Nancy,?,in,Summer,NA,Ligue 1,1997,1997/1998
Paris Saint-Germain,Édouard Cissé,19,Defensive Midfield,Pau FC,?,in,Summer,NA,Ligue 1,1997,1997/1998
Paris Saint-Germain,Franck Gava,27,Left Midfield,Olympique Lyon,?,in,Summer,NA,Ligue 1,1997,1997/1998
Paris Saint-Germain,Edmílson,25,Second Striker,FC Porto,?,in,Summer,NA,Ligue 1,1997,1997/1998
Paris Saint-Germain,Habib Bèye,19,Right-Back,Paris SG B,-,in,Summer,0,Ligue 1,1997,1997/1998
Paris Saint-Germain,Grégory Paisley,20,Left-Back,Paris SG B,-,in,Summer,0,Ligue 1,1997,1997/1998
Paris Saint-Germain,Francis Llacer,25,Left-Back,R. Strasbourg,"End of loanJun 30, 1997",in,Summer,0,Ligue 1,1997,1997/1998
Paris Saint-Germain,Pierre Ducrocq,20,Defensive Midfield,Stade Lavallois,"End of loanJun 30, 1997",in,Summer,0,Ligue 1,1997,1997/1998
Paris Saint-Germain,Edvin Murati,21,Left Midfield,Stade Briochin,"End of loanJun 30, 1997",in,Summer,0,Ligue 1,1997,1997/1998
Paris Saint-Germain,Leonardo,27,Attacking Midfield,Milan,£7.65m,out,Summer,7.65,Ligue 1,1997,1997/1998
Paris Saint-Germain,Benoît Cauet,28,Central Midfield,Inter,£3.60m,out,Summer,3.6,Ligue 1,1997,1997/1998
Paris Saint-Germain,Julio Dely Valdés,30,Centre-Forward,Real Oviedo,Free transfer,out,Summer,0,Ligue 1,1997,1997/1998
Paris Saint-Germain,Kenedy,23,Left-Back,FC Porto,Free transfer,out,Summer,0,Ligue 1,1997,1997/1998
Paris Saint-Germain,Grégory Paisley,20,Left-Back,Servette FC,Loan,out,Summer,0,Ligue 1,1997,1997/1998
Paris Saint-Germain,Cyrille Pouget,24,Centre-Forward,AC Le Havre,?,out,Summer,NA,Ligue 1,1997,1997/1998
Paris Saint-Germain,Franck Mantaux,32,Goalkeeper,Retired,-,out,Summer,0,Ligue 1,1997,1997/1998
FC Toulouse,Didier Santini,28,Left-Back,SC Bastia,?,in,Summer,NA,Ligue 1,1997,1997/1998
FC Toulouse,Frédéric Patouillard,23,Midfielder,Olympique Lyon,?,in,Summer,NA,Ligue 1,1997,1997/1998
FC Toulouse,José Manuel Galdames,26,Centre-Back,SD Compostela,?,in,Summer,NA,Ligue 1,1997,1997/1998
FC Toulouse,Ernest Mtawali,28,Defensive Midfield,CA Talleres,?,in,Summer,NA,Ligue 1,1997,1997/1998
FC Toulouse,Joël Tiéhi,33,Centre-Forward,St-Denis St-Leu,?,in,Summer,NA,Ligue 1,1997,1997/1998
FC Toulouse,Jean-Pierre La Placa,24,Forward,FC Basel,?,in,Summer,NA,Ligue 1,1997,1997/1998
FC Toulouse,Christophe Avezac,20,Left-Back,Toulouse B,-,in,Summer,0,Ligue 1,1997,1997/1998
FC Toulouse,Patrice Maurel,18,Defensive Midfield,Toulouse B,-,in,Summer,0,Ligue 1,1997,1997/1998
FC Toulouse,Stéphane Guiraud,21,Defensive Midfield,Mulhouse S-A,"End of loanJun 30, 1997",in,Summer,0,Ligue 1,1997,1997/1998
FC Toulouse,Cédric Pardeilhan,21,Midfielder,Le Mans UC 72,Free transfer,out,Summer,0,Ligue 1,1997,1997/1998
FC Toulouse,Erwan Manac'h,25,Sweeper,FC Sochaux,?,out,Summer,NA,Ligue 1,1997,1997/1998
FC Toulouse,Philippe Montanier,32,Goalkeeper,FC Gueugnon,?,out,Summer,NA,Ligue 1,1997,1997/1998
FC Toulouse,Stéphane Guiraud,21,Defensive Midfield,Stade Poitevin,Loan,out,Summer,0,Ligue 1,1997,1997/1998
FC Toulouse,Mickaël Serreau,22,Right Midfield,FC Martigues,Loan,out,Summer,0,Ligue 1,1997,1997/1998
FC Toulouse,Éric Garcin,31,Defensive Midfield,Motherwell FC,?,out,Summer,NA,Ligue 1,1997,1997/1998
FC Toulouse,Pierre Reynaud,29,Defensive Midfield,Retired,-,out,Summer,0,Ligue 1,1997,1997/1998
FC Toulouse,Francois Calderaro,33,Centre-Forward,Retired,-,out,Summer,0,Ligue 1,1997,1997/1998
FC Metz,Geoffray Toyes,24,Right-Back,G. Bordeaux,Free transfer,in,Summer,0,Ligue 1,1997,1997/1998
FC Metz,Danny Boffin,31,Left Midfield,RSC Anderlecht,?,in,Summer,NA,Ligue 1,1997,1997/1998
FC Metz,Mihály Tóth,22,Centre-Forward,Honvéd FC,?,in,Summer,NA,Ligue 1,1997,1997/1998
FC Metz,Frédéric Meyrieu,29,Attacking Midfield,FC Sion,?,in,Summer,NA,Ligue 1,1997,1997/1998
FC Metz,Franck Histilloles,24,Midfielder,G. Bordeaux,?,in,Summer,NA,Ligue 1,1997,1997/1998
FC Metz,Stéphane Rondelaere,26,Defensive Midfield,ASOA Valence,?,in,Summer,NA,Ligue 1,1997,1997/1998
FC Metz,Vladan Lukic,27,Centre-Forward,FC Sion,?,in,Summer,NA,Ligue 1,1997,1997/1998
FC Metz,Grégory Proment,18,Defensive Midfield,FC Metz B,-,in,Summer,0,Ligue 1,1997,1997/1998
FC Metz,Jean-Philippe Caillet,20,Centre-Back,FC Metz B,-,in,Summer,0,Ligue 1,1997,1997/1998
FC Metz,Stéphane Morisot,19,Defensive Midfield,FC Metz B,-,in,Summer,0,Ligue 1,1997,1997/1998
FC Metz,Louis Saha,18,Centre-Forward,FC Metz U19,-,in,Summer,0,Ligue 1,1997,1997/1998
FC Metz,Didier Neumann,20,Central Midfield,FC Metz B,-,in,Summer,0,Ligue 1,1997,1997/1998
FC Metz,Ludovic Laruell,19,Defender,FC Metz U19,-,in,Summer,0,Ligue 1,1997,1997/1998
FC Metz,Alexandre Boukhetaia,17,Goalkeeper,FC Metz U19,-,in,Summer,0,Ligue 1,1997,1997/1998
FC Metz,Anthony Baffoe,32,Attacking Midfield,Hong Kong Golden Team,Free transfer,out,Summer,0,Ligue 1,1997,1997/1998
FC Metz,Stéphane Adam,28,Centre-Forward,Heart of Midl.,Free transfer,out,Summer,0,Ligue 1,1997,1997/1998
FC Metz,Mariano Bombarda,24,Centre-Forward,FC Groningen,?,out,Summer,NA,Ligue 1,1997,1997/1998
FC Metz,Djima Oyawolé,20,Centre-Forward,FC Lorient,Loan,out,Summer,0,Ligue 1,1997,1997/1998
FC Metz,Isaias,23,Attacking Midfield,Gaziantepspor,?,out,Summer,NA,Ligue 1,1997,1997/1998
FC Metz,Thierry Pauk,31,Defender,CSO Amneville,?,out,Summer,NA,Ligue 1,1997,1997/1998
FC Metz,Didier Lang,26,Defensive Midfield,Sporting CP,?,out,Summer,NA,Ligue 1,1997,1997/1998
FC Metz,Frédéric Arpinon,28,Attacking Midfield,R. Strasbourg,?,out,Summer,NA,Ligue 1,1997,1997/1998
FC Metz,Sébastien Hoffmann,15,Forward,Unknown,?,out,Summer,NA,Ligue 1,1997,1997/1998
FC Metz,Hassan Kachloul,24,Left Midfield,Saint-Étienne,?,out,Summer,NA,Ligue 1,1997,1997/1998
FC Metz,Frédéric Laurent,21,Attacking Midfield,US Forbach,?,out,Summer,NA,Ligue 1,1997,1997/1998
FC Metz,David Terrier,23,Centre-Back,West Ham,?,out,Summer,NA,Ligue 1,1997,1997/1998
FC Metz,Mihály Tóth,22,Centre-Forward,Germinal Ekeren,Loan,out,Summer,0,Ligue 1,1997,1997/1998
AJ Auxerre,Teemu Tainio,17,Defensive Midfield,FC Haka,£684Th.,in,Summer,0.684,Ligue 1,1997,1997/1998
AJ Auxerre,Cyril Jeunechamp,21,Defensive Midfield,Nîmes Olympique,Free transfer,in,Summer,0,Ligue 1,1997,1997/1998
AJ Auxerre,Lilian Compan,20,Centre-Forward,Cannes,Free transfer,in,Summer,0,Ligue 1,1997,1997/1998
AJ Auxerre,Stéphane Guivarc'h,26,Centre-Forward,Stade Rennais,?,in,Summer,NA,Ligue 1,1997,1997/1998
AJ Auxerre,Tarik Sektioui,20,Right Winger,MAS Fes,?,in,Summer,NA,Ligue 1,1997,1997/1998
AJ Auxerre,Kwami Hodouto,22,Right-Back,Cannes,?,in,Summer,NA,Ligue 1,1997,1997/1998
AJ Auxerre,David Recorbet,20,Centre-Back,AJ Auxerre B,-,in,Summer,0,Ligue 1,1997,1997/1998
AJ Auxerre,Yann Lachuer,24,Attacking Midfield,LB Châteauroux,"End of loanJun 30, 1997",in,Summer,0,Ligue 1,1997,1997/1998
AJ Auxerre,Ronan Le Crom,22,Goalkeeper,LB Châteauroux,"End of loanJun 30, 1997",in,Summer,0,Ligue 1,1997,1997/1998
AJ Auxerre,Moussa Saïb,28,Left Midfield,Valencia,£3.87m,out,Summer,3.87,Ligue 1,1997,1997/1998
AJ Auxerre,Taribo West,23,Left-Back,Inter,£2.70m,out,Summer,2.7,Ligue 1,1997,1997/1998
AJ Auxerre,Jacques-Désiré Périatambée,21,Defensive Midfield,Troyes,Loan,out,Summer,0,Ligue 1,1997,1997/1998
AJ Auxerre,Jean-Louis Valois,23,Right Winger,FC Gueugnon,Free transfer,out,Summer,0,Ligue 1,1997,1997/1998
AJ Auxerre,Philippe Violeau,26,Defensive Midfield,Olympique Lyon,Free transfer,out,Summer,0,Ligue 1,1997,1997/1998
AJ Auxerre,Ronan Le Crom,23,Goalkeeper,ASOA Valence,Loan,out,Summer,0,Ligue 1,1997,1997/1998
AJ Auxerre,Alexandre Dujeux,21,Centre-Back,AS Red Star 93,Loan,out,Summer,0,Ligue 1,1997,1997/1998
AJ Auxerre,Lilian Laslandes,25,Centre-Forward,G. Bordeaux,?,out,Summer,NA,Ligue 1,1997,1997/1998
AJ Auxerre,Vincent Gouttebarge,21,Defender,FC Volendam,?,out,Summer,NA,Ligue 1,1997,1997/1998
AJ Auxerre,Abdelhafid Tasfaout,28,Attacking Midfield,Guingamp,Loan,out,Summer,0,Ligue 1,1997,1997/1998
Stade Rennais FC,Abdelkrim Jinani,23,Forward,Raja Casablanca,£1.08m,in,Summer,1.08,Ligue 1,1997,1997/1998
Stade Rennais FC,Bernd Hobsch,29,Centre-Forward,Werder Bremen,Free transfer,in,Summer,0,Ligue 1,1997,1997/1998
Stade Rennais FC,Patrick Weiser,25,Left-Back,1. FC Köln,Free transfer,in,Summer,0,Ligue 1,1997,1997/1998
Stade Rennais FC,Stéphane Grégoire,29,Defensive Midfield,Thouars Foot 79,Free transfer,in,Summer,0,Ligue 1,1997,1997/1998
Stade Rennais FC,Philippe Brinquin,26,Centre-Back,FC Lorient,?,in,Summer,NA,Ligue 1,1997,1997/1998
Stade Rennais FC,Philippe Lévenard,32,Left-Back,LOSC Lille,?,in,Summer,NA,Ligue 1,1997,1997/1998
Stade Rennais FC,Pierre Maroselli,30,Defender,SC Bastia,?,in,Summer,NA,Ligue 1,1997,1997/1998
Stade Rennais FC,Laurent Viaud,27,Defensive Midfield,Monaco,?,in,Summer,NA,Ligue 1,1997,1997/1998
Stade Rennais FC,Eddy Capron,26,Centre-Back,FC Nantes,?,in,Summer,NA,Ligue 1,1997,1997/1998
Stade Rennais FC,Shay Holtsman,23,Centre-Forward,H. Beer Sheva,?,in,Summer,NA,Ligue 1,1997,1997/1998
Stade Rennais FC,Youssef Rossi,24,Centre-Back,Raja Casablanca,?,in,Summer,NA,Ligue 1,1997,1997/1998
Stade Rennais FC,Pascal Bédrossian,22,Left Midfield,Cannes,?,in,Summer,NA,Ligue 1,1997,1997/1998
Stade Rennais FC,Marco Di Costanzo,23,Forward,Triestina,?,in,Summer,NA,Ligue 1,1997,1997/1998
Stade Rennais FC,Elie Kroupi,17,Centre-Forward,Rennes U19,-,in,Summer,0,Ligue 1,1997,1997/1998
Stade Rennais FC,Fritz Emeran,21,Right-Back,Stade Poitevin,"End of loanJun 30, 1997",in,Summer,0,Ligue 1,1997,1997/1998
Stade Rennais FC,David Merdy,23,Forward,Troyes,"End of loanJun 30, 1997",in,Summer,0,Ligue 1,1997,1997/1998
Stade Rennais FC,Kjetil Rekdal,28,Defensive Midfield,Hertha BSC,£810Th.,out,Summer,0.81,Ligue 1,1997,1997/1998
Stade Rennais FC,Gary Smith,26,Centre-Back,Aberdeen FC,£203Th.,out,Summer,0.203,Ligue 1,1997,1997/1998
Stade Rennais FC,Fritz Emeran,21,Right-Back,FC Saint-Leu,Free transfer,out,Summer,0,Ligue 1,1997,1997/1998
Stade Rennais FC,Moussa Dabo,15,Central Midfield,Guingamp,Free transfer,out,Summer,0,Ligue 1,1997,1997/1998
Stade Rennais FC,Ulrich Le Pen,23,Left Midfield,Stade Lavallois,Free transfer,out,Summer,0,Ligue 1,1997,1997/1998
Stade Rennais FC,Sylvain Wiltord,23,Second Striker,G. Bordeaux,Free transfer,out,Summer,0,Ligue 1,1997,1997/1998
Stade Rennais FC,Patrice Carteron,26,Centre-Back,Olympique Lyon,?,out,Summer,NA,Ligue 1,1997,1997/1998
Stade Rennais FC,Pierre-Yves André,23,Centre-Forward,SC Bastia,?,out,Summer,NA,Ligue 1,1997,1997/1998
Stade Rennais FC,David Merdy,23,Forward,ASOA Valence,Loan,out,Summer,0,Ligue 1,1997,1997/1998
Stade Rennais FC,François Denis,33,Centre-Back,Le Mans UC 72,?,out,Summer,NA,Ligue 1,1997,1997/1998
Stade Rennais FC,Brian Jensen,29,Left-Back,Cannes,?,out,Summer,NA,Ligue 1,1997,1997/1998
Stade Rennais FC,Stéphane Mahé,28,Left-Back,Celtic,?,out,Summer,NA,Ligue 1,1997,1997/1998
Stade Rennais FC,Stéphane Guivarc'h,26,Centre-Forward,AJ Auxerre,?,out,Summer,NA,Ligue 1,1997,1997/1998
Stade Rennais FC,Allan Johnston,23,Right Midfield,Southampton,?,out,Summer,NA,Ligue 1,1997,1997/1998
Stade Rennais FC,Samuel Michel,26,Centre-Forward,AS Red Star 93,?,out,Summer,NA,Ligue 1,1997,1997/1998
Olympique Marseille,Fabrizio Ravanelli,28,Centre-Forward,Middlesbrough,£6.66m,in,Summer,6.66,Ligue 1,1997,1997/1998
Olympique Marseille,Laurent Blanc,31,Sweeper,FC Barcelona,£2.25m,in,Summer,2.25,Ligue 1,1997,1997/1998
Olympique Marseille,Cyril Domoraud,25,Centre-Back,G. Bordeaux,£2.25m,in,Summer,2.25,Ligue 1,1997,1997/1998
Olympique Marseille,Claude Makélélé,24,Defensive Midfield,FC Nantes,Free transfer,in,Summer,0,Ligue 1,1997,1997/1998
Olympique Marseille,William Gallas,19,Centre-Back,SM Caen,Free transfer,in,Summer,0,Ligue 1,1997,1997/1998
Olympique Marseille,Frédéric Brando,23,Central Midfield,AC Le Havre,Free transfer,in,Summer,0,Ligue 1,1997,1997/1998
Olympique Marseille,Serge Blanc,24,Left-Back,Montpellier,Free transfer,in,Summer,0,Ligue 1,1997,1997/1998
Olympique Marseille,Teddy Bertin,27,Centre-Back,AC Le Havre,?,in,Summer,NA,Ligue 1,1997,1997/1998
Olympique Marseille,Arthur Moses,24,Centre-Forward,SC Toulon 83,?,in,Summer,NA,Ligue 1,1997,1997/1998
Olympique Marseille,Miladin Becanovic,24,Centre-Forward,LOSC Lille,?,in,Summer,NA,Ligue 1,1997,1997/1998
Olympique Marseille,Patrick Colleter,31,Left-Back,G. Bordeaux,?,in,Summer,NA,Ligue 1,1997,1997/1998
Olympique Marseille,François Lemasson,33,Goalkeeper,Cannes,?,in,Summer,NA,Ligue 1,1997,1997/1998
Olympique Marseille,Ivan Franceschini,20,Centre-Back,Salernitana,£900Th.,out,Summer,0.9,Ligue 1,1997,1997/1998
Olympique Marseille,Chris Makin,24,Left-Back,Sunderland,£675Th.,out,Summer,0.675,Ligue 1,1997,1997/1998
Olympique Marseille,Victor Agali,18,Centre-Forward,SC Toulon 83,Free transfer,out,Summer,0,Ligue 1,1997,1997/1998
Olympique Marseille,Martial Robin,19,Left-Back,FC Martigues,Loan,out,Summer,0,Ligue 1,1997,1997/1998
Olympique Marseille,Andrew Tembo,25,Left Midfield,Odense BK,Free transfer,out,Summer,0,Ligue 1,1997,1997/1998
Olympique Marseille,Jérôme Alonzo,24,Goalkeeper,Saint-Étienne,Free transfer,out,Summer,0,Ligue 1,1997,1997/1998
Olympique Marseille,Bobo Balde,21,Centre-Back,Mulhouse S-A,Loan,out,Summer,0,Ligue 1,1997,1997/1998
Olympique Marseille,Christophe Galtier,31,Centre-Back,Calcio Monza,Free transfer,out,Summer,0,Ligue 1,1997,1997/1998
Olympique Marseille,Mehdi Ben Slimane,23,Right Winger,SC Freiburg,?,out,Summer,NA,Ligue 1,1997,1997/1998
Olympique Marseille,Yordan Letchkov,30,Central Midfield,Besiktas,?,out,Summer,NA,Ligue 1,1997,1997/1998
Olympique Marseille,Olivier Deso,21,Defender,Troyes,?,out,Summer,NA,Ligue 1,1997,1997/1998
Olympique Marseille,Jean-Philippe Durand,36,Defensive Midfield,Retired,-,out,Summer,0,Ligue 1,1997,1997/1998
Olympique Marseille,Bernard Ferrer,33,Attacking Midfield,Retired,-,out,Summer,0,Ligue 1,1997,1997/1998
AS Monaco,Robert Spehar,27,Centre-Forward,Club Brugge,£4.46m,in,Summer,4.46,Ligue 1,1997,1997/1998
AS Monaco,Julien Rodriguez,19,Centre-Back,FC Istres,Free transfer,in,Summer,0,Ligue 1,1997,1997/1998
AS Monaco,Fabien Lefèvre,25,Left Midfield,Montpellier,Free transfer,in,Summer,0,Ligue 1,1997,1997/1998
AS Monaco,Dado Prso,22,Centre-Forward,Stade Raphaëlois,Free transfer,in,Summer,0,Ligue 1,1997,1997/1998
AS Monaco,Willy Sagnol,20,Right-Back,Saint-Étienne,?,in,Summer,NA,Ligue 1,1997,1997/1998
AS Monaco,Stéphane Carnot,24,Attacking Midfield,Guingamp,?,in,Summer,NA,Ligue 1,1997,1997/1998
AS Monaco,Muhamed Konjic,27,Centre-Back,FC Zürich,?,in,Summer,NA,Ligue 1,1997,1997/1998
AS Monaco,Christophe Pignol,27,Left-Back,FC Nantes,?,in,Summer,NA,Ligue 1,1997,1997/1998
AS Monaco,Djibril Diawara,22,Centre-Back,AC Le Havre,?,in,Summer,NA,Ligue 1,1997,1997/1998
AS Monaco,Japhet N'Doram,31,Centre-Forward,FC Nantes,?,in,Summer,NA,Ligue 1,1997,1997/1998
AS Monaco,Ali Lukunku,21,Centre-Forward,ASOA Valence,?,in,Summer,NA,Ligue 1,1997,1997/1998
AS Monaco,Philippe Christanval,18,Centre-Back,Monaco B,-,in,Summer,0,Ligue 1,1997,1997/1998
AS Monaco,Tony Sylva,22,Goalkeeper,SAS Epinal,"End of loanJun 30, 1997",in,Summer,0,Ligue 1,1997,1997/1998
AS Monaco,Sonny Anderson,26,Centre-Forward,FC Barcelona,£16.20m,out,Summer,16.2,Ligue 1,1997,1997/1998
AS Monaco,Gilles Grimandi,26,Defensive Midfield,Arsenal,£3.38m,out,Summer,3.38,Ligue 1,1997,1997/1998
AS Monaco,Emmanuel Petit,26,Defensive Midfield,Arsenal,£3.38m,out,Summer,3.38,Ligue 1,1997,1997/1998
AS Monaco,Manuel dos Santos,23,Left-Back,Montpellier,Free transfer,out,Summer,0,Ligue 1,1997,1997/1998
AS Monaco,Dado Prso,22,Centre-Forward,AC Ajaccio,Loan,out,Summer,0,Ligue 1,1997,1997/1998
AS Monaco,Enzo Scifo,31,Attacking Midfield,RSC Anderlecht,?,out,Summer,NA,Ligue 1,1997,1997/1998
AS Monaco,Dan Petersen,25,Centre-Forward,RSC Anderlecht,?,out,Summer,NA,Ligue 1,1997,1997/1998
AS Monaco,Marco Grassi,28,Centre-Forward,FC Sion,?,out,Summer,NA,Ligue 1,1997,1997/1998
AS Monaco,Laurent Viaud,27,Defensive Midfield,Stade Rennais,?,out,Summer,NA,Ligue 1,1997,1997/1998
LB Châteauroux,Ludovic Roy,19,Goalkeeper,Rennes B,Free transfer,in,Summer,0,Ligue 1,1997,1997/1998
LB Châteauroux,Stéphane Dedebant,26,Central Midfield,SM Caen,?,in,Summer,NA,Ligue 1,1997,1997/1998
LB Châteauroux,Antoine Préget,24,Defender,Nîmes Olympique,?,in,Summer,NA,Ligue 1,1997,1997/1998
LB Châteauroux,Philippe Avenet,30,Defensive Midfield,AS Nancy,?,in,Summer,NA,Ligue 1,1997,1997/1998
LB Châteauroux,Nenad Bjekovic,23,Centre-Forward,FC Nantes,?,in,Summer,NA,Ligue 1,1997,1997/1998
LB Châteauroux,Didier Martel,25,Forward,ASOA Valence,?,in,Summer,NA,Ligue 1,1997,1997/1998
LB Châteauroux,Damir Cakar,24,Attacking Midfield,Partizan,?,in,Summer,NA,Ligue 1,1997,1997/1998
LB Châteauroux,Mathieu Verschuère,25,Defensive Midfield,Beauvais,?,in,Summer,NA,Ligue 1,1997,1997/1998
LB Châteauroux,Eric Loussouarn,22,Goalkeeper,FC Nantes,Loan,in,Summer,0,Ligue 1,1997,1997/1998
LB Châteauroux,Stéphane Dalmat,18,Central Midfield,LB Châteauroux B,-,in,Summer,0,Ligue 1,1997,1997/1998
LB Châteauroux,Frédéric Adam,23,Defensive Midfield,Troyes,?,out,Summer,NA,Ligue 1,1997,1997/1998
LB Châteauroux,Sada N'Diaye,22,Midfielder,Troyes,?,out,Summer,NA,Ligue 1,1997,1997/1998
LB Châteauroux,David Le Frapper,26,Midfielder,Chamois Niort,?,out,Summer,NA,Ligue 1,1997,1997/1998
LB Châteauroux,Pascal Gastien,33,Defensive Midfield,Unknown,?,out,Summer,NA,Ligue 1,1997,1997/1998
LB Châteauroux,André Basile,27,Forward,Tours FC,?,out,Summer,NA,Ligue 1,1997,1997/1998
LB Châteauroux,Yann Lachuer,24,Attacking Midfield,AJ Auxerre,"End of loanJun 30, 1997",out,Summer,0,Ligue 1,1997,1997/1998
LB Châteauroux,Ronan Le Crom,22,Goalkeeper,AJ Auxerre,"End of loanJun 30, 1997",out,Summer,0,Ligue 1,1997,1997/1998
FC Girondins Bordeaux,Patrick Blondeau,29,Right-Back,Sheff Wed,£1.62m,in,Winter,1.62,Ligue 1,1997,1997/1998
FC Girondins Bordeaux,Marc Delaroche,26,Goalkeeper,SM Caen,?,in,Winter,NA,Ligue 1,1997,1997/1998
FC Girondins Bordeaux,Kaba Diawara,22,Centre-Forward,Stade Rennais,Loan,out,Winter,0,Ligue 1,1997,1997/1998
FC Girondins Bordeaux,Stanley Menzo,34,Goalkeeper,Lierse SK,"End of loanDec 31, 1997",out,Winter,0,Ligue 1,1997,1997/1998
Olympique Lyon,Reynald Pedros,26,Left Midfield,AC Parma,Loan,in,Winter,0,Ligue 1,1997,1997/1998
Olympique Lyon,Ludovic Giuly,21,Right Winger,Monaco,£6.75m,out,Winter,6.75,Ligue 1,1997,1997/1998
FC Nantes,Gaetano Giallanza,23,Centre-Forward,FC Basel,?,in,Winter,NA,Ligue 1,1997,1997/1998
FC Nantes,Patrick Suffo,19,Centre-Forward,FC Nantes U19,-,in,Winter,0,Ligue 1,1997,1997/1998
FC Nantes,Gaetano Giallanza,23,Centre-Forward,Bolton,?,out,Winter,NA,Ligue 1,1997,1997/1998
FC Nantes,Adel Sellimi,25,Centre-Forward,Real Jaén CF,Loan,out,Winter,0,Ligue 1,1997,1997/1998
AS Cannes,Didier Frenay,31,Midfielder,Eendracht Aalst,?,in,Winter,NA,Ligue 1,1997,1997/1998
AS Cannes,Kamel Kaci-Saïd,30,Centre-Forward,USM Blida,?,in,Winter,NA,Ligue 1,1997,1997/1998
AS Cannes,Marco Grassi,29,Centre-Forward,FC Sion,?,in,Winter,NA,Ligue 1,1997,1997/1998
AS Cannes,David Mazzoncini,26,Midfielder,AC Le Havre,?,in,Winter,NA,Ligue 1,1997,1997/1998
AS Cannes,Samassi Abou,24,Centre-Forward,West Ham,£338Th.,out,Winter,0.338,Ligue 1,1997,1997/1998
AS Cannes,Yannick Fischer,23,Centre-Back,Marseille,?,out,Winter,NA,Ligue 1,1997,1997/1998
AS Cannes,Victor Konwlo,22,Forward,AZ Alkmaar,?,out,Winter,NA,Ligue 1,1997,1997/1998
AS Cannes,Leeroy Echteld,29,Attacking Midfield,AZ Alkmaar,?,out,Winter,NA,Ligue 1,1997,1997/1998
EA Guingamp,Jean-Christophe Marquet,23,Left-Back,Marseille,?,in,Winter,NA,Ligue 1,1997,1997/1998
EA Guingamp,Marc Libbra,25,Centre-Forward,Marseille,?,in,Winter,NA,Ligue 1,1997,1997/1998
EA Guingamp,Ryszard Czerwiec,29,Midfielder,Wisla Kraków,?,out,Winter,NA,Ligue 1,1997,1997/1998
AC Le Havre,Miladin Becanovic,24,Centre-Forward,Marseille,?,in,Winter,NA,Ligue 1,1997,1997/1998
AC Le Havre,David Mazzoncini,26,Midfielder,Cannes,?,out,Winter,NA,Ligue 1,1997,1997/1998
RC Strasbourg Alsace,Jeong-won Seo,28,Right Midfield,Anyang LG Cheeta,£855Th.,in,Winter,0.855,Ligue 1,1997,1997/1998
RC Strasbourg Alsace,Morten Nielsen,26,Right-Back,FC Copenhagen,?,in,Winter,NA,Ligue 1,1997,1997/1998
RC Strasbourg Alsace,Corentin Martins,28,Attacking Midfield,Dep. La Coruña,?,in,Winter,NA,Ligue 1,1997,1997/1998
RC Strasbourg Alsace,Valérien Ismaël,22,Centre-Back,Crystal Palace,£3.42m,out,Winter,3.42,Ligue 1,1997,1997/1998
RC Strasbourg Alsace,David Klein,24,Goalkeeper,Toulouse,Free transfer,out,Winter,0,Ligue 1,1997,1997/1998
RC Strasbourg Alsace,David Zitelli,29,Centre-Forward,Karlsruher SC,?,out,Winter,NA,Ligue 1,1997,1997/1998
SC Bastia,Pierre Laurent,27,Centre-Forward,Leeds,Free transfer,in,Winter,0,Ligue 1,1997,1997/1998
SC Bastia,Jean-Jacques Etamé,31,Midfielder,Unknown,?,out,Winter,NA,Ligue 1,1997,1997/1998
Paris Saint-Germain,Didier Martel,26,Forward,LB Châteauroux,£1.42m,in,Winter,1.42,Ligue 1,1997,1997/1998
Paris Saint-Germain,James Debbah,27,Centre-Forward,RSC Anderlecht,Free transfer,in,Winter,0,Ligue 1,1997,1997/1998
Paris Saint-Germain,Grégory Paisley,20,Left-Back,Servette FC,"End of loanNov 1, 1997",in,Winter,0,Ligue 1,1997,1997/1998
Paris Saint-Germain,Edmílson,26,Second Striker,Sporting CP,?,out,Winter,NA,Ligue 1,1997,1997/1998
Paris Saint-Germain,Bernard Allou,22,Right Winger,Nagoya Grampus,?,out,Winter,NA,Ligue 1,1997,1997/1998
Paris Saint-Germain,Bernard Lama,34,Goalkeeper,West Ham,?,out,Winter,NA,Ligue 1,1997,1997/1998
FC Toulouse,David Klein,24,Goalkeeper,R. Strasbourg,Free transfer,in,Winter,0,Ligue 1,1997,1997/1998
FC Metz,Amara Traoré,32,Centre-Forward,LB Châteauroux,?,out,Winter,NA,Ligue 1,1997,1997/1998
AJ Auxerre,Kuami Agboh,20,Defensive Midfield,AJ Auxerre B,-,in,Winter,0,Ligue 1,1997,1997/1998
AJ Auxerre,Ned Zelic,26,Defensive Midfield,1860 Munich,£360Th.,out,Winter,0.36,Ligue 1,1997,1997/1998
Stade Rennais FC,Kaba Diawara,22,Centre-Forward,G. Bordeaux,Loan,in,Winter,0,Ligue 1,1997,1997/1998
Stade Rennais FC,Bernd Hobsch,29,Centre-Forward,1860 Munich,£90Th.,out,Winter,0.09,Ligue 1,1997,1997/1998
Stade Rennais FC,Shay Holtsman,24,Centre-Forward,B. Jerusalem,?,out,Winter,NA,Ligue 1,1997,1997/1998
Stade Rennais FC,Abdelkrim Jinani,24,Forward,Stade Lavallois,?,out,Winter,NA,Ligue 1,1997,1997/1998
Stade Rennais FC,Philippe Lévenard,32,Left-Back,Unknown,?,out,Winter,NA,Ligue 1,1997,1997/1998
Stade Rennais FC,Samuel Michel,26,Centre-Forward,AS Red Star 93,?,out,Winter,NA,Ligue 1,1997,1997/1998
Olympique Marseille,Christophe Dugarry,25,Centre-Forward,FC Barcelona,£4.95m,in,Winter,4.95,Ligue 1,1997,1997/1998
Olympique Marseille,Yannick Fischer,23,Centre-Back,Cannes,?,in,Winter,NA,Ligue 1,1997,1997/1998
Olympique Marseille,Christophe Galtier,31,Centre-Back,Calcio Monza,Free transfer,out,Winter,0,Ligue 1,1997,1997/1998
Olympique Marseille,Jean-Christophe Marquet,23,Left-Back,Guingamp,?,out,Winter,NA,Ligue 1,1997,1997/1998
Olympique Marseille,Alberto Malusci,25,Sweeper,Foggia,?,out,Winter,NA,Ligue 1,1997,1997/1998
Olympique Marseille,Marc Libbra,25,Centre-Forward,Guingamp,?,out,Winter,NA,Ligue 1,1997,1997/1998
Olympique Marseille,Miladin Becanovic,24,Centre-Forward,AC Le Havre,?,out,Winter,NA,Ligue 1,1997,1997/1998
AS Monaco,Ludovic Giuly,21,Right Winger,Olympique Lyon,£6.75m,in,Winter,6.75,Ligue 1,1997,1997/1998
LB Châteauroux,Olivier Tébily,22,Centre-Back,Chamois Niort,?,in,Winter,NA,Ligue 1,1997,1997/1998
LB Châteauroux,Amara Traoré,32,Centre-Forward,FC Metz,?,in,Winter,NA,Ligue 1,1997,1997/1998
LB Châteauroux,Didier Martel,26,Forward,Paris SG,£1.42m,out,Winter,1.42,Ligue 1,1997,1997/1998
LB Châteauroux,Nenad Bjekovic,23,Centre-Forward,Partizan,?,out,Winter,NA,Ligue 1,1997,1997/1998
