club_name,player_name,age,position,club_involved_name,fee,transfer_movement,transfer_period,fee_cleaned,league_name,year,season
Arsenal FC,Gilberto Silva,25,Defensive Midfield,Atlético-MG,£6.21m,in,Summer,6.21,Premier League,2002,2002/2003
Arsenal FC,Pascal Cygan,28,Centre-Back,LOSC Lille,£3.44m,in,Summer,3.44,Premier League,2002,2002/2003
Arsenal FC,Rami Shaaban,27,Goalkeeper,Djurgarden,?,in,Summer,NA,Premier League,2002,2002/2003
Arsenal FC,Moritz Volz,20,Right-Back,Wimbledon FC,"End of loanMay 1, 2003",in,Summer,0,Premier League,2002,2002/2003
Arsenal FC,Liam Chilvers,21,Centre-Back,Colchester Utd.,"End of loanMay 31, 2003",in,Summer,0,Premier League,2002,2002/2003
Arsenal FC,Ryan Garry,18,Centre-Back,Arsenal U18,-,in,Summer,0,Premier League,2002,2002/2003
Arsenal FC,Graham Barrett,20,Centre-Forward,Crewe Alexandra,"End of loanJun 30, 2002",in,Summer,0,Premier League,2002,2002/2003
Arsenal FC,Graham Barrett,20,Centre-Forward,Colchester Utd.,"End of loanJun 30, 2002",in,Summer,0,Premier League,2002,2002/2003
Arsenal FC,Tomas Danilevicius,23,Centre-Forward,KSK Beveren,"End of loanJun 30, 2002",in,Summer,0,Premier League,2002,2002/2003
Arsenal FC,David Grondin,22,Left-Back,KSK Beveren,"End of loanJun 30, 2002",in,Summer,0,Premier League,2002,2002/2003
Arsenal FC,Richard Wright,24,Goalkeeper,Everton,£4.95m,out,Summer,4.95,Premier League,2002,2002/2003
Arsenal FC,Alexander Manninger,25,Goalkeeper,Espanyol,£1.19m,out,Summer,1.19,Premier League,2002,2002/2003
Arsenal FC,Graham Stack,20,Goalkeeper,KSK Beveren,Loan,out,Summer,0,Premier League,2002,2002/2003
Arsenal FC,Rohan Ricketts,19,Attacking Midfield,Spurs,Free transfer,out,Summer,0,Premier League,2002,2002/2003
Arsenal FC,John Halls,20,Defensive Midfield,KSK Beveren,Loan,out,Summer,0,Premier League,2002,2002/2003
Arsenal FC,Liam Chilvers,20,Centre-Back,KSK Beveren,Loan,out,Summer,0,Premier League,2002,2002/2003
Arsenal FC,Matthew Upson,23,Centre-Back,Reading,Loan,out,Summer,0,Premier League,2002,2002/2003
Arsenal FC,Tomas Danilevicius,24,Centre-Forward,AS Livorno,?,out,Summer,NA,Premier League,2002,2002/2003
Arsenal FC,Tony Adams,35,Centre-Back,Retired,-,out,Summer,0,Premier League,2002,2002/2003
Arsenal FC,Lee Dixon,38,Right-Back,Retired,-,out,Summer,0,Premier League,2002,2002/2003
Arsenal FC,Junichi Inamoto,22,Defensive Midfield,Gamba Osaka,"End of loanJun 30, 2002",out,Summer,0,Premier League,2002,2002/2003
Liverpool FC,El-Hadji Diouf,21,Centre-Forward,Lens,£13.50m,in,Summer,13.5,Premier League,2002,2002/2003
Liverpool FC,Salif Diao,25,Defensive Midfield,CS Sedan,£6.75m,in,Summer,6.75,Premier League,2002,2002/2003
Liverpool FC,Bruno Cheyrou,24,Central Midfield,LOSC Lille,£5.85m,in,Summer,5.85,Premier League,2002,2002/2003
Liverpool FC,Anthony Le Tallec,17,Centre-Forward,Le Havre U19,£2.25m,in,Summer,2.25,Premier League,2002,2002/2003
Liverpool FC,Alou Diarra,20,Defensive Midfield,Bayern Munich,Free transfer,in,Summer,0,Premier League,2002,2002/2003
Liverpool FC,Patrice Luzi,21,Goalkeeper,AC Ajaccio,Free transfer,in,Summer,0,Premier League,2002,2002/2003
Liverpool FC,Danny O'Donnell,16,Centre-Back,Liverpool U18,-,in,Summer,0,Premier League,2002,2002/2003
Liverpool FC,Jon Otsemobor,19,Right-Back,Liverpool U18,-,in,Summer,0,Premier League,2002,2002/2003
Liverpool FC,Neil Mellor,19,Centre-Forward,Liverpool U18,-,in,Summer,0,Premier League,2002,2002/2003
Liverpool FC,Michael Foley-Sheridan,19,Central Midfield,Liverpool U18,-,in,Summer,0,Premier League,2002,2002/2003
Liverpool FC,Jon Otsemobor,20,Right-Back,Hull City,"End of loanMay 4, 2003",in,Summer,0,Premier League,2002,2002/2003
Liverpool FC,Anthony Le Tallec,18,Centre-Forward,AC Le Havre,"End of loanMay 31, 2003",in,Summer,0,Premier League,2002,2002/2003
Liverpool FC,Grégory Vignal,21,Left-Back,SC Bastia,"End of loanMay 1, 2003",in,Summer,0,Premier League,2002,2002/2003
Liverpool FC,Richie Partridge,22,Right Midfield,Coventry,"End of loanApr 1, 2003",in,Summer,0,Premier League,2002,2002/2003
Liverpool FC,Djimi Traoré,22,Centre-Back,Lens,"End of loanJun 30, 2002",in,Summer,0,Premier League,2002,2002/2003
Liverpool FC,Stephen Wright,22,Right-Back,Sunderland,£4.32m,out,Summer,4.32,Premier League,2002,2002/2003
Liverpool FC,Nick Barmby,28,Left Midfield,Leeds,£4.05m,out,Summer,4.05,Premier League,2002,2002/2003
Liverpool FC,Gary McAllister,37,Central Midfield,Coventry,£450Th.,out,Summer,0.45,Premier League,2002,2002/2003
Liverpool FC,Stephen Warnock,20,Left-Back,Bradford,Loan,out,Summer,0,Premier League,2002,2002/2003
Liverpool FC,Alou Diarra,21,Defensive Midfield,AC Le Havre,Loan,out,Summer,0,Premier League,2002,2002/2003
Liverpool FC,Anthony Le Tallec,17,Centre-Forward,AC Le Havre,Loan,out,Summer,0,Premier League,2002,2002/2003
Liverpool FC,Jörgen Nielsen,31,Goalkeeper,Farum BK,Free transfer,out,Summer,0,Premier League,2002,2002/2003
Liverpool FC,Jari Litmanen,31,Attacking Midfield,Ajax,Free transfer,out,Summer,0,Premier League,2002,2002/2003
Liverpool FC,Jamie Redknapp,29,Central Midfield,Spurs,Free transfer,out,Summer,0,Premier League,2002,2002/2003
Liverpool FC,Richie Partridge,21,Right Midfield,Coventry,Loan,out,Summer,0,Premier League,2002,2002/2003
Liverpool FC,Nicolas Anelka,23,Centre-Forward,Paris SG,"End of loanJun 30, 2002",out,Summer,0,Premier League,2002,2002/2003
Manchester United,Rio Ferdinand,23,Centre-Back,Leeds,£41.40m,in,Summer,41.4,Premier League,2002,2002/2003
Manchester United,Ricardo,30,Goalkeeper,Real Valladolid,£2.00m,in,Summer,2,Premier League,2002,2002/2003
Manchester United,Hussein Yasser,19,Attacking Midfield,Al-Rayyan SC,£225Th.,in,Summer,0.225,Premier League,2002,2002/2003
Manchester United,Souleymane Mamam,17,Defensive Midfield,AC Merlan Lome,£50Th.,in,Summer,0.05,Premier League,2002,2002/2003
Manchester United,Kieran Richardson,17,Left-Back,West Ham U18,Free transfer,in,Summer,0,Premier League,2002,2002/2003
Manchester United,Danny Pugh,19,Left-Back,Man Utd U23,-,in,Summer,0,Premier League,2002,2002/2003
Manchester United,Mads Timm,17,Second Striker,Man Utd U18,-,in,Summer,0,Premier League,2002,2002/2003
Manchester United,Luke Chadwick,22,Attacking Midfield,Reading,"End of loanMay 1, 2003",in,Summer,0,Premier League,2002,2002/2003
Manchester United,Alan Tate,20,Centre-Back,Swansea,"End of loanMay 4, 2003",in,Summer,0,Premier League,2002,2002/2003
Manchester United,Jimmy Davis,21,Left Winger,Swindon Town,"End of loanMay 31, 2003",in,Summer,0,Premier League,2002,2002/2003
Manchester United,Kirk Hilton,22,Centre-Back,Livingston FC,"End of loanMay 25, 2003",in,Summer,0,Premier League,2002,2002/2003
Manchester United,Danny Webber,20,Centre-Forward,Watford,"End of loanOct 1, 2002",in,Summer,0,Premier League,2002,2002/2003
Manchester United,Alan Tate,19,Centre-Back,Royal Antwerp,"End of loanJun 30, 2002",in,Summer,0,Premier League,2002,2002/2003
Manchester United,Dwight Yorke,30,Centre-Forward,Blackburn,£3.15m,out,Summer,3.15,Premier League,2002,2002/2003
Manchester United,Danny Webber,20,Centre-Forward,Watford,Loan,out,Summer,0,Premier League,2002,2002/2003
Manchester United,Hussein Yasser,19,Attacking Midfield,Royal Antwerp,Loan,out,Summer,0,Premier League,2002,2002/2003
Manchester United,Kirk Hilton,21,Centre-Back,Livingston FC,Loan,out,Summer,0,Premier League,2002,2002/2003
Manchester United,Ben Muirhead,19,Centre-Forward,Doncaster,Loan,out,Summer,0,Premier League,2002,2002/2003
Manchester United,Denis Irwin,36,Left-Back,Wolves,Free transfer,out,Summer,0,Premier League,2002,2002/2003
Manchester United,Raymond van der Gouw,39,Goalkeeper,West Ham,Free transfer,out,Summer,0,Premier League,2002,2002/2003
Manchester United,Ronny Johnsen,33,Centre-Back,Aston Villa,Free transfer,out,Summer,0,Premier League,2002,2002/2003
Manchester United,Ronnie Wallwork,24,Central Midfield,West Brom,Free transfer,out,Summer,0,Premier League,2002,2002/2003
Manchester United,Andrew Taylor,19,Midfielder,Northwich Victoria,?,out,Summer,NA,Premier League,2002,2002/2003
Newcastle United,Hugo Viana,19,Central Midfield,Sporting CP,£11.48m,in,Summer,11.48,Premier League,2002,2002/2003
Newcastle United,Titus Bramble,20,Centre-Back,Ipswich,£6.12m,in,Summer,6.12,Premier League,2002,2002/2003
Newcastle United,Tony Caig,28,Goalkeeper,Hibernian FC,Free transfer,in,Summer,0,Premier League,2002,2002/2003
Newcastle United,Michael Chopra,19,Centre-Forward,Watford,"End of loanApr 22, 2003",in,Summer,0,Premier League,2002,2002/2003
Newcastle United,Gary Caldwell,21,Centre-Back,Coventry,"End of loanMay 5, 2003",in,Summer,0,Premier League,2002,2002/2003
Newcastle United,Calvin Zola,17,Centre-Forward,Newcastle U18,-,in,Summer,0,Premier League,2002,2002/2003
Newcastle United,Aaron Labonte,18,Centre-Back,Newcastle U18,-,in,Summer,0,Premier League,2002,2002/2003
Newcastle United,Bradley Orr,19,Centre-Back,Newcastle U18,-,in,Summer,0,Premier League,2002,2002/2003
Newcastle United,Stuart Green,21,Right Winger,Hull City,£203Th.,out,Summer,0.203,Premier League,2002,2002/2003
Newcastle United,Gary Caldwell,20,Centre-Back,Coventry,Loan,out,Summer,0,Premier League,2002,2002/2003
Newcastle United,Colin McMenamin,21,Centre-Forward,Livingston FC,Free transfer,out,Summer,0,Premier League,2002,2002/2003
Newcastle United,David Cowan,20,Right-Back,Motherwell FC,Free transfer,out,Summer,0,Premier League,2002,2002/2003
Newcastle United,Mark Boyd,20,Midfielder,Port Vale,Free transfer,out,Summer,0,Premier League,2002,2002/2003
Newcastle United,James Coppinger,21,Right Midfield,Exeter City,Free transfer,out,Summer,0,Premier League,2002,2002/2003
Newcastle United,Ryan McGuffie,22,Right-Back,Gretna,Free transfer,out,Summer,0,Premier League,2002,2002/2003
Newcastle United,Brian Kerr,20,Defensive Midfield,Coventry,Loan,out,Summer,0,Premier League,2002,2002/2003
Newcastle United,Sylvain Distin,24,Centre-Back,Paris SG,"End of loanJun 30, 2002",out,Summer,0,Premier League,2002,2002/2003
Leeds United,Nick Barmby,28,Left Midfield,Liverpool,£4.05m,in,Summer,4.05,Premier League,2002,2002/2003
Leeds United,Paul Okon,30,Defensive Midfield,Watford,Free transfer,in,Summer,0,Premier League,2002,2002/2003
Leeds United,Tom Newey,20,Left-Back,Darlington,"End of loanMay 31, 2003",in,Summer,0,Premier League,2002,2002/2003
Leeds United,Dejan Milosevic,24,Goalkeeper,Crewe Alexandra,"End of loanMay 1, 2003",in,Summer,0,Premier League,2002,2002/2003
Leeds United,Simon Johnson,19,Centre-Forward,Leeds U18,-,in,Summer,0,Premier League,2002,2002/2003
Leeds United,Matthew Kilgallon,18,Centre-Back,Leeds U18,-,in,Summer,0,Premier League,2002,2002/2003
Leeds United,James Milner,16,Central Midfield,Leeds U18,-,in,Summer,0,Premier League,2002,2002/2003
Leeds United,Tom Newey,19,Left-Back,Leeds U18,-,in,Summer,0,Premier League,2002,2002/2003
Leeds United,Craig Farrell,19,Centre-Forward,Leeds U18,-,in,Summer,0,Premier League,2002,2002/2003
Leeds United,Rio Ferdinand,23,Centre-Back,Man Utd,£41.40m,out,Summer,41.4,Premier League,2002,2002/2003
Leeds United,Robbie Keane,22,Centre-Forward,Spurs,£9.45m,out,Summer,9.45,Premier League,2002,2002/2003
Leeds United,Shaun Allaway,19,Goalkeeper,Grimsby Town,Loan,out,Summer,0,Premier League,2002,2002/2003
Leeds United,Paul Murphy,17,Goalkeeper,Leicester,Free transfer,out,Summer,0,Premier League,2002,2002/2003
Leeds United,Danny Hay,27,Centre-Back,Walsall,Free transfer,out,Summer,0,Premier League,2002,2002/2003
Leeds United,Simon Johnson,19,Centre-Forward,Hull City,Loan,out,Summer,0,Premier League,2002,2002/2003
Leeds United,Craig Farrell,19,Centre-Forward,Carlisle United,£14Th.,out,Summer,0.014,Premier League,2002,2002/2003
Chelsea FC,Enrique de Lucas,23,Attacking Midfield,Espanyol,Free transfer,in,Summer,0,Premier League,2002,2002/2003
Chelsea FC,Jean-Yves Anis,21,Right-Back,Stade Rennais,?,in,Summer,NA,Premier League,2002,2002/2003
Chelsea FC,Leon Knight,20,Centre-Forward,Sheffield Utd.,"End of loanMay 1, 2003",in,Summer,0,Premier League,2002,2002/2003
Chelsea FC,Mikael Forssell,22,Centre-Forward,Bor. M'gladbach,"End of loanMay 25, 2003",in,Summer,0,Premier League,2002,2002/2003
Chelsea FC,Andy Ross,19,Central Midfield,Chelsea U18,-,in,Summer,0,Premier League,2002,2002/2003
Chelsea FC,Danny Woodards,18,Left-Back,Chelsea U18,-,in,Summer,0,Premier League,2002,2002/2003
Chelsea FC,Samuele Dalla Bona,21,Central Midfield,Milan,£1.44m,out,Summer,1.44,Premier League,2002,2002/2003
Chelsea FC,Ian Pulman,18,Forward,Margate FC,Free transfer,out,Summer,0,Premier League,2002,2002/2003
Chelsea FC,Leon Knight,19,Centre-Forward,Sheffield Utd.,Loan,out,Summer,0,Premier League,2002,2002/2003
Chelsea FC,Rhys Evans,20,Goalkeeper,Leyton Orient,Loan,out,Summer,0,Premier League,2002,2002/2003
Chelsea FC,Warren Cummings,21,Left-Back,Dundee United,Loan,out,Summer,0,Premier League,2002,2002/2003
Chelsea FC,Slavisa Jokanovic,33,Defensive Midfield,Ciudad Murcia,?,out,Summer,NA,Premier League,2002,2002/2003
Chelsea FC,Sam Parkin,21,Centre-Forward,Swindon Town,?,out,Summer,NA,Premier League,2002,2002/2003
West Ham United,Raymond van der Gouw,39,Goalkeeper,Man Utd,Free transfer,in,Summer,0,Premier League,2002,2002/2003
West Ham United,Gary Breen,28,Centre-Back,Coventry,Free transfer,in,Summer,0,Premier League,2002,2002/2003
West Ham United,Youssef Sofiane,17,Centre-Forward,AJ Auxerre B,Free transfer,in,Summer,0,Premier League,2002,2002/2003
West Ham United,Édouard Cissé,24,Defensive Midfield,Paris SG,Loan,in,Summer,0,Premier League,2002,2002/2003
West Ham United,Izzy Iriekpen,20,Centre-Back,Cambridge Utd.,"End of loanMay 1, 2003",in,Summer,0,Premier League,2002,2002/2003
West Ham United,James Allen,18,Forward,West Ham U18,-,in,Summer,0,Premier League,2002,2002/2003
West Ham United,Glen Johnson,17,Right-Back,West Ham U18,-,in,Summer,0,Premier League,2002,2002/2003
West Ham United,Billy Mehmet,18,Centre-Forward,West Ham U18,-,in,Summer,0,Premier League,2002,2002/2003
West Ham United,Rigobert Song,25,Centre-Back,1. FC Köln,"End of loanJun 30, 2002",in,Summer,0,Premier League,2002,2002/2003
West Ham United,Ömer Riza,22,Second Striker,Cambridge Utd.,"End of loanJun 1, 2002",in,Summer,0,Premier League,2002,2002/2003
West Ham United,Rigobert Song,26,Centre-Back,Lens,Free transfer,out,Summer,0,Premier League,2002,2002/2003
West Ham United,Glen Johnson,18,Right-Back,Millwall,Loan,out,Summer,0,Premier League,2002,2002/2003
West Ham United,Steve Potts,35,Centre-Back,Dag & Red FC,Free transfer,out,Summer,0,Premier League,2002,2002/2003
West Ham United,Paul Kitson,31,Centre-Forward,Brighton,Free transfer,out,Summer,0,Premier League,2002,2002/2003
West Ham United,Izzy Iriekpen,20,Centre-Back,Leyton Orient,Loan,out,Summer,0,Premier League,2002,2002/2003
West Ham United,Hayden Foxe,25,Centre-Back,Portsmouth,Free transfer,out,Summer,0,Premier League,2002,2002/2003
West Ham United,Shaka Hislop,33,Goalkeeper,Portsmouth,Free transfer,out,Summer,0,Premier League,2002,2002/2003
West Ham United,Ragnvald Soma,22,Centre-Back,Bryne FK,Free transfer,out,Summer,0,Premier League,2002,2002/2003
West Ham United,Ömer Riza,22,Second Striker,Cambridge Utd.,?,out,Summer,NA,Premier League,2002,2002/2003
West Ham United,Gary Charles,32,Right-Back,Retired,-,out,Summer,0,Premier League,2002,2002/2003
West Ham United,Craig Forrest,34,Goalkeeper,Retired,-,out,Summer,0,Premier League,2002,2002/2003
Aston Villa,Marcus Allbäck,28,Centre-Forward,Heerenveen,£2.70m,in,Summer,2.7,Premier League,2002,2002/2003
Aston Villa,Ulises de la Cruz,28,Right-Back,Hibernian FC,£2.43m,in,Summer,2.43,Premier League,2002,2002/2003
Aston Villa,Stefan Postma,26,Goalkeeper,De Graafschap,£2.00m,in,Summer,2,Premier League,2002,2002/2003
Aston Villa,Mark Kinsella,29,Defensive Midfield,Charlton,£1.04m,in,Summer,1.04,Premier League,2002,2002/2003
Aston Villa,Öyvind Leonhardsen,31,Attacking Midfield,Spurs,Free transfer,in,Summer,0,Premier League,2002,2002/2003
Aston Villa,Michael Boulding,26,Centre-Forward,Grimsby Town,Free transfer,in,Summer,0,Premier League,2002,2002/2003
Aston Villa,Ronny Johnsen,33,Centre-Back,Man Utd,Free transfer,in,Summer,0,Premier League,2002,2002/2003
Aston Villa,Colin Marshall,17,Central Midfield,Aston Villa U18,-,in,Summer,0,Premier League,2002,2002/2003
Aston Villa,Michael Husbands,18,Midfielder,Aston Villa U18,-,in,Summer,0,Premier League,2002,2002/2003
Aston Villa,Boaz Myhill,19,Goalkeeper,Aston Villa U23,-,in,Summer,0,Premier League,2002,2002/2003
Aston Villa,Keith Fahey,19,Central Midfield,Aston Villa U18,-,in,Summer,0,Premier League,2002,2002/2003
Aston Villa,Peter Hynes,18,Centre-Forward,Aston Villa U18,-,in,Summer,0,Premier League,2002,2002/2003
Aston Villa,Stefan Moore,18,Centre-Forward,Aston Villa U18,-,in,Summer,0,Premier League,2002,2002/2003
Aston Villa,John McGrath,23,Left Midfield,Dag & Red FC,"End of loanMay 1, 2003",in,Summer,0,Premier League,2002,2002/2003
Aston Villa,Peter Whittingham,17,Central Midfield,Aston Villa U18,-,in,Summer,0,Premier League,2002,2002/2003
Aston Villa,Michael Husbands,19,Midfielder,Hereford Utd.,"End of loanMay 1, 2003",in,Summer,0,Premier League,2002,2002/2003
Aston Villa,Boaz Myhill,19,Goalkeeper,Bristol City,"End of loanOct 1, 2002",in,Summer,0,Premier League,2002,2002/2003
Aston Villa,George Boateng,26,Defensive Midfield,Middlesbrough,£6.21m,out,Summer,6.21,Premier League,2002,2002/2003
Aston Villa,Paul Merson,34,Right Midfield,Portsmouth,Free transfer,out,Summer,0,Premier League,2002,2002/2003
Aston Villa,Peter Schmeichel,38,Goalkeeper,Man City,Free transfer,out,Summer,0,Premier League,2002,2002/2003
Aston Villa,Jay Smith,20,Central Midfield,Southend United,Free transfer,out,Summer,0,Premier League,2002,2002/2003
Aston Villa,Boaz Myhill,19,Goalkeeper,Bristol City,Loan,out,Summer,0,Premier League,2002,2002/2003
Aston Villa,Michael Boulding,26,Centre-Forward,Sheffield Utd.,Loan,out,Summer,0,Premier League,2002,2002/2003
Aston Villa,Steve Stone,31,Right Midfield,Portsmouth,Free transfer,out,Summer,0,Premier League,2002,2002/2003
Aston Villa,Bosko Balaban,23,Centre-Forward,Dinamo Zagreb,Loan,out,Summer,0,Premier League,2002,2002/2003
Aston Villa,David Scullion,18,Right Midfield,Glenavon,?,out,Summer,NA,Premier League,2002,2002/2003
Aston Villa,David Ginola,35,Left Winger,Everton,?,out,Summer,NA,Premier League,2002,2002/2003
Tottenham Hotspur,Robbie Keane,22,Centre-Forward,Leeds,£9.45m,in,Summer,9.45,Premier League,2002,2002/2003
Tottenham Hotspur,Milenko Acimovic,25,Left Midfield,Red Star,Free transfer,in,Summer,0,Premier League,2002,2002/2003
Tottenham Hotspur,Jonathan Blondel,18,Defensive Midfield,Exc. Mouscron,Free transfer,in,Summer,0,Premier League,2002,2002/2003
Tottenham Hotspur,Jamie Redknapp,29,Central Midfield,Liverpool,Free transfer,in,Summer,0,Premier League,2002,2002/2003
Tottenham Hotspur,Rohan Ricketts,19,Attacking Midfield,Arsenal,Free transfer,in,Summer,0,Premier League,2002,2002/2003
Tottenham Hotspur,Diego Bortolozzo,19,Defensive Midfield,Treviso,Free transfer,in,Summer,0,Premier League,2002,2002/2003
Tottenham Hotspur,Lars Hirschfeld,24,Goalkeeper,Luton,"End of loanMay 1, 2003",in,Summer,0,Premier League,2002,2002/2003
Tottenham Hotspur,Rob Burch,19,Goalkeeper,Woking FC,"End of loanMay 1, 2003",in,Summer,0,Premier League,2002,2002/2003
Tottenham Hotspur,Johnnie Jackson,20,Central Midfield,Colchester Utd.,"End of loanMay 5, 2003",in,Summer,0,Premier League,2002,2002/2003
Tottenham Hotspur,Stephen Kelly,19,Right-Back,QPR,"End of loanMay 1, 2003",in,Summer,0,Premier League,2002,2002/2003
Tottenham Hotspur,Dean Marney,19,Central Midfield,Swindon Town,"End of loanMay 1, 2003",in,Summer,0,Premier League,2002,2002/2003
Tottenham Hotspur,Gavin Kelly,21,Goalkeeper,Kettering Town,"End of loanMay 1, 2003",in,Summer,0,Premier League,2002,2002/2003
Tottenham Hotspur,Dean Marney,18,Central Midfield,Tottenham U18,-,in,Summer,0,Premier League,2002,2002/2003
Tottenham Hotspur,Stephen Kelly,18,Right-Back,Tottenham U18,-,in,Summer,0,Premier League,2002,2002/2003
Tottenham Hotspur,John Sutton,18,Centre-Forward,Tottenham U18,-,in,Summer,0,Premier League,2002,2002/2003
Tottenham Hotspur,Lee Barnard,18,Centre-Forward,Tottenham U18,-,in,Summer,0,Premier League,2002,2002/2003
Tottenham Hotspur,Öyvind Leonhardsen,31,Attacking Midfield,Aston Villa,Free transfer,out,Summer,0,Premier League,2002,2002/2003
Tottenham Hotspur,Johnnie Jackson,20,Central Midfield,Swindon Town,Loan,out,Summer,0,Premier League,2002,2002/2003
Tottenham Hotspur,John Piercy,23,Midfielder,Brighton,Free transfer,out,Summer,0,Premier League,2002,2002/2003
Tottenham Hotspur,John Sutton,18,Centre-Forward,Carlisle United,Loan,out,Summer,0,Premier League,2002,2002/2003
Tottenham Hotspur,Gavin Kelly,21,Goalkeeper,Kettering Town,Loan,out,Summer,0,Premier League,2002,2002/2003
Tottenham Hotspur,Yannick Kamanan,19,Centre-Forward,R. Strasbourg,?,out,Summer,NA,Premier League,2002,2002/2003
Tottenham Hotspur,Willem Korsten,27,Left Winger,Retired,-,out,Summer,0,Premier League,2002,2002/2003
Blackburn Rovers,Dwight Yorke,30,Centre-Forward,Man Utd,£3.15m,in,Summer,3.15,Premier League,2002,2002/2003
Blackburn Rovers,David Thompson,24,Right Midfield,Coventry,£2.03m,in,Summer,2.03,Premier League,2002,2002/2003
Blackburn Rovers,Andy Todd,27,Centre-Back,Charlton,£1.35m,in,Summer,1.35,Premier League,2002,2002/2003
Blackburn Rovers,Sebastian Pelzer,21,Centre-Back,K'lautern II,Free transfer,in,Summer,0,Premier League,2002,2002/2003
Blackburn Rovers,Gordon Greer,22,Centre-Back,Stockport,"End of loanMay 1, 2003",in,Summer,0,Premier League,2002,2002/2003
Blackburn Rovers,Jonathan Douglas,21,Central Midfield,Chesterfield FC,"End of loanMay 31, 2003",in,Summer,0,Premier League,2002,2002/2003
Blackburn Rovers,John Curtis,24,Right-Back,Sheffield Utd.,"End of loanMay 1, 2003",in,Summer,0,Premier League,2002,2002/2003
Blackburn Rovers,Alan Mahon,25,Left Midfield,Cardiff,"End of loanMay 1, 2003",in,Summer,0,Premier League,2002,2002/2003
Blackburn Rovers,Marc Richards,20,Centre-Forward,Swansea,"End of loanMay 1, 2003",in,Summer,0,Premier League,2002,2002/2003
Blackburn Rovers,Jim Corbett,22,Midfielder,Darlington,"End of loanMay 1, 2003",in,Summer,0,Premier League,2002,2002/2003
Blackburn Rovers,Hakan Sükür,31,Centre-Forward,Without Club,-,in,Summer,0,Premier League,2002,2002/2003
Blackburn Rovers,Ryan Robinson,19,Goalkeeper,Blackburn U18,-,in,Summer,0,Premier League,2002,2002/2003
Blackburn Rovers,Jay McEveley,17,Centre-Back,Blackburn U18,-,in,Summer,0,Premier League,2002,2002/2003
Blackburn Rovers,Michael Taylor,19,Centre-Back,Blackburn U21,-,in,Summer,0,Premier League,2002,2002/2003
Blackburn Rovers,Neil Danns,19,Central Midfield,Blackburn U21,-,in,Summer,0,Premier League,2002,2002/2003
Blackburn Rovers,Corrado Grabbi,26,Centre-Forward,Messina Peloro,"End of loanJun 30, 2002",in,Summer,0,Premier League,2002,2002/2003
Blackburn Rovers,Hakan Ünsal,29,Left-Back,Galatasaray,£1.08m,out,Summer,1.08,Premier League,2002,2002/2003
Blackburn Rovers,Ben Burgess,20,Centre-Forward,Stockport,£540Th.,out,Summer,0.54,Premier League,2002,2002/2003
Blackburn Rovers,Gordon Greer,21,Centre-Back,Stockport,Loan,out,Summer,0,Premier League,2002,2002/2003
Blackburn Rovers,Simon Grayson,32,Right-Back,Blackpool,Free transfer,out,Summer,0,Premier League,2002,2002/2003
Blackburn Rovers,David McNamee,21,Right-Back,Livingston FC,Free transfer,out,Summer,0,Premier League,2002,2002/2003
Blackburn Rovers,Mark Hughes,38,Centre-Forward,Retired,-,out,Summer,0,Premier League,2002,2002/2003
Blackburn Rovers,Marc Keller,34,Right Midfield,Retired,-,out,Summer,0,Premier League,2002,2002/2003
Southampton FC,Antti Niemi,30,Goalkeeper,Heart of Midl.,£2.70m,in,Summer,2.7,Premier League,2002,2002/2003
Southampton FC,Michael Svensson,26,Centre-Back,Troyes,£2.70m,in,Summer,2.7,Premier League,2002,2002/2003
Southampton FC,Matt Crowell,17,Central Midfield,Swansea,Free transfer,in,Summer,0,Premier League,2002,2002/2003
Southampton FC,Andrey Kanchelskis,33,Right Midfield,Rangers,Free transfer,in,Summer,0,Premier League,2002,2002/2003
Southampton FC,Scott Bevan,23,Goalkeeper,Huddersfield,"End of loanApr 1, 2003",in,Summer,0,Premier League,2002,2002/2003
Southampton FC,Scott McDonald,18,Centre-Forward,Huddersfield,"End of loanAug 1, 2002",in,Summer,0,Premier League,2002,2002/2003
Southampton FC,Imants Bleidelis,26,Right Midfield,Viborg FF,Free transfer,out,Summer,0,Premier League,2002,2002/2003
Southampton FC,Scott McDonald,18,Centre-Forward,Huddersfield,Loan,out,Summer,0,Premier League,2002,2002/2003
Southampton FC,Scott Bevan,22,Goalkeeper,Huddersfield,Loan,out,Summer,0,Premier League,2002,2002/2003
Southampton FC,Kevin Davies,25,Centre-Forward,Millwall,Loan,out,Summer,0,Premier League,2002,2002/2003
Southampton FC,Neil Moss,27,Goalkeeper,Bournemouth,Free transfer,out,Summer,0,Premier League,2002,2002/2003
Southampton FC,Alan Blayney,20,Goalkeeper,Stockport,Loan,out,Summer,0,Premier League,2002,2002/2003
Southampton FC,Adrián Cáceres,20,Central Midfield,Hull City,?,out,Summer,NA,Premier League,2002,2002/2003
Southampton FC,Cléber Chalá,31,Midfielder,CD El Nacional,?,out,Summer,NA,Premier League,2002,2002/2003
Southampton FC,Dan Petrescu,34,Right-Back,FC National,?,out,Summer,NA,Premier League,2002,2002/2003
Southampton FC,Dani Rodrigues,22,Left Winger,Walsall,Loan,out,Summer,0,Premier League,2002,2002/2003
Southampton FC,Eric Hassli,21,Centre-Forward,FC Metz,"End of loanMay 1, 2003",out,Summer,0,Premier League,2002,2002/2003
Southampton FC,Stuart Ripley,34,Midfielder,Retired,-,out,Summer,0,Premier League,2002,2002/2003
Middlesbrough FC,Massimo Maccarone,22,Centre-Forward,FC Empoli,£11.14m,in,Summer,11.14,Premier League,2002,2002/2003
Middlesbrough FC,Juninho Paulista,29,Attacking Midfield,Atlético Madrid,£6.21m,in,Summer,6.21,Premier League,2002,2002/2003
Middlesbrough FC,George Boateng,26,Defensive Midfield,Aston Villa,£6.21m,in,Summer,6.21,Premier League,2002,2002/2003
Middlesbrough FC,Franck Queudrue,23,Left-Back,Lens,£3.38m,in,Summer,3.38,Premier League,2002,2002/2003
Middlesbrough FC,Doriva,30,Right Midfield,Celta de Vigo,Loan,in,Summer,0,Premier League,2002,2002/2003
Middlesbrough FC,Keith Gilroy,18,Left Midfield,Sligo Rovers,Free transfer,in,Summer,0,Premier League,2002,2002/2003
Middlesbrough FC,Njitap Geremi,23,Right Midfield,Real Madrid,Loan,in,Summer,0,Premier League,2002,2002/2003
Middlesbrough FC,Noel Whelan,28,Centre-Forward,Crystal Palace,"End of loanMay 1, 2003",in,Summer,0,Premier League,2002,2002/2003
Middlesbrough FC,Mark Crossley,33,Goalkeeper,Stoke City,"End of loanMay 1, 2003",in,Summer,0,Premier League,2002,2002/2003
Middlesbrough FC,Craig Dove,18,Midfielder,Boro U18,-,in,Summer,0,Premier League,2002,2002/2003
Middlesbrough FC,Joseph-Désiré Job,24,Centre-Forward,FC Metz,"End of loanJun 30, 2002",in,Summer,0,Premier League,2002,2002/2003
Middlesbrough FC,Hámilton Ricard,28,Centre-Forward,CSKA Sofia,"End of loanJun 30, 2002",in,Summer,0,Premier League,2002,2002/2003
Middlesbrough FC,Mark Hudson,22,Central Midfield,Chesterfield FC,Free transfer,out,Summer,0,Premier League,2002,2002/2003
Middlesbrough FC,Mark Hudson,21,Central Midfield,Chesterfield FC,Loan,out,Summer,0,Premier League,2002,2002/2003
Middlesbrough FC,Paul Ince,34,Defensive Midfield,Wolves,Free transfer,out,Summer,0,Premier League,2002,2002/2003
Middlesbrough FC,Anthony Ormerod,23,Right Winger,Scarborough Athletic,Free transfer,out,Summer,0,Premier League,2002,2002/2003
Middlesbrough FC,Robbie Mustoe,33,Central Midfield,Charlton,Free transfer,out,Summer,0,Premier League,2002,2002/2003
Middlesbrough FC,Mickaël Debève,31,Right Midfield,Amiens SC,Free transfer,out,Summer,0,Premier League,2002,2002/2003
Middlesbrough FC,Marlon Beresford,32,Goalkeeper,York City,Free transfer,out,Summer,0,Premier League,2002,2002/2003
Middlesbrough FC,Hámilton Ricard,28,Centre-Forward,Independiente,Free transfer,out,Summer,0,Premier League,2002,2002/2003
Middlesbrough FC,Steve Baker,23,Defender,Scarborough Athletic,Free transfer,out,Summer,0,Premier League,2002,2002/2003
Middlesbrough FC,Dean Gordon,29,Left-Back,Coventry,Free transfer,out,Summer,0,Premier League,2002,2002/2003
Middlesbrough FC,Mark Summerbell,25,Midfielder,Carlisle United,?,out,Summer,NA,Premier League,2002,2002/2003
Middlesbrough FC,Phil Stamp,26,Midfielder,Heart of Midl.,?,out,Summer,NA,Premier League,2002,2002/2003
Middlesbrough FC,Benny Carbone,30,Second Striker,Como,?,out,Summer,NA,Premier League,2002,2002/2003
Middlesbrough FC,Christian Hanson,20,Defender,Spennymoor United,?,out,Summer,NA,Premier League,2002,2002/2003
Middlesbrough FC,Gianluca Festa,33,Right-Back,Portsmouth,?,out,Summer,NA,Premier League,2002,2002/2003
Middlesbrough FC,Njitap Geremi,24,Right Midfield,Real Madrid,"End of loanMay 1, 2003",out,Summer,0,Premier League,2002,2002/2003
Fulham FC,Facundo Sava,28,Centre-Forward,Gimnasia,£2.70m,in,Summer,2.7,Premier League,2002,2002/2003
Fulham FC,Junichi Inamoto,22,Defensive Midfield,Gamba Osaka,Loan,in,Summer,0,Premier League,2002,2002/2003
Fulham FC,Martin Djetou,27,Centre-Back,AC Parma,Loan,in,Summer,0,Premier League,2002,2002/2003
Fulham FC,Martín Herrera,31,Goalkeeper,Alavés,Free transfer,in,Summer,0,Premier League,2002,2002/2003
Fulham FC,Pierre Womé,23,Left-Back,Bologna,Loan,in,Summer,0,Premier League,2002,2002/2003
Fulham FC,Eddie Lewis,28,Left Midfield,Preston NE,£675Th.,out,Summer,0.675,Premier League,2002,2002/2003
Fulham FC,Tom Hutchinson,20,Centre-Back,Dundee FC,£68Th.,out,Summer,0.068,Premier League,2002,2002/2003
Fulham FC,Marcus Hahnemann,30,Goalkeeper,Reading,Free transfer,out,Summer,0,Premier League,2002,2002/2003
Fulham FC,Chris Coleman,32,Centre-Back,Retired,-,out,Summer,0,Premier League,2002,2002/2003
Charlton Athletic,Gary Rowett,28,Right-Back,Leicester,£4.73m,in,Summer,4.73,Premier League,2002,2002/2003
Charlton Athletic,Paul Rachubka,22,Goalkeeper,Man Utd U23,£270Th.,in,Summer,0.27,Premier League,2002,2002/2003
Charlton Athletic,Jesper Blomqvist,28,Left Midfield,Everton,Free transfer,in,Summer,0,Premier League,2002,2002/2003
Charlton Athletic,Robbie Mustoe,33,Central Midfield,Middlesbrough,Free transfer,in,Summer,0,Premier League,2002,2002/2003
Charlton Athletic,Jamal Campbell-Ryce,19,Right Winger,Charlton U18,-,in,Summer,0,Premier League,2002,2002/2003
Charlton Athletic,Michael Turner,18,Centre-Back,Charlton U18,-,in,Summer,0,Premier League,2002,2002/2003
Charlton Athletic,Paul Robson,18,Right-Back,Charlton U18,-,in,Summer,0,Premier League,2002,2002/2003
Charlton Athletic,Martin Pringle,31,Centre-Forward,Grimsby Town,"End of loanJun 30, 2002",in,Summer,0,Premier League,2002,2002/2003
Charlton Athletic,Andy Todd,27,Centre-Back,Blackburn,£1.35m,out,Summer,1.35,Premier League,2002,2002/2003
Charlton Athletic,Mark Kinsella,29,Defensive Midfield,Aston Villa,£1.04m,out,Summer,1.04,Premier League,2002,2002/2003
Charlton Athletic,Greg Shields,25,Right-Back,Kilmarnock FC,Free transfer,out,Summer,0,Premier League,2002,2002/2003
Charlton Athletic,Eddie Youds,32,Centre-Back,Huddersfield,Free transfer,out,Summer,0,Premier League,2002,2002/2003
Charlton Athletic,Charlie MacDonald,21,Centre-Forward,Margate FC,Free transfer,out,Summer,0,Premier League,2002,2002/2003
Charlton Athletic,Ben Roberts,27,Goalkeeper,Luton,Loan,out,Summer,0,Premier League,2002,2002/2003
Charlton Athletic,Jamal Campbell-Ryce,19,Right Winger,Leyton Orient,Loan,out,Summer,0,Premier League,2002,2002/2003
Charlton Athletic,Clive Mendonca,33,Forward,Retired,-,out,Summer,0,Premier League,2002,2002/2003
Charlton Athletic,Jorge Costa,30,Centre-Back,FC Porto,"End of loanJun 30, 2002",out,Summer,0,Premier League,2002,2002/2003
Everton FC,Richard Wright,24,Goalkeeper,Arsenal,£4.95m,in,Summer,4.95,Premier League,2002,2002/2003
Everton FC,Rodrigo Beckham,25,Attacking Midfield,Botafogo,Loan fee:£1.80m,in,Summer,1.8,Premier League,2002,2002/2003
Everton FC,Joseph Yobo,21,Centre-Back,Marseille,Loan fee:£1.35m,in,Summer,1.35,Premier League,2002,2002/2003
Everton FC,Tie Li,25,Defensive Midfield,Liaoning FC,Free transfer,in,Summer,0,Premier League,2002,2002/2003
Everton FC,David Ginola,35,Left Winger,Aston Villa,?,in,Summer,NA,Premier League,2002,2002/2003
Everton FC,Weifeng Li,23,Centre-Back,SZ Jianlibao,Loan,in,Summer,0,Premier League,2002,2002/2003
Everton FC,George Pilkington,20,Centre-Back,Everton U21,-,in,Summer,0,Premier League,2002,2002/2003
Everton FC,Steven Schumacher,18,Central Midfield,Everton U18,-,in,Summer,0,Premier League,2002,2002/2003
Everton FC,Wayne Rooney,16,Attacking Midfield,Everton U18,-,in,Summer,0,Premier League,2002,2002/2003
Everton FC,Leon Osman,21,Central Midfield,Everton U21,-,in,Summer,0,Premier League,2002,2002/2003
Everton FC,Sean O'Hanlon,19,Centre-Back,Everton U18,-,in,Summer,0,Premier League,2002,2002/2003
Everton FC,Peter Clarke,21,Centre-Back,Port Vale,"End of loanMay 31, 2003",in,Summer,0,Premier League,2002,2002/2003
Everton FC,Nick Chadwick,20,Centre-Forward,Derby,"End of loanApr 1, 2003",in,Summer,0,Premier League,2002,2002/2003
Everton FC,Alex Nyarko,28,Centre-Back,Monaco,"End of loanJun 30, 2002",in,Summer,0,Premier League,2002,2002/2003
Everton FC,Jesper Blomqvist,28,Left Midfield,Charlton,Free transfer,out,Summer,0,Premier League,2002,2002/2003
Everton FC,Idan Tal,26,Defensive Midfield,Rayo Vallecano,Free transfer,out,Summer,0,Premier League,2002,2002/2003
Everton FC,Ryan Valentine,19,Right-Back,Darlington,Free transfer,out,Summer,0,Premier League,2002,2002/2003
Everton FC,Peter Clarke,20,Centre-Back,Blackpool,Loan,out,Summer,0,Premier League,2002,2002/2003
Everton FC,Leon Osman,21,Central Midfield,Carlisle United,Loan,out,Summer,0,Premier League,2002,2002/2003
Everton FC,Alex Nyarko,28,Centre-Back,Paris SG,Loan,out,Summer,0,Premier League,2002,2002/2003
Bolton Wanderers,Bülent Akin,23,Defensive Midfield,Galatasaray,Free transfer,in,Summer,0,Premier League,2002,2002/2003
Bolton Wanderers,Jay-Jay Okocha,28,Attacking Midfield,Paris SG,Free transfer,in,Summer,0,Premier League,2002,2002/2003
Bolton Wanderers,Delroy Facey,22,Centre-Forward,Huddersfield,Free transfer,in,Summer,0,Premier League,2002,2002/2003
Bolton Wanderers,Iván Campo,28,Defensive Midfield,Real Madrid,Loan,in,Summer,0,Premier League,2002,2002/2003
Bolton Wanderers,David Holdsworth,33,Defender,Birmingham,Free transfer,in,Summer,0,Premier League,2002,2002/2003
Bolton Wanderers,Bernard Mendy,20,Right-Back,Paris SG,?,in,Summer,NA,Premier League,2002,2002/2003
Bolton Wanderers,Gérald Forschelet,20,Defensive Midfield,Cannes,?,in,Summer,NA,Premier League,2002,2002/2003
Bolton Wanderers,Paul Warhurst,33,Centre-Back,Stoke City,"End of loanMay 1, 2003",in,Summer,0,Premier League,2002,2002/2003
Bolton Wanderers,Gareth Farrelly,27,Left Midfield,Rotherham,"End of loanMay 1, 2003",in,Summer,0,Premier League,2002,2002/2003
Bolton Wanderers,Jonathan Walters,19,Right Winger,Hull City,"End of loanMay 31, 2003",in,Summer,0,Premier League,2002,2002/2003
Bolton Wanderers,Cleveland Taylor,19,Right Midfield,Scarborough Athletic,"End of loanMay 3, 2003",in,Summer,0,Premier League,2002,2002/2003
Bolton Wanderers,Colin Hendry,37,Centre-Back,Blackpool,"End of loanMay 1, 2003",in,Summer,0,Premier League,2002,2002/2003
Bolton Wanderers,Chris Armstrong,31,Centre-Forward,Without Club,-,in,Summer,0,Premier League,2002,2002/2003
Bolton Wanderers,Danny Livesey,17,Centre-Back,Bolton U18,-,in,Summer,0,Premier League,2002,2002/2003
Bolton Wanderers,Michael Bird,18,Centre-Forward,Bolton U23,-,in,Summer,0,Premier League,2002,2002/2003
Bolton Wanderers,Cleveland Taylor,18,Right Midfield,Exeter City,"End of loanSep 1, 2002",in,Summer,0,Premier League,2002,2002/2003
Bolton Wanderers,Henrik Pedersen,27,Centre-Forward,Silkeborg IF,"End of loanJun 30, 2002",in,Summer,0,Premier League,2002,2002/2003
Bolton Wanderers,Ryan Baldacchino,21,Right Winger,Carlisle United,Free transfer,out,Summer,0,Premier League,2002,2002/2003
Bolton Wanderers,Nicky Southall,30,Right Midfield,Norwich,Loan,out,Summer,0,Premier League,2002,2002/2003
Bolton Wanderers,Dean Holden,22,Centre-Back,Oldham Athletic,Free transfer,out,Summer,0,Premier League,2002,2002/2003
Bolton Wanderers,Cleveland Taylor,18,Right Midfield,Exeter City,Loan,out,Summer,0,Premier League,2002,2002/2003
Bolton Wanderers,Bo Hansen,30,Centre-Forward,FC Midtjylland,Free transfer,out,Summer,0,Premier League,2002,2002/2003
Bolton Wanderers,David Norris,21,Central Midfield,Plymouth,£34Th.,out,Summer,0.034,Premier League,2002,2002/2003
Bolton Wanderers,Rod Wallace,32,Right Winger,Gillingham FC,?,out,Summer,NA,Premier League,2002,2002/2003
Bolton Wanderers,Bernard Mendy,21,Right-Back,Paris SG,?,out,Summer,NA,Premier League,2002,2002/2003
Bolton Wanderers,Colin Hendry,37,Centre-Back,Retired,-,out,Summer,0,Premier League,2002,2002/2003
Bolton Wanderers,Iván Campo,29,Defensive Midfield,Real Madrid,"End of loanMay 1, 2003",out,Summer,0,Premier League,2002,2002/2003
Bolton Wanderers,Fredi Bobic,30,Centre-Forward,Bor. Dortmund,"End of loanJun 30, 2002",out,Summer,0,Premier League,2002,2002/2003
Bolton Wanderers,Konstantinos Konstantinidis,29,Centre-Back,Hertha BSC,"End of loanJun 1, 2002",out,Summer,0,Premier League,2002,2002/2003
Bolton Wanderers,Mario Espartero,24,Defensive Midfield,FC Metz,"End of loanJun 30, 2002",out,Summer,0,Premier League,2002,2002/2003
Sunderland AFC,Tore André Flo,29,Centre-Forward,Rangers,£9.90m,in,Summer,9.9,Premier League,2002,2002/2003
Sunderland AFC,Matt Piper,20,Right Midfield,Leicester,£4.73m,in,Summer,4.73,Premier League,2002,2002/2003
Sunderland AFC,Marcus Stewart,29,Centre-Forward,Ipswich,£4.39m,in,Summer,4.39,Premier League,2002,2002/2003
Sunderland AFC,Stephen Wright,22,Right-Back,Liverpool,£4.32m,in,Summer,4.32,Premier League,2002,2002/2003
Sunderland AFC,Phil Babb,31,Centre-Back,Sporting CP,Free transfer,in,Summer,0,Premier League,2002,2002/2003
Sunderland AFC,Euan McLean,16,Goalkeeper,Kilmarnock FC,Free transfer,in,Summer,0,Premier League,2002,2002/2003
Sunderland AFC,Michael Ingham,22,Goalkeeper,York City,"End of loanMay 1, 2003",in,Summer,0,Premier League,2002,2002/2003
Sunderland AFC,Michael Ingham,22,Goalkeeper,Stockport,"End of loanOct 1, 2002",in,Summer,0,Premier League,2002,2002/2003
Sunderland AFC,Patrick Collins,17,Right-Back,Sunderland U18,-,in,Summer,0,Premier League,2002,2002/2003
Sunderland AFC,Simon Ramsden,20,Centre-Back,Sunderland U18,-,in,Summer,0,Premier League,2002,2002/2003
Sunderland AFC,Mark Rossiter,19,Right-Back,Sunderland U18,-,in,Summer,0,Premier League,2002,2002/2003
Sunderland AFC,Craig James,20,Left-Back,Hibernian FC,"End of loanMay 1, 2003",in,Summer,0,Premier League,2002,2002/2003
Sunderland AFC,Michael Proctor,21,Centre-Forward,Bradford,"End of loanOct 1, 2002",in,Summer,0,Premier League,2002,2002/2003
Sunderland AFC,Lilian Laslandes,30,Centre-Forward,1. FC Köln,"End of loanJun 30, 2002",in,Summer,0,Premier League,2002,2002/2003
Sunderland AFC,Tom Peeters,23,Left Winger,Royal Antwerp,"End of loanJun 30, 2002",in,Summer,0,Premier League,2002,2002/2003
Sunderland AFC,John Oster,23,Central Midfield,Grimsby Town,Loan,out,Summer,0,Premier League,2002,2002/2003
Sunderland AFC,Michael Proctor,21,Centre-Forward,Bradford,Loan,out,Summer,0,Premier League,2002,2002/2003
Sunderland AFC,Michael Ingham,22,Goalkeeper,Stockport,Loan,out,Summer,0,Premier League,2002,2002/2003
Sunderland AFC,Simon Ramsden,20,Centre-Back,Notts County,Loan,out,Summer,0,Premier League,2002,2002/2003
Sunderland AFC,Craig James,19,Left-Back,Hibernian FC,Loan,out,Summer,0,Premier League,2002,2002/2003
Sunderland AFC,Lilian Laslandes,30,Centre-Forward,SC Bastia,Loan,out,Summer,0,Premier League,2002,2002/2003
Sunderland AFC,Dene Shields,19,Centre-Forward,Doncaster,Loan,out,Summer,0,Premier League,2002,2002/2003
Sunderland AFC,Patrick M'Boma,31,Centre-Forward,Al-Ittihad,Free transfer,out,Summer,0,Premier League,2002,2002/2003
Sunderland AFC,Bernt Haas,24,Right-Back,FC Basel,Loan,out,Summer,0,Premier League,2002,2002/2003
Sunderland AFC,Talal El Karkouri,26,Centre-Back,Paris SG,"End of loanMay 1, 2003",out,Summer,0,Premier League,2002,2002/2003
Manchester City,Nicolas Anelka,23,Centre-Forward,Paris SG,£13.50m,in,Summer,13.5,Premier League,2002,2002/2003
Manchester City,Matías Vuoso,20,Centre-Forward,Independiente,£6.75m,in,Summer,6.75,Premier League,2002,2002/2003
Manchester City,Sylvain Distin,24,Centre-Back,Paris SG,£5.40m,in,Summer,5.4,Premier League,2002,2002/2003
Manchester City,David Sommeil,27,Centre-Back,G. Bordeaux,£4.05m,in,Summer,4.05,Premier League,2002,2002/2003
Manchester City,Mikkel Bischoff,20,Centre-Back,Akademisk BK,£855Th.,in,Summer,0.855,Premier League,2002,2002/2003
Manchester City,Marc-Vivien Foé,27,Central Midfield,Olympique Lyon,Loan fee:£630Th.,in,Summer,0.63,Premier League,2002,2002/2003
Manchester City,Peter Schmeichel,38,Goalkeeper,Aston Villa,Free transfer,in,Summer,0,Premier League,2002,2002/2003
Manchester City,Karim Kerkar,25,Attacking Midfield,AC Le Havre,Free transfer,in,Summer,0,Premier League,2002,2002/2003
Manchester City,Tyrone Loran,21,Right-Back,FC Volendam,?,in,Summer,NA,Premier League,2002,2002/2003
Manchester City,Darren Huckerby,27,Right Winger,Nottm Forest,"End of loanMay 1, 2003",in,Summer,0,Premier League,2002,2002/2003
Manchester City,Dickson Etuhu,20,Defensive Midfield,Preston NE,£405Th.,out,Summer,0.405,Premier League,2002,2002/2003
Manchester City,Chris Killen,20,Centre-Forward,Oldham Athletic,£270Th.,out,Summer,0.27,Premier League,2002,2002/2003
Manchester City,Terry Dunfield,20,Central Midfield,Bury,Free transfer,out,Summer,0,Premier League,2002,2002/2003
Manchester City,Jeff Whitley,23,Defensive Midfield,Notts County,Loan,out,Summer,0,Premier League,2002,2002/2003
Manchester City,Paul Ritchie,26,Centre-Back,Derby,Loan,out,Summer,0,Premier League,2002,2002/2003
Manchester City,Alioune Touré,23,Right Winger,Paris SG,?,out,Summer,NA,Premier League,2002,2002/2003
Manchester City,Terry Cooke,25,Right Midfield,Grimsby Town,?,out,Summer,NA,Premier League,2002,2002/2003
Manchester City,Djamel Belmadi,27,Right Midfield,Marseille,"End of loanMay 1, 2003",out,Summer,0,Premier League,2002,2002/2003
Manchester City,Stuart Pearce,40,Left-Back,Retired,-,out,Summer,0,Premier League,2002,2002/2003
West Bromwich Albion,Lee Hughes,26,Centre-Forward,Coventry,£8.10m,in,Summer,8.1,Premier League,2002,2002/2003
West Bromwich Albion,Jason Koumas,22,Attacking Midfield,Tranmere Rovers,£3.11m,in,Summer,3.11,Premier League,2002,2002/2003
West Bromwich Albion,Sean Gregan,28,Centre-Back,Preston NE,£2.25m,in,Summer,2.25,Premier League,2002,2002/2003
West Bromwich Albion,Lee Marshall,23,Central Midfield,Leicester,£945Th.,in,Summer,0.945,Premier League,2002,2002/2003
West Bromwich Albion,Joe Murphy,20,Goalkeeper,Tranmere Rovers,£225Th.,in,Summer,0.225,Premier League,2002,2002/2003
West Bromwich Albion,Ronnie Wallwork,24,Central Midfield,Man Utd,Free transfer,in,Summer,0,Premier League,2002,2002/2003
West Bromwich Albion,Chris Adamson,24,Goalkeeper,Halesowen,"End of loanMay 1, 2003",in,Summer,0,Premier League,2002,2002/2003
West Bromwich Albion,Simon Brown,18,Midfielder,West Brom U18,-,in,Summer,0,Premier League,2002,2002/2003
West Bromwich Albion,Ross Adams,19,Defender,West Brom U18,-,in,Summer,0,Premier League,2002,2002/2003
West Bromwich Albion,James Quinn,27,Centre-Forward,Willem II,Free transfer,out,Summer,0,Premier League,2002,2002/2003
West Bromwich Albion,Tony Butler,29,Centre-Back,Bristol City,Free transfer,out,Summer,0,Premier League,2002,2002/2003
West Bromwich Albion,Andy Petterson,32,Goalkeeper,Brighton,Free transfer,out,Summer,0,Premier League,2002,2002/2003
West Bromwich Albion,Elliott Morris,21,Goalkeeper,Glentoran,?,out,Summer,NA,Premier League,2002,2002/2003
West Bromwich Albion,Ruel Fox,34,Right Winger,Retired,-,out,Summer,0,Premier League,2002,2002/2003
Birmingham City,Clinton Morrison,23,Centre-Forward,Crystal Palace,£5.74m,in,Summer,5.74,Premier League,2002,2002/2003
Birmingham City,Aliou Cissé,26,Defensive Midfield,Paris SG,£2.03m,in,Summer,2.03,Premier League,2002,2002/2003
Birmingham City,Robbie Savage,27,Central Midfield,Leicester,£1.69m,in,Summer,1.69,Premier League,2002,2002/2003
Birmingham City,Tom Williams,21,Left-Back,Peterborough,£473Th.,in,Summer,0.473,Premier League,2002,2002/2003
Birmingham City,Darryl Powell,30,Centre-Back,Derby,Free transfer,in,Summer,0,Premier League,2002,2002/2003
Birmingham City,Kenny Cunningham,31,Centre-Back,Wimbledon FC,Free transfer,in,Summer,0,Premier League,2002,2002/2003
Birmingham City,Jovan Kirovski,26,Right Winger,Crystal Palace,Free transfer,in,Summer,0,Premier League,2002,2002/2003
Birmingham City,Tom Williams,22,Left-Back,QPR,"End of loanMay 31, 2003",in,Summer,0,Premier League,2002,2002/2003
Birmingham City,Richard Evans,19,Left Winger,Birmingham U18,-,in,Summer,0,Premier League,2002,2002/2003
Birmingham City,Peter Gilbert,18,Left-Back,Birmingham U18,-,in,Summer,0,Premier League,2002,2002/2003
Birmingham City,Craig Fagan,20,Centre-Forward,Bristol City,"End of loanMay 14, 2003",in,Summer,0,Premier League,2002,2002/2003
Birmingham City,Andy Johnson,21,Centre-Forward,Crystal Palace,£1.04m,out,Summer,1.04,Premier League,2002,2002/2003
Birmingham City,Graham Hyde,31,Defensive Midfield,Petershill FC,Loan,out,Summer,0,Premier League,2002,2002/2003
Birmingham City,Nicky Eaden,29,Right-Back,Wigan,Free transfer,out,Summer,0,Premier League,2002,2002/2003
Birmingham City,David Holdsworth,33,Defender,Bolton,Free transfer,out,Summer,0,Premier League,2002,2002/2003
Birmingham City,Tom Williams,22,Left-Back,QPR,Loan,out,Summer,0,Premier League,2002,2002/2003
Birmingham City,Trésor Luntala,20,Defensive Midfield,Guingamp,Free transfer,out,Summer,0,Premier League,2002,2002/2003
Birmingham City,Jerry Gill,31,Right-Back,Northampton,Free transfer,out,Summer,0,Premier League,2002,2002/2003
Birmingham City,Randriana,18,Left-Back,CS Sedan,Free transfer,out,Summer,0,Premier League,2002,2002/2003
Birmingham City,Danny Sonner,30,Defensive Midfield,Walsall,Free transfer,out,Summer,0,Premier League,2002,2002/2003
Birmingham City,Paul Furlong,33,Centre-Forward,QPR,Free transfer,out,Summer,0,Premier League,2002,2002/2003
Birmingham City,Dele Adebola,27,Centre-Forward,Crystal Palace,Free transfer,out,Summer,0,Premier League,2002,2002/2003
Birmingham City,Tommy Mooney,31,Centre-Forward,Stoke City,Loan,out,Summer,0,Premier League,2002,2002/2003
Birmingham City,Jacques Williams,21,Central Midfield,Without Club,-,out,Summer,0,Premier League,2002,2002/2003
Arsenal FC,Guillaume Warmuz,32,Goalkeeper,Lens,Free transfer,in,Winter,0,Premier League,2002,2002/2003
Arsenal FC,Liam Chilvers,21,Centre-Back,KSK Beveren,"End of loanJan 15, 2003",in,Winter,0,Premier League,2002,2002/2003
Arsenal FC,Justin Hoyte,18,Right-Back,Arsenal U18,-,in,Winter,0,Premier League,2002,2002/2003
Arsenal FC,Jermaine Pennant,20,Right Winger,Watford,"End of loanFeb 15, 2003",in,Winter,0,Premier League,2002,2002/2003
Arsenal FC,Matthew Upson,23,Centre-Back,Reading,"End of loanDec 8, 2002",in,Winter,0,Premier League,2002,2002/2003
Arsenal FC,Matthew Upson,23,Centre-Back,Birmingham,£1.26m,out,Winter,1.26,Premier League,2002,2002/2003
Arsenal FC,Stathis Tavlaridis,22,Centre-Back,Portsmouth,Loan,out,Winter,0,Premier League,2002,2002/2003
Arsenal FC,Moritz Volz,19,Right-Back,Wimbledon FC,Loan,out,Winter,0,Premier League,2002,2002/2003
Arsenal FC,Gilles Grimandi,32,Defensive Midfield,Colorado,Free transfer,out,Winter,0,Premier League,2002,2002/2003
Arsenal FC,Jermaine Pennant,19,Right Winger,Watford,Loan,out,Winter,0,Premier League,2002,2002/2003
Arsenal FC,Graham Barrett,21,Centre-Forward,Brighton,Loan,out,Winter,0,Premier League,2002,2002/2003
Arsenal FC,Liam Chilvers,21,Centre-Back,Colchester Utd.,Loan,out,Winter,0,Premier League,2002,2002/2003
Arsenal FC,Ólafur Ingi Skúlason,19,Defensive Midfield,Fylkir,Loan,out,Winter,0,Premier League,2002,2002/2003
Liverpool FC,Stephen Warnock,20,Left-Back,Bradford,"End of loanNov 12, 2002",in,Winter,0,Premier League,2002,2002/2003
Liverpool FC,Abel Xavier,30,Right-Back,Galatasaray,Loan fee:£1.35m,out,Winter,1.35,Premier League,2002,2002/2003
Liverpool FC,Daniel Sjölund,19,Defensive Midfield,Djurgarden,£450Th.,out,Winter,0.45,Premier League,2002,2002/2003
Liverpool FC,Bernard Diomède,28,Left Winger,AC Ajaccio,Loan,out,Winter,0,Premier League,2002,2002/2003
Liverpool FC,Jon Otsemobor,19,Right-Back,Hull City,Loan,out,Winter,0,Premier League,2002,2002/2003
Liverpool FC,Grégory Vignal,21,Left-Back,SC Bastia,Loan,out,Winter,0,Premier League,2002,2002/2003
Manchester United,Colin Heath,19,Centre-Forward,Man Utd U18,-,in,Winter,0,Premier League,2002,2002/2003
Manchester United,Paul Tierney,20,Left-Back,Crewe Alexandra,"End of loanMar 1, 2003",in,Winter,0,Premier League,2002,2002/2003
Manchester United,Danny Webber,20,Centre-Forward,Watford,"End of loanOct 1, 2002",in,Winter,0,Premier League,2002,2002/2003
Manchester United,Ben Muirhead,19,Centre-Forward,Doncaster,"End of loanDec 1, 2002",in,Winter,0,Premier League,2002,2002/2003
Manchester United,Jimmy Davis,20,Left Winger,Swindon Town,Loan,out,Winter,0,Premier League,2002,2002/2003
Manchester United,Luke Chadwick,22,Attacking Midfield,Reading,Loan,out,Winter,0,Premier League,2002,2002/2003
Manchester United,Ben Muirhead,20,Centre-Forward,Bradford,Free transfer,out,Winter,0,Premier League,2002,2002/2003
Manchester United,Ben Muirhead,19,Centre-Forward,Doncaster,Loan,out,Winter,0,Premier League,2002,2002/2003
Manchester United,Paul Tierney,20,Left-Back,Crewe Alexandra,Loan,out,Winter,0,Premier League,2002,2002/2003
Manchester United,Alan Tate,20,Centre-Back,Swansea,Loan,out,Winter,0,Premier League,2002,2002/2003
Newcastle United,Jonathan Woodgate,23,Centre-Back,Leeds,£12.15m,in,Winter,12.15,Premier League,2002,2002/2003
Newcastle United,Darren Ambrose,19,Left Midfield,Ipswich,£1.35m,in,Winter,1.35,Premier League,2002,2002/2003
Newcastle United,Brian Kerr,21,Defensive Midfield,Coventry,"End of loanNov 1, 2002",in,Winter,0,Premier League,2002,2002/2003
Newcastle United,Diego Gavilán,22,Central Midfield,UAG Tecos,"End of loanDec 1, 2002",in,Winter,0,Premier League,2002,2002/2003
Newcastle United,Tom English,19,Left Midfield,Livingston FC,Free transfer,out,Winter,0,Premier League,2002,2002/2003
Newcastle United,Marcelino,31,Centre-Back,Poli Ejido,Free transfer,out,Winter,0,Premier League,2002,2002/2003
Newcastle United,Michael Chopra,19,Centre-Forward,Watford,Loan,out,Winter,0,Premier League,2002,2002/2003
Newcastle United,Diego Gavilán,22,Central Midfield,Internacional,Loan,out,Winter,0,Premier League,2002,2002/2003
Newcastle United,Brian Kerr,20,Defensive Midfield,Coventry,Loan,out,Winter,0,Premier League,2002,2002/2003
Leeds United,Raúl Bravo,21,Centre-Back,Real Madrid,Loan,in,Winter,0,Premier League,2002,2002/2003
Leeds United,Paul Keegan,18,Central Midfield,Home Farm,Free transfer,in,Winter,0,Premier League,2002,2002/2003
Leeds United,Teddy Lucic,29,Centre-Back,AIK,Loan,in,Winter,0,Premier League,2002,2002/2003
Leeds United,Simon Johnson,19,Centre-Forward,Hull City,"End of loanMar 1, 2003",in,Winter,0,Premier League,2002,2002/2003
Leeds United,Frazer Richardson,20,Right-Back,Stoke City,"End of loanMar 10, 2003",in,Winter,0,Premier League,2002,2002/2003
Leeds United,Tom Newey,20,Left-Back,Cambridge Utd.,"End of loanMar 17, 2003",in,Winter,0,Premier League,2002,2002/2003
Leeds United,Shane Cansdell-Sherriff,20,Centre-Back,Rochdale,"End of loanDec 1, 2002",in,Winter,0,Premier League,2002,2002/2003
Leeds United,Harpal Singh,21,Left Midfield,Bradford,"End of loanDec 1, 2002",in,Winter,0,Premier League,2002,2002/2003
Leeds United,Dejan Milosevic,24,Goalkeeper,Plymouth,"End of loanDec 1, 2002",in,Winter,0,Premier League,2002,2002/2003
Leeds United,Jonathan Woodgate,23,Centre-Back,Newcastle,£12.15m,out,Winter,12.15,Premier League,2002,2002/2003
Leeds United,Robbie Fowler,27,Centre-Forward,Man City,£8.82m,out,Winter,8.82,Premier League,2002,2002/2003
Leeds United,Lee Bowyer,25,Central Midfield,West Ham,£270Th.,out,Winter,0.27,Premier League,2002,2002/2003
Leeds United,Olivier Dacourt,28,Defensive Midfield,AS Roma,Loan,out,Winter,0,Premier League,2002,2002/2003
Leeds United,Frazer Richardson,20,Right-Back,Stoke City,Loan,out,Winter,0,Premier League,2002,2002/2003
Leeds United,Tom Newey,20,Left-Back,Cambridge Utd.,Loan,out,Winter,0,Premier League,2002,2002/2003
Leeds United,Caleb Folan,20,Centre-Forward,Chesterfield FC,Free transfer,out,Winter,0,Premier League,2002,2002/2003
Leeds United,Tom Newey,20,Left-Back,Darlington,Loan,out,Winter,0,Premier League,2002,2002/2003
Leeds United,Shane Cansdell-Sherriff,19,Centre-Back,Rochdale,Loan,out,Winter,0,Premier League,2002,2002/2003
Leeds United,Harpal Singh,21,Left Midfield,Bradford,Loan,out,Winter,0,Premier League,2002,2002/2003
Leeds United,Craig Farrell,19,Centre-Forward,Carlisle United,£14Th.,out,Winter,0.014,Premier League,2002,2002/2003
Leeds United,Dejan Milosevic,24,Goalkeeper,Crewe Alexandra,Loan,out,Winter,0,Premier League,2002,2002/2003
Leeds United,Dejan Milosevic,24,Goalkeeper,Plymouth,Loan,out,Winter,0,Premier League,2002,2002/2003
Chelsea FC,Boy-Boy Mosia,17,Attacking Midfield,Transnet School of Excellence,?,in,Winter,NA,Premier League,2002,2002/2003
Chelsea FC,Carlton Cole,19,Centre-Forward,Wolves,"End of loanJan 3, 2003",in,Winter,0,Premier League,2002,2002/2003
Chelsea FC,Rhys Evans,20,Goalkeeper,Leyton Orient,"End of loanNov 8, 2002",in,Winter,0,Premier League,2002,2002/2003
Chelsea FC,Warren Cummings,22,Left-Back,Dundee United,"End of loanDec 1, 2002",in,Winter,0,Premier League,2002,2002/2003
Chelsea FC,Mikael Forssell,21,Centre-Forward,Bor. M'gladbach,Loan fee:£450Th.,out,Winter,0.45,Premier League,2002,2002/2003
Chelsea FC,Kevin Hitchcock,40,Goalkeeper,Watford,Free transfer,out,Winter,0,Premier League,2002,2002/2003
Chelsea FC,Warren Cummings,22,Left-Back,Bournemouth,Free transfer,out,Winter,0,Premier League,2002,2002/2003
Chelsea FC,Carlton Cole,19,Centre-Forward,Wolves,Loan,out,Winter,0,Premier League,2002,2002/2003
Chelsea FC,Mark Bosnich,31,Goalkeeper,Retired,-,out,Winter,0,Premier League,2002,2002/2003
West Ham United,Lee Bowyer,25,Central Midfield,Leeds,£270Th.,in,Winter,0.27,Premier League,2002,2002/2003
West Ham United,David Noble,21,Central Midfield,Arsenal Res.,£90Th.,in,Winter,0.09,Premier League,2002,2002/2003
West Ham United,Leonidas Vokolos,32,Centre-Back,Panathinaikos,Loan,in,Winter,0,Premier League,2002,2002/2003
West Ham United,Les Ferdinand,36,Centre-Forward,Spurs,Free transfer,in,Winter,0,Premier League,2002,2002/2003
West Ham United,Rufus Brevett,33,Left-Back,Fulham,Free transfer,in,Winter,0,Premier League,2002,2002/2003
West Ham United,Glen Johnson,18,Right-Back,Millwall,"End of loanDec 1, 2002",in,Winter,0,Premier League,2002,2002/2003
West Ham United,Izzy Iriekpen,20,Centre-Back,Leyton Orient,"End of loanDec 1, 2002",in,Winter,0,Premier League,2002,2002/2003
West Ham United,Grant McCann,22,Central Midfield,Cheltenham,£68Th.,out,Winter,0.068,Premier League,2002,2002/2003
West Ham United,Laurent Courtois,24,Left Midfield,FC Istres,Free transfer,out,Winter,0,Premier League,2002,2002/2003
West Ham United,Titi Camara,30,Centre-Forward,Ittihad,Loan,out,Winter,0,Premier League,2002,2002/2003
West Ham United,Izzy Iriekpen,20,Centre-Back,Cambridge Utd.,Loan,out,Winter,0,Premier League,2002,2002/2003
West Ham United,Glen Johnson,18,Right-Back,Millwall,Loan,out,Winter,0,Premier League,2002,2002/2003
West Ham United,Izzy Iriekpen,20,Centre-Back,Leyton Orient,Loan,out,Winter,0,Premier League,2002,2002/2003
West Ham United,Brent Rahim,24,Midfielder,Northampton,?,out,Winter,NA,Premier League,2002,2002/2003
Aston Villa,Joey Gudjónsson,22,Central Midfield,Real Betis,Loan,in,Winter,0,Premier League,2002,2002/2003
Aston Villa,Liam Ridgewell,18,Centre-Back,Aston Villa U23,-,in,Winter,0,Premier League,2002,2002/2003
Aston Villa,Boaz Myhill,19,Goalkeeper,Bristol City,"End of loanOct 1, 2002",in,Winter,0,Premier League,2002,2002/2003
Aston Villa,Michael Boulding,26,Centre-Forward,Sheffield Utd.,"End of loanNov 1, 2002",in,Winter,0,Premier League,2002,2002/2003
Aston Villa,Boaz Myhill,20,Goalkeeper,Bradford,"End of loanDec 31, 2002",in,Winter,0,Premier League,2002,2002/2003
Aston Villa,Gavin Melaugh,21,Midfielder,Rochdale,"End of loanDec 1, 2002",in,Winter,0,Premier League,2002,2002/2003
Aston Villa,Michael Boulding,26,Centre-Forward,Grimsby Town,Free transfer,out,Winter,0,Premier League,2002,2002/2003
Aston Villa,Keith Fahey,19,Central Midfield,Bluebell United,Free transfer,out,Winter,0,Premier League,2002,2002/2003
Aston Villa,Steve Stone,31,Right Midfield,Portsmouth,Free transfer,out,Winter,0,Premier League,2002,2002/2003
Aston Villa,Boaz Myhill,19,Goalkeeper,Bradford,Loan,out,Winter,0,Premier League,2002,2002/2003
Aston Villa,John McGrath,22,Left Midfield,Dag & Red FC,Loan,out,Winter,0,Premier League,2002,2002/2003
Aston Villa,Michael Husbands,19,Midfielder,Hereford Utd.,Loan,out,Winter,0,Premier League,2002,2002/2003
Aston Villa,Gavin Melaugh,21,Midfielder,Rochdale,Loan,out,Winter,0,Premier League,2002,2002/2003
Tottenham Hotspur,Lars Hirschfeld,24,Goalkeeper,Calgary Storm,Free transfer,in,Winter,0,Premier League,2002,2002/2003
Tottenham Hotspur,Kazuyuki Toda,25,Defensive Midfield,Shimizu S-Pulse,Loan,in,Winter,0,Premier League,2002,2002/2003
Tottenham Hotspur,Stephen Kelly,19,Right-Back,Southend United,"End of loanFeb 1, 2003",in,Winter,0,Premier League,2002,2002/2003
Tottenham Hotspur,John Sutton,18,Centre-Forward,Carlisle United,"End of loanNov 1, 2002",in,Winter,0,Premier League,2002,2002/2003
Tottenham Hotspur,John Sutton,19,Centre-Forward,Swindon Town,"End of loanDec 31, 2002",in,Winter,0,Premier League,2002,2002/2003
Tottenham Hotspur,Lee Barnard,18,Centre-Forward,Exeter City,"End of loanDec 18, 2002",in,Winter,0,Premier League,2002,2002/2003
Tottenham Hotspur,Johnnie Jackson,20,Central Midfield,Swindon Town,"End of loanDec 12, 2002",in,Winter,0,Premier League,2002,2002/2003
Tottenham Hotspur,Stephen Clemence,24,Right Midfield,Birmingham,£1.22m,out,Winter,1.22,Premier League,2002,2002/2003
Tottenham Hotspur,Sergiy Rebrov,28,Second Striker,Fenerbahce,Loan,out,Winter,0,Premier League,2002,2002/2003
Tottenham Hotspur,John Sutton,18,Centre-Forward,Swindon Town,Loan,out,Winter,0,Premier League,2002,2002/2003
Tottenham Hotspur,Lee Barnard,18,Centre-Forward,Exeter City,Loan,out,Winter,0,Premier League,2002,2002/2003
Tottenham Hotspur,Gavin Kelly,21,Goalkeeper,Kettering Town,Loan,out,Winter,0,Premier League,2002,2002/2003
Tottenham Hotspur,John Sutton,18,Centre-Forward,Carlisle United,Loan,out,Winter,0,Premier League,2002,2002/2003
Tottenham Hotspur,Stephen Kelly,19,Right-Back,QPR,Loan,out,Winter,0,Premier League,2002,2002/2003
Tottenham Hotspur,Johnnie Jackson,20,Central Midfield,Colchester Utd.,Loan,out,Winter,0,Premier League,2002,2002/2003
Tottenham Hotspur,Rob Burch,19,Goalkeeper,Woking FC,Loan,out,Winter,0,Premier League,2002,2002/2003
Tottenham Hotspur,Lars Hirschfeld,24,Goalkeeper,Luton,Loan,out,Winter,0,Premier League,2002,2002/2003
Tottenham Hotspur,Stephen Kelly,19,Right-Back,Southend United,Loan,out,Winter,0,Premier League,2002,2002/2003
Tottenham Hotspur,Les Ferdinand,36,Centre-Forward,West Ham,Free transfer,out,Winter,0,Premier League,2002,2002/2003
Tottenham Hotspur,Tim Sherwood,33,Central Midfield,Portsmouth,Free transfer,out,Winter,0,Premier League,2002,2002/2003
Tottenham Hotspur,Diego Bortolozzo,20,Defensive Midfield,Francs Borains,Free transfer,out,Winter,0,Premier League,2002,2002/2003
Tottenham Hotspur,Dean Marney,18,Central Midfield,Swindon Town,Loan,out,Winter,0,Premier League,2002,2002/2003
Blackburn Rovers,Vratislav Gresko,25,Left-Back,AC Parma,Loan,in,Winter,0,Premier League,2002,2002/2003
Blackburn Rovers,Craig Hignett,32,Right Winger,Coventry,"End of loanDec 29, 2002",in,Winter,0,Premier League,2002,2002/2003
Blackburn Rovers,Alan Mahon,24,Left Midfield,Cardiff,Loan,out,Winter,0,Premier League,2002,2002/2003
Blackburn Rovers,Matt Jansen,25,Centre-Forward,Coventry,Loan,out,Winter,0,Premier League,2002,2002/2003
Blackburn Rovers,Jonathan Douglas,21,Central Midfield,Chesterfield FC,Loan,out,Winter,0,Premier League,2002,2002/2003
Blackburn Rovers,John Curtis,24,Right-Back,Sheffield Utd.,Loan,out,Winter,0,Premier League,2002,2002/2003
Blackburn Rovers,Jim Corbett,22,Midfielder,Darlington,Loan,out,Winter,0,Premier League,2002,2002/2003
Blackburn Rovers,Marc Richards,20,Centre-Forward,Swansea,Loan,out,Winter,0,Premier League,2002,2002/2003
Blackburn Rovers,Craig Hignett,32,Right Winger,Coventry,Loan,out,Winter,0,Premier League,2002,2002/2003
Blackburn Rovers,Michael Taylor,20,Centre-Back,Rochdale,Loan,out,Winter,0,Premier League,2002,2002/2003
Southampton FC,David Prutton,21,Central Midfield,Nottm Forest,£3.38m,in,Winter,3.38,Premier League,2002,2002/2003
Southampton FC,Danny Higginbotham,24,Centre-Back,Derby,£2.03m,in,Winter,2.03,Premier League,2002,2002/2003
Southampton FC,Federicio Arias,23,Forward,Vélez Sarsfield,Loan,in,Winter,0,Premier League,2002,2002/2003
Southampton FC,Eric Hassli,21,Centre-Forward,FC Metz,Loan,in,Winter,0,Premier League,2002,2002/2003
Southampton FC,Garry Monk,23,Centre-Back,Sheff Wed,"End of loanMar 1, 2003",in,Winter,0,Premier League,2002,2002/2003
Southampton FC,Kevin Davies,25,Centre-Forward,Millwall,"End of loanNov 11, 2002",in,Winter,0,Premier League,2002,2002/2003
Southampton FC,Alan Blayney,21,Goalkeeper,Stockport,"End of loanNov 1, 2002",in,Winter,0,Premier League,2002,2002/2003
Southampton FC,Alan Blayney,21,Goalkeeper,Bournemouth,"End of loanDec 31, 2002",in,Winter,0,Premier League,2002,2002/2003
Southampton FC,Tahar El Khalej,34,Centre-Back,Charlton,Free transfer,out,Winter,0,Premier League,2002,2002/2003
Southampton FC,Andrey Kanchelskis,34,Right Midfield,Hilal,Free transfer,out,Winter,0,Premier League,2002,2002/2003
Southampton FC,Scott McDonald,19,Centre-Forward,Bournemouth,Loan,out,Winter,0,Premier League,2002,2002/2003
Southampton FC,Alan Blayney,20,Goalkeeper,Stockport,Loan,out,Winter,0,Premier League,2002,2002/2003
Southampton FC,Alan Blayney,21,Goalkeeper,Bournemouth,Loan,out,Winter,0,Premier League,2002,2002/2003
Southampton FC,Garry Monk,23,Centre-Back,Sheff Wed,Loan,out,Winter,0,Premier League,2002,2002/2003
Middlesbrough FC,Michael Ricketts,24,Centre-Forward,Bolton,£4.73m,in,Winter,4.73,Premier League,2002,2002/2003
Middlesbrough FC,Chris Riggott,22,Centre-Back,Derby,£2.00m,in,Winter,2,Premier League,2002,2002/2003
Middlesbrough FC,John Eustace,23,Defensive Midfield,Coventry,Loan,in,Winter,0,Premier League,2002,2002/2003
Middlesbrough FC,Tony Vidmar,32,Left-Back,Without Club,-,in,Winter,0,Premier League,2002,2002/2003
Middlesbrough FC,Jamie Cade,18,Right Winger,Boro U18,-,in,Winter,0,Premier League,2002,2002/2003
Middlesbrough FC,Andrew Davies,18,Centre-Back,Boro U18,-,in,Winter,0,Premier League,2002,2002/2003
Middlesbrough FC,Mark Hudson,22,Central Midfield,Carlisle United,"End of loanMar 1, 2003",in,Winter,0,Premier League,2002,2002/2003
Middlesbrough FC,Mark Hudson,22,Central Midfield,Chesterfield FC,"End of loanNov 1, 2002",in,Winter,0,Premier League,2002,2002/2003
Middlesbrough FC,Brad Jones,20,Goalkeeper,Stockport,"End of loanDec 31, 2002",in,Winter,0,Premier League,2002,2002/2003
Middlesbrough FC,Sam Russell,20,Goalkeeper,Darlington,Loan,out,Winter,0,Premier League,2002,2002/2003
Middlesbrough FC,Noel Whelan,28,Centre-Forward,Crystal Palace,Loan,out,Winter,0,Premier League,2002,2002/2003
Middlesbrough FC,Keith Gilroy,19,Left Midfield,Scarborough,Free transfer,out,Winter,0,Premier League,2002,2002/2003
Middlesbrough FC,Dean Windass,33,Centre-Forward,Sheffield Utd.,Free transfer,out,Winter,0,Premier League,2002,2002/2003
Middlesbrough FC,Mark Crossley,33,Goalkeeper,Stoke City,Loan,out,Winter,0,Premier League,2002,2002/2003
Middlesbrough FC,Brad Jones,20,Goalkeeper,Stockport,Loan,out,Winter,0,Premier League,2002,2002/2003
Middlesbrough FC,Mark Hudson,22,Central Midfield,Carlisle United,Loan,out,Winter,0,Premier League,2002,2002/2003
Middlesbrough FC,Allan Johnston,29,Right Midfield,Sheff Wed,Loan,out,Winter,0,Premier League,2002,2002/2003
Middlesbrough FC,Carlos Marinelli,20,Attacking Midfield,Torino,Loan,out,Winter,0,Premier League,2002,2002/2003
Middlesbrough FC,John Eustace,23,Defensive Midfield,Coventry,"End of loanFeb 13, 2003",out,Winter,0,Premier League,2002,2002/2003
Fulham FC,Luke Cornwall,22,Centre-Forward,Lincoln City,"End of loanFeb 17, 2003",in,Winter,0,Premier League,2002,2002/2003
Fulham FC,Calum Willock,21,Centre-Forward,QPR,"End of loanDec 1, 2002",in,Winter,0,Premier League,2002,2002/2003
Fulham FC,Jon Harley,23,Left-Back,Sheffield Utd.,"End of loanDec 1, 2002",in,Winter,0,Premier League,2002,2002/2003
Fulham FC,Stuart Noble,19,Centre-Forward,St. Johnstone,Loan,out,Winter,0,Premier League,2002,2002/2003
Fulham FC,Rufus Brevett,33,Left-Back,West Ham,Free transfer,out,Winter,0,Premier League,2002,2002/2003
Fulham FC,Kieran McAnespie,23,Left-Back,Plymouth,Free transfer,out,Winter,0,Premier League,2002,2002/2003
Fulham FC,Jon Harley,23,Left-Back,Sheffield Utd.,Loan,out,Winter,0,Premier League,2002,2002/2003
Fulham FC,Calum Willock,21,Centre-Forward,QPR,Loan,out,Winter,0,Premier League,2002,2002/2003
Fulham FC,Glyn Thompson,21,Goalkeeper,Northampton,Free transfer,out,Winter,0,Premier League,2002,2002/2003
Fulham FC,Luke Cornwall,22,Centre-Forward,Lincoln City,Loan,out,Winter,0,Premier League,2002,2002/2003
Fulham FC,Chris Coleman,32,Centre-Back,Retired,-,out,Winter,0,Premier League,2002,2002/2003
Charlton Athletic,Hermann Hreidarsson,28,Centre-Back,Ipswich,£1.08m,in,Winter,1.08,Premier League,2002,2002/2003
Charlton Athletic,Tahar El Khalej,34,Centre-Back,Southampton,Free transfer,in,Winter,0,Premier League,2002,2002/2003
Charlton Athletic,Ben Roberts,27,Goalkeeper,Brighton,"End of loanFeb 1, 2003",in,Winter,0,Premier League,2002,2002/2003
Charlton Athletic,Ben Roberts,27,Goalkeeper,Luton,"End of loanNov 1, 2002",in,Winter,0,Premier League,2002,2002/2003
Charlton Athletic,Jamal Campbell-Ryce,19,Right Winger,Leyton Orient,"End of loanNov 8, 2002",in,Winter,0,Premier League,2002,2002/2003
Charlton Athletic,Ben Roberts,27,Goalkeeper,Brighton,Loan,out,Winter,0,Premier League,2002,2002/2003
Charlton Athletic,Michael Turner,19,Centre-Back,Leyton Orient,Loan,out,Winter,0,Premier League,2002,2002/2003
Charlton Athletic,Steve Brown,30,Centre-Back,Reading,Free transfer,out,Winter,0,Premier League,2002,2002/2003
Everton FC,Lee Carsley,28,Defensive Midfield,Coventry,£2.57m,in,Winter,2.57,Premier League,2002,2002/2003
Everton FC,Espen Baardsen,25,Goalkeeper,Watford,£1.69m,in,Winter,1.69,Premier League,2002,2002/2003
Everton FC,Brian McBride,30,Centre-Forward,Columbus Crew,Loan,in,Winter,0,Premier League,2002,2002/2003
Everton FC,George Pilkington,21,Centre-Back,Exeter City,"End of loanJan 5, 2003",in,Winter,0,Premier League,2002,2002/2003
Everton FC,Leon Osman,21,Central Midfield,Carlisle United,"End of loanJan 13, 2003",in,Winter,0,Premier League,2002,2002/2003
Everton FC,Peter Clarke,20,Centre-Back,Blackpool,"End of loanNov 6, 2002",in,Winter,0,Premier League,2002,2002/2003
Everton FC,Paul Gerrard,29,Goalkeeper,Ipswich,"End of loanDec 13, 2002",in,Winter,0,Premier League,2002,2002/2003
Everton FC,Kevin McLeod,22,Left Midfield,QPR,£338Th.,out,Winter,0.338,Premier League,2002,2002/2003
Everton FC,Peter Clarke,21,Centre-Back,Port Vale,Loan,out,Winter,0,Premier League,2002,2002/2003
Everton FC,Nick Chadwick,20,Centre-Forward,Derby,Loan,out,Winter,0,Premier League,2002,2002/2003
Everton FC,Leon Osman,21,Central Midfield,Carlisle United,Loan,out,Winter,0,Premier League,2002,2002/2003
Everton FC,Paul Gerrard,29,Goalkeeper,Ipswich,Loan,out,Winter,0,Premier League,2002,2002/2003
Everton FC,George Pilkington,20,Centre-Back,Exeter City,Loan,out,Winter,0,Premier League,2002,2002/2003
Everton FC,Joe-Max Moore,31,Centre-Forward,Revolution,Free transfer,out,Winter,0,Premier League,2002,2002/2003
Everton FC,Andrew Pettinger,18,Goalkeeper,Grimsby Town,Free transfer,out,Winter,0,Premier League,2002,2002/2003
Everton FC,Brian McBride,30,Centre-Forward,Columbus Crew,"End of loanMar 21, 2003",out,Winter,0,Premier League,2002,2002/2003
Bolton Wanderers,Salva Ballesta,27,Centre-Forward,Valencia,Loan,in,Winter,0,Premier League,2002,2002/2003
Bolton Wanderers,Kangana N'Diwa,19,Defender,Djurgarden,Free transfer,in,Winter,0,Premier League,2002,2002/2003
Bolton Wanderers,Pierre-Yves André,28,Centre-Forward,FC Nantes,Loan,in,Winter,0,Premier League,2002,2002/2003
Bolton Wanderers,Steve Banks,30,Goalkeeper,Stoke City,"End of loanFeb 1, 2003",in,Winter,0,Premier League,2002,2002/2003
Bolton Wanderers,Steve Banks,30,Goalkeeper,Bradford,"End of loanNov 1, 2002",in,Winter,0,Premier League,2002,2002/2003
Bolton Wanderers,Nicky Southall,30,Right Midfield,Norwich,"End of loanNov 1, 2002",in,Winter,0,Premier League,2002,2002/2003
Bolton Wanderers,Delroy Facey,22,Centre-Forward,Bradford,"End of loanDec 1, 2002",in,Winter,0,Premier League,2002,2002/2003
Bolton Wanderers,Michael Ricketts,24,Centre-Forward,Middlesbrough,£4.73m,out,Winter,4.73,Premier League,2002,2002/2003
Bolton Wanderers,Dean Holdsworth,34,Centre-Forward,Coventry,Free transfer,out,Winter,0,Premier League,2002,2002/2003
Bolton Wanderers,Cleveland Taylor,19,Right Midfield,Scarborough Athletic,Loan,out,Winter,0,Premier League,2002,2002/2003
Bolton Wanderers,Paul Warhurst,33,Centre-Back,Stoke City,Loan,out,Winter,0,Premier League,2002,2002/2003
Bolton Wanderers,Steve Banks,31,Goalkeeper,Stoke City,Free transfer,out,Winter,0,Premier League,2002,2002/2003
Bolton Wanderers,Gareth Farrelly,27,Left Midfield,Rotherham,Loan,out,Winter,0,Premier League,2002,2002/2003
Bolton Wanderers,Jonathan Walters,19,Right Winger,Hull City,Loan,out,Winter,0,Premier League,2002,2002/2003
Bolton Wanderers,Delroy Facey,22,Centre-Forward,Bradford,Loan,out,Winter,0,Premier League,2002,2002/2003
Bolton Wanderers,Derek Niven,18,Defensive Midfield,Chesterfield FC,Free transfer,out,Winter,0,Premier League,2002,2002/2003
Bolton Wanderers,Leam Richardson,23,Left-Back,Blackpool,Free transfer,out,Winter,0,Premier League,2002,2002/2003
Bolton Wanderers,Nicky Southall,30,Right Midfield,Gillingham FC,Free transfer,out,Winter,0,Premier League,2002,2002/2003
Bolton Wanderers,David Norris,21,Central Midfield,Plymouth,£34Th.,out,Winter,0.034,Premier League,2002,2002/2003
Bolton Wanderers,Colin Hendry,36,Centre-Back,Blackpool,Loan,out,Winter,0,Premier League,2002,2002/2003
Bolton Wanderers,Steve Banks,30,Goalkeeper,Stoke City,Loan,out,Winter,0,Premier League,2002,2002/2003
Bolton Wanderers,David Holdsworth,33,Defender,Scarborough,?,out,Winter,NA,Premier League,2002,2002/2003
Bolton Wanderers,Bülent Akin,24,Defensive Midfield,Without Club,-,out,Winter,0,Premier League,2002,2002/2003
Bolton Wanderers,Stig Töfting,33,Defensive Midfield,Without Club,-,out,Winter,0,Premier League,2002,2002/2003
Sunderland AFC,Mart Poom,30,Goalkeeper,Derby,£3.38m,in,Winter,3.38,Premier League,2002,2002/2003
Sunderland AFC,Thomas Myhre,29,Goalkeeper,Besiktas,Free transfer,in,Winter,0,Premier League,2002,2002/2003
Sunderland AFC,Talal El Karkouri,26,Centre-Back,Paris SG,Loan,in,Winter,0,Premier League,2002,2002/2003
Sunderland AFC,John Oster,24,Central Midfield,Grimsby Town,"End of loanMar 1, 2003",in,Winter,0,Premier League,2002,2002/2003
Sunderland AFC,Michael Ingham,22,Goalkeeper,Stockport,"End of loanOct 1, 2002",in,Winter,0,Premier League,2002,2002/2003
Sunderland AFC,Michael Proctor,21,Centre-Forward,Bradford,"End of loanOct 1, 2002",in,Winter,0,Premier League,2002,2002/2003
Sunderland AFC,Sean Thornton,19,Central Midfield,Blackpool,"End of loanDec 31, 2002",in,Winter,0,Premier League,2002,2002/2003
Sunderland AFC,Michael Ingham,22,Goalkeeper,Darlington,"End of loanDec 1, 2002",in,Winter,0,Premier League,2002,2002/2003
Sunderland AFC,Dene Shields,20,Centre-Forward,Doncaster,"End of loanDec 1, 2002",in,Winter,0,Premier League,2002,2002/2003
Sunderland AFC,John Oster,23,Central Midfield,Grimsby Town,"End of loanDec 1, 2002",in,Winter,0,Premier League,2002,2002/2003
Sunderland AFC,Michael Ingham,22,Goalkeeper,York City,Loan,out,Winter,0,Premier League,2002,2002/2003
Sunderland AFC,Dene Shields,20,Centre-Forward,Raith Rovers,Free transfer,out,Winter,0,Premier League,2002,2002/2003
Sunderland AFC,Stanislav Varga,30,Centre-Back,Celtic,Free transfer,out,Winter,0,Premier League,2002,2002/2003
Sunderland AFC,John Oster,24,Central Midfield,Grimsby Town,Loan,out,Winter,0,Premier League,2002,2002/2003
Sunderland AFC,John Oster,23,Central Midfield,Grimsby Town,Loan,out,Winter,0,Premier League,2002,2002/2003
Sunderland AFC,Michael Ingham,22,Goalkeeper,Darlington,Loan,out,Winter,0,Premier League,2002,2002/2003
Sunderland AFC,Sean Thornton,19,Central Midfield,Blackpool,Loan,out,Winter,0,Premier League,2002,2002/2003
Sunderland AFC,Cliff Byrne,20,Right-Back,Scunthorpe Utd.,Free transfer,out,Winter,0,Premier League,2002,2002/2003
Sunderland AFC,Niall Quinn,36,Centre-Forward,Retired,-,out,Winter,0,Premier League,2002,2002/2003
Manchester City,Robbie Fowler,27,Centre-Forward,Leeds,£8.82m,in,Winter,8.82,Premier League,2002,2002/2003
Manchester City,Djamel Belmadi,26,Right Midfield,Marseille,Loan,in,Winter,0,Premier League,2002,2002/2003
Manchester City,Joey Barton,20,Central Midfield,Man City Res.,-,in,Winter,0,Premier League,2002,2002/2003
Manchester City,Jeff Whitley,23,Defensive Midfield,Notts County,"End of loanDec 31, 2002",in,Winter,0,Premier League,2002,2002/2003
Manchester City,Laurent Charvet,29,Right-Back,FC Sochaux,Free transfer,out,Winter,0,Premier League,2002,2002/2003
Manchester City,Karim Kerkar,25,Attacking Midfield,Al-Sailiya SC,Free transfer,out,Winter,0,Premier League,2002,2002/2003
Manchester City,Darren Huckerby,26,Right Winger,Nottm Forest,Loan,out,Winter,0,Premier League,2002,2002/2003
Manchester City,Jeff Whitley,23,Defensive Midfield,Notts County,Loan,out,Winter,0,Premier League,2002,2002/2003
Manchester City,Rhys Day,20,Centre-Back,Mansfield Town,Free transfer,out,Winter,0,Premier League,2002,2002/2003
West Bromwich Albion,Ifeanyi Udeze,22,Left-Back,PAOK Salonika,£630Th.,in,Winter,0.63,Premier League,2002,2002/2003
West Bromwich Albion,Chris Adamson,24,Goalkeeper,Halesowen,Loan,out,Winter,0,Premier League,2002,2002/2003
Birmingham City,Jamie Clapham,27,Left-Back,Ipswich,£1.67m,in,Winter,1.67,Premier League,2002,2002/2003
Birmingham City,Matthew Upson,23,Centre-Back,Arsenal,£1.26m,in,Winter,1.26,Premier League,2002,2002/2003
Birmingham City,Stephen Clemence,24,Right Midfield,Spurs,£1.22m,in,Winter,1.22,Premier League,2002,2002/2003
Birmingham City,Ferdinand Coly,29,Right-Back,Lens,Loan,in,Winter,0,Premier League,2002,2002/2003
Birmingham City,Christophe Dugarry,30,Centre-Forward,G. Bordeaux,Free transfer,in,Winter,0,Premier League,2002,2002/2003
Birmingham City,Andy Marriott,32,Goalkeeper,Barnsley FC,£45Th.,in,Winter,0.045,Premier League,2002,2002/2003
Birmingham City,Piotr Swierczewski,30,Defensive Midfield,Marseille,Loan,in,Winter,0,Premier League,2002,2002/2003
Birmingham City,Graham Hyde,31,Defensive Midfield,Petershill FC,"End of loanNov 1, 2002",in,Winter,0,Premier League,2002,2002/2003
Birmingham City,Tommy Mooney,31,Centre-Forward,Stoke City,"End of loanDec 1, 2002",in,Winter,0,Premier League,2002,2002/2003
Birmingham City,Craig Fagan,20,Centre-Forward,Bristol City,Loan,out,Winter,0,Premier League,2002,2002/2003
Birmingham City,Curtis Woodhouse,22,Attacking Midfield,Rotherham,Loan,out,Winter,0,Premier League,2002,2002/2003
Birmingham City,Darryl Powell,31,Centre-Back,Sheffield Utd.,Free transfer,out,Winter,0,Premier League,2002,2002/2003
Birmingham City,Graham Hyde,31,Defensive Midfield,Bristol Rovers,Free transfer,out,Winter,0,Premier League,2002,2002/2003
Birmingham City,Tommy Mooney,31,Centre-Forward,Stoke City,Loan,out,Winter,0,Premier League,2002,2002/2003
