club_name,player_name,age,position,club_involved_name,fee,transfer_movement,transfer_period,fee_cleaned,league_name,year,season
Zenit St. Petersburg,Hulk,26,Right Winger,FC Porto,£36.00m,in,Summer,36,Premier Liga,2012,2012/2013
Zenit St. Petersburg,Axel Witsel,23,Defensive Midfield,Benfica,£36.00m,in,Summer,36,Premier Liga,2012,2012/2013
Zenit St. Petersburg,Renat Yanbaev,28,Left-Back,Loko Moscow,Loan,in,Summer,0,Premier Liga,2012,2012/2013
Zenit St. Petersburg,Luka Djordjevic,17,Centre-Forward,Mogren Budva,?,in,Summer,NA,Premier Liga,2012,2012/2013
Zenit St. Petersburg,Michael Lumb,24,Left-Back,SC Freiburg,"End of loanJun 30, 2012",in,Summer,0,Premier Liga,2012,2012/2013
Zenit St. Petersburg,Szabolcs Huszti,29,Central Midfield,Hannover 96,£675Th.,out,Summer,0.675,Premier Liga,2012,2012/2013
Zenit St. Petersburg,Alessandro Rosina,28,Right Winger,Siena,Free transfer,out,Summer,0,Premier Liga,2012,2012/2013
CSKA Moscow,Mário Fernandes,21,Right-Back,Grêmio,£9.45m,in,Summer,9.45,Premier Liga,2012,2012/2013
CSKA Moscow,Rasmus Elm,24,Central Midfield,AZ Alkmaar,£5.40m,in,Summer,5.4,Premier Liga,2012,2012/2013
CSKA Moscow,Anton Zabolotny,21,Centre-Forward,CSKA Moscow II,-,in,Summer,0,Premier Liga,2012,2012/2013
CSKA Moscow,Ricardo Jesus,27,Centre-Forward,Portuguesa,"End of loanAug 27, 2012",in,Summer,0,Premier Liga,2012,2012/2013
CSKA Moscow,Moussa Maazou,23,Centre-Forward,Le Mans FC,"End of loanJun 30, 2012",in,Summer,0,Premier Liga,2012,2012/2013
CSKA Moscow,Ricardo Jesus,27,Centre-Forward,Avaí FC,Loan,out,Summer,0,Premier Liga,2012,2012/2013
CSKA Moscow,Moussa Maazou,23,Centre-Forward,ES Sahel,?,out,Summer,NA,Premier Liga,2012,2012/2013
CSKA Moscow,Deividas Semberas,33,Defensive Midfield,Spartak V-kavkaz,?,out,Summer,NA,Premier Liga,2012,2012/2013
CSKA Moscow,Evgeni Aldonin,32,Defensive Midfield,Mordovia,Loan,out,Summer,0,Premier Liga,2012,2012/2013
Spartak Moscow,Rômulo,21,Defensive Midfield,Vasco da Gama,£7.20m,in,Summer,7.2,Premier Liga,2012,2012/2013
Spartak Moscow,Juan Insaurralde,27,Centre-Back,Boca Juniors,£2.97m,in,Summer,2.97,Premier Liga,2012,2012/2013
Spartak Moscow,Kim Källström,29,Central Midfield,Olympique Lyon,£2.70m,in,Summer,2.7,Premier Liga,2012,2012/2013
Spartak Moscow,José Manuel Jurado,26,Attacking Midfield,FC Schalke 04,Loan fee:£1.35m,in,Summer,1.35,Premier Liga,2012,2012/2013
Spartak Moscow,Aleksandr Kozlov,19,Centre-Forward,Khimki,"End of loanSep 5, 2012",in,Summer,0,Premier Liga,2012,2012/2013
Spartak Moscow,Aleksandr Prudnikov,23,Centre-Forward,Anzhi,"End of loanJun 30, 2012",in,Summer,0,Premier Liga,2012,2012/2013
Spartak Moscow,Pavel Yakovlev,21,Left Winger,KS Samara,"End of loanJun 30, 2012",in,Summer,0,Premier Liga,2012,2012/2013
Spartak Moscow,Sergey Pesjakov,23,Goalkeeper,Rostov,"End of loanJun 30, 2012",in,Summer,0,Premier Liga,2012,2012/2013
Spartak Moscow,Emin Makhmudov,20,Central Midfield,Tom Tomsk,"End of loanJun 30, 2012",in,Summer,0,Premier Liga,2012,2012/2013
Spartak Moscow,Marcos Rojo,22,Centre-Back,Sporting CP,£3.60m,out,Summer,3.6,Premier Liga,2012,2012/2013
Spartak Moscow,Fedor Kudryashov,25,Left-Back,Terek Grozny,£540Th.,out,Summer,0.54,Premier Liga,2012,2012/2013
Spartak Moscow,Aleksandr Sheshukov,29,Centre-Back,Rostov,Free transfer,out,Summer,0,Premier Liga,2012,2012/2013
Spartak Moscow,Rodri,28,Centre-Back,Rayo Vallecano,Free transfer,out,Summer,0,Premier Liga,2012,2012/2013
Spartak Moscow,Nikolay Zabolotnyi,22,Goalkeeper,Rostov,Loan,out,Summer,0,Premier Liga,2012,2012/2013
Spartak Moscow,Aleksandr Kozlov,19,Centre-Forward,Khimki,Loan,out,Summer,0,Premier Liga,2012,2012/2013
Spartak Moscow,Aleksandr Prudnikov,23,Centre-Forward,Kuban Krasnodar,Loan,out,Summer,0,Premier Liga,2012,2012/2013
Spartak Moscow,Aleksandr Zotov,22,Central Midfield,Tom Tomsk,Loan,out,Summer,0,Premier Liga,2012,2012/2013
Rubin Kazan,Salomón Rondón,22,Centre-Forward,Málaga CF,£8.10m,in,Summer,8.1,Premier Liga,2012,2012/2013
Rubin Kazan,Gökhan Töre,20,Right Winger,Hamburger SV,£5.40m,in,Summer,5.4,Premier Liga,2012,2012/2013
Rubin Kazan,Iván Marcano,25,Centre-Back,Villarreal,£4.50m,in,Summer,4.5,Premier Liga,2012,2012/2013
Rubin Kazan,Ivan Temnikov,23,Right-Back,Dinamo Bryansk,Free transfer,in,Summer,0,Premier Liga,2012,2012/2013
Rubin Kazan,Pablo Orbaiz,33,Defensive Midfield,Athletic,Free transfer,in,Summer,0,Premier Liga,2012,2012/2013
Rubin Kazan,Sergey Davydov,27,Centre-Forward,Dynamo Moscow,"End of loanMay 31, 2013",in,Summer,0,Premier Liga,2012,2012/2013
Rubin Kazan,Roman Adamov,30,Centre-Forward,Rostov,"End of loanJun 30, 2012",in,Summer,0,Premier Liga,2012,2012/2013
Rubin Kazan,Evgeniy Balyajkin,24,Defensive Midfield,Tom Tomsk,"End of loanJun 30, 2012",in,Summer,0,Premier Liga,2012,2012/2013
Rubin Kazan,Vagiz Galiulin,24,Right Midfield,Sibir,"End of loanJun 30, 2012",in,Summer,0,Premier Liga,2012,2012/2013
Rubin Kazan,Igor Portnyagin,23,Centre-Forward,Tom Tomsk,"End of loanJun 30, 2012",in,Summer,0,Premier Liga,2012,2012/2013
Rubin Kazan,Ilie Cebanu,25,Goalkeeper,Tom Tomsk,"End of loanJun 30, 2012",in,Summer,0,Premier Liga,2012,2012/2013
Rubin Kazan,Obafemi Martins,27,Centre-Forward,Levante,Free transfer,out,Summer,0,Premier Liga,2012,2012/2013
Rubin Kazan,Nelson Haedo Valdez,28,Centre-Forward,Valencia,Loan,out,Summer,0,Premier Liga,2012,2012/2013
Rubin Kazan,Roman Adamov,30,Centre-Forward,Rostov,Free transfer,out,Summer,0,Premier Liga,2012,2012/2013
Rubin Kazan,Solomon Kvirkvelia,20,Centre-Back,Neftekhimik,Loan,out,Summer,0,Premier Liga,2012,2012/2013
Rubin Kazan,Jonathan Valle,27,Attacking Midfield,Recr. Huelva,Free transfer,out,Summer,0,Premier Liga,2012,2012/2013
Rubin Kazan,Vagiz Galiulin,24,Right Midfield,Neftekhimik,Loan,out,Summer,0,Premier Liga,2012,2012/2013
Rubin Kazan,Igor Portnyagin,23,Centre-Forward,Neftekhimik,Loan,out,Summer,0,Premier Liga,2012,2012/2013
Rubin Kazan,Sergey Kislyak,24,Defensive Midfield,Krasnodar,Loan,out,Summer,0,Premier Liga,2012,2012/2013
Rubin Kazan,Evgeniy Balyajkin,24,Defensive Midfield,KS Samara,?,out,Summer,NA,Premier Liga,2012,2012/2013
Rubin Kazan,Ilie Cebanu,25,Goalkeeper,Tom Tomsk,?,out,Summer,NA,Premier Liga,2012,2012/2013
Rubin Kazan,Petr Nemov,28,Right Midfield,KS Samara,?,out,Summer,NA,Premier Liga,2012,2012/2013
Anzhi Makhachkala,Lacina Traore,22,Centre-Forward,Kuban Krasnodar,£16.20m,in,Summer,16.2,Premier Liga,2012,2012/2013
Anzhi Makhachkala,Ewerton,23,Centre-Back,Coimbra-MG,£4.86m,in,Summer,4.86,Premier Liga,2012,2012/2013
Anzhi Makhachkala,Lassana Diarra,27,Defensive Midfield,Real Madrid,£4.50m,in,Summer,4.5,Premier Liga,2012,2012/2013
Anzhi Makhachkala,Serder Serderov,18,Left Winger,CSKA Moscow II,?,in,Summer,NA,Premier Liga,2012,2012/2013
Anzhi Makhachkala,Fedor Smolov,22,Centre-Forward,Dynamo Moscow,Loan,in,Summer,0,Premier Liga,2012,2012/2013
Anzhi Makhachkala,Nikita Burmistrov,23,Right Winger,Amkar Perm,?,in,Summer,NA,Premier Liga,2012,2012/2013
Anzhi Makhachkala,Myroslav Slavov,21,Centre-Forward,Metallurg D.,"End of loanJun 30, 2012",in,Summer,0,Premier Liga,2012,2012/2013
Anzhi Makhachkala,Irakli Klimiashvili,24,Central Midfield,Pakhtakor,"End of loanJun 30, 2012",in,Summer,0,Premier Liga,2012,2012/2013
Anzhi Makhachkala,Arafat Djako,23,Second Striker,Al-Arabi SC,"End of loanJun 30, 2012",in,Summer,0,Premier Liga,2012,2012/2013
Anzhi Makhachkala,Ilya Kukharchuk,21,Right Winger,Ural,"End of loanJun 30, 2012",in,Summer,0,Premier Liga,2012,2012/2013
Anzhi Makhachkala,Aleksandr Makarov,33,Goalkeeper,Sibir,Free transfer,out,Summer,0,Premier Liga,2012,2012/2013
Anzhi Makhachkala,Myroslav Slavov,21,Centre-Forward,Vienna,Free transfer,out,Summer,0,Premier Liga,2012,2012/2013
Anzhi Makhachkala,Ilya Kukharchuk,21,Right Winger,Ural,Free transfer,out,Summer,0,Premier Liga,2012,2012/2013
Anzhi Makhachkala,Benoît Angbwa,30,Right-Back,Rostov,Free transfer,out,Summer,0,Premier Liga,2012,2012/2013
Anzhi Makhachkala,Jan Holenda,26,Centre-Forward,Rostov,Free transfer,out,Summer,0,Premier Liga,2012,2012/2013
Anzhi Makhachkala,Makhach Gadzhiev,24,Right Midfield,SK Tavriya,Free transfer,out,Summer,0,Premier Liga,2012,2012/2013
Anzhi Makhachkala,Aleksey Ivanov,31,Right Midfield,Mordovia,Free transfer,out,Summer,0,Premier Liga,2012,2012/2013
Anzhi Makhachkala,Arafat Djako,23,Second Striker,Inter Baku,?,out,Summer,NA,Premier Liga,2012,2012/2013
Anzhi Makhachkala,Irakli Klimiashvili,24,Central Midfield,FC Dila,?,out,Summer,NA,Premier Liga,2012,2012/2013
Anzhi Makhachkala,Aleksey Igonin,36,Defensive Midfield,Retired,-,out,Summer,0,Premier Liga,2012,2012/2013
Anzhi Makhachkala,Roberto Carlos,39,Left-Back,Career break,-,out,Summer,0,Premier Liga,2012,2012/2013
Anzhi Makhachkala,Aleksandr Prudnikov,23,Centre-Forward,Spartak Moscow,"End of loanJun 30, 2012",out,Summer,0,Premier Liga,2012,2012/2013
Dynamo Moscow,Gordon Schildenfeld,27,Centre-Back,E. Frankfurt,£1.80m,in,Summer,1.8,Premier Liga,2012,2012/2013
Dynamo Moscow,Jakob Jantscher,23,Left Midfield,RB Salzburg,Loan fee:£1.35m,in,Summer,1.35,Premier Liga,2012,2012/2013
Dynamo Moscow,Otman Bakkal,27,Attacking Midfield,PSV Eindhoven,Free transfer,in,Summer,0,Premier Liga,2012,2012/2013
Dynamo Moscow,Nikita Chicherin,21,Right-Back,Dynamo M II,-,in,Summer,0,Premier Liga,2012,2012/2013
Dynamo Moscow,Adrian Ropotan,26,Central Midfield,Tom Tomsk,"End of loanJun 30, 2012",in,Summer,0,Premier Liga,2012,2012/2013
Dynamo Moscow,Boris Rotenberg,26,Right-Back,Kuban Krasnodar,"End of loanJun 30, 2012",in,Summer,0,Premier Liga,2012,2012/2013
Dynamo Moscow,Denis Kolodin,30,Centre-Back,Rostov,"End of loanJun 30, 2012",in,Summer,0,Premier Liga,2012,2012/2013
Dynamo Moscow,Tomislav Dujmovic,31,Central Midfield,Real Zaragoza,"End of loanJun 30, 2012",in,Summer,0,Premier Liga,2012,2012/2013
Dynamo Moscow,Yuri Kirillov,22,Defensive Midfield,Ural,"End of loanJun 30, 2012",in,Summer,0,Premier Liga,2012,2012/2013
Dynamo Moscow,Alan Gatagov,21,Left Midfield,Tom Tomsk,"End of loanJun 30, 2012",in,Summer,0,Premier Liga,2012,2012/2013
Dynamo Moscow,Aleksandr Samedov,27,Right Winger,Loko Moscow,£7.20m,out,Summer,7.2,Premier Liga,2012,2012/2013
Dynamo Moscow,Andriy Voronin,33,Second Striker,F. Düsseldorf,Loan fee:£450Th.,out,Summer,0.45,Premier Liga,2012,2012/2013
Dynamo Moscow,Alexandru Epureanu,25,Centre-Back,KS Samara,Loan,out,Summer,0,Premier Liga,2012,2012/2013
Dynamo Moscow,Igor Shitov,25,Right-Back,Mordovia,Loan,out,Summer,0,Premier Liga,2012,2012/2013
Dynamo Moscow,Yuri Kirillov,22,Defensive Midfield,Ufa,Loan,out,Summer,0,Premier Liga,2012,2012/2013
Dynamo Moscow,Vladimir Kisenkov,30,Right-Back,Rostov,Loan,out,Summer,0,Premier Liga,2012,2012/2013
Dynamo Moscow,Fedor Smolov,22,Centre-Forward,Anzhi,Loan,out,Summer,0,Premier Liga,2012,2012/2013
Dynamo Moscow,Tomislav Dujmovic,31,Central Midfield,Mordovia,Loan,out,Summer,0,Premier Liga,2012,2012/2013
Dynamo Moscow,Boris Rotenberg,26,Right-Back,Olympiakos N.,Loan,out,Summer,0,Premier Liga,2012,2012/2013
Dynamo Moscow,Sergey Davydov,27,Centre-Forward,Rubin Kazan,"End of loanMay 31, 2013",out,Summer,0,Premier Liga,2012,2012/2013
Lokomotiv Moscow,Aleksandr Samedov,27,Right Winger,Dynamo Moscow,£7.20m,in,Summer,7.2,Premier Liga,2012,2012/2013
Lokomotiv Moscow,Vedran Corluka,26,Centre-Back,Spurs,£6.30m,in,Summer,6.3,Premier Liga,2012,2012/2013
Lokomotiv Moscow,Dame N'Doye,27,Centre-Forward,FC Copenhagen,£4.50m,in,Summer,4.5,Premier Liga,2012,2012/2013
Lokomotiv Moscow,Dario Kresic,28,Goalkeeper,PAOK Salonika,Free transfer,in,Summer,0,Premier Liga,2012,2012/2013
Lokomotiv Moscow,Reto Ziegler,26,Centre-Back,Juventus,Loan,in,Summer,0,Premier Liga,2012,2012/2013
Lokomotiv Moscow,Miroslav Lobantsev,17,Goalkeeper,Loko Moscow II,-,in,Summer,0,Premier Liga,2012,2012/2013
Lokomotiv Moscow,Artur Sarkisov,25,Right Winger,Shinnik,"End of loanJun 30, 2012",in,Summer,0,Premier Liga,2012,2012/2013
Lokomotiv Moscow,Igor Smolnikov,23,Right-Back,Rostov,"End of loanJun 30, 2012",in,Summer,0,Premier Liga,2012,2012/2013
Lokomotiv Moscow,Ruslan Nakhushev,27,Centre-Back,Tom Tomsk,"End of loanJun 30, 2012",in,Summer,0,Premier Liga,2012,2012/2013
Lokomotiv Moscow,Aleksandr Minchenkov,23,Centre-Forward,Mordovia,"End of loanJun 30, 2012",in,Summer,0,Premier Liga,2012,2012/2013
Lokomotiv Moscow,Andrey Ivanov,23,Left-Back,Tom Tomsk,"End of loanJun 30, 2012",in,Summer,0,Premier Liga,2012,2012/2013
Lokomotiv Moscow,Vladislav Ignatjev,25,Right-Back,Krasnodar,£3.60m,out,Summer,3.6,Premier Liga,2012,2012/2013
Lokomotiv Moscow,Igor Smolnikov,23,Right-Back,Rostov,£630Th.,out,Summer,0.63,Premier Liga,2012,2012/2013
Lokomotiv Moscow,Renat Yanbaev,28,Left-Back,Zenit S-Pb,Loan,out,Summer,0,Premier Liga,2012,2012/2013
Lokomotiv Moscow,Stanislav Ivanov,31,Central Midfield,Sheriff,Free transfer,out,Summer,0,Premier Liga,2012,2012/2013
Lokomotiv Moscow,Manuel da Costa,26,Centre-Back,Nacional,Loan,out,Summer,0,Premier Liga,2012,2012/2013
Lokomotiv Moscow,Senijad Ibricic,26,Attacking Midfield,Gaziantepspor,?,out,Summer,NA,Premier Liga,2012,2012/2013
Lokomotiv Moscow,Artur Sarkisov,25,Right Winger,Volga NN,Loan,out,Summer,0,Premier Liga,2012,2012/2013
Lokomotiv Moscow,Andrey Ivanov,23,Left-Back,Rostov,Loan,out,Summer,0,Premier Liga,2012,2012/2013
Lokomotiv Moscow,Anton Amelchenko,27,Goalkeeper,Terek Grozny,Loan,out,Summer,0,Premier Liga,2012,2012/2013
Lokomotiv Moscow,Ruslan Nakhushev,27,Centre-Back,Krasnodar,?,out,Summer,NA,Premier Liga,2012,2012/2013
Lokomotiv Moscow,Aleksandr Minchenkov,23,Centre-Forward,Career break,-,out,Summer,0,Premier Liga,2012,2012/2013
Kuban Krasnodar,Ibrahima Balde,23,Centre-Forward,CA Osasuna,£3.60m,in,Summer,3.6,Premier Liga,2012,2012/2013
Kuban Krasnodar,Aras Özbiliz,22,Right Winger,Ajax,£2.70m,in,Summer,2.7,Premier Liga,2012,2012/2013
Kuban Krasnodar,Ivelin Popov,24,Attacking Midfield,Gaziantepspor,£1.80m,in,Summer,1.8,Premier Liga,2012,2012/2013
Kuban Krasnodar,Ángel Dealbert,29,Centre-Back,Valencia,Free transfer,in,Summer,0,Premier Liga,2012,2012/2013
Kuban Krasnodar,Daniel Niculae,29,Centre-Forward,Monaco,Free transfer,in,Summer,0,Premier Liga,2012,2012/2013
Kuban Krasnodar,Abdulwaheed Afolabi,20,Centre-Forward,SK Tavriya,Free transfer,in,Summer,0,Premier Liga,2012,2012/2013
Kuban Krasnodar,Aleksandr Prudnikov,23,Centre-Forward,Spartak Moscow,Loan,in,Summer,0,Premier Liga,2012,2012/2013
Kuban Krasnodar,Zuela,28,Centre-Back,Atromitos Athen,"End of loanJun 30, 2012",in,Summer,0,Premier Liga,2012,2012/2013
Kuban Krasnodar,Sergey Bendz,29,Centre-Back,Volga NN,"End of loanJun 30, 2012",in,Summer,0,Premier Liga,2012,2012/2013
Kuban Krasnodar,Lacina Traore,22,Centre-Forward,Anzhi,£16.20m,out,Summer,16.2,Premier Liga,2012,2012/2013
Kuban Krasnodar,Zuela,28,Centre-Back,APOEL Nicosia,Free transfer,out,Summer,0,Premier Liga,2012,2012/2013
Kuban Krasnodar,Abdulwaheed Afolabi,21,Centre-Forward,FK Qabala,Free transfer,out,Summer,0,Premier Liga,2012,2012/2013
Kuban Krasnodar,Igor Paderin,22,Centre-Forward,Tyumen,Loan,out,Summer,0,Premier Liga,2012,2012/2013
Kuban Krasnodar,Sergey Bendz,29,Centre-Back,Tom Tomsk,Loan,out,Summer,0,Premier Liga,2012,2012/2013
Kuban Krasnodar,Mikhail Komkov,27,Right Midfield,Khimki,Loan,out,Summer,0,Premier Liga,2012,2012/2013
Kuban Krasnodar,Dele Adeleye,24,Centre-Back,Without Club,-,out,Summer,0,Premier Liga,2012,2012/2013
Kuban Krasnodar,Boris Rotenberg,26,Right-Back,Dynamo Moscow,"End of loanJun 30, 2012",out,Summer,0,Premier Liga,2012,2012/2013
Amkar Perm,Igor Picusceac,29,Centre-Forward,Krasnodar,£450Th.,in,Summer,0.45,Premier Liga,2012,2012/2013
Amkar Perm,Naim Sharifi,20,Right-Back,SV Kapfenberg,£360Th.,in,Summer,0.36,Premier Liga,2012,2012/2013
Amkar Perm,Aleksey Rebko,26,Central Midfield,Tom Tomsk,Free transfer,in,Summer,0,Premier Liga,2012,2012/2013
Amkar Perm,Vadim Gagloev,23,Defensive Midfield,FK Novgorod,Free transfer,in,Summer,0,Premier Liga,2012,2012/2013
Amkar Perm,Gianluca Nijholt,22,Central Midfield,FC Utrecht,Free transfer,in,Summer,0,Premier Liga,2012,2012/2013
Amkar Perm,Nikolaos Karelis,20,Centre-Forward,Ergotelis,£18Th.,in,Summer,0.018,Premier Liga,2012,2012/2013
Amkar Perm,Michal Breznanik,26,Left Midfield,Slovan Liberec,?,in,Summer,NA,Premier Liga,2012,2012/2013
Amkar Perm,Andrey Semenov,23,Centre-Back,SKA-Energia,?,in,Summer,NA,Premier Liga,2012,2012/2013
Amkar Perm,Pavel Ignatovich,23,Left Winger,Without Club,-,in,Summer,0,Premier Liga,2012,2012/2013
Amkar Perm,Artur Ryabokobylenko,21,Defensive Midfield,Amkar Perm II,-,in,Summer,0,Premier Liga,2012,2012/2013
Amkar Perm,Radomir Djalovic,29,Centre-Forward,Sepahan,£540Th.,out,Summer,0.54,Premier Liga,2012,2012/2013
Amkar Perm,Zurab Tsiskaridze,25,Centre-Back,Jönköping,Free transfer,out,Summer,0,Premier Liga,2012,2012/2013
Amkar Perm,Predrag Mijic,27,Right Winger,M. Backi Jarak,Free transfer,out,Summer,0,Premier Liga,2012,2012/2013
Amkar Perm,Artem Molodtsov,21,Right-Back,Torpedo Moscow,?,out,Summer,NA,Premier Liga,2012,2012/2013
Amkar Perm,Nikita Burmistrov,23,Right Winger,Anzhi,?,out,Summer,NA,Premier Liga,2012,2012/2013
Amkar Perm,Andrey Topchu,32,Left Winger,Retired,-,out,Summer,0,Premier Liga,2012,2012/2013
Amkar Perm,Georgi Dzhioev,26,Centre-Back,Without Club,-,out,Summer,0,Premier Liga,2012,2012/2013
FK Krasnodar,Vladislav Ignatjev,25,Right-Back,Loko Moscow,£3.60m,in,Summer,3.6,Premier Liga,2012,2012/2013
FK Krasnodar,Igor Smolnikov,23,Right-Back,Rostov,£2.25m,in,Summer,2.25,Premier Liga,2012,2012/2013
FK Krasnodar,Vladimir Koman,23,Attacking Midfield,Monaco,£1.80m,in,Summer,1.8,Premier Liga,2012,2012/2013
FK Krasnodar,Moussa Konaté,19,Centre-Forward,M. Tel Aviv,£1.80m,in,Summer,1.8,Premier Liga,2012,2012/2013
FK Krasnodar,Wanderson,26,Centre-Forward,GAIS,Loan fee:£450Th.,in,Summer,0.45,Premier Liga,2012,2012/2013
FK Krasnodar,Andrey Sinitsyn,24,Goalkeeper,Enisey,£333Th.,in,Summer,0.333,Premier Liga,2012,2012/2013
FK Krasnodar,Ruslan Nakhushev,27,Centre-Back,Loko Moscow,?,in,Summer,NA,Premier Liga,2012,2012/2013
FK Krasnodar,Khyzyr Appaev,22,Centre-Forward,KS Samara,?,in,Summer,NA,Premier Liga,2012,2012/2013
FK Krasnodar,Sergey Kislyak,24,Defensive Midfield,Rubin Kazan,Loan,in,Summer,0,Premier Liga,2012,2012/2013
FK Krasnodar,Aleksandr Yarkin,25,Centre-Forward,SKA-Energia,"End of loanJun 30, 2012",in,Summer,0,Premier Liga,2012,2012/2013
FK Krasnodar,Sergey Tsukanov,26,Centre-Back,Torpedo Vlad.,"End of loanJun 30, 2012",in,Summer,0,Premier Liga,2012,2012/2013
FK Krasnodar,Andrey Gorbanets,26,Left Midfield,Mordovia,"End of loanJun 30, 2012",in,Summer,0,Premier Liga,2012,2012/2013
FK Krasnodar,Denis Pchelintsev,32,Goalkeeper,Baltika,"End of loanJun 30, 2012",in,Summer,0,Premier Liga,2012,2012/2013
FK Krasnodar,Azim Fatullaev,26,Defensive Midfield,Enisey,"End of loanJun 30, 2012",in,Summer,0,Premier Liga,2012,2012/2013
FK Krasnodar,Igor Picusceac,29,Centre-Forward,Amkar Perm,£450Th.,out,Summer,0.45,Premier Liga,2012,2012/2013
FK Krasnodar,Pavel Golyshev,25,Attacking Midfield,Tom Tomsk,£180Th.,out,Summer,0.18,Premier Liga,2012,2012/2013
FK Krasnodar,Azim Fatullaev,26,Defensive Midfield,Enisey,Free transfer,out,Summer,0,Premier Liga,2012,2012/2013
FK Krasnodar,Andrey Gorbanets,26,Left Midfield,Tom Tomsk,Free transfer,out,Summer,0,Premier Liga,2012,2012/2013
FK Krasnodar,Vladimir Tatarchuk,24,Right Midfield,Spartak Nalchik,Free transfer,out,Summer,0,Premier Liga,2012,2012/2013
FK Krasnodar,Aleksandr Kulchiy,38,Defensive Midfield,Sibir,Free transfer,out,Summer,0,Premier Liga,2012,2012/2013
FK Krasnodar,Sergey Tsukanov,26,Centre-Back,Salyut Belgorod,?,out,Summer,NA,Premier Liga,2012,2012/2013
FK Krasnodar,Aleksandr Yarkin,25,Centre-Forward,Dinamo Barnaul,?,out,Summer,NA,Premier Liga,2012,2012/2013
FK Krasnodar,Denis Pchelintsev,32,Goalkeeper,Rotor Volgograd,?,out,Summer,NA,Premier Liga,2012,2012/2013
FK Krasnodar,Andrey Mikheev,25,Attacking Midfield,Ufa,?,out,Summer,NA,Premier Liga,2012,2012/2013
FK Krasnodar,Otar Martsvaladze,27,Second Striker,Without Club,-,out,Summer,0,Premier Liga,2012,2012/2013
FK Rostov,Igor Smolnikov,23,Right-Back,Loko Moscow,£630Th.,in,Summer,0.63,Premier Liga,2012,2012/2013
FK Rostov,Siyanda Xulu,20,Centre-Back,Sundowns,£540Th.,in,Summer,0.54,Premier Liga,2012,2012/2013
FK Rostov,Fedor Dyachenko,24,Goalkeeper,Fakel Voronezh,Free transfer,in,Summer,0,Premier Liga,2012,2012/2013
FK Rostov,Aleksandr Sheshukov,29,Centre-Back,Spartak Moscow,Free transfer,in,Summer,0,Premier Liga,2012,2012/2013
FK Rostov,Inal Getigezhev,25,Left-Back,Volga NN,Free transfer,in,Summer,0,Premier Liga,2012,2012/2013
FK Rostov,Sergey Belousov,22,Attacking Midfield,Torpedo Moscow,Free transfer,in,Summer,0,Premier Liga,2012,2012/2013
FK Rostov,Jan Holenda,26,Centre-Forward,Anzhi,Free transfer,in,Summer,0,Premier Liga,2012,2012/2013
FK Rostov,Roman Adamov,30,Centre-Forward,Rubin Kazan,Free transfer,in,Summer,0,Premier Liga,2012,2012/2013
FK Rostov,Benoît Angbwa,30,Right-Back,Anzhi,Free transfer,in,Summer,0,Premier Liga,2012,2012/2013
FK Rostov,Florent Sinama-Pongolle,27,Second Striker,Sporting CP,Free transfer,in,Summer,0,Premier Liga,2012,2012/2013
FK Rostov,David Bentley,28,Right Midfield,Spurs,Loan,in,Summer,0,Premier Liga,2012,2012/2013
FK Rostov,Vladimir Kisenkov,30,Right-Back,Dynamo Moscow,Loan,in,Summer,0,Premier Liga,2012,2012/2013
FK Rostov,Andrey Ivanov,23,Left-Back,Loko Moscow,Loan,in,Summer,0,Premier Liga,2012,2012/2013
FK Rostov,Nikolay Zabolotnyi,22,Goalkeeper,Spartak Moscow,Loan,in,Summer,0,Premier Liga,2012,2012/2013
FK Rostov,Eugene Starikov,23,Centre-Forward,Zenit II,Loan,in,Summer,0,Premier Liga,2012,2012/2013
FK Rostov,Igor Smolnikov,23,Right-Back,Krasnodar,£2.25m,out,Summer,2.25,Premier Liga,2012,2012/2013
FK Rostov,Óscar Ahumada,29,Defensive Midfield,All Boys,Free transfer,out,Summer,0,Premier Liga,2012,2012/2013
FK Rostov,Héctor Bracamonte,34,Centre-Forward,CA Rosario,Free transfer,out,Summer,0,Premier Liga,2012,2012/2013
FK Rostov,Michal Papadopulos,27,Centre-Forward,Zaglebie Lubin,Free transfer,out,Summer,0,Premier Liga,2012,2012/2013
FK Rostov,Valentin Filatov,30,Left-Back,Khimki,Free transfer,out,Summer,0,Premier Liga,2012,2012/2013
FK Rostov,Roman Adamov,30,Centre-Forward,Viktoria Plzen,Free transfer,out,Summer,0,Premier Liga,2012,2012/2013
FK Rostov,Fedor Dyachenko,24,Goalkeeper,Fakel Voronezh,Loan,out,Summer,0,Premier Liga,2012,2012/2013
FK Rostov,Ivan Zivanovic,30,Centre-Back,Retired,-,out,Summer,0,Premier Liga,2012,2012/2013
FK Rostov,Dejan Radic,32,Goalkeeper,Retired,-,out,Summer,0,Premier Liga,2012,2012/2013
FK Rostov,Élson,30,Attacking Midfield,Without Club,-,out,Summer,0,Premier Liga,2012,2012/2013
FK Rostov,Roman Adamov,30,Centre-Forward,Rubin Kazan,"End of loanJun 30, 2012",out,Summer,0,Premier Liga,2012,2012/2013
FK Rostov,Igor Smolnikov,23,Right-Back,Loko Moscow,"End of loanJun 30, 2012",out,Summer,0,Premier Liga,2012,2012/2013
FK Rostov,Roman Emeljanov,20,Defensive Midfield,Shakhtar II,"End of loanJun 30, 2012",out,Summer,0,Premier Liga,2012,2012/2013
FK Rostov,Sergey Pesjakov,23,Goalkeeper,Spartak Moscow,"End of loanJun 30, 2012",out,Summer,0,Premier Liga,2012,2012/2013
FK Rostov,Denis Kolodin,30,Centre-Back,Dynamo Moscow,"End of loanJun 30, 2012",out,Summer,0,Premier Liga,2012,2012/2013
Krylya Sovetov Samara,Luis Caballero,22,Centre-Forward,Olimpia,£1.80m,in,Summer,1.8,Premier Liga,2012,2012/2013
Krylya Sovetov Samara,Bruno Teles,26,Left-Back,Vit. Guimarães,£270Th.,in,Summer,0.27,Premier Liga,2012,2012/2013
Krylya Sovetov Samara,Artem Deljkin,21,Centre-Forward,Akad. Togliatti,Free transfer,in,Summer,0,Premier Liga,2012,2012/2013
Krylya Sovetov Samara,Alexandru Epureanu,25,Centre-Back,Dynamo Moscow,Loan,in,Summer,0,Premier Liga,2012,2012/2013
Krylya Sovetov Samara,Petr Nemov,28,Right Midfield,Rubin Kazan,?,in,Summer,NA,Premier Liga,2012,2012/2013
Krylya Sovetov Samara,Evgeniy Balyajkin,24,Defensive Midfield,Rubin Kazan,?,in,Summer,NA,Premier Liga,2012,2012/2013
Krylya Sovetov Samara,Pablo Zeballos,26,Second Striker,Olimpia,?,in,Summer,NA,Premier Liga,2012,2012/2013
Krylya Sovetov Samara,Aleksandr Stavpets,22,Right Winger,Ural,"End of loanJun 30, 2012",in,Summer,0,Premier Liga,2012,2012/2013
Krylya Sovetov Samara,Raïs M'Bolhi,26,Goalkeeper,CSKA Sofia,"End of loanJun 30, 2012",in,Summer,0,Premier Liga,2012,2012/2013
Krylya Sovetov Samara,Aleksandr Eliseev,20,Right Midfield,Shinnik,"End of loanJun 30, 2012",in,Summer,0,Premier Liga,2012,2012/2013
Krylya Sovetov Samara,Basel Abdoulfattakh,22,Centre-Back,Enisey,"End of loanJun 30, 2012",in,Summer,0,Premier Liga,2012,2012/2013
Krylya Sovetov Samara,Anton Bober,29,Attacking Midfield,Mordovia,Free transfer,out,Summer,0,Premier Liga,2012,2012/2013
Krylya Sovetov Samara,Aleksandr Hleb,31,Attacking Midfield,BATE Borisov,Free transfer,out,Summer,0,Premier Liga,2012,2012/2013
Krylya Sovetov Samara,Joseph Di Chiara,20,Defensive Midfield,Kecskeméti TE,Free transfer,out,Summer,0,Premier Liga,2012,2012/2013
Krylya Sovetov Samara,Dmitri Molosh,30,Left-Back,Dinamo Minsk,Free transfer,out,Summer,0,Premier Liga,2012,2012/2013
Krylya Sovetov Samara,Basel Abdoulfattakh,22,Centre-Back,Enisey,Free transfer,out,Summer,0,Premier Liga,2012,2012/2013
Krylya Sovetov Samara,Khyzyr Appaev,22,Centre-Forward,Krasnodar,?,out,Summer,NA,Premier Liga,2012,2012/2013
Krylya Sovetov Samara,Aleksandr Stavpets,22,Right Winger,Rotor Volgograd,?,out,Summer,NA,Premier Liga,2012,2012/2013
Krylya Sovetov Samara,Volodymyr Pryiomov,26,Centre-Forward,Without Club,-,out,Summer,0,Premier Liga,2012,2012/2013
Krylya Sovetov Samara,Pavel Yakovlev,21,Left Winger,Spartak Moscow,"End of loanJun 30, 2012",out,Summer,0,Premier Liga,2012,2012/2013
Krylya Sovetov Samara,Joel Tshibamba,23,Centre-Forward,AE Larisa,"End of loanJun 30, 2012",out,Summer,0,Premier Liga,2012,2012/2013
Terek Grozny,Aílton,28,Centre-Forward,APOEL Nicosia,£1.98m,in,Summer,1.98,Premier Liga,2012,2012/2013
Terek Grozny,Ezechiel Ndouasel,24,Centre-Forward,Club Africain,£1.08m,in,Summer,1.08,Premier Liga,2012,2012/2013
Terek Grozny,Maciej Makuszewski,22,Right Winger,Jagiellonia,£900Th.,in,Summer,0.9,Premier Liga,2012,2012/2013
Terek Grozny,Fedor Kudryashov,25,Left-Back,Spartak Moscow,£540Th.,in,Summer,0.54,Premier Liga,2012,2012/2013
Terek Grozny,Magomed Mitrishev,19,Right Winger,Spartak Nalchik,?,in,Summer,NA,Premier Liga,2012,2012/2013
Terek Grozny,Anton Amelchenko,27,Goalkeeper,Loko Moscow,Loan,in,Summer,0,Premier Liga,2012,2012/2013
Terek Grozny,Ismail Ediev,24,Centre-Back,Fakel Voronezh,"End of loanJun 30, 2012",in,Summer,0,Premier Liga,2012,2012/2013
Terek Grozny,Shamil Asildarov,29,Centre-Forward,Volga NN,Free transfer,out,Summer,0,Premier Liga,2012,2012/2013
Terek Grozny,Zeev Haimovich,29,Centre-Back,Hapoel Tel Aviv,Free transfer,out,Summer,0,Premier Liga,2012,2012/2013
Terek Grozny,Levan Gvazava,32,Attacking Midfield,Khimki,Free transfer,out,Summer,0,Premier Liga,2012,2012/2013
Terek Grozny,Stefan Sicaci,23,Goalkeeper,Salyut Belgorod,?,out,Summer,NA,Premier Liga,2012,2012/2013
Terek Grozny,Ismail Ediev,24,Centre-Back,Chernomorets N.,Loan,out,Summer,0,Premier Liga,2012,2012/2013
Terek Grozny,Xavier,28,Left-Back,Retired,-,out,Summer,0,Premier Liga,2012,2012/2013
Terek Grozny,Guy Stephane Essamé,27,Central Midfield,Without Club,-,out,Summer,0,Premier Liga,2012,2012/2013
Terek Grozny,Musa Mguni,29,Centre-Forward,Career break,-,out,Summer,0,Premier Liga,2012,2012/2013
Volga Nizhniy Novgorod,Shamil Asildarov,29,Centre-Forward,Terek Grozny,Free transfer,in,Summer,0,Premier Liga,2012,2012/2013
Volga Nizhniy Novgorod,Matija Dvornekovic,23,Right Winger,FK Novgorod,Free transfer,in,Summer,0,Premier Liga,2012,2012/2013
Volga Nizhniy Novgorod,Egor Tarakanov,25,Left-Back,FK Novgorod,Free transfer,in,Summer,0,Premier Liga,2012,2012/2013
Volga Nizhniy Novgorod,Dmitri Aydov,30,Centre-Back,FK Novgorod,Free transfer,in,Summer,0,Premier Liga,2012,2012/2013
Volga Nizhniy Novgorod,Dmitri Kudryashov,29,Central Midfield,FK Novgorod,Free transfer,in,Summer,0,Premier Liga,2012,2012/2013
Volga Nizhniy Novgorod,Sergey Vaganov,27,Defensive Midfield,FK Novgorod,Free transfer,in,Summer,0,Premier Liga,2012,2012/2013
Volga Nizhniy Novgorod,Aleksey Sapogov,24,Centre-Forward,Gornyak Uchaly,Free transfer,in,Summer,0,Premier Liga,2012,2012/2013
Volga Nizhniy Novgorod,Nikolay Zaytsev,23,Centre-Back,Gazovik Orenburg,Free transfer,in,Summer,0,Premier Liga,2012,2012/2013
Volga Nizhniy Novgorod,Artur Sarkisov,25,Right Winger,Loko Moscow,Loan,in,Summer,0,Premier Liga,2012,2012/2013
Volga Nizhniy Novgorod,Artur Nigmatullin,21,Goalkeeper,CSKA Moscow II,Loan,in,Summer,0,Premier Liga,2012,2012/2013
Volga Nizhniy Novgorod,Dmitri Polyanin,32,Right-Back,FK Novgorod,"End of loanJun 30, 2012",in,Summer,0,Premier Liga,2012,2012/2013
Volga Nizhniy Novgorod,Aleksandr Salugin,23,Centre-Forward,FK Novgorod,"End of loanJun 30, 2012",in,Summer,0,Premier Liga,2012,2012/2013
Volga Nizhniy Novgorod,Giorgi Navalovski,26,Left-Back,Khimki,"End of loanJun 30, 2012",in,Summer,0,Premier Liga,2012,2012/2013
Volga Nizhniy Novgorod,Maksim Burchenko,29,Right Midfield,Shinnik,"End of loanJun 30, 2012",in,Summer,0,Premier Liga,2012,2012/2013
Volga Nizhniy Novgorod,Rinat Mavletdinov,23,Attacking Midfield,Khimki,"End of loanJun 30, 2012",in,Summer,0,Premier Liga,2012,2012/2013
Volga Nizhniy Novgorod,Sergey Yashin,31,Right Winger,Daugavpils,Free transfer,out,Summer,0,Premier Liga,2012,2012/2013
Volga Nizhniy Novgorod,Pavel Pashin,20,Centre-Back,Octane,Free transfer,out,Summer,0,Premier Liga,2012,2012/2013
Volga Nizhniy Novgorod,Giorgi Navalovski,26,Left-Back,Met-Kuz,Free transfer,out,Summer,0,Premier Liga,2012,2012/2013
Volga Nizhniy Novgorod,Rinat Mavletdinov,23,Attacking Midfield,Fakel Voronezh,Free transfer,out,Summer,0,Premier Liga,2012,2012/2013
Volga Nizhniy Novgorod,Vitali Astakhov,33,Goalkeeper,Tom Tomsk,Free transfer,out,Summer,0,Premier Liga,2012,2012/2013
Volga Nizhniy Novgorod,Inal Getigezhev,25,Left-Back,Rostov,Free transfer,out,Summer,0,Premier Liga,2012,2012/2013
Volga Nizhniy Novgorod,Maksim Zyuzin,25,Defensive Midfield,SKA-Energia,Free transfer,out,Summer,0,Premier Liga,2012,2012/2013
Volga Nizhniy Novgorod,Aleksey Pomerko,22,Central Midfield,Khimki,Loan,out,Summer,0,Premier Liga,2012,2012/2013
Volga Nizhniy Novgorod,Maksim Burchenko,29,Right Midfield,Unknown,?,out,Summer,NA,Premier Liga,2012,2012/2013
Volga Nizhniy Novgorod,Anton Kochenkov,25,Goalkeeper,Spartak Nalchik,?,out,Summer,NA,Premier Liga,2012,2012/2013
Volga Nizhniy Novgorod,Sergey Vaganov,27,Defensive Midfield,Rotor Volgograd,Loan,out,Summer,0,Premier Liga,2012,2012/2013
Volga Nizhniy Novgorod,Nikita Malyarov,22,Central Midfield,Ufa,Loan,out,Summer,0,Premier Liga,2012,2012/2013
Volga Nizhniy Novgorod,Petar Jelic,25,Centre-Forward,Without Club,-,out,Summer,0,Premier Liga,2012,2012/2013
Volga Nizhniy Novgorod,Sergey Bendz,29,Centre-Back,Kuban Krasnodar,"End of loanJun 30, 2012",out,Summer,0,Premier Liga,2012,2012/2013
Volga Nizhniy Novgorod,Nikita Chicherin,21,Right-Back,Dynamo M II,"End of loanJun 30, 2012",out,Summer,0,Premier Liga,2012,2012/2013
Mordovia Saransk,Dalibor Volas,25,Centre-Forward,Sheriff,£360Th.,in,Summer,0.36,Premier Liga,2012,2012/2013
Mordovia Saransk,Anton Bober,29,Attacking Midfield,KS Samara,Free transfer,in,Summer,0,Premier Liga,2012,2012/2013
Mordovia Saransk,Aleksey Ivanov,31,Right Midfield,Anzhi,Free transfer,in,Summer,0,Premier Liga,2012,2012/2013
Mordovia Saransk,Roman Kontsedalov,26,Central Midfield,Spartak Nalchik,Loan,in,Summer,0,Premier Liga,2012,2012/2013
Mordovia Saransk,Dmitri Abakumov,22,Goalkeeper,KamAZ,?,in,Summer,NA,Premier Liga,2012,2012/2013
Mordovia Saransk,Tomislav Dujmovic,31,Central Midfield,Dynamo Moscow,Loan,in,Summer,0,Premier Liga,2012,2012/2013
Mordovia Saransk,Evgeni Aldonin,32,Defensive Midfield,CSKA Moscow,Loan,in,Summer,0,Premier Liga,2012,2012/2013
Mordovia Saransk,Igor Shitov,25,Right-Back,Dynamo Moscow,Loan,in,Summer,0,Premier Liga,2012,2012/2013
Mordovia Saransk,Anatoli Gerk,27,Attacking Midfield,Ural,Free transfer,out,Summer,0,Premier Liga,2012,2012/2013
Mordovia Saransk,Aleksandr Agapov,30,Goalkeeper,SKA-Energia,Free transfer,out,Summer,0,Premier Liga,2012,2012/2013
Mordovia Saransk,Gerson Acevedo,24,Central Midfield,Ural,Free transfer,out,Summer,0,Premier Liga,2012,2012/2013
Mordovia Saransk,Elbrus Tandelov,29,Right Winger,Unknown,Free transfer,out,Summer,0,Premier Liga,2012,2012/2013
Mordovia Saransk,Konstantin Zajtsev,28,Right-Back,Tyumen,Free transfer,out,Summer,0,Premier Liga,2012,2012/2013
Mordovia Saransk,Taras Lazarovych,30,Right Winger,Metalurg Z.,Free transfer,out,Summer,0,Premier Liga,2012,2012/2013
Mordovia Saransk,Vladimir Ponomarev,25,Centre-Back,Torpedo Moscow,Loan,out,Summer,0,Premier Liga,2012,2012/2013
Mordovia Saransk,Vladimir Barmin,19,Defensive Midfield,Mordovia II,-,out,Summer,0,Premier Liga,2012,2012/2013
Mordovia Saransk,Aleksey Shebanov,19,Centre-Forward,Mordovia II,-,out,Summer,0,Premier Liga,2012,2012/2013
Mordovia Saransk,Vladimir Sandrkin,20,Centre-Forward,Mordovia II,-,out,Summer,0,Premier Liga,2012,2012/2013
Mordovia Saransk,Andrey Gorbanets,26,Left Midfield,Krasnodar,"End of loanJun 30, 2012",out,Summer,0,Premier Liga,2012,2012/2013
Mordovia Saransk,Aleksandr Minchenkov,23,Centre-Forward,Loko Moscow,"End of loanJun 30, 2012",out,Summer,0,Premier Liga,2012,2012/2013
Spartak Vladikavkaz,Diego Maurício,21,Centre-Forward,Flamengo,£2.52m,in,Summer,2.52,Premier Liga,2012,2012/2013
Spartak Vladikavkaz,Rudnei,27,Defensive Midfield,Cruzeiro,£540Th.,in,Summer,0.54,Premier Liga,2012,2012/2013
Spartak Vladikavkaz,Shota Grigalashvili,26,Attacking Midfield,FC Dila,£405Th.,in,Summer,0.405,Premier Liga,2012,2012/2013
Spartak Vladikavkaz,Dmitri Golubov,27,Centre-Forward,Dinamo Bryansk,£270Th.,in,Summer,0.27,Premier Liga,2012,2012/2013
Spartak Vladikavkaz,Cardoso,27,Centre-Back,Pandurii,Free transfer,in,Summer,0,Premier Liga,2012,2012/2013
Spartak Vladikavkaz,Ioan Mera,25,Centre-Back,Poli. Timisoara,Free transfer,in,Summer,0,Premier Liga,2012,2012/2013
Spartak Vladikavkaz,Vladimir Khozin,22,Centre-Back,Torpedo Moscow,?,in,Summer,NA,Premier Liga,2012,2012/2013
Spartak Vladikavkaz,Deividas Semberas,33,Defensive Midfield,CSKA Moscow,?,in,Summer,NA,Premier Liga,2012,2012/2013
Spartak Vladikavkaz,Roland Gigolaev,22,Left Midfield,S2V,-,in,Summer,0,Premier Liga,2012,2012/2013
Spartak Vladikavkaz,Aleksandr Gagloev,21,Left Midfield,Gazovik Orenburg,"End of loanJun 30, 2012",in,Summer,0,Premier Liga,2012,2012/2013
Spartak Vladikavkaz,Marat Bikmaev,26,Centre-Forward,Aktobe,£450Th.,out,Summer,0.45,Premier Liga,2012,2012/2013
Spartak Vladikavkaz,Aleksandr Gagloev,21,Left Midfield,Biolog,Free transfer,out,Summer,0,Premier Liga,2012,2012/2013
Spartak Vladikavkaz,Kosta Barbarouses,22,Centre-Forward,Panathinaikos,Loan,out,Summer,0,Premier Liga,2012,2012/2013
Spartak Vladikavkaz,Aslan Mashukov,27,Defensive Midfield,Volgar,?,out,Summer,NA,Premier Liga,2012,2012/2013
Spartak Vladikavkaz,Dzhambulad Bazaev,32,Right Winger,Retired,-,out,Summer,0,Premier Liga,2012,2012/2013
Spartak Vladikavkaz,Soslan Takazov,19,Centre-Back,S2V,-,out,Summer,0,Premier Liga,2012,2012/2013
Spartak Vladikavkaz,Roland Gigolaev,22,Left Midfield,S2V,-,out,Summer,0,Premier Liga,2012,2012/2013
Spartak Vladikavkaz,Ibrahim Gnanou,25,Left-Back,Without Club,-,out,Summer,0,Premier Liga,2012,2012/2013
Spartak Vladikavkaz,Dzambolat Khastsaev,17,Centre-Forward,Spartak II,-,out,Summer,0,Premier Liga,2012,2012/2013
Spartak Vladikavkaz,Atsamaz Buraev,22,Centre-Forward,S2V,-,out,Summer,0,Premier Liga,2012,2012/2013
Spartak Vladikavkaz,Rodolfo Zelaya,23,Centre-Forward,Alianza FC,"End of loanJun 30, 2012",out,Summer,0,Premier Liga,2012,2012/2013
Zenit St. Petersburg,Luís Neto,24,Centre-Back,Siena,£5.85m,in,Winter,5.85,Premier Liga,2012,2012/2013
Zenit St. Petersburg,Milan Rodic,21,Left-Back,OFK Beograd,£1.35m,in,Winter,1.35,Premier Liga,2012,2012/2013
Zenit St. Petersburg,Sergey Petrov,21,Right-Back,KS Samara,£684Th.,in,Winter,0.684,Premier Liga,2012,2012/2013
Zenit St. Petersburg,Egor Baburin,19,Goalkeeper,Zenit II,-,in,Winter,0,Premier Liga,2012,2012/2013
Zenit St. Petersburg,Maksim Kanunnikov,21,Centre-Forward,Amkar Perm,£900Th.,out,Winter,0.9,Premier Liga,2012,2012/2013
Zenit St. Petersburg,Michael Lumb,25,Left-Back,VfL Bochum,Free transfer,out,Winter,0,Premier Liga,2012,2012/2013
Zenit St. Petersburg,Danko Lazovic,29,Second Striker,Rostov,Loan,out,Winter,0,Premier Liga,2012,2012/2013
Zenit St. Petersburg,Sergey Petrov,22,Right-Back,Krasnodar,?,out,Winter,NA,Premier Liga,2012,2012/2013
Zenit St. Petersburg,Dmitri Borodin,35,Goalkeeper,Retired,-,out,Winter,0,Premier Liga,2012,2012/2013
Zenit St. Petersburg,Renat Yanbaev,28,Left-Back,Loko Moscow,"End of loanDec 31, 2012",out,Winter,0,Premier Liga,2012,2012/2013
CSKA Moscow,Vágner Love,28,Centre-Forward,Flamengo,£5.40m,in,Winter,5.4,Premier Liga,2012,2012/2013
CSKA Moscow,Dmitri Efremov,17,Right Midfield,Akad. Togliatti,£180Th.,in,Winter,0.18,Premier Liga,2012,2012/2013
CSKA Moscow,Ricardo Jesus,27,Centre-Forward,Avaí FC,"End of loanDec 31, 2012",in,Winter,0,Premier Liga,2012,2012/2013
CSKA Moscow,Ricardo Jesus,27,Centre-Forward,Atlético-GO,Loan,out,Winter,0,Premier Liga,2012,2012/2013
CSKA Moscow,In-seong Kim,23,Left Winger,Seongnam FC,Free transfer,out,Winter,0,Premier Liga,2012,2012/2013
CSKA Moscow,Sekou Oliseh,22,Right Winger,PAOK Salonika,Loan,out,Winter,0,Premier Liga,2012,2012/2013
CSKA Moscow,Anton Zabolotny,21,Centre-Forward,Ufa,Free transfer,out,Winter,0,Premier Liga,2012,2012/2013
Spartak Moscow,Yura Movsisyan,25,Centre-Forward,Krasnodar,£6.75m,in,Winter,6.75,Premier Liga,2012,2012/2013
Spartak Moscow,Salvatore Bocchetti,26,Centre-Back,Rubin Kazan,£4.05m,in,Winter,4.05,Premier Liga,2012,2012/2013
Spartak Moscow,Majeed Waris,21,Centre-Forward,Häcken,£2.61m,in,Winter,2.61,Premier Liga,2012,2012/2013
Spartak Moscow,Ognjen Vukojevic,29,Defensive Midfield,Dynamo Kyiv,Loan fee:£1.35m,in,Winter,1.35,Premier Liga,2012,2012/2013
Spartak Moscow,Soslan Dzhanaev,25,Goalkeeper,Terek Grozny,"End of loanDec 31, 2012",in,Winter,0,Premier Liga,2012,2012/2013
Spartak Moscow,Aleksandr Prudnikov,23,Centre-Forward,Kuban Krasnodar,"End of loanDec 31, 2012",in,Winter,0,Premier Liga,2012,2012/2013
Spartak Moscow,Welliton,26,Centre-Forward,Grêmio,Loan fee:£900Th.,out,Winter,0.9,Premier Liga,2012,2012/2013
Spartak Moscow,Soslan Dzhanaev,25,Goalkeeper,Spartak V-kavkaz,Loan,out,Winter,0,Premier Liga,2012,2012/2013
Spartak Moscow,Demy de Zeeuw,29,Central Midfield,RSC Anderlecht,Loan,out,Winter,0,Premier Liga,2012,2012/2013
Spartak Moscow,Emin Makhmudov,20,Central Midfield,KS Samara,Loan,out,Winter,0,Premier Liga,2012,2012/2013
Spartak Moscow,Aleksandr Prudnikov,23,Centre-Forward,Spartak V-kavkaz,?,out,Winter,NA,Premier Liga,2012,2012/2013
Rubin Kazan,Yann M'Vila,22,Defensive Midfield,Stade Rennais,£10.80m,in,Winter,10.8,Premier Liga,2012,2012/2013
Rubin Kazan,Ruslan Abyshov,25,Centre-Back,Xäzär Länkäran,Free transfer,in,Winter,0,Premier Liga,2012,2012/2013
Rubin Kazan,Igor Portnyagin,23,Centre-Forward,Neftekhimik,"End of loanDec 31, 2012",in,Winter,0,Premier Liga,2012,2012/2013
Rubin Kazan,Vagiz Galiulin,25,Right Midfield,Neftekhimik,"End of loanDec 31, 2012",in,Winter,0,Premier Liga,2012,2012/2013
Rubin Kazan,Solomon Kvirkvelia,20,Centre-Back,Neftekhimik,"End of loanDec 31, 2012",in,Winter,0,Premier Liga,2012,2012/2013
Rubin Kazan,Sergey Kislyak,25,Defensive Midfield,Krasnodar,"End of loanDec 31, 2012",in,Winter,0,Premier Liga,2012,2012/2013
Rubin Kazan,Salvatore Bocchetti,26,Centre-Back,Spartak Moscow,£4.05m,out,Winter,4.05,Premier Liga,2012,2012/2013
Rubin Kazan,Carlos Eduardo,25,Attacking Midfield,Flamengo,Loan,out,Winter,0,Premier Liga,2012,2012/2013
Rubin Kazan,Sergey Davydov,27,Centre-Forward,Dynamo Moscow,Loan,out,Winter,0,Premier Liga,2012,2012/2013
Rubin Kazan,Igor Portnyagin,24,Centre-Forward,KS Samara,Loan,out,Winter,0,Premier Liga,2012,2012/2013
Rubin Kazan,Petr Bystrov,33,Left Midfield,Retired,-,out,Winter,0,Premier Liga,2012,2012/2013
Anzhi Makhachkala,Willian,24,Right Winger,Shakhtar D.,£31.50m,in,Winter,31.5,Premier Liga,2012,2012/2013
Anzhi Makhachkala,Andrey Eshchenko,28,Right-Back,Loko Moscow,£3.60m,in,Winter,3.6,Premier Liga,2012,2012/2013
Anzhi Makhachkala,Emir Spahic,32,Centre-Back,Sevilla FC,Loan fee:£450Th.,in,Winter,0.45,Premier Liga,2012,2012/2013
Anzhi Makhachkala,Christopher Samba,28,Centre-Back,QPR,£13.50m,out,Winter,13.5,Premier Liga,2012,2012/2013
Anzhi Makhachkala,Georgi Gabulov,24,Central Midfield,Spartak V-kavkaz,£900Th.,out,Winter,0.9,Premier Liga,2012,2012/2013
Anzhi Makhachkala,Shamil Lakhiyalov,33,Second Striker,KS Samara,Free transfer,out,Winter,0,Premier Liga,2012,2012/2013
Anzhi Makhachkala,Nikita Burmistrov,23,Right Winger,Amkar Perm,Loan,out,Winter,0,Premier Liga,2012,2012/2013
Dynamo Moscow,Pavel Ignatovich,23,Left Winger,Amkar Perm,£630Th.,in,Winter,0.63,Premier Liga,2012,2012/2013
Dynamo Moscow,Sergey Davydov,27,Centre-Forward,Rubin Kazan,Loan,in,Winter,0,Premier Liga,2012,2012/2013
Dynamo Moscow,Ivan Solovjev,19,Left Winger,Dynamo M II,-,in,Winter,0,Premier Liga,2012,2012/2013
Dynamo Moscow,Pavel Solomatin,19,Centre-Forward,Dynamo M II,-,in,Winter,0,Premier Liga,2012,2012/2013
Dynamo Moscow,Alexandru Epureanu,26,Centre-Back,KS Samara,"End of loanDec 31, 2012",in,Winter,0,Premier Liga,2012,2012/2013
Dynamo Moscow,Yuri Kirillov,22,Defensive Midfield,Ufa,"End of loanDec 31, 2012",in,Winter,0,Premier Liga,2012,2012/2013
Dynamo Moscow,Zvjezdan Misimovic,30,Attacking Midfield,GZ Renhe,£3.15m,out,Winter,3.15,Premier Liga,2012,2012/2013
Dynamo Moscow,Pavel Nekhajchik,24,Left Winger,BATE Borisov,Free transfer,out,Winter,0,Premier Liga,2012,2012/2013
Dynamo Moscow,Adrian Ropotan,26,Central Midfield,Volga NN,Free transfer,out,Winter,0,Premier Liga,2012,2012/2013
Dynamo Moscow,Gordon Schildenfeld,27,Centre-Back,PAOK Salonika,Loan,out,Winter,0,Premier Liga,2012,2012/2013
Lokomotiv Moscow,Vitali Denisov,25,Left-Back,Dnipro,Free transfer,in,Winter,0,Premier Liga,2012,2012/2013
Lokomotiv Moscow,Aleksey Miranchuk,17,Attacking Midfield,Loko Moscow II,-,in,Winter,0,Premier Liga,2012,2012/2013
Lokomotiv Moscow,Renat Yanbaev,28,Left-Back,Zenit S-Pb,"End of loanDec 31, 2012",in,Winter,0,Premier Liga,2012,2012/2013
Lokomotiv Moscow,Andrey Eshchenko,28,Right-Back,Anzhi,£3.60m,out,Winter,3.6,Premier Liga,2012,2012/2013
Lokomotiv Moscow,Dmitri Sychev,29,Centre-Forward,Dinamo Minsk,Loan,out,Winter,0,Premier Liga,2012,2012/2013
Lokomotiv Moscow,Maksim Belyaev,21,Centre-Back,Rostov,Loan,out,Winter,0,Premier Liga,2012,2012/2013
Lokomotiv Moscow,Aleksandr Filtsov,22,Goalkeeper,Krasnodar,Loan,out,Winter,0,Premier Liga,2012,2012/2013
Lokomotiv Moscow,Reto Ziegler,27,Centre-Back,Juventus,"End of loanJan 30, 2013",out,Winter,0,Premier Liga,2012,2012/2013
Kuban Krasnodar,Xandão,24,Centre-Back,Desp. Brasil,£2.70m,in,Winter,2.7,Premier Liga,2012,2012/2013
Kuban Krasnodar,Charles Kaboré,25,Defensive Midfield,Marseille,£1.80m,in,Winter,1.8,Premier Liga,2012,2012/2013
Kuban Krasnodar,Dele Adeleye,24,Centre-Back,SK Tavriya,£900Th.,in,Winter,0.9,Premier Liga,2012,2012/2013
Kuban Krasnodar,Leandro,27,Right-Back,Arsenal Kyiv,Loan,in,Winter,0,Premier Liga,2012,2012/2013
Kuban Krasnodar,Zelão,28,Centre-Back,FC Astana,Free transfer,out,Winter,0,Premier Liga,2012,2012/2013
Kuban Krasnodar,Stanislav Namasco,26,Goalkeeper,Volgar,Free transfer,out,Winter,0,Premier Liga,2012,2012/2013
Kuban Krasnodar,Anton Rogochiy,31,Centre-Back,Khimki,Free transfer,out,Winter,0,Premier Liga,2012,2012/2013
Kuban Krasnodar,Aleksandr Prudnikov,23,Centre-Forward,Spartak Moscow,"End of loanDec 31, 2012",out,Winter,0,Premier Liga,2012,2012/2013
Amkar Perm,Maksim Kanunnikov,21,Centre-Forward,Zenit S-Pb,£900Th.,in,Winter,0.9,Premier Liga,2012,2012/2013
Amkar Perm,Vladimirs Kamess,24,Right Winger,Metalurgs,£270Th.,in,Winter,0.27,Premier Liga,2012,2012/2013
Amkar Perm,Blagoy Georgiev,31,Central Midfield,Terek Grozny,Free transfer,in,Winter,0,Premier Liga,2012,2012/2013
Amkar Perm,Nikita Burmistrov,23,Right Winger,Anzhi,Loan,in,Winter,0,Premier Liga,2012,2012/2013
Amkar Perm,Josip Knezevic,24,Attacking Midfield,Kairat Almaty,"End of loanDec 31, 2012",in,Winter,0,Premier Liga,2012,2012/2013
Amkar Perm,Pavel Ignatovich,23,Left Winger,Dynamo Moscow,£630Th.,out,Winter,0.63,Premier Liga,2012,2012/2013
Amkar Perm,Marko Blazic,27,Central Midfield,Bunyodkor,Free transfer,out,Winter,0,Premier Liga,2012,2012/2013
Amkar Perm,Josip Knezevic,24,Attacking Midfield,Kairat Almaty,Free transfer,out,Winter,0,Premier Liga,2012,2012/2013
Amkar Perm,Sergiy Garashchenkov,22,Right-Back,Karpaty,?,out,Winter,NA,Premier Liga,2012,2012/2013
FK Krasnodar,Mauricio Pereyra,22,Attacking Midfield,Lanús,£1.80m,in,Winter,1.8,Premier Liga,2012,2012/2013
FK Krasnodar,Wanderson,26,Centre-Forward,GAIS,£900Th.,in,Winter,0.9,Premier Liga,2012,2012/2013
FK Krasnodar,Isael,24,Attacking Midfield,Nacional,£450Th.,in,Winter,0.45,Premier Liga,2012,2012/2013
FK Krasnodar,Aleksandr Filtsov,22,Goalkeeper,Loko Moscow,Loan,in,Winter,0,Premier Liga,2012,2012/2013
FK Krasnodar,Sergey Petrov,22,Right-Back,Zenit S-Pb,?,in,Winter,NA,Premier Liga,2012,2012/2013
FK Krasnodar,Adolphe Teikeu,22,Centre-Back,Metalurg Z.,Loan,in,Winter,0,Premier Liga,2012,2012/2013
FK Krasnodar,Yura Movsisyan,25,Centre-Forward,Spartak Moscow,£6.75m,out,Winter,6.75,Premier Liga,2012,2012/2013
FK Krasnodar,Ognjen Vranjes,23,Centre-Back,Spartak V-kavkaz,£1.35m,out,Winter,1.35,Premier Liga,2012,2012/2013
FK Krasnodar,Aleksandre Amisulashvili,30,Centre-Back,KS Samara,Free transfer,out,Winter,0,Premier Liga,2012,2012/2013
FK Krasnodar,Igor Usminskiy,35,Goalkeeper,Terek Grozny,Free transfer,out,Winter,0,Premier Liga,2012,2012/2013
FK Krasnodar,Aleksandr Erokhin,23,Attacking Midfield,SKA-Energia,Loan,out,Winter,0,Premier Liga,2012,2012/2013
FK Krasnodar,Khyzyr Appaev,22,Centre-Forward,Rotor Volgograd,Loan,out,Winter,0,Premier Liga,2012,2012/2013
FK Krasnodar,Sergey Kislyak,25,Defensive Midfield,Rubin Kazan,"End of loanDec 31, 2012",out,Winter,0,Premier Liga,2012,2012/2013
FK Krasnodar,Wanderson,26,Centre-Forward,GAIS,"End of loanDec 31, 2012",out,Winter,0,Premier Liga,2012,2012/2013
FK Rostov,Danko Lazovic,29,Second Striker,Zenit S-Pb,Loan,in,Winter,0,Premier Liga,2012,2012/2013
FK Rostov,Maksim Belyaev,21,Centre-Back,Loko Moscow,Loan,in,Winter,0,Premier Liga,2012,2012/2013
FK Rostov,Timofey Margasov,20,Right-Back,Enisey,?,in,Winter,NA,Premier Liga,2012,2012/2013
FK Rostov,Guélor Kanga,22,Attacking Midfield,CF Mounana,?,in,Winter,NA,Premier Liga,2012,2012/2013
FK Rostov,Fedor Dyachenko,24,Goalkeeper,Fakel Voronezh,"End of loanDec 31, 2012",in,Winter,0,Premier Liga,2012,2012/2013
FK Rostov,Benoît Angbwa,31,Right-Back,KS Samara,£900Th.,out,Winter,0.9,Premier Liga,2012,2012/2013
FK Rostov,Fedor Dyachenko,24,Goalkeeper,Sibir,Free transfer,out,Winter,0,Premier Liga,2012,2012/2013
FK Rostov,Ilya Madilov,24,Goalkeeper,Fakel Voronezh,Free transfer,out,Winter,0,Premier Liga,2012,2012/2013
FK Rostov,Dragan Blatnjak,31,Right Winger,NK Osijek,Free transfer,out,Winter,0,Premier Liga,2012,2012/2013
FK Rostov,Sergey Belousov,22,Attacking Midfield,Shinnik,Loan,out,Winter,0,Premier Liga,2012,2012/2013
FK Rostov,David Bentley,28,Right Midfield,Spurs,"End of loanDec 31, 2012",out,Winter,0,Premier Liga,2012,2012/2013
Krylya Sovetov Samara,Ilya Maksimov,25,Central Midfield,Volga NN,£1.35m,in,Winter,1.35,Premier Liga,2012,2012/2013
Krylya Sovetov Samara,Stanislav Dragun,24,Central Midfield,Dinamo Minsk,£1.08m,in,Winter,1.08,Premier Liga,2012,2012/2013
Krylya Sovetov Samara,Benoît Angbwa,31,Right-Back,Rostov,£900Th.,in,Winter,0.9,Premier Liga,2012,2012/2013
Krylya Sovetov Samara,Réginal Goreux,25,Right-Back,Standard Liège,£450Th.,in,Winter,0.45,Premier Liga,2012,2012/2013
Krylya Sovetov Samara,Aleksandre Amisulashvili,30,Centre-Back,Krasnodar,Free transfer,in,Winter,0,Premier Liga,2012,2012/2013
Krylya Sovetov Samara,Shamil Lakhiyalov,33,Second Striker,Anzhi,Free transfer,in,Winter,0,Premier Liga,2012,2012/2013
Krylya Sovetov Samara,Aleksandr Makarov,34,Goalkeeper,Sibir,Free transfer,in,Winter,0,Premier Liga,2012,2012/2013
Krylya Sovetov Samara,Emin Makhmudov,20,Central Midfield,Spartak Moscow,Loan,in,Winter,0,Premier Liga,2012,2012/2013
Krylya Sovetov Samara,Igor Portnyagin,24,Centre-Forward,Rubin Kazan,Loan,in,Winter,0,Premier Liga,2012,2012/2013
Krylya Sovetov Samara,Sergey Petrov,21,Right-Back,Zenit S-Pb,£684Th.,out,Winter,0.684,Premier Liga,2012,2012/2013
Krylya Sovetov Samara,Raïs M'Bolhi,26,Goalkeeper,G. Ajaccio,Loan,out,Winter,0,Premier Liga,2012,2012/2013
Krylya Sovetov Samara,Pablo Zeballos,26,Second Striker,CS Emelec,Loan,out,Winter,0,Premier Liga,2012,2012/2013
Krylya Sovetov Samara,Alexandru Epureanu,26,Centre-Back,Dynamo Moscow,"End of loanDec 31, 2012",out,Winter,0,Premier Liga,2012,2012/2013
Terek Grozny,Kanu,25,Central Midfield,RSC Anderlecht,£2.70m,in,Winter,2.7,Premier Liga,2012,2012/2013
Terek Grozny,Facundo Píriz,22,Defensive Midfield,Nacional,£2.52m,in,Winter,2.52,Premier Liga,2012,2012/2013
Terek Grozny,Juhani Ojala,23,Centre-Back,BSC Young Boys,£450Th.,in,Winter,0.45,Premier Liga,2012,2012/2013
Terek Grozny,Igor Usminskiy,35,Goalkeeper,Krasnodar,Free transfer,in,Winter,0,Premier Liga,2012,2012/2013
Terek Grozny,Ismail Ediev,24,Centre-Back,Chernomorets N.,"End of loanDec 31, 2012",in,Winter,0,Premier Liga,2012,2012/2013
Terek Grozny,Blagoy Georgiev,31,Central Midfield,Amkar Perm,Free transfer,out,Winter,0,Premier Liga,2012,2012/2013
Terek Grozny,Zaur Sadaev,23,Centre-Forward,B. Jerusalem,Loan,out,Winter,0,Premier Liga,2012,2012/2013
Terek Grozny,Piotr Polczak,26,Centre-Back,Volga NN,Loan,out,Winter,0,Premier Liga,2012,2012/2013
Terek Grozny,Ismail Ediev,24,Centre-Back,Met-Kuz,?,out,Winter,NA,Premier Liga,2012,2012/2013
Terek Grozny,Soslan Dzhanaev,25,Goalkeeper,Spartak Moscow,"End of loanDec 31, 2012",out,Winter,0,Premier Liga,2012,2012/2013
Volga Nizhniy Novgorod,Adrian Ropotan,26,Central Midfield,Dynamo Moscow,Free transfer,in,Winter,0,Premier Liga,2012,2012/2013
Volga Nizhniy Novgorod,Vitalie Bordian,28,Right-Back,Goverla,Free transfer,in,Winter,0,Premier Liga,2012,2012/2013
Volga Nizhniy Novgorod,Anton Putsila,25,Attacking Midfield,SC Freiburg,Free transfer,in,Winter,0,Premier Liga,2012,2012/2013
Volga Nizhniy Novgorod,Piotr Polczak,26,Centre-Back,Terek Grozny,Loan,in,Winter,0,Premier Liga,2012,2012/2013
Volga Nizhniy Novgorod,Simeon Bulgaru,27,Centre-Back,Spartak V-kavkaz,?,in,Winter,NA,Premier Liga,2012,2012/2013
Volga Nizhniy Novgorod,Valeri Kichin,20,Left-Back,Dordoi,?,in,Winter,NA,Premier Liga,2012,2012/2013
Volga Nizhniy Novgorod,Romeo Castelen,29,Right Winger,Without Club,-,in,Winter,0,Premier Liga,2012,2012/2013
Volga Nizhniy Novgorod,Sergey Vaganov,27,Defensive Midfield,Rotor Volgograd,"End of loanDec 31, 2012",in,Winter,0,Premier Liga,2012,2012/2013
Volga Nizhniy Novgorod,Ilya Maksimov,25,Central Midfield,KS Samara,£1.35m,out,Winter,1.35,Premier Liga,2012,2012/2013
Volga Nizhniy Novgorod,Vladislav Ryzhkov,22,Attacking Midfield,Fakel Voronezh,Free transfer,out,Winter,0,Premier Liga,2012,2012/2013
Volga Nizhniy Novgorod,Mersudin Ahmetovic,27,Centre-Forward,Salyut Belgorod,Free transfer,out,Winter,0,Premier Liga,2012,2012/2013
Volga Nizhniy Novgorod,Sergey Vaganov,27,Defensive Midfield,Rotor Volgograd,?,out,Winter,NA,Premier Liga,2012,2012/2013
Volga Nizhniy Novgorod,Dani Bondarv,26,Right-Back,Without Club,-,out,Winter,0,Premier Liga,2012,2012/2013
Mordovia Saransk,Milan Perendija,27,Centre-Back,Otelul Galati,£450Th.,in,Winter,0.45,Premier Liga,2012,2012/2013
Mordovia Saransk,Vladimir Bozovic,31,Left-Back,Rapid Bucharest,Free transfer,in,Winter,0,Premier Liga,2012,2012/2013
Mordovia Saransk,Daniel Oprita,31,Left Winger,Petrolul,Free transfer,in,Winter,0,Premier Liga,2012,2012/2013
Mordovia Saransk,Akaki Khubutia,26,Centre-Back,Gaz Metan,Free transfer,in,Winter,0,Premier Liga,2012,2012/2013
Mordovia Saransk,Aleksandar Simcevic,25,Right-Back,Shakhter K.,Free transfer,out,Winter,0,Premier Liga,2012,2012/2013
Mordovia Saransk,Maksim Zhestkov,19,Right Winger,Braga B,Free transfer,out,Winter,0,Premier Liga,2012,2012/2013
Mordovia Saransk,Aleksey Muldarov,28,Centre-Back,Aktobe,Free transfer,out,Winter,0,Premier Liga,2012,2012/2013
Mordovia Saransk,Roman Kontsedalov,26,Central Midfield,Spartak Nalchik,"End of loanDec 31, 2012",out,Winter,0,Premier Liga,2012,2012/2013
Spartak Vladikavkaz,Renan Bressan,24,Attacking Midfield,BATE Borisov,£3.15m,in,Winter,3.15,Premier Liga,2012,2012/2013
Spartak Vladikavkaz,Ognjen Vranjes,23,Centre-Back,Krasnodar,£1.35m,in,Winter,1.35,Premier Liga,2012,2012/2013
Spartak Vladikavkaz,Georgi Gabulov,24,Central Midfield,Anzhi,£900Th.,in,Winter,0.9,Premier Liga,2012,2012/2013
Spartak Vladikavkaz,Rodolfo Zelaya,24,Centre-Forward,Alianza FC,Loan fee:£180Th.,in,Winter,0.18,Premier Liga,2012,2012/2013
Spartak Vladikavkaz,Welinton,23,Centre-Back,Flamengo,Loan fee:£135Th.,in,Winter,0.135,Premier Liga,2012,2012/2013
Spartak Vladikavkaz,Dmitri Tikhiy,20,Right-Back,Luch Vladivostok,£90Th.,in,Winter,0.09,Premier Liga,2012,2012/2013
Spartak Vladikavkaz,Giorgi Chanturia,19,Right Winger,Vitesse,Loan,in,Winter,0,Premier Liga,2012,2012/2013
Spartak Vladikavkaz,Soslan Dzhanaev,25,Goalkeeper,Spartak Moscow,Loan,in,Winter,0,Premier Liga,2012,2012/2013
Spartak Vladikavkaz,Mamuka Kobakhidze,20,Centre-Back,FC Zestafoni,Loan,in,Winter,0,Premier Liga,2012,2012/2013
Spartak Vladikavkaz,Aleksandr Prudnikov,23,Centre-Forward,Spartak Moscow,?,in,Winter,NA,Premier Liga,2012,2012/2013
Spartak Vladikavkaz,Royston Drenthe,25,Left Midfield,Without Club,-,in,Winter,0,Premier Liga,2012,2012/2013
Spartak Vladikavkaz,Dmitri Golubov,27,Centre-Forward,Ufa,£270Th.,out,Winter,0.27,Premier Liga,2012,2012/2013
Spartak Vladikavkaz,Cardoso,28,Centre-Back,EC Vitória,Free transfer,out,Winter,0,Premier Liga,2012,2012/2013
Spartak Vladikavkaz,Kazbek Geteriev,27,Defensive Midfield,Kairat Almaty,Free transfer,out,Winter,0,Premier Liga,2012,2012/2013
Spartak Vladikavkaz,Dmitri Grachev,29,Centre-Back,Ufa,Free transfer,out,Winter,0,Premier Liga,2012,2012/2013
Spartak Vladikavkaz,Sanzhar Tursunov,26,Right Winger,Loko Tashkent,Free transfer,out,Winter,0,Premier Liga,2012,2012/2013
Spartak Vladikavkaz,Shota Grigalashvili,26,Attacking Midfield,SKA-Energia,?,out,Winter,NA,Premier Liga,2012,2012/2013
Spartak Vladikavkaz,Roland Gigolaev,22,Left Midfield,Petrotrest,Loan,out,Winter,0,Premier Liga,2012,2012/2013
Spartak Vladikavkaz,Simeon Bulgaru,27,Centre-Back,Volga NN,?,out,Winter,NA,Premier Liga,2012,2012/2013
Spartak Vladikavkaz,David Gigolaev,23,Goalkeeper,S2V,-,out,Winter,0,Premier Liga,2012,2012/2013
Spartak Vladikavkaz,Soslan Dzhioev,19,Left Winger,S2V,-,out,Winter,0,Premier Liga,2012,2012/2013
Spartak Vladikavkaz,Ioan Mera,26,Centre-Back,Without Club,-,out,Winter,0,Premier Liga,2012,2012/2013
