club_name,player_name,age,position,club_involved_name,fee,transfer_movement,transfer_period,fee_cleaned,league_name,year,season
Athletic Bilbao,Aritz Aduriz,31,Centre-Forward,Valencia,£2.25m,in,Summer,2.25,Primera Division,2012,2012/2013
Athletic Bilbao,Isma López,22,Left-Back,CD Lugo,Free transfer,in,Summer,0,Primera Division,2012,2012/2013
Athletic Bilbao,Iago Herrerín,24,Goalkeeper,Atl. Madrid B,Free transfer,in,Summer,0,Primera Division,2012,2012/2013
Athletic Bilbao,Iñigo Díaz de Cerio,28,Centre-Forward,CD Numancia,"End of loanJun 30, 2012",in,Summer,0,Primera Division,2012,2012/2013
Athletic Bilbao,Ustaritz,29,Centre-Back,Real Betis,"End of loanJun 30, 2012",in,Summer,0,Primera Division,2012,2012/2013
Athletic Bilbao,Galder Cerrajería,23,Central Midfield,Real Murcia,"End of loanJun 30, 2012",in,Summer,0,Primera Division,2012,2012/2013
Athletic Bilbao,Pablo Orbaiz,33,Defensive Midfield,Olympiacos,"End of loanJun 30, 2012",in,Summer,0,Primera Division,2012,2012/2013
Athletic Bilbao,Javi Martínez,23,Defensive Midfield,Bayern Munich,£36.00m,out,Summer,36,Primera Division,2012,2012/2013
Athletic Bilbao,Koikili,31,Left-Back,CD Mirandés,Free transfer,out,Summer,0,Primera Division,2012,2012/2013
Athletic Bilbao,Igor Gabilondo,33,Left Midfield,AEK Larnaca,Free transfer,out,Summer,0,Primera Division,2012,2012/2013
Athletic Bilbao,Iago Herrerín,24,Goalkeeper,CD Numancia,Loan,out,Summer,0,Primera Division,2012,2012/2013
Athletic Bilbao,Iñigo Díaz de Cerio,28,Centre-Forward,CD Mirandés,Free transfer,out,Summer,0,Primera Division,2012,2012/2013
Athletic Bilbao,Iban Zubiaurre,29,Right-Back,UD Salamanca,Loan,out,Summer,0,Primera Division,2012,2012/2013
Athletic Bilbao,Pablo Orbaiz,33,Defensive Midfield,Rubin Kazan,Free transfer,out,Summer,0,Primera Division,2012,2012/2013
Athletic Bilbao,Galder Cerrajería,23,Central Midfield,Real Oviedo,Free transfer,out,Summer,0,Primera Division,2012,2012/2013
Athletic Bilbao,David López,29,Central Midfield,Brighton,Free transfer,out,Summer,0,Primera Division,2012,2012/2013
Athletic Bilbao,Aitor Ocio,35,Centre-Back,Retired,-,out,Summer,0,Primera Division,2012,2012/2013
Athletic Bilbao,Ustaritz,29,Centre-Back,Without Club,-,out,Summer,0,Primera Division,2012,2012/2013
Granada CF,Youssef El Arabi,25,Centre-Forward,Hilal,£4.50m,in,Summer,4.5,Primera Division,2012,2012/2013
Granada CF,Allan,21,Central Midfield,Maldonado,£2.70m,in,Summer,2.7,Primera Division,2012,2012/2013
Granada CF,Borja Gómez,24,Centre-Back,Karpaty,£720Th.,in,Summer,0.72,Primera Division,2012,2012/2013
Granada CF,Silvan Widmer,19,Right-Back,FC Aarau,£675Th.,in,Summer,0.675,Primera Division,2012,2012/2013
Granada CF,Yacine Brahimi,22,Left Winger,Stade Rennais,Loan fee:£270Th.,in,Summer,0.27,Primera Division,2012,2012/2013
Granada CF,Antonio Floro Flores,29,Centre-Forward,Udinese Calcio,Loan,in,Summer,0,Primera Division,2012,2012/2013
Granada CF,Gabriel Torje,22,Right Winger,Udinese Calcio,Loan,in,Summer,0,Primera Division,2012,2012/2013
Granada CF,Juanma Ortiz,30,Right-Back,Rangers,Free transfer,in,Summer,0,Primera Division,2012,2012/2013
Granada CF,Iriney,31,Central Midfield,Real Betis,Free transfer,in,Summer,0,Primera Division,2012,2012/2013
Granada CF,Brayan Angulo,22,Left-Back,Atl. Baleares,Free transfer,in,Summer,0,Primera Division,2012,2012/2013
Granada CF,Álex Bernal,21,Central Midfield,Betis B,Free transfer,in,Summer,0,Primera Division,2012,2012/2013
Granada CF,Ritchie Kitoko,24,Central Midfield,CD Tenerife,Free transfer,in,Summer,0,Primera Division,2012,2012/2013
Granada CF,Allan Nyom,24,Right-Back,Udinese Calcio,Loan,in,Summer,0,Primera Division,2012,2012/2013
Granada CF,Óscar Pérez,30,Central Midfield,Cádiz CF,"End of loanJul 1, 2012",in,Summer,0,Primera Division,2012,2012/2013
Granada CF,Gonzalo,24,Goalkeeper,Cádiz CF,"End of loanJul 1, 2012",in,Summer,0,Primera Division,2012,2012/2013
Granada CF,Kabiru Akinsola,21,Centre-Forward,Cádiz CF,"End of loanJun 30, 2012",in,Summer,0,Primera Division,2012,2012/2013
Granada CF,Matías Campos Toro,23,Left-Back,CDUC,"End of loanJun 30, 2012",in,Summer,0,Primera Division,2012,2012/2013
Granada CF,Álex Goikoetxea,29,Centre-Back,Cádiz CF,"End of loanJun 30, 2012",in,Summer,0,Primera Division,2012,2012/2013
Granada CF,David Ferreiro,24,Right Winger,Cádiz CF,"End of loanJun 1, 2012",in,Summer,0,Primera Division,2012,2012/2013
Granada CF,Héctor Yuste,24,Centre-Back,Cádiz CF,"End of loanJun 1, 2012",in,Summer,0,Primera Division,2012,2012/2013
Granada CF,Gabriel Silva,21,Left-Back,Novara,"End of loanJun 30, 2012",in,Summer,0,Primera Division,2012,2012/2013
Granada CF,Daniel Pudil,26,Left-Back,Cesena,"End of loanJun 30, 2012",in,Summer,0,Primera Division,2012,2012/2013
Granada CF,Pedro Barrancos,24,Attacking Midfield,Caravaca,"End of loanJun 30, 2012",in,Summer,0,Primera Division,2012,2012/2013
Granada CF,Yohan Mollo,22,Left Winger,AS Nancy,"End of loanJun 30, 2012",in,Summer,0,Primera Division,2012,2012/2013
Granada CF,Fabián Orellana,26,Right Winger,Celta de Vigo,"End of loanJun 30, 2012",in,Summer,0,Primera Division,2012,2012/2013
Granada CF,Jeison Murillo,20,Centre-Back,Cádiz CF,"End of loanJun 30, 2012",in,Summer,0,Primera Division,2012,2012/2013
Granada CF,Ikechi Anya,24,Left Midfield,Cádiz CF,"End of loanJun 30, 2012",in,Summer,0,Primera Division,2012,2012/2013
Granada CF,David de Coz,32,Right-Back,Cádiz CF,"End of loanJun 30, 2012",in,Summer,0,Primera Division,2012,2012/2013
Granada CF,Toti,24,Attacking Midfield,Cádiz CF,"End of loanJun 30, 2012",in,Summer,0,Primera Division,2012,2012/2013
Granada CF,Álex Cruz,22,Right Winger,CE Sabadell,"End of loanJun 30, 2012",in,Summer,0,Primera Division,2012,2012/2013
Granada CF,Juanjo,26,Centre-Forward,Cádiz CF,"End of loanJun 30, 2012",in,Summer,0,Primera Division,2012,2012/2013
Granada CF,José María Cases,25,Attacking Midfield,Cádiz CF,"End of loanJun 30, 2012",in,Summer,0,Primera Division,2012,2012/2013
Granada CF,Gabriel Silva,21,Left-Back,Udinese Calcio,£3.60m,out,Summer,3.6,Primera Division,2012,2012/2013
Granada CF,Yohan Mollo,22,Left Winger,AS Nancy,£1.80m,out,Summer,1.8,Primera Division,2012,2012/2013
Granada CF,David Ferreiro,24,Right Winger,Racing,Loan fee:£45Th.,out,Summer,0.045,Primera Division,2012,2012/2013
Granada CF,José Juan Figueras,33,Goalkeeper,CD Lugo,Free transfer,out,Summer,0,Primera Division,2012,2012/2013
Granada CF,Álex Cruz,22,Right Winger,UCAM Murcia,Loan,out,Summer,0,Primera Division,2012,2012/2013
Granada CF,Toti,24,Attacking Midfield,Hércules CF,Loan,out,Summer,0,Primera Division,2012,2012/2013
Granada CF,Matías Campos Toro,23,Left-Back,Siena,Free transfer,out,Summer,0,Primera Division,2012,2012/2013
Granada CF,Álex Goikoetxea,29,Centre-Back,Racing,Free transfer,out,Summer,0,Primera Division,2012,2012/2013
Granada CF,Óscar Pérez,30,Central Midfield,Racing,Free transfer,out,Summer,0,Primera Division,2012,2012/2013
Granada CF,José María Cases,25,Attacking Midfield,CD Mirandés,Loan,out,Summer,0,Primera Division,2012,2012/2013
Granada CF,Álex Bernal,21,Central Midfield,CD Mirandés,Loan,out,Summer,0,Primera Division,2012,2012/2013
Granada CF,Ritchie Kitoko,24,Central Midfield,Girona,Loan,out,Summer,0,Primera Division,2012,2012/2013
Granada CF,Pedro Barrancos,24,Attacking Midfield,UCAM Murcia,Free transfer,out,Summer,0,Primera Division,2012,2012/2013
Granada CF,Allan,21,Central Midfield,Udinese Calcio,Loan,out,Summer,0,Primera Division,2012,2012/2013
Granada CF,Abel Gómez,30,Central Midfield,Córdoba CF,Free transfer,out,Summer,0,Primera Division,2012,2012/2013
Granada CF,Silvan Widmer,19,Right-Back,FC Aarau,Loan,out,Summer,0,Primera Division,2012,2012/2013
Granada CF,David de Coz,32,Right-Back,CD Lugo,Loan,out,Summer,0,Primera Division,2012,2012/2013
Granada CF,Daniel Pudil,26,Left-Back,Watford,Loan,out,Summer,0,Primera Division,2012,2012/2013
Granada CF,Ikechi Anya,24,Left Midfield,Watford,Loan,out,Summer,0,Primera Division,2012,2012/2013
Granada CF,Juanjo,26,Centre-Forward,UD Logroñés,Loan,out,Summer,0,Primera Division,2012,2012/2013
Granada CF,Jeison Murillo,20,Centre-Back,UD Las Palmas,Loan,out,Summer,0,Primera Division,2012,2012/2013
Granada CF,Héctor Yuste,24,Centre-Back,Racing,Loan,out,Summer,0,Primera Division,2012,2012/2013
Granada CF,Kabiru Akinsola,21,Centre-Forward,FC Cartagena,Loan,out,Summer,0,Primera Division,2012,2012/2013
Granada CF,David Cortés,33,Right-Back,Without Club,-,out,Summer,0,Primera Division,2012,2012/2013
Granada CF,Noé Pamarot,33,Centre-Back,Without Club,-,out,Summer,0,Primera Division,2012,2012/2013
Granada CF,Allan Nyom,24,Right-Back,Udinese Calcio,"End of loanJun 30, 2012",out,Summer,0,Primera Division,2012,2012/2013
Granada CF,Carlos Martins,30,Attacking Midfield,Benfica,"End of loanJun 30, 2012",out,Summer,0,Primera Division,2012,2012/2013
Granada CF,Júlio César,25,Goalkeeper,Benfica B,"End of loanJun 30, 2012",out,Summer,0,Primera Division,2012,2012/2013
Granada CF,Franco Jara,23,Centre-Forward,Benfica,"End of loanJun 30, 2012",out,Summer,0,Primera Division,2012,2012/2013
Granada CF,Ikechukwu Uche,28,Centre-Forward,Villarreal,"End of loanJun 30, 2012",out,Summer,0,Primera Division,2012,2012/2013
Granada CF,Borja Gómez,24,Centre-Back,Karpaty,"End of loanJun 30, 2012",out,Summer,0,Primera Division,2012,2012/2013
Granada CF,Álex Geijo,30,Centre-Forward,Udinese Calcio,"End of loanJun 30, 2012",out,Summer,0,Primera Division,2012,2012/2013
Getafe CF,Álvaro Vázquez,21,Centre-Forward,Espanyol,£2.70m,in,Summer,2.7,Primera Division,2012,2012/2013
Getafe CF,Miguel Ángel Moyá,28,Goalkeeper,Valencia,£1.80m,in,Summer,1.8,Primera Division,2012,2012/2013
Getafe CF,Xavi Torres,25,Central Midfield,Levante,£450Th.,in,Summer,0.45,Primera Division,2012,2012/2013
Getafe CF,David Abraham,25,Centre-Back,FC Basel,Free transfer,in,Summer,0,Primera Division,2012,2012/2013
Getafe CF,Ángel Lafita,27,Left Winger,Real Zaragoza,Free transfer,in,Summer,0,Primera Division,2012,2012/2013
Getafe CF,Paco Alcácer,19,Centre-Forward,Valencia,Loan,in,Summer,0,Primera Division,2012,2012/2013
Getafe CF,Hugo Fraile,25,Right Winger,Getafe CF B,-,in,Summer,0,Primera Division,2012,2012/2013
Getafe CF,Álvaro Arroyo,23,Centre-Back,Getafe CF B,-,in,Summer,0,Primera Division,2012,2012/2013
Getafe CF,Álex Pérez,20,Centre-Back,Getafe CF B,-,in,Summer,0,Primera Division,2012,2012/2013
Getafe CF,Adrián Sardinero,21,Right Winger,Hércules CF,"End of loanJun 30, 2012",in,Summer,0,Primera Division,2012,2012/2013
Getafe CF,Borja Fernández,31,Defensive Midfield,Dep. La Coruña,"End of loanJun 30, 2012",in,Summer,0,Primera Division,2012,2012/2013
Getafe CF,Pablo Pintos,24,Right-Back,Defensor,"End of loanJun 30, 2012",in,Summer,0,Primera Division,2012,2012/2013
Getafe CF,Adrián Colunga,27,Centre-Forward,Sporting Gijón,"End of loanJun 30, 2012",in,Summer,0,Primera Division,2012,2012/2013
Getafe CF,Cata Díaz,32,Centre-Back,Atlético Madrid,£900Th.,out,Summer,0.9,Primera Division,2012,2012/2013
Getafe CF,Álex Pérez,20,Centre-Back,SD Huesca,Loan,out,Summer,0,Primera Division,2012,2012/2013
Getafe CF,Javier Arizmendi,28,Centre-Forward,RCD Mallorca,Loan,out,Summer,0,Primera Division,2012,2012/2013
Getafe CF,Óscar Ustari,26,Goalkeeper,Boca Juniors,Free transfer,out,Summer,0,Primera Division,2012,2012/2013
Getafe CF,Adrián Sardinero,21,Right Winger,Hércules CF,Free transfer,out,Summer,0,Primera Division,2012,2012/2013
Getafe CF,Pedro Ríos,30,Right Winger,Levante,Free transfer,out,Summer,0,Primera Division,2012,2012/2013
Getafe CF,Javier Casquero,36,Defensive Midfield,UD Almería,Free transfer,out,Summer,0,Primera Division,2012,2012/2013
Getafe CF,Pablo Pintos,25,Right-Back,Kasimpasa,?,out,Summer,NA,Primera Division,2012,2012/2013
Getafe CF,Miku Fedor,27,Centre-Forward,Celtic,Loan,out,Summer,0,Primera Division,2012,2012/2013
Getafe CF,Álvaro Arroyo,24,Centre-Back,Alcorcón,Loan,out,Summer,0,Primera Division,2012,2012/2013
Getafe CF,Miguel Ángel Moyá,28,Goalkeeper,Valencia,"End of loanJun 30, 2012",out,Summer,0,Primera Division,2012,2012/2013
Getafe CF,Tsepo Masilela,27,Left-Back,Maccabi Haifa,"End of loanJun 30, 2012",out,Summer,0,Primera Division,2012,2012/2013
Getafe CF,Rubén Pérez,23,Defensive Midfield,Atlético Madrid,"End of loanJun 30, 2012",out,Summer,0,Primera Division,2012,2012/2013
Levante UD,Xavi Torres,25,Central Midfield,Málaga CF,£270Th.,in,Summer,0.27,Primera Division,2012,2012/2013
Levante UD,Pape Diop,26,Defensive Midfield,Racing,£180Th.,in,Summer,0.18,Primera Division,2012,2012/2013
Levante UD,Keylor Navas,25,Goalkeeper,Albacete,£135Th.,in,Summer,0.135,Primera Division,2012,2012/2013
Levante UD,Theofanis Gekas,32,Centre-Forward,Samsunspor,Free transfer,in,Summer,0,Primera Division,2012,2012/2013
Levante UD,Christian Lell,27,Right-Back,Hertha BSC,Free transfer,in,Summer,0,Primera Division,2012,2012/2013
Levante UD,Dariusz Dudka,28,Centre-Back,AJ Auxerre,Free transfer,in,Summer,0,Primera Division,2012,2012/2013
Levante UD,Arouna Koné,28,Centre-Forward,Sevilla FC,Free transfer,in,Summer,0,Primera Division,2012,2012/2013
Levante UD,Nikolaos Karabelas,27,Left-Back,AEK Athens,Free transfer,in,Summer,0,Primera Division,2012,2012/2013
Levante UD,Pedro Ríos,30,Right Winger,Getafe,Free transfer,in,Summer,0,Primera Division,2012,2012/2013
Levante UD,Míchel,23,Central Midfield,Valencia,Free transfer,in,Summer,0,Primera Division,2012,2012/2013
Levante UD,Ángel Rodríguez,25,Centre-Forward,Elche CF,Free transfer,in,Summer,0,Primera Division,2012,2012/2013
Levante UD,Obafemi Martins,27,Centre-Forward,Rubin Kazan,Free transfer,in,Summer,0,Primera Division,2012,2012/2013
Levante UD,Massimo Volta,25,Centre-Back,Sampdoria,Loan,in,Summer,0,Primera Division,2012,2012/2013
Levante UD,Rubén García,18,Attacking Midfield,Levante B,-,in,Summer,0,Primera Division,2012,2012/2013
Levante UD,Héctor Rodas,24,Centre-Back,Elche CF,"End of loanJun 30, 2012",in,Summer,0,Primera Division,2012,2012/2013
Levante UD,Marc Mateu,22,Attacking Midfield,Real Zaragoza B,"End of loanJun 30, 2012",in,Summer,0,Primera Division,2012,2012/2013
Levante UD,Arouna Koné,28,Centre-Forward,Wigan,£3.42m,out,Summer,3.42,Primera Division,2012,2012/2013
Levante UD,Xavi Torres,25,Central Midfield,Getafe,£450Th.,out,Summer,0.45,Primera Division,2012,2012/2013
Levante UD,Javi Venta,36,Right-Back,Villarreal,Free transfer,out,Summer,0,Primera Division,2012,2012/2013
Levante UD,Rubén Suárez,33,Second Striker,GZ Renhe,Free transfer,out,Summer,0,Primera Division,2012,2012/2013
Levante UD,Marc Mateu,22,Attacking Midfield,Real Zaragoza B,Free transfer,out,Summer,0,Primera Division,2012,2012/2013
Levante UD,Valdo,31,Right Winger,Atlante,Free transfer,out,Summer,0,Primera Division,2012,2012/2013
Levante UD,Asier del Horno,31,Left-Back,Retired,-,out,Summer,0,Primera Division,2012,2012/2013
Levante UD,Francisco Farinós,34,Defensive Midfield,Without Club,-,out,Summer,0,Primera Division,2012,2012/2013
Levante UD,Keylor Navas,25,Goalkeeper,Albacete,"End of loanJun 30, 2012",out,Summer,0,Primera Division,2012,2012/2013
Levante UD,Xavi Torres,25,Central Midfield,Málaga CF,"End of loanJun 30, 2012",out,Summer,0,Primera Division,2012,2012/2013
Levante UD,Gustavo Cabral,26,Centre-Back,Arsenal FC,"End of loanJun 30, 2012",out,Summer,0,Primera Division,2012,2012/2013
Levante UD,Arouna Koné,28,Centre-Forward,Sevilla FC,"End of loanJun 30, 2012",out,Summer,0,Primera Division,2012,2012/2013
Levante UD,Pedro Botelho,22,Left-Back,Arsenal,"End of loanJun 30, 2012",out,Summer,0,Primera Division,2012,2012/2013
Levante UD,Abdelkader Ghezzal,27,Centre-Forward,Bari,"End of loanJun 30, 2012",out,Summer,0,Primera Division,2012,2012/2013
Málaga CF,Manuel Iturra,28,Defensive Midfield,U. de Chile,Free transfer,in,Summer,0,Primera Division,2012,2012/2013
Málaga CF,Javier Saviola,30,Second Striker,Benfica,Free transfer,in,Summer,0,Primera Division,2012,2012/2013
Málaga CF,Roque Santa Cruz,31,Centre-Forward,Man City,Loan,in,Summer,0,Primera Division,2012,2012/2013
Málaga CF,Oguchi Onyewu,30,Centre-Back,Sporting CP,Loan,in,Summer,0,Primera Division,2012,2012/2013
Málaga CF,Iván González,24,Centre-Back,RM Castilla,"End of loanJun 30, 2012",in,Summer,0,Primera Division,2012,2012/2013
Málaga CF,Javi López,24,Right Winger,Real Jaén CF,"End of loanJun 30, 2012",in,Summer,0,Primera Division,2012,2012/2013
Málaga CF,Sandro Silva,28,Defensive Midfield,Internacional,"End of loanJun 30, 2012",in,Summer,0,Primera Division,2012,2012/2013
Málaga CF,Xavi Torres,25,Central Midfield,Levante,"End of loanJun 30, 2012",in,Summer,0,Primera Division,2012,2012/2013
Málaga CF,Apoño,28,Central Midfield,Real Zaragoza,"End of loanJun 30, 2012",in,Summer,0,Primera Division,2012,2012/2013
Málaga CF,Santi Cazorla,27,Central Midfield,Arsenal,£17.10m,out,Summer,17.1,Primera Division,2012,2012/2013
Málaga CF,Salomón Rondón,22,Centre-Forward,Rubin Kazan,£8.10m,out,Summer,8.1,Primera Division,2012,2012/2013
Málaga CF,Apoño,28,Central Midfield,Real Zaragoza,£900Th.,out,Summer,0.9,Primera Division,2012,2012/2013
Málaga CF,Xavi Torres,25,Central Midfield,Levante,£270Th.,out,Summer,0.27,Primera Division,2012,2012/2013
Málaga CF,Hélder Rosário,32,Centre-Back,Ponferradina,Free transfer,out,Summer,0,Primera Division,2012,2012/2013
Málaga CF,Javi López,24,Right Winger,Getafe CF B,Free transfer,out,Summer,0,Primera Division,2012,2012/2013
Málaga CF,Iván González,24,Centre-Back,RM Castilla,Free transfer,out,Summer,0,Primera Division,2012,2012/2013
Málaga CF,Rubén Martínez,28,Goalkeeper,Rayo Vallecano,Loan,out,Summer,0,Primera Division,2012,2012/2013
Málaga CF,Joris Mathijsen,32,Centre-Back,Feyenoord,Free transfer,out,Summer,0,Primera Division,2012,2012/2013
Málaga CF,Javier Malagueño,29,Centre-Back,Tigre,Free transfer,out,Summer,0,Primera Division,2012,2012/2013
Málaga CF,Enzo Maresca,32,Central Midfield,Sampdoria,Free transfer,out,Summer,0,Primera Division,2012,2012/2013
Málaga CF,Sandro Silva,28,Defensive Midfield,Cruzeiro,Loan,out,Summer,0,Primera Division,2012,2012/2013
Málaga CF,Ruud van Nistelrooy,36,Centre-Forward,Retired,-,out,Summer,0,Primera Division,2012,2012/2013
Valencia CF,Sergio Canales,21,Attacking Midfield,Real Madrid,£6.75m,in,Summer,6.75,Primera Division,2012,2012/2013
Valencia CF,Aly Cissokho,24,Left-Back,Olympique Lyon,£5.40m,in,Summer,5.4,Primera Division,2012,2012/2013
Valencia CF,João Pereira,28,Right-Back,Sporting CP,£3.33m,in,Summer,3.33,Primera Division,2012,2012/2013
Valencia CF,Fernando Gago,26,Defensive Midfield,Real Madrid,£3.15m,in,Summer,3.15,Primera Division,2012,2012/2013
Valencia CF,Jonathan Viera,22,Attacking Midfield,UD Las Palmas,£2.25m,in,Summer,2.25,Primera Division,2012,2012/2013
Valencia CF,Andrés Guardado,25,Central Midfield,Dep. La Coruña,Free transfer,in,Summer,0,Primera Division,2012,2012/2013
Valencia CF,Nelson Haedo Valdez,28,Centre-Forward,Rubin Kazan,Loan,in,Summer,0,Primera Division,2012,2012/2013
Valencia CF,Miguel Ángel Moyá,28,Goalkeeper,Getafe,"End of loanJun 30, 2012",in,Summer,0,Primera Division,2012,2012/2013
Valencia CF,Míchel,23,Central Midfield,Hércules CF,"End of loanJun 30, 2012",in,Summer,0,Primera Division,2012,2012/2013
Valencia CF,Alejandro Domínguez,31,Attacking Midfield,River Plate,"End of loanJun 30, 2012",in,Summer,0,Primera Division,2012,2012/2013
Valencia CF,Jordi Alba,23,Left-Back,FC Barcelona,£12.60m,out,Summer,12.6,Primera Division,2012,2012/2013
Valencia CF,Pablo Hernández,27,Attacking Midfield,Swansea,£6.30m,out,Summer,6.3,Primera Division,2012,2012/2013
Valencia CF,Mehmet Topal,26,Defensive Midfield,Fenerbahce,£4.05m,out,Summer,4.05,Primera Division,2012,2012/2013
Valencia CF,Aritz Aduriz,31,Centre-Forward,Athletic,£2.25m,out,Summer,2.25,Primera Division,2012,2012/2013
Valencia CF,Miguel Ángel Moyá,28,Goalkeeper,Getafe,£1.80m,out,Summer,1.8,Primera Division,2012,2012/2013
Valencia CF,Alejandro Domínguez,31,Attacking Midfield,Rayo Vallecano,Free transfer,out,Summer,0,Primera Division,2012,2012/2013
Valencia CF,Hedwiges Maduro,27,Defensive Midfield,Sevilla FC,Free transfer,out,Summer,0,Primera Division,2012,2012/2013
Valencia CF,Míchel,23,Central Midfield,Levante,Free transfer,out,Summer,0,Primera Division,2012,2012/2013
Valencia CF,Bruno,31,Right-Back,Brighton,Free transfer,out,Summer,0,Primera Division,2012,2012/2013
Valencia CF,Ángel Dealbert,29,Centre-Back,Kuban Krasnodar,Free transfer,out,Summer,0,Primera Division,2012,2012/2013
Valencia CF,Paco Alcácer,19,Centre-Forward,Getafe,Loan,out,Summer,0,Primera Division,2012,2012/2013
Valencia CF,Miguel,32,Right-Back,Retired,-,out,Summer,0,Primera Division,2012,2012/2013
Valencia CF,Sergio Canales,21,Attacking Midfield,Real Madrid,"End of loanJun 30, 2012",out,Summer,0,Primera Division,2012,2012/2013
Valencia CF,Cristiano Figueiredo,21,Goalkeeper,Braga,"End of loanJun 30, 2012",out,Summer,0,Primera Division,2012,2012/2013
Celta de Vigo,Augusto Fernández,26,Central Midfield,Vélez Sarsfield,£1.35m,in,Summer,1.35,Primera Division,2012,2012/2013
Celta de Vigo,Michael Krohn-Dehli,29,Central Midfield,Bröndby IF,£900Th.,in,Summer,0.9,Primera Division,2012,2012/2013
Celta de Vigo,Gustavo Cabral,26,Centre-Back,Arsenal FC,Loan fee:£450Th.,in,Summer,0.45,Primera Division,2012,2012/2013
Celta de Vigo,Chu-young Park,27,Centre-Forward,Arsenal,Loan fee:£450Th.,in,Summer,0.45,Primera Division,2012,2012/2013
Celta de Vigo,Samuel Llorca,27,Centre-Back,Hércules CF,£405Th.,in,Summer,0.405,Primera Division,2012,2012/2013
Celta de Vigo,Javi Varas,29,Goalkeeper,Sevilla FC,Loan,in,Summer,0,Primera Division,2012,2012/2013
Celta de Vigo,Jota,21,Right Winger,Celta Vigo B,-,in,Summer,0,Primera Division,2012,2012/2013
Celta de Vigo,Dani Abalo,24,Right Winger,Gimnàstic,"End of loanJun 30, 2012",in,Summer,0,Primera Division,2012,2012/2013
Celta de Vigo,Dimitrios Papadopoulos,30,Centre-Forward,APO Levadiakos,"End of loanJun 30, 2012",in,Summer,0,Primera Division,2012,2012/2013
Celta de Vigo,Dimitrios Papadopoulos,30,Centre-Forward,Panthrakikos,Free transfer,out,Summer,0,Primera Division,2012,2012/2013
Celta de Vigo,Yoel Rodríguez,23,Goalkeeper,CD Lugo,Loan,out,Summer,0,Primera Division,2012,2012/2013
Celta de Vigo,David Catalá,32,Centre-Back,AEK Larnaca,?,out,Summer,NA,Primera Division,2012,2012/2013
Celta de Vigo,David Rodríguez,26,Centre-Forward,Sporting Gijón,Loan,out,Summer,0,Primera Division,2012,2012/2013
Celta de Vigo,Jota,21,Right Winger,RM Castilla,Loan,out,Summer,0,Primera Division,2012,2012/2013
Celta de Vigo,Oier,26,Defensive Midfield,CA Osasuna,"End of loanJun 30, 2012",out,Summer,0,Primera Division,2012,2012/2013
Celta de Vigo,Fabián Orellana,26,Right Winger,Granada CF,"End of loanJun 30, 2012",out,Summer,0,Primera Division,2012,2012/2013
Deportivo de La Coruña,Nélson Oliveira,20,Centre-Forward,Benfica,Loan fee:£540Th.,in,Summer,0.54,Primera Division,2012,2012/2013
Deportivo de La Coruña,André Santos,23,Defensive Midfield,Sporting CP,Loan,in,Summer,0,Primera Division,2012,2012/2013
Deportivo de La Coruña,Carlos Marchena,33,Centre-Back,Villarreal,Free transfer,in,Summer,0,Primera Division,2012,2012/2013
Deportivo de La Coruña,Tiago Pinto,24,Left-Back,Rio Ave FC,Loan,in,Summer,0,Primera Division,2012,2012/2013
Deportivo de La Coruña,Pizzi,22,Right Midfield,Atlético Madrid,Loan,in,Summer,0,Primera Division,2012,2012/2013
Deportivo de La Coruña,Evaldo,30,Left-Back,Sporting CP,Loan,in,Summer,0,Primera Division,2012,2012/2013
Deportivo de La Coruña,Abel Aguilar,27,Defensive Midfield,Hércules CF,Loan,in,Summer,0,Primera Division,2012,2012/2013
Deportivo de La Coruña,Roderick Miranda,21,Centre-Back,Benfica,Loan,in,Summer,0,Primera Division,2012,2012/2013
Deportivo de La Coruña,Javier Camuñas,32,Right Winger,Villarreal,Loan,in,Summer,0,Primera Division,2012,2012/2013
Deportivo de La Coruña,Pablo Insua,18,Centre-Back,Deportivo B,-,in,Summer,0,Primera Division,2012,2012/2013
Deportivo de La Coruña,Felipe Ramos,24,Goalkeeper,RCD Mallorca B,"End of loanJun 30, 2012",in,Summer,0,Primera Division,2012,2012/2013
Deportivo de La Coruña,Andrés Guardado,25,Central Midfield,Valencia,Free transfer,out,Summer,0,Primera Division,2012,2012/2013
Deportivo de La Coruña,Diego Colotto,31,Centre-Back,Espanyol,Free transfer,out,Summer,0,Primera Division,2012,2012/2013
Deportivo de La Coruña,Felipe Ramos,24,Goalkeeper,Valencia B,Loan,out,Summer,0,Primera Division,2012,2012/2013
Deportivo de La Coruña,Pablo Álvarez,32,Right Winger,CD Lugo,Free transfer,out,Summer,0,Primera Division,2012,2012/2013
Deportivo de La Coruña,Claudio Morel,34,Left-Back,Independiente,Free transfer,out,Summer,0,Primera Division,2012,2012/2013
Deportivo de La Coruña,Lassad Nouioui,26,Centre-Forward,Celtic,Free transfer,out,Summer,0,Primera Division,2012,2012/2013
Deportivo de La Coruña,Xisco,26,Centre-Forward,Newcastle,"End of loanJun 30, 2012",out,Summer,0,Primera Division,2012,2012/2013
Deportivo de La Coruña,Borja Fernández,31,Defensive Midfield,Getafe,"End of loanJun 30, 2012",out,Summer,0,Primera Division,2012,2012/2013
RCD Espanyol Barcelona,Joan Capdevila,34,Left-Back,Benfica,£315Th.,in,Summer,0.315,Primera Division,2012,2012/2013
RCD Espanyol Barcelona,Mubarak Wakaso,21,Central Midfield,Villarreal,£270Th.,in,Summer,0.27,Primera Division,2012,2012/2013
RCD Espanyol Barcelona,Diego Colotto,31,Centre-Back,Dep. La Coruña,Free transfer,in,Summer,0,Primera Division,2012,2012/2013
RCD Espanyol Barcelona,Simão,32,Left Winger,Besiktas,Free transfer,in,Summer,0,Primera Division,2012,2012/2013
RCD Espanyol Barcelona,Samuele Longo,20,Centre-Forward,Inter,Loan,in,Summer,0,Primera Division,2012,2012/2013
RCD Espanyol Barcelona,Cristhian Stuani,25,Centre-Forward,Reggina,?,in,Summer,NA,Primera Division,2012,2012/2013
RCD Espanyol Barcelona,Sergio Tejera,22,Central Midfield,RCD Mallorca,?,in,Summer,NA,Primera Division,2012,2012/2013
RCD Espanyol Barcelona,Cristian Gómez,22,Central Midfield,RCD Espanyol B,-,in,Summer,0,Primera Division,2012,2012/2013
RCD Espanyol Barcelona,Dani Nieto,21,Left Winger,RCD Espanyol B,-,in,Summer,0,Primera Division,2012,2012/2013
RCD Espanyol Barcelona,Christian Alfonso,23,Attacking Midfield,RCD Espanyol B,-,in,Summer,0,Primera Division,2012,2012/2013
RCD Espanyol Barcelona,Ben Sahar,22,Centre-Forward,AJ Auxerre,"End of loanJun 30, 2012",in,Summer,0,Primera Division,2012,2012/2013
RCD Espanyol Barcelona,Manu Molina,20,Attacking Midfield,SD Huesca,"End of loanJun 30, 2012",in,Summer,0,Primera Division,2012,2012/2013
RCD Espanyol Barcelona,Adrián Luna,20,Attacking Midfield,CE Sabadell,"End of loanJun 30, 2012",in,Summer,0,Primera Division,2012,2012/2013
RCD Espanyol Barcelona,Álvaro Vázquez,21,Centre-Forward,Getafe,£2.70m,out,Summer,2.7,Primera Division,2012,2012/2013
RCD Espanyol Barcelona,Kalu Uche,29,Centre-Forward,Kasimpasa,£1.35m,out,Summer,1.35,Primera Division,2012,2012/2013
RCD Espanyol Barcelona,Javi Márquez,26,Central Midfield,RCD Mallorca,£1.08m,out,Summer,1.08,Primera Division,2012,2012/2013
RCD Espanyol Barcelona,Ben Sahar,22,Centre-Forward,Hertha BSC,Free transfer,out,Summer,0,Primera Division,2012,2012/2013
RCD Espanyol Barcelona,Manu Molina,20,Attacking Midfield,Valencia B,Free transfer,out,Summer,0,Primera Division,2012,2012/2013
RCD Espanyol Barcelona,Wálter Pandiani,36,Centre-Forward,Villarreal,Free transfer,out,Summer,0,Primera Division,2012,2012/2013
RCD Espanyol Barcelona,Dani Nieto,21,Left Winger,Alcorcón,Free transfer,out,Summer,0,Primera Division,2012,2012/2013
RCD Espanyol Barcelona,Thievy Bifouma,20,Right Winger,UD Las Palmas,Loan,out,Summer,0,Primera Division,2012,2012/2013
RCD Espanyol Barcelona,Jordi Amat,20,Centre-Back,Rayo Vallecano,Loan,out,Summer,0,Primera Division,2012,2012/2013
RCD Espanyol Barcelona,Adrián Luna,20,Attacking Midfield,Nacional,Loan,out,Summer,0,Primera Division,2012,2012/2013
RCD Espanyol Barcelona,Dídac Vilà,23,Left-Back,AC Milan,"End of loanJun 30, 2012",out,Summer,0,Primera Division,2012,2012/2013
RCD Espanyol Barcelona,Vladimir Weiss,22,Left Winger,Man City,"End of loanJun 30, 2012",out,Summer,0,Primera Division,2012,2012/2013
RCD Espanyol Barcelona,Romaric,29,Defensive Midfield,Sevilla FC,"End of loanJun 30, 2012",out,Summer,0,Primera Division,2012,2012/2013
RCD Espanyol Barcelona,Philippe Coutinho,20,Attacking Midfield,Inter,"End of loanJun 30, 2012",out,Summer,0,Primera Division,2012,2012/2013
Real Sociedad,Carlos Vela,23,Right Winger,Arsenal,£12.60m,in,Summer,12.6,Primera Division,2012,2012/2013
Real Sociedad,Chory Castro,27,Left Winger,RCD Mallorca,Free transfer,in,Summer,0,Primera Division,2012,2012/2013
Real Sociedad,Yuri Berchiche,22,Left-Back,Real Unión,Free transfer,in,Summer,0,Primera Division,2012,2012/2013
Real Sociedad,José Ángel,22,Left-Back,AS Roma,Loan,in,Summer,0,Primera Division,2012,2012/2013
Real Sociedad,Javi Ros,22,Central Midfield,Real Sociedad B,-,in,Summer,0,Primera Division,2012,2012/2013
Real Sociedad,Borja Viguera,25,Centre-Forward,Albacete,"End of loanJun 30, 2012",in,Summer,0,Primera Division,2012,2012/2013
Real Sociedad,Jeffrey Sarpong,23,Left Winger,NAC Breda,"End of loanJun 30, 2012",in,Summer,0,Primera Division,2012,2012/2013
Real Sociedad,Vadim Demidov,25,Centre-Back,E. Frankfurt,£450Th.,out,Summer,0.45,Primera Division,2012,2012/2013
Real Sociedad,Yuri Berchiche,22,Left-Back,SD Eibar,Loan,out,Summer,0,Primera Division,2012,2012/2013
Real Sociedad,Borja Viguera,25,Centre-Forward,Alavés,?,out,Summer,NA,Primera Division,2012,2012/2013
Real Sociedad,Joseba Llorente,32,Centre-Forward,CA Osasuna,Loan,out,Summer,0,Primera Division,2012,2012/2013
Real Sociedad,Jeffrey Sarpong,24,Left Winger,Hércules CF,Loan,out,Summer,0,Primera Division,2012,2012/2013
Real Sociedad,Mikel Aranburu,33,Defensive Midfield,Retired,-,out,Summer,0,Primera Division,2012,2012/2013
Real Sociedad,Carlos Vela,23,Right Winger,Arsenal,"End of loanJun 30, 2012",out,Summer,0,Primera Division,2012,2012/2013
Atlético Madrid,Cata Díaz,32,Centre-Back,Getafe,£900Th.,in,Summer,0.9,Primera Division,2012,2012/2013
Atlético Madrid,Emre Belözoglu,31,Central Midfield,Fenerbahce,Free transfer,in,Summer,0,Primera Division,2012,2012/2013
Atlético Madrid,Cristian Rodríguez,26,Central Midfield,FC Porto,Free transfer,in,Summer,0,Primera Division,2012,2012/2013
Atlético Madrid,Domingo Cisma,30,Left-Back,Racing,Free transfer,in,Summer,0,Primera Division,2012,2012/2013
Atlético Madrid,Raúl García,25,Attacking Midfield,CA Osasuna,"End of loanJun 30, 2012",in,Summer,0,Primera Division,2012,2012/2013
Atlético Madrid,Rúben Micael,25,Central Midfield,Real Zaragoza,"End of loanJun 30, 2012",in,Summer,0,Primera Division,2012,2012/2013
Atlético Madrid,Dani Pacheco,21,Left Winger,Rayo Vallecano,"End of loanJun 29, 2012",in,Summer,0,Primera Division,2012,2012/2013
Atlético Madrid,Borja Bastón,19,Centre-Forward,Real Murcia,"End of loanJun 30, 2012",in,Summer,0,Primera Division,2012,2012/2013
Atlético Madrid,Rubén Pérez,23,Defensive Midfield,Getafe,"End of loanJun 30, 2012",in,Summer,0,Primera Division,2012,2012/2013
Atlético Madrid,Leandro Cabrera,21,Centre-Back,CD Numancia,"End of loanJun 30, 2012",in,Summer,0,Primera Division,2012,2012/2013
Atlético Madrid,Diego Costa,23,Centre-Forward,Rayo Vallecano,"End of loanJun 30, 2012",in,Summer,0,Primera Division,2012,2012/2013
Atlético Madrid,Jorge Pulido,21,Centre-Back,Rayo Vallecano,"End of loanJun 30, 2012",in,Summer,0,Primera Division,2012,2012/2013
Atlético Madrid,Joel Robles,22,Goalkeeper,Rayo Vallecano,"End of loanJun 30, 2012",in,Summer,0,Primera Division,2012,2012/2013
Atlético Madrid,Eduardo Salvio,22,Right Winger,Benfica,£9.90m,out,Summer,9.9,Primera Division,2012,2012/2013
Atlético Madrid,Álvaro Domínguez,23,Centre-Back,Bor. M'gladbach,£7.20m,out,Summer,7.2,Primera Division,2012,2012/2013
Atlético Madrid,Luis Perea,33,Centre-Back,CD Cruz Azul,Free transfer,out,Summer,0,Primera Division,2012,2012/2013
Atlético Madrid,Antonio López,30,Left-Back,RCD Mallorca,Free transfer,out,Summer,0,Primera Division,2012,2012/2013
Atlético Madrid,Paulo Assunção,32,Defensive Midfield,São Paulo,Free transfer,out,Summer,0,Primera Division,2012,2012/2013
Atlético Madrid,Fran Mérida,22,Central Midfield,Hércules CF,Free transfer,out,Summer,0,Primera Division,2012,2012/2013
Atlético Madrid,Borja Bastón,20,Centre-Forward,SD Huesca,Loan,out,Summer,0,Primera Division,2012,2012/2013
Atlético Madrid,Pizzi,22,Right Midfield,Dep. La Coruña,Loan,out,Summer,0,Primera Division,2012,2012/2013
Atlético Madrid,Rubén Pérez,23,Defensive Midfield,Real Betis,Loan,out,Summer,0,Primera Division,2012,2012/2013
Atlético Madrid,Rúben Micael,25,Central Midfield,Braga,Loan,out,Summer,0,Primera Division,2012,2012/2013
Atlético Madrid,Leandro Cabrera,21,Centre-Back,Hércules CF,Loan,out,Summer,0,Primera Division,2012,2012/2013
Atlético Madrid,Dani Pacheco,21,Left Winger,Liverpool,"End of loanJun 30, 2012",out,Summer,0,Primera Division,2012,2012/2013
Atlético Madrid,Diego,27,Attacking Midfield,VfL Wolfsburg,"End of loanJun 30, 2012",out,Summer,0,Primera Division,2012,2012/2013
Real Madrid,Luka Modric,26,Central Midfield,Spurs,£31.50m,in,Summer,31.5,Primera Division,2012,2012/2013
Real Madrid,Michael Essien,29,Defensive Midfield,Chelsea,Loan,in,Summer,0,Primera Division,2012,2012/2013
Real Madrid,Sergio Canales,21,Attacking Midfield,Valencia,"End of loanJun 30, 2012",in,Summer,0,Primera Division,2012,2012/2013
Real Madrid,Fernando Gago,26,Defensive Midfield,AS Roma,"End of loanJun 30, 2012",in,Summer,0,Primera Division,2012,2012/2013
Real Madrid,Royston Drenthe,25,Left Midfield,Everton,"End of loanJun 30, 2012",in,Summer,0,Primera Division,2012,2012/2013
Real Madrid,Esteban Granero,25,Central Midfield,QPR,£7.20m,out,Summer,7.2,Primera Division,2012,2012/2013
Real Madrid,Sergio Canales,21,Attacking Midfield,Valencia,£6.75m,out,Summer,6.75,Primera Division,2012,2012/2013
Real Madrid,Nuri Sahin,23,Defensive Midfield,Liverpool,Loan fee:£4.50m,out,Summer,4.5,Primera Division,2012,2012/2013
Real Madrid,Lassana Diarra,27,Defensive Midfield,Anzhi,£4.50m,out,Summer,4.5,Primera Division,2012,2012/2013
Real Madrid,Hamit Altintop,29,Right Midfield,Galatasaray,£3.15m,out,Summer,3.15,Primera Division,2012,2012/2013
Real Madrid,Fernando Gago,26,Defensive Midfield,Valencia,£3.15m,out,Summer,3.15,Primera Division,2012,2012/2013
Real Madrid,Royston Drenthe,25,Left Midfield,Without Club,-,out,Summer,0,Primera Division,2012,2012/2013
Sevilla FC,Geoffrey Kondogbia,19,Central Midfield,Lens,£3.60m,in,Summer,3.6,Primera Division,2012,2012/2013
Sevilla FC,Diego López,30,Goalkeeper,Villarreal,£3.15m,in,Summer,3.15,Primera Division,2012,2012/2013
Sevilla FC,Alberto Botía,23,Centre-Back,Sporting Gijón,£2.70m,in,Summer,2.7,Primera Division,2012,2012/2013
Sevilla FC,Cicinho,25,Right-Back,Palmeiras,£1.80m,in,Summer,1.8,Primera Division,2012,2012/2013
Sevilla FC,Hedwiges Maduro,27,Defensive Midfield,Valencia,Free transfer,in,Summer,0,Primera Division,2012,2012/2013
Sevilla FC,Lautaro Acosta,24,Left Winger,Racing,"End of loanJun 30, 2012",in,Summer,0,Primera Division,2012,2012/2013
Sevilla FC,Arouna Koné,28,Centre-Forward,Levante,"End of loanJun 30, 2012",in,Summer,0,Primera Division,2012,2012/2013
Sevilla FC,Romaric,29,Defensive Midfield,Espanyol,"End of loanJun 30, 2012",in,Summer,0,Primera Division,2012,2012/2013
Sevilla FC,Bernardo Espinosa,22,Centre-Back,Racing,"End of loanJun 30, 2012",in,Summer,0,Primera Division,2012,2012/2013
Sevilla FC,Javi Hervás,23,Central Midfield,Córdoba CF,"End of loanJun 30, 2012",in,Summer,0,Primera Division,2012,2012/2013
Sevilla FC,Martín Cáceres,25,Centre-Back,Juventus,"End of loanJun 30, 2012",in,Summer,0,Primera Division,2012,2012/2013
Sevilla FC,Emiliano Armenteros,26,Left Winger,Rayo Vallecano,"End of loanJun 30, 2012",in,Summer,0,Primera Division,2012,2012/2013
Sevilla FC,Martín Cáceres,25,Centre-Back,Juventus,£7.20m,out,Summer,7.2,Primera Division,2012,2012/2013
Sevilla FC,Luis Alberto,19,Attacking Midfield,FC Barcelona B,Loan fee:£180Th.,out,Summer,0.18,Primera Division,2012,2012/2013
Sevilla FC,Romaric,29,Defensive Midfield,Real Zaragoza,Free transfer,out,Summer,0,Primera Division,2012,2012/2013
Sevilla FC,Julien Escudé,32,Centre-Back,Besiktas,Free transfer,out,Summer,0,Primera Division,2012,2012/2013
Sevilla FC,Emiliano Armenteros,26,Left Winger,CA Osasuna,Free transfer,out,Summer,0,Primera Division,2012,2012/2013
Sevilla FC,Arouna Koné,28,Centre-Forward,Levante,Free transfer,out,Summer,0,Primera Division,2012,2012/2013
Sevilla FC,Frédéric Kanouté,34,Centre-Forward,BJ Guoan,Free transfer,out,Summer,0,Primera Division,2012,2012/2013
Sevilla FC,Javi Varas,29,Goalkeeper,Celta de Vigo,Loan,out,Summer,0,Primera Division,2012,2012/2013
Sevilla FC,Tiberio Guarente,26,Central Midfield,Bologna,Loan,out,Summer,0,Primera Division,2012,2012/2013
Sevilla FC,Lautaro Acosta,24,Left Winger,Boca Juniors,Loan,out,Summer,0,Primera Division,2012,2012/2013
Sevilla FC,Tom De Mul,26,Right Midfield,Without Club,-,out,Summer,0,Primera Division,2012,2012/2013
Rayo Vallecano,José Carlos,24,Attacking Midfield,AEK Athens,Free transfer,in,Summer,0,Primera Division,2012,2012/2013
Rayo Vallecano,Alejandro Gálvez,23,Centre-Back,Sporting Gijón,Free transfer,in,Summer,0,Primera Division,2012,2012/2013
Rayo Vallecano,Nicki Bille Nielsen,24,Centre-Forward,Villarreal,Loan,in,Summer,0,Primera Division,2012,2012/2013
Rayo Vallecano,Adrián González,24,Attacking Midfield,Racing,Free transfer,in,Summer,0,Primera Division,2012,2012/2013
Rayo Vallecano,Rubén Martínez,28,Goalkeeper,Málaga CF,Loan,in,Summer,0,Primera Division,2012,2012/2013
Rayo Vallecano,Rodri,28,Centre-Back,Spartak Moscow,Free transfer,in,Summer,0,Primera Division,2012,2012/2013
Rayo Vallecano,Alejandro Domínguez,31,Attacking Midfield,Valencia,Free transfer,in,Summer,0,Primera Division,2012,2012/2013
Rayo Vallecano,Manuel Arana,27,Right Winger,Racing,Free transfer,in,Summer,0,Primera Division,2012,2012/2013
Rayo Vallecano,Jordi Amat,20,Centre-Back,Espanyol,Loan,in,Summer,0,Primera Division,2012,2012/2013
Rayo Vallecano,Franco Vázquez,23,Attacking Midfield,US Palermo,Loan,in,Summer,0,Primera Division,2012,2012/2013
Rayo Vallecano,Mohammed Abu,20,Defensive Midfield,Man City,Loan,in,Summer,0,Primera Division,2012,2012/2013
Rayo Vallecano,Pape Maly Diamanka,22,Defensive Midfield,Rayo B,-,in,Summer,0,Primera Division,2012,2012/2013
Rayo Vallecano,Leo Baptistão,19,Right Winger,Rayo B,-,in,Summer,0,Primera Division,2012,2012/2013
Rayo Vallecano,Juan Quero,27,Left Winger,Córdoba CF,"End of loanJun 30, 2012",in,Summer,0,Primera Division,2012,2012/2013
Rayo Vallecano,Juli,30,Second Striker,Asteras Tripoli,"End of loanJun 30, 2012",in,Summer,0,Primera Division,2012,2012/2013
Rayo Vallecano,Michu,26,Second Striker,Swansea,£2.31m,out,Summer,2.31,Primera Division,2012,2012/2013
Rayo Vallecano,Raúl Tamudo,34,Centre-Forward,CF Pachuca,Free transfer,out,Summer,0,Primera Division,2012,2012/2013
Rayo Vallecano,Alejandro Arribas,23,Centre-Back,CA Osasuna,Free transfer,out,Summer,0,Primera Division,2012,2012/2013
Rayo Vallecano,Raúl Bravo,31,Centre-Back,Beerschot AC,Free transfer,out,Summer,0,Primera Division,2012,2012/2013
Rayo Vallecano,Juli,31,Second Striker,Alcorcón,Free transfer,out,Summer,0,Primera Division,2012,2012/2013
Rayo Vallecano,José María Movilla,37,Defensive Midfield,Real Zaragoza,Free transfer,out,Summer,0,Primera Division,2012,2012/2013
Rayo Vallecano,Pape Maly Diamanka,22,Defensive Midfield,Vålerenga,Loan,out,Summer,0,Primera Division,2012,2012/2013
Rayo Vallecano,Míchel,36,Attacking Midfield,Retired,-,out,Summer,0,Primera Division,2012,2012/2013
Rayo Vallecano,Juan Quero,27,Left Winger,Without Club,-,out,Summer,0,Primera Division,2012,2012/2013
Rayo Vallecano,Dani Pacheco,21,Left Winger,Atlético Madrid,"End of loanJun 29, 2012",out,Summer,0,Primera Division,2012,2012/2013
Rayo Vallecano,Diego Costa,23,Centre-Forward,Atlético Madrid,"End of loanJun 30, 2012",out,Summer,0,Primera Division,2012,2012/2013
Rayo Vallecano,Emiliano Armenteros,26,Left Winger,Sevilla FC,"End of loanJun 30, 2012",out,Summer,0,Primera Division,2012,2012/2013
Rayo Vallecano,Jorge Pulido,21,Centre-Back,Atlético Madrid,"End of loanJun 30, 2012",out,Summer,0,Primera Division,2012,2012/2013
Rayo Vallecano,Joel Robles,22,Goalkeeper,Atlético Madrid,"End of loanJun 30, 2012",out,Summer,0,Primera Division,2012,2012/2013
Real Valladolid CF,Antonio Rukavina,28,Right-Back,1860 Munich,Free transfer,in,Summer,0,Primera Division,2012,2012/2013
Real Valladolid CF,Patrick Ebert,25,Attacking Midfield,Hertha BSC,Free transfer,in,Summer,0,Primera Division,2012,2012/2013
Real Valladolid CF,Lluis Sastre,26,Central Midfield,SD Huesca,Free transfer,in,Summer,0,Primera Division,2012,2012/2013
Real Valladolid CF,Omar Ramos,24,Right Winger,SD Huesca,Loan,in,Summer,0,Primera Division,2012,2012/2013
Real Valladolid CF,Juan Neira,23,Attacking Midfield,Gimnasia,Loan,in,Summer,0,Primera Division,2012,2012/2013
Real Valladolid CF,Henrique Sereno,27,Centre-Back,FC Porto,Loan,in,Summer,0,Primera Division,2012,2012/2013
Real Valladolid CF,Carlos Lázaro,21,Central Midfield,SD Huesca,"End of loanJun 30, 2012",in,Summer,0,Primera Division,2012,2012/2013
Real Valladolid CF,Sisinio,26,Attacking Midfield,CA Osasuna,Free transfer,out,Summer,0,Primera Division,2012,2012/2013
Real Valladolid CF,Nauzet Alemán,27,Right Winger,UD Las Palmas,Free transfer,out,Summer,0,Primera Division,2012,2012/2013
Real Valladolid CF,Jofre,32,Left Winger,Girona,Free transfer,out,Summer,0,Primera Division,2012,2012/2013
Real Valladolid CF,Mehdi Nafti,33,Defensive Midfield,Real Murcia,Free transfer,out,Summer,0,Primera Division,2012,2012/2013
Real Valladolid CF,Dani Aquino,21,Second Striker,Real Oviedo,Free transfer,out,Summer,0,Primera Division,2012,2012/2013
Real Valladolid CF,José Salcedo,21,Goalkeeper,Huracán,Free transfer,out,Summer,0,Primera Division,2012,2012/2013
Real Valladolid CF,Jorge Alonso,27,Central Midfield,Racing,Free transfer,out,Summer,0,Primera Division,2012,2012/2013
Real Valladolid CF,Marquitos,25,Attacking Midfield,Xerez CD,Free transfer,out,Summer,0,Primera Division,2012,2012/2013
Real Valladolid CF,Saná Camará,20,Central Midfield,Coimbra,?,out,Summer,NA,Primera Division,2012,2012/2013
Real Valladolid CF,Carlos Lázaro,21,Central Midfield,SD Huesca,Loan,out,Summer,0,Primera Division,2012,2012/2013
Real Valladolid CF,Sergio Matabuena,33,Defensive Midfield,Retired,-,out,Summer,0,Primera Division,2012,2012/2013
Real Valladolid CF,Juanito,35,Centre-Back,Retired,-,out,Summer,0,Primera Division,2012,2012/2013
Real Valladolid CF,Fernando Varela,32,Right-Back,Retired,-,out,Summer,0,Primera Division,2012,2012/2013
Real Valladolid CF,Ismail Abdul Razak,23,Defensive Midfield,Without Club,-,out,Summer,0,Primera Division,2012,2012/2013
CA Osasuna,José Núñez,24,Second Striker,Libertad,Loan fee:£270Th.,in,Summer,0.27,Primera Division,2012,2012/2013
CA Osasuna,Anthony Annan,26,Defensive Midfield,FC Schalke 04,Loan fee:£270Th.,in,Summer,0.27,Primera Division,2012,2012/2013
CA Osasuna,Sisinio,26,Attacking Midfield,Real Valladolid,Free transfer,in,Summer,0,Primera Division,2012,2012/2013
CA Osasuna,Nano,30,Centre-Back,CD Numancia,Free transfer,in,Summer,0,Primera Division,2012,2012/2013
CA Osasuna,Alejandro Arribas,23,Centre-Back,Rayo Vallecano,Free transfer,in,Summer,0,Primera Division,2012,2012/2013
CA Osasuna,Emiliano Armenteros,26,Left Winger,Sevilla FC,Free transfer,in,Summer,0,Primera Division,2012,2012/2013
CA Osasuna,Joseba Llorente,32,Centre-Forward,Real Sociedad,Loan,in,Summer,0,Primera Division,2012,2012/2013
CA Osasuna,Eneko Satrústegui,21,Centre-Back,CA Osasuna Prom,-,in,Summer,0,Primera Division,2012,2012/2013
CA Osasuna,Manuel Onwu,24,Centre-Forward,CA Osasuna Prom,-,in,Summer,0,Primera Division,2012,2012/2013
CA Osasuna,Raoul Loé,23,Defensive Midfield,CA Osasuna Prom,-,in,Summer,0,Primera Division,2012,2012/2013
CA Osasuna,Roberto Torres,23,Attacking Midfield,CA Osasuna Prom,-,in,Summer,0,Primera Division,2012,2012/2013
CA Osasuna,Nacho Zabal,25,Goalkeeper,CD Numancia,"End of loanJun 30, 2012",in,Summer,0,Primera Division,2012,2012/2013
CA Osasuna,Oier,26,Defensive Midfield,Celta de Vigo,"End of loanJun 30, 2012",in,Summer,0,Primera Division,2012,2012/2013
CA Osasuna,Rúper,25,Central Midfield,Elche CF,"End of loanJun 30, 2012",in,Summer,0,Primera Division,2012,2012/2013
CA Osasuna,Jorge Galán,23,Centre-Forward,Real Unión,"End of loanJun 30, 2012",in,Summer,0,Primera Division,2012,2012/2013
CA Osasuna,Ibrahima Balde,23,Centre-Forward,Kuban Krasnodar,£3.60m,out,Summer,3.6,Primera Division,2012,2012/2013
CA Osasuna,Dejan Lekic,27,Centre-Forward,Genclerbirligi,£900Th.,out,Summer,0.9,Primera Division,2012,2012/2013
CA Osasuna,Javad Nekounam,31,Defensive Midfield,Esteghlal FC,£630Th.,out,Summer,0.63,Primera Division,2012,2012/2013
CA Osasuna,Sergio,35,Centre-Back,Sporting Gijón,Free transfer,out,Summer,0,Primera Division,2012,2012/2013
CA Osasuna,Rovérsio,28,Centre-Back,Orduspor,Free transfer,out,Summer,0,Primera Division,2012,2012/2013
CA Osasuna,Eneko Satrústegui,21,Centre-Back,CD Numancia,Loan,out,Summer,0,Primera Division,2012,2012/2013
CA Osasuna,Nacho Zabal,25,Goalkeeper,SD Huesca,Loan,out,Summer,0,Primera Division,2012,2012/2013
CA Osasuna,Rúper,25,Central Midfield,CD Mirandés,Loan,out,Summer,0,Primera Division,2012,2012/2013
CA Osasuna,Xavier Annunziata,24,Left Winger,SD Huesca,Loan,out,Summer,0,Primera Division,2012,2012/2013
CA Osasuna,Javier Calleja,34,Left Midfield,Retired,-,out,Summer,0,Primera Division,2012,2012/2013
CA Osasuna,Ricardo,40,Goalkeeper,Career break,-,out,Summer,0,Primera Division,2012,2012/2013
CA Osasuna,Jorge Galán,23,Centre-Forward,CA Osasuna Prom,-,out,Summer,0,Primera Division,2012,2012/2013
CA Osasuna,Jukka Raitala,23,Left-Back,TSG Hoffenheim,"End of loanJun 30, 2012",out,Summer,0,Primera Division,2012,2012/2013
CA Osasuna,Raúl García,25,Attacking Midfield,Atlético Madrid,"End of loanJun 30, 2012",out,Summer,0,Primera Division,2012,2012/2013
RCD Mallorca,Pedro Geromel,26,Centre-Back,1. FC Köln,Loan fee:£1.35m,in,Summer,1.35,Primera Division,2012,2012/2013
RCD Mallorca,Javi Márquez,26,Central Midfield,Espanyol,£1.08m,in,Summer,1.08,Primera Division,2012,2012/2013
RCD Mallorca,Giovani dos Santos,23,Second Striker,Spurs,£900Th.,in,Summer,0.9,Primera Division,2012,2012/2013
RCD Mallorca,Javier Arizmendi,28,Centre-Forward,Getafe,Loan,in,Summer,0,Primera Division,2012,2012/2013
RCD Mallorca,Antonio López,30,Left-Back,Atlético Madrid,Free transfer,in,Summer,0,Primera Division,2012,2012/2013
RCD Mallorca,Rubén Miño,23,Goalkeeper,FC Barcelona B,Free transfer,in,Summer,0,Primera Division,2012,2012/2013
RCD Mallorca,Anderson Conceição,22,Centre-Back,Tombense,Loan,in,Summer,0,Primera Division,2012,2012/2013
RCD Mallorca,Andreu Fontàs,22,Centre-Back,FC Barcelona,Loan,in,Summer,0,Primera Division,2012,2012/2013
RCD Mallorca,Ximo Navarro,22,Centre-Back,RCD Mallorca B,-,in,Summer,0,Primera Division,2012,2012/2013
RCD Mallorca,Pedro Bigas,22,Centre-Back,RCD Mallorca B,-,in,Summer,0,Primera Division,2012,2012/2013
RCD Mallorca,Akihiro Ienaga,26,Attacking Midfield,Ulsan Hyundai,"End of loanJul 31, 2012",in,Summer,0,Primera Division,2012,2012/2013
RCD Mallorca,Sergi Enrich,22,Centre-Forward,Recr. Huelva,"End of loanJun 30, 2012",in,Summer,0,Primera Division,2012,2012/2013
RCD Mallorca,Iván Ramis,27,Centre-Back,Wigan,£5.40m,out,Summer,5.4,Primera Division,2012,2012/2013
RCD Mallorca,Martí Crespí,25,Centre-Back,Chornomorets,Free transfer,out,Summer,0,Primera Division,2012,2012/2013
RCD Mallorca,Pau Cendrós,25,Right-Back,KAA Gent,Free transfer,out,Summer,0,Primera Division,2012,2012/2013
RCD Mallorca,Pablo Cáceres,27,Left-Back,Rangers Talca,Free transfer,out,Summer,0,Primera Division,2012,2012/2013
RCD Mallorca,Gianni Zuiverloon,25,Centre-Back,Heerenveen,Loan,out,Summer,0,Primera Division,2012,2012/2013
RCD Mallorca,Marvin Ogunjimi,24,Centre-Forward,Standard Liège,Loan,out,Summer,0,Primera Division,2012,2012/2013
RCD Mallorca,Chory Castro,27,Left Winger,Real Sociedad,Free transfer,out,Summer,0,Primera Division,2012,2012/2013
RCD Mallorca,Sergi Enrich,22,Centre-Forward,Alcorcón,Loan,out,Summer,0,Primera Division,2012,2012/2013
RCD Mallorca,Sergio Tejera,22,Central Midfield,Espanyol,?,out,Summer,NA,Primera Division,2012,2012/2013
RCD Mallorca,Akihiro Ienaga,26,Attacking Midfield,Gamba Osaka,Loan,out,Summer,0,Primera Division,2012,2012/2013
RCD Mallorca,Chico,25,Centre-Back,Genoa,"End of loanJun 30, 2012",out,Summer,0,Primera Division,2012,2012/2013
RCD Mallorca,Fernando Tissone,25,Central Midfield,Sampdoria,"End of loanJun 30, 2012",out,Summer,0,Primera Division,2012,2012/2013
Real Betis Balompié,Nosa Igiebor,21,Central Midfield,Hapoel Tel Aviv,£990Th.,in,Summer,0.99,Primera Division,2012,2012/2013
Real Betis Balompié,Damien Perquis,28,Centre-Back,FC Sochaux,£675Th.,in,Summer,0.675,Primera Division,2012,2012/2013
Real Betis Balompié,Salvador Agra,20,Right Winger,Olhanense,£270Th.,in,Summer,0.27,Primera Division,2012,2012/2013
Real Betis Balompié,Joel Campbell,20,Right Winger,Arsenal,Loan,in,Summer,0,Primera Division,2012,2012/2013
Real Betis Balompié,Paulão,29,Centre-Back,Saint-Étienne,Free transfer,in,Summer,0,Primera Division,2012,2012/2013
Real Betis Balompié,Ángel López,31,Right-Back,Villarreal,Free transfer,in,Summer,0,Primera Division,2012,2012/2013
Real Betis Balompié,Juankar,22,Left-Back,Braga,Loan,in,Summer,0,Primera Division,2012,2012/2013
Real Betis Balompié,Rubén Pérez,23,Defensive Midfield,Atlético Madrid,Loan,in,Summer,0,Primera Division,2012,2012/2013
Real Betis Balompié,Alejandro Pozuelo,20,Attacking Midfield,Betis B,-,in,Summer,0,Primera Division,2012,2012/2013
Real Betis Balompié,Álex Martínez,21,Left-Back,Betis B,-,in,Summer,0,Primera Division,2012,2012/2013
Real Betis Balompié,Adrián,25,Goalkeeper,Betis B,-,in,Summer,0,Primera Division,2012,2012/2013
Real Betis Balompié,Ezequiel Calvente,21,Right Winger,CE Sabadell,"End of loanJun 30, 2012",in,Summer,0,Primera Division,2012,2012/2013
Real Betis Balompié,Iriney,31,Central Midfield,Granada CF,Free transfer,out,Summer,0,Primera Division,2012,2012/2013
Real Betis Balompié,Ezequiel Calvente,21,Right Winger,SC Freiburg,Loan,out,Summer,0,Primera Division,2012,2012/2013
Real Betis Balompié,Isidoro,26,Right-Back,Pol. Warsaw,Free transfer,out,Summer,0,Primera Division,2012,2012/2013
Real Betis Balompié,Iñaki Goitia,30,Goalkeeper,CD Mirandés,?,out,Summer,NA,Primera Division,2012,2012/2013
Real Betis Balompié,Javier Matilla,23,Central Midfield,Real Murcia,Loan,out,Summer,0,Primera Division,2012,2012/2013
Real Betis Balompié,Eric Barroso,21,Left-Back,San Fernando CD,?,out,Summer,NA,Primera Division,2012,2012/2013
Real Betis Balompié,Juanma,31,Right Winger,Without Club,-,out,Summer,0,Primera Division,2012,2012/2013
Real Betis Balompié,Jefferson Montero,22,Left Winger,Villarreal,"End of loanJun 30, 2012",out,Summer,0,Primera Division,2012,2012/2013
Real Betis Balompié,Ustaritz,29,Centre-Back,Athletic,"End of loanJun 30, 2012",out,Summer,0,Primera Division,2012,2012/2013
Real Betis Balompié,Roque Santa Cruz,30,Centre-Forward,Man City,"End of loanJun 30, 2012",out,Summer,0,Primera Division,2012,2012/2013
Real Betis Balompié,Paulão,29,Centre-Back,Saint-Étienne,"End of loanJun 30, 2012",out,Summer,0,Primera Division,2012,2012/2013
Real Zaragoza,Apoño,28,Central Midfield,Málaga CF,£900Th.,in,Summer,0.9,Primera Division,2012,2012/2013
Real Zaragoza,Javi Álamo,23,Right Winger,Recr. Huelva,£270Th.,in,Summer,0.27,Primera Division,2012,2012/2013
Real Zaragoza,Franco Zuculini,21,Central Midfield,TSG Hoffenheim,Free transfer,in,Summer,0,Primera Division,2012,2012/2013
Real Zaragoza,Álvaro González,22,Centre-Back,Racing,Free transfer,in,Summer,0,Primera Division,2012,2012/2013
Real Zaragoza,Glenn Loovens,28,Centre-Back,Celtic,Free transfer,in,Summer,0,Primera Division,2012,2012/2013
Real Zaragoza,Romaric,29,Defensive Midfield,Sevilla FC,Free transfer,in,Summer,0,Primera Division,2012,2012/2013
Real Zaragoza,Paco Montañés,25,Left Winger,Alcorcón,Free transfer,in,Summer,0,Primera Division,2012,2012/2013
Real Zaragoza,Lucas Porcar,22,Attacking Midfield,Villarreal CF B,Free transfer,in,Summer,0,Primera Division,2012,2012/2013
Real Zaragoza,Cristian Sapunaru,28,Centre-Back,FC Porto,Free transfer,in,Summer,0,Primera Division,2012,2012/2013
Real Zaragoza,José María Movilla,37,Defensive Midfield,Rayo Vallecano,Free transfer,in,Summer,0,Primera Division,2012,2012/2013
Real Zaragoza,Lucas Wílchez,28,Attacking Midfield,Colo Colo,Loan,in,Summer,0,Primera Division,2012,2012/2013
Real Zaragoza,Stefan Babovic,25,Attacking Midfield,Partizan,?,in,Summer,NA,Primera Division,2012,2012/2013
Real Zaragoza,Víctor Rodríguez,22,Left Winger,Real Zaragoza B,-,in,Summer,0,Primera Division,2012,2012/2013
Real Zaragoza,José Mari,24,Defensive Midfield,Real Zaragoza B,-,in,Summer,0,Primera Division,2012,2012/2013
Real Zaragoza,Pablo,23,Right Midfield,Figueirense FC,"End of loanJun 30, 2012",in,Summer,0,Primera Division,2012,2012/2013
Real Zaragoza,Matteo Contini,32,Centre-Back,Siena,"End of loanJun 30, 2012",in,Summer,0,Primera Division,2012,2012/2013
Real Zaragoza,Raúl Goni,23,Centre-Back,FC Cartagena,"End of loanJun 30, 2012",in,Summer,0,Primera Division,2012,2012/2013
Real Zaragoza,Víctor Laguardia,22,Centre-Back,UD Las Palmas,"End of loanJun 30, 2012",in,Summer,0,Primera Division,2012,2012/2013
Real Zaragoza,Toni Doblas,31,Goalkeeper,Xerez CD,"End of loanJun 30, 2012",in,Summer,0,Primera Division,2012,2012/2013
Real Zaragoza,Matteo Contini,32,Centre-Back,Siena,£1.24m,out,Summer,1.24,Primera Division,2012,2012/2013
Real Zaragoza,Ángel Lafita,27,Left Winger,Getafe,Free transfer,out,Summer,0,Primera Division,2012,2012/2013
Real Zaragoza,Paulo da Silva,32,Centre-Back,CF Pachuca,Free transfer,out,Summer,0,Primera Division,2012,2012/2013
Real Zaragoza,Pablo,23,Right Midfield,Tombense,Free transfer,out,Summer,0,Primera Division,2012,2012/2013
Real Zaragoza,Lucas Porcar,22,Attacking Midfield,Xerez CD,Loan,out,Summer,0,Primera Division,2012,2012/2013
Real Zaragoza,Víctor Laguardia,22,Centre-Back,Alcorcón,Loan,out,Summer,0,Primera Division,2012,2012/2013
Real Zaragoza,Luis García,31,Central Midfield,Tigres UANL,Loan,out,Summer,0,Primera Division,2012,2012/2013
Real Zaragoza,Lucas Wílchez,29,Attacking Midfield,Colo Colo,"End of loanJun 30, 2013",out,Summer,0,Primera Division,2012,2012/2013
Real Zaragoza,David Mateos,25,Centre-Back,RM Castilla,"End of loanJun 30, 2012",out,Summer,0,Primera Division,2012,2012/2013
Real Zaragoza,Franco Zuculini,21,Central Midfield,TSG Hoffenheim,"End of loanJun 30, 2012",out,Summer,0,Primera Division,2012,2012/2013
Real Zaragoza,Rúben Micael,25,Central Midfield,Atlético Madrid,"End of loanJun 30, 2012",out,Summer,0,Primera Division,2012,2012/2013
Real Zaragoza,Pablo Barrera,25,Right Winger,West Ham,"End of loanJun 30, 2012",out,Summer,0,Primera Division,2012,2012/2013
Real Zaragoza,Juankar,22,Left-Back,Braga,"End of loanJun 30, 2012",out,Summer,0,Primera Division,2012,2012/2013
Real Zaragoza,Tomislav Dujmovic,31,Central Midfield,Dynamo Moscow,"End of loanJun 30, 2012",out,Summer,0,Primera Division,2012,2012/2013
Real Zaragoza,Apoño,28,Central Midfield,Málaga CF,"End of loanJun 30, 2012",out,Summer,0,Primera Division,2012,2012/2013
Real Zaragoza,Pablo Álvarez,28,Right-Back,Catania,"End of loanJun 30, 2012",out,Summer,0,Primera Division,2012,2012/2013
FC Barcelona,Alex Song,24,Defensive Midfield,Arsenal,£17.10m,in,Summer,17.1,Primera Division,2012,2012/2013
FC Barcelona,Jordi Alba,23,Left-Back,Valencia,£12.60m,in,Summer,12.6,Primera Division,2012,2012/2013
FC Barcelona,Martín Montoya,21,Right-Back,FC Barcelona B,-,in,Summer,0,Primera Division,2012,2012/2013
FC Barcelona,Jonathan dos Santos,22,Central Midfield,FC Barcelona B,-,in,Summer,0,Primera Division,2012,2012/2013
FC Barcelona,Marc Bartra,21,Centre-Back,FC Barcelona B,-,in,Summer,0,Primera Division,2012,2012/2013
FC Barcelona,Cristian Tello,20,Left Winger,FC Barcelona B,-,in,Summer,0,Primera Division,2012,2012/2013
FC Barcelona,Henrique,25,Centre-Back,Palmeiras,"End of loanJun 30, 2012",in,Summer,0,Primera Division,2012,2012/2013
FC Barcelona,Ibrahim Afellay,26,Left Midfield,FC Schalke 04,Loan fee:£450Th.,out,Summer,0.45,Primera Division,2012,2012/2013
FC Barcelona,Henrique,25,Centre-Back,Palmeiras,Free transfer,out,Summer,0,Primera Division,2012,2012/2013
FC Barcelona,Seydou Keita,32,Central Midfield,DL Aerbin,Free transfer,out,Summer,0,Primera Division,2012,2012/2013
FC Barcelona,Andreu Fontàs,22,Centre-Back,RCD Mallorca,Loan,out,Summer,0,Primera Division,2012,2012/2013
Athletic Bilbao,Igor Martínez,23,Attacking Midfield,Bilbao Athletic,-,in,Winter,0,Primera Division,2012,2012/2013
Athletic Bilbao,Iñigo Ruiz de Galarreta,19,Central Midfield,Bilbao Athletic,-,in,Winter,0,Primera Division,2012,2012/2013
Athletic Bilbao,Aymeric Laporte,18,Centre-Back,Bilbao Athletic,-,in,Winter,0,Primera Division,2012,2012/2013
Granada CF,Diego Buonanotte,24,Attacking Midfield,Málaga CF,£2.07m,in,Winter,2.07,Primera Division,2012,2012/2013
Granada CF,Nolito,26,Left Winger,Benfica,Loan fee:£540Th.,in,Winter,0.54,Primera Division,2012,2012/2013
Granada CF,Carlos Aranda,32,Centre-Forward,Real Zaragoza,£270Th.,in,Winter,0.27,Primera Division,2012,2012/2013
Granada CF,Jona,24,Centre-Forward,CD Ourense,£18Th.,in,Winter,0.018,Primera Division,2012,2012/2013
Granada CF,Recio,21,Central Midfield,Málaga CF,Loan,in,Winter,0,Primera Division,2012,2012/2013
Granada CF,Naldo,24,Centre-Back,União São João,?,in,Winter,NA,Primera Division,2012,2012/2013
Granada CF,Juanjo,27,Centre-Forward,UD Logroñés,"End of loanJan 1, 2013",in,Winter,0,Primera Division,2012,2012/2013
Granada CF,Álex Bernal,21,Central Midfield,CD Mirandés,"End of loanJan 30, 2013",in,Winter,0,Primera Division,2012,2012/2013
Granada CF,José María Cases,26,Attacking Midfield,CD Mirandés,"End of loanJan 11, 2013",in,Winter,0,Primera Division,2012,2012/2013
Granada CF,Kabiru Akinsola,21,Centre-Forward,FC Cartagena,"End of loanDec 31, 2012",in,Winter,0,Primera Division,2012,2012/2013
Granada CF,Fabián Orellana,27,Right Winger,Celta de Vigo,£1.08m,out,Winter,1.08,Primera Division,2012,2012/2013
Granada CF,José María Cases,26,Attacking Midfield,CD Alcoyano,Loan,out,Winter,0,Primera Division,2012,2012/2013
Granada CF,Juanjo,27,Centre-Forward,CD Guadalajara,Free transfer,out,Winter,0,Primera Division,2012,2012/2013
Granada CF,Naldo,24,Centre-Back,Bologna,Loan,out,Winter,0,Primera Division,2012,2012/2013
Granada CF,Álex Bernal,21,Central Midfield,CD Leganés,Loan,out,Winter,0,Primera Division,2012,2012/2013
Granada CF,Kabiru Akinsola,21,Centre-Forward,Doxa Katokopias,Loan,out,Winter,0,Primera Division,2012,2012/2013
Granada CF,Jona,24,Centre-Forward,Vit. Guimarães,Loan,out,Winter,0,Primera Division,2012,2012/2013
Granada CF,Moisés Hurtado,31,Defensive Midfield,Girona,?,out,Winter,NA,Primera Division,2012,2012/2013
Granada CF,Kabiru Akinsola,21,Centre-Forward,FC Cartagena,Loan,out,Winter,0,Primera Division,2012,2012/2013
Granada CF,Gonzalo,25,Goalkeeper,Without Club,-,out,Winter,0,Primera Division,2012,2012/2013
Granada CF,Jaime Romero,22,Right Winger,Udinese Calcio,"End of loanDec 31, 2012",out,Winter,0,Primera Division,2012,2012/2013
Granada CF,Antonio Floro Flores,29,Centre-Forward,Udinese Calcio,"End of loanDec 31, 2012",out,Winter,0,Primera Division,2012,2012/2013
Getafe CF,Sergio Escudero,23,Left-Back,FC Schalke 04,Loan fee:£180Th.,in,Winter,0.18,Primera Division,2012,2012/2013
Getafe CF,Federico Fernández,23,Centre-Back,SSC Napoli,Loan,in,Winter,0,Primera Division,2012,2012/2013
Getafe CF,David Abraham,26,Centre-Back,TSG Hoffenheim,£3.60m,out,Winter,3.6,Primera Division,2012,2012/2013
Getafe CF,Dani Güiza,32,Centre-Forward,Johor DT,Loan,out,Winter,0,Primera Division,2012,2012/2013
Levante UD,Valdo,31,Right Winger,Atlante,Loan,in,Winter,0,Primera Division,2012,2012/2013
Levante UD,Loukas Vyntra,31,Centre-Back,Panathinaikos,Free transfer,in,Winter,0,Primera Division,2012,2012/2013
Levante UD,Simão,24,Centre-Back,SD Luneng,Free transfer,in,Winter,0,Primera Division,2012,2012/2013
Levante UD,Robert Acquafresca,25,Centre-Forward,Bologna,Loan,in,Winter,0,Primera Division,2012,2012/2013
Levante UD,Roger Martí,21,Centre-Forward,Levante B,-,in,Winter,0,Primera Division,2012,2012/2013
Levante UD,Obafemi Martins,28,Centre-Forward,Sounders FC,£2.70m,out,Winter,2.7,Primera Division,2012,2012/2013
Levante UD,Ángel Rodríguez,25,Centre-Forward,Elche CF,Loan,out,Winter,0,Primera Division,2012,2012/2013
Levante UD,Miguel Pallardó,26,Central Midfield,UD Almería,Loan,out,Winter,0,Primera Division,2012,2012/2013
Levante UD,Massimo Volta,25,Centre-Back,Sampdoria,"End of loanJan 18, 2013",out,Winter,0,Primera Division,2012,2012/2013
Levante UD,Óscar Serrano,31,Left Midfield,Without Club,-,out,Winter,0,Primera Division,2012,2012/2013
Levante UD,Theofanis Gekas,32,Centre-Forward,Without Club,-,out,Winter,0,Primera Division,2012,2012/2013
Málaga CF,Lucas Piazón,18,Left Winger,Chelsea,Loan,in,Winter,0,Primera Division,2012,2012/2013
Málaga CF,Diego Lugano,32,Centre-Back,Paris SG,Loan,in,Winter,0,Primera Division,2012,2012/2013
Málaga CF,Pedro Morales,27,Attacking Midfield,Dinamo Zagreb,Free transfer,in,Winter,0,Primera Division,2012,2012/2013
Málaga CF,Vitorino Antunes,25,Left-Back,Paços Ferreira,Loan,in,Winter,0,Primera Division,2012,2012/2013
Málaga CF,Sandro Silva,28,Defensive Midfield,Cruzeiro,"End of loanDec 31, 2012",in,Winter,0,Primera Division,2012,2012/2013
Málaga CF,Nacho Monreal,26,Left-Back,Arsenal,£9.00m,out,Winter,9,Primera Division,2012,2012/2013
Málaga CF,Diego Buonanotte,24,Attacking Midfield,Granada CF,£2.07m,out,Winter,2.07,Primera Division,2012,2012/2013
Málaga CF,Sandro Silva,28,Defensive Midfield,Vasco da Gama,?,out,Winter,NA,Primera Division,2012,2012/2013
Málaga CF,Recio,21,Central Midfield,Granada CF,Loan,out,Winter,0,Primera Division,2012,2012/2013
Málaga CF,Juanmi,19,Right Winger,Racing,Loan,out,Winter,0,Primera Division,2012,2012/2013
Valencia CF,Fernando Gago,26,Defensive Midfield,Vélez Sarsfield,Loan,out,Winter,0,Primera Division,2012,2012/2013
Celta de Vigo,Fabián Orellana,27,Right Winger,Granada CF,£1.08m,in,Winter,1.08,Primera Division,2012,2012/2013
Celta de Vigo,Danijel Pranjic,31,Left-Back,Sporting CP,Loan,in,Winter,0,Primera Division,2012,2012/2013
Celta de Vigo,Vadim Demidov,26,Centre-Back,E. Frankfurt,Loan,in,Winter,0,Primera Division,2012,2012/2013
Celta de Vigo,Jonny Otto,18,Left-Back,Celta Vigo B,-,in,Winter,0,Primera Division,2012,2012/2013
Celta de Vigo,Joan Tomás,27,Attacking Midfield,AEK Larnaca,Free transfer,out,Winter,0,Primera Division,2012,2012/2013
Celta de Vigo,Cristian Bustos,29,Central Midfield,Sporting Gijón,Loan,out,Winter,0,Primera Division,2012,2012/2013
Celta de Vigo,Dani Abalo,25,Right Winger,Beira-Mar,Loan,out,Winter,0,Primera Division,2012,2012/2013
Deportivo de La Coruña,Kaká,31,Centre-Back,Videoton FC,Loan fee:£135Th.,in,Winter,0.135,Primera Division,2012,2012/2013
Deportivo de La Coruña,Paulo Assunção,32,Defensive Midfield,São Paulo,Free transfer,in,Winter,0,Primera Division,2012,2012/2013
Deportivo de La Coruña,Sílvio,25,Right-Back,Atlético Madrid,Loan,in,Winter,0,Primera Division,2012,2012/2013
Deportivo de La Coruña,Diego Seoane,24,Right-Back,Córdoba CF,Loan,out,Winter,0,Primera Division,2012,2012/2013
Deportivo de La Coruña,Saúl,27,Attacking Midfield,Ponferradina,?,out,Winter,NA,Primera Division,2012,2012/2013
Deportivo de La Coruña,Rodolfo Bodipo,35,Centre-Forward,Without Club,-,out,Winter,0,Primera Division,2012,2012/2013
Deportivo de La Coruña,Roderick Miranda,21,Centre-Back,Benfica,"End of loanDec 31, 2012",out,Winter,0,Primera Division,2012,2012/2013
RCD Espanyol Barcelona,Martin Petrov,33,Left Winger,Bolton,Free transfer,in,Winter,0,Primera Division,2012,2012/2013
RCD Espanyol Barcelona,Juan Albín,26,Attacking Midfield,Nacional,Loan,out,Winter,0,Primera Division,2012,2012/2013
RCD Espanyol Barcelona,Rui Fonte,22,Centre-Forward,Benfica B,Free transfer,out,Winter,0,Primera Division,2012,2012/2013
RCD Espanyol Barcelona,Ernesto Galán,26,Right-Back,Xerez CD,?,out,Winter,NA,Primera Division,2012,2012/2013
Real Sociedad,Jeffrey Sarpong,24,Left Winger,Hércules CF,"End of loanDec 31, 2012",in,Winter,0,Primera Division,2012,2012/2013
Real Sociedad,Jeffrey Sarpong,24,Left Winger,Without Club,-,out,Winter,0,Primera Division,2012,2012/2013
Atlético Madrid,Emiliano Insúa,24,Left-Back,Sporting CP,£3.15m,in,Winter,3.15,Primera Division,2012,2012/2013
Atlético Madrid,Emre Belözoglu,32,Central Midfield,Fenerbahce,£315Th.,out,Winter,0.315,Primera Division,2012,2012/2013
Atlético Madrid,Sílvio,25,Right-Back,Dep. La Coruña,Loan,out,Winter,0,Primera Division,2012,2012/2013
Atlético Madrid,Joel Robles,22,Goalkeeper,Wigan,Loan,out,Winter,0,Primera Division,2012,2012/2013
Real Madrid,Diego López,31,Goalkeeper,Sevilla FC,£3.15m,in,Winter,3.15,Primera Division,2012,2012/2013
Real Madrid,Nuri Sahin,24,Defensive Midfield,Liverpool,"End of loanJan 10, 2013",in,Winter,0,Primera Division,2012,2012/2013
Real Madrid,Nuri Sahin,24,Defensive Midfield,Bor. Dortmund,Loan fee:£900Th.,out,Winter,0.9,Primera Division,2012,2012/2013
Sevilla FC,Miroslav Stevanovic,22,Right Midfield,Vojvodina,£1.35m,in,Winter,1.35,Primera Division,2012,2012/2013
Sevilla FC,Beto,30,Goalkeeper,Braga,Loan,in,Winter,0,Primera Division,2012,2012/2013
Sevilla FC,Alberto Moreno,20,Left-Back,Sevilla Atl.,-,in,Winter,0,Primera Division,2012,2012/2013
Sevilla FC,Diego López,31,Goalkeeper,Real Madrid,£3.15m,out,Winter,3.15,Primera Division,2012,2012/2013
Sevilla FC,Emir Spahic,32,Centre-Back,Anzhi,Loan fee:£450Th.,out,Winter,0.45,Primera Division,2012,2012/2013
Sevilla FC,Bernardo Espinosa,23,Centre-Back,Sporting Gijón,Loan,out,Winter,0,Primera Division,2012,2012/2013
Sevilla FC,Antonio Luna,21,Left-Back,RCD Mallorca,Loan,out,Winter,0,Primera Division,2012,2012/2013
Rayo Vallecano,Raúl Tamudo,35,Centre-Forward,CF Pachuca,Free transfer,in,Winter,0,Primera Division,2012,2012/2013
Rayo Vallecano,Gabriel Machado,23,Centre-Forward,Steaua Bukarest,Free transfer,in,Winter,0,Primera Division,2012,2012/2013
Rayo Vallecano,Anaitz Arbilla,25,Centre-Back,Hércules CF,Free transfer,in,Winter,0,Primera Division,2012,2012/2013
Rayo Vallecano,Jordi Figueras,25,Centre-Back,Club Brugge,Loan,in,Winter,0,Primera Division,2012,2012/2013
Rayo Vallecano,Pape Maly Diamanka,22,Defensive Midfield,Vålerenga,"End of loanNov 30, 2012",in,Winter,0,Primera Division,2012,2012/2013
Rayo Vallecano,Sueliton,26,Right-Back,Criciúma EC,Free transfer,out,Winter,0,Primera Division,2012,2012/2013
Rayo Vallecano,Manuel Arana,28,Right Winger,Recr. Huelva,Free transfer,out,Winter,0,Primera Division,2012,2012/2013
Rayo Vallecano,Gabriel Machado,23,Centre-Forward,Hércules CF,Loan,out,Winter,0,Primera Division,2012,2012/2013
Rayo Vallecano,Nicki Bille Nielsen,24,Centre-Forward,Villarreal,"End of loanJan 2, 2013",out,Winter,0,Primera Division,2012,2012/2013
Rayo Vallecano,Mohammed Abu,21,Defensive Midfield,Man City,"End of loanJan 30, 2013",out,Winter,0,Primera Division,2012,2012/2013
Rayo Vallecano,Pape Maly Diamanka,23,Defensive Midfield,Rayo B,-,out,Winter,0,Primera Division,2012,2012/2013
Real Valladolid CF,Daniel Larsson,25,Left Winger,Malmö FF,Free transfer,in,Winter,0,Primera Division,2012,2012/2013
Real Valladolid CF,Valdet Rama,25,Left Winger,Örebro SK,Free transfer,in,Winter,0,Primera Division,2012,2012/2013
CA Osasuna,Miguel de las Cuevas,26,Right Winger,Sporting Gijón,Loan,in,Winter,0,Primera Division,2012,2012/2013
CA Osasuna,Francisco Silva,26,Defensive Midfield,CDUC,Loan,in,Winter,0,Primera Division,2012,2012/2013
CA Osasuna,Ricardo,41,Goalkeeper,Career break,-,in,Winter,0,Primera Division,2012,2012/2013
CA Osasuna,Jon Echaide,25,Centre-Back,SD Huesca,Loan,out,Winter,0,Primera Division,2012,2012/2013
CA Osasuna,Roland Lamah,25,Left Winger,Swansea,Loan,out,Winter,0,Primera Division,2012,2012/2013
RCD Mallorca,Antonio Luna,21,Left-Back,Sevilla FC,Loan,in,Winter,0,Primera Division,2012,2012/2013
RCD Mallorca,Alan Hutton,28,Right-Back,Aston Villa,Loan,in,Winter,0,Primera Division,2012,2012/2013
RCD Mallorca,Fernando Tissone,26,Central Midfield,Sampdoria,Loan,in,Winter,0,Primera Division,2012,2012/2013
RCD Mallorca,Andreu Fontàs,22,Centre-Back,FC Barcelona,Loan,in,Winter,0,Primera Division,2012,2012/2013
RCD Mallorca,Marvin Ogunjimi,25,Centre-Forward,Standard Liège,"End of loanDec 31, 2012",in,Winter,0,Primera Division,2012,2012/2013
RCD Mallorca,Marvin Ogunjimi,25,Centre-Forward,Beerschot AC,Loan,out,Winter,0,Primera Division,2012,2012/2013
Real Betis Balompié,Guillermo Molins,24,Centre-Forward,RSC Anderlecht,Loan fee:£450Th.,in,Winter,0.45,Primera Division,2012,2012/2013
Real Betis Balompié,Dorlan Pabón,25,Right Winger,Parma,Loan,in,Winter,0,Primera Division,2012,2012/2013
Real Betis Balompié,Álvaro Vadillo,18,Left Winger,Betis B,-,in,Winter,0,Primera Division,2012,2012/2013
Real Betis Balompié,Salvador Agra,21,Right Winger,Siena,Loan,out,Winter,0,Primera Division,2012,2012/2013
Real Betis Balompié,Nélson,29,Right-Back,US Palermo,Free transfer,out,Winter,0,Primera Division,2012,2012/2013
Real Betis Balompié,Jonathan Pereira,25,Centre-Forward,Villarreal,Loan,out,Winter,0,Primera Division,2012,2012/2013
Real Betis Balompié,Chechu Dorado,30,Centre-Back,Villarreal,?,out,Winter,NA,Primera Division,2012,2012/2013
Real Zaragoza,José Manuel Fernández,23,Right-Back,Córdoba CF,£450Th.,in,Winter,0.45,Primera Division,2012,2012/2013
Real Zaragoza,Henri Bienvenu,24,Centre-Forward,Fenerbahce,Loan,in,Winter,0,Primera Division,2012,2012/2013
Real Zaragoza,Rodri,22,Centre-Forward,FC Barcelona B,Loan,in,Winter,0,Primera Division,2012,2012/2013
Real Zaragoza,Adrià Carmona,20,Left Winger,AC Milan,Loan,in,Winter,0,Primera Division,2012,2012/2013
Real Zaragoza,Rubén Rochina,21,Attacking Midfield,Blackburn,Loan,in,Winter,0,Primera Division,2012,2012/2013
Real Zaragoza,Carlos Aranda,32,Centre-Forward,Granada CF,£270Th.,out,Winter,0.27,Primera Division,2012,2012/2013
Real Zaragoza,Raúl Goni,24,Centre-Back,CE Sabadell,Free transfer,out,Winter,0,Primera Division,2012,2012/2013
Real Zaragoza,Toni Doblas,32,Goalkeeper,Xäzär Länkäran,Free transfer,out,Winter,0,Primera Division,2012,2012/2013
FC Barcelona,Isaac Cuenca,21,Left Midfield,Ajax,Loan,out,Winter,0,Primera Division,2012,2012/2013
FC Barcelona,Andreu Fontàs,22,Centre-Back,RCD Mallorca,Loan,out,Winter,0,Primera Division,2012,2012/2013
