club_name,player_name,age,position,club_involved_name,fee,transfer_movement,transfer_period,fee_cleaned,league_name,year,season
Zenit St. Petersburg,Artem Dzyuba,26,Centre-Forward,Spartak Moscow,Free transfer,in,Summer,0,Premier Liga,2015,2015/2016
Zenit St. Petersburg,Artur Yusupov,25,Central Midfield,Dynamo Moscow,Free transfer,in,Summer,0,Premier Liga,2015,2015/2016
Zenit St. Petersburg,Denis Tkachuk,25,Left Midfield,KS Samara,Free transfer,in,Summer,0,Premier Liga,2015,2015/2016
Zenit St. Petersburg,Mikhail Kerzhakov,28,Goalkeeper,Anzhi,Free transfer,in,Summer,0,Premier Liga,2015,2015/2016
Zenit St. Petersburg,Cristian Ansaldi,28,Left-Back,Atlético Madrid,"End of loanJun 30, 2015",in,Summer,0,Premier Liga,2015,2015/2016
Zenit St. Petersburg,Luka Djordjevic,20,Centre-Forward,Sampdoria,"End of loanJun 30, 2015",in,Summer,0,Premier Liga,2015,2015/2016
Zenit St. Petersburg,Salomón Rondón,25,Centre-Forward,West Brom,£15.30m,out,Summer,15.3,Premier Liga,2015,2015/2016
Zenit St. Petersburg,Cristian Ansaldi,28,Left-Back,Genoa,Loan fee:£585Th.,out,Summer,0.585,Premier Liga,2015,2015/2016
Zenit St. Petersburg,Anatoliy Tymoshchuk,36,Defensive Midfield,Kairat Almaty,Free transfer,out,Summer,0,Premier Liga,2015,2015/2016
Zenit St. Petersburg,Andrey Arshavin,34,Second Striker,Kuban Krasnodar,Free transfer,out,Summer,0,Premier Liga,2015,2015/2016
Zenit St. Petersburg,Milan Rodic,24,Left-Back,KS Samara,Free transfer,out,Summer,0,Premier Liga,2015,2015/2016
Zenit St. Petersburg,Ivan Solovjev,23,Left Winger,FC Lahti,Loan,out,Summer,0,Premier Liga,2015,2015/2016
Zenit St. Petersburg,Luka Djordjevic,21,Centre-Forward,Ponferradina,Loan,out,Summer,0,Premier Liga,2015,2015/2016
Zenit St. Petersburg,Dzhamaldin Khodzhaniyazov,19,Centre-Back,Aarhus GF,?,out,Summer,NA,Premier Liga,2015,2015/2016
Zenit St. Petersburg,Pavel Mogilevets,22,Central Midfield,Rostov,Loan,out,Summer,0,Premier Liga,2015,2015/2016
CSKA Moscow,Seydou Doumbia,27,Centre-Forward,AS Roma,Loan fee:£900Th.,in,Summer,0.9,Premier Liga,2015,2015/2016
CSKA Moscow,Aleksandr Golovin,19,Attacking Midfield,CSKA Moscow II,-,in,Summer,0,Premier Liga,2015,2015/2016
CSKA Moscow,Vyacheslav Karavaev,20,Right-Back,Dukla Prague,"End of loanJun 30, 2015",in,Summer,0,Premier Liga,2015,2015/2016
CSKA Moscow,Viktor Vasin,26,Centre-Back,Mordovia,"End of loanJun 30, 2015",in,Summer,0,Premier Liga,2015,2015/2016
CSKA Moscow,Konstantin Bazelyuk,22,Centre-Forward,Torpedo Moscow,"End of loanJun 30, 2015",in,Summer,0,Premier Liga,2015,2015/2016
CSKA Moscow,Vyacheslav Karavaev,20,Right-Back,FK Jablonec,Loan,out,Summer,0,Premier Liga,2015,2015/2016
CSKA Moscow,Carlos Strandberg,19,Centre-Forward,Ural,Loan,out,Summer,0,Premier Liga,2015,2015/2016
CSKA Moscow,Konstantin Bazelyuk,22,Centre-Forward,SKA-Energia,Loan,out,Summer,0,Premier Liga,2015,2015/2016
CSKA Moscow,Dmitri Efremov,20,Right Midfield,Slovan Liberec,Loan,out,Summer,0,Premier Liga,2015,2015/2016
CSKA Moscow,Sekou Oliseh,25,Right Winger,Without Club,-,out,Summer,0,Premier Liga,2015,2015/2016
FK Krasnodar,Fedor Smolov,25,Centre-Forward,Dynamo Moscow,Free transfer,in,Summer,0,Premier Liga,2015,2015/2016
FK Krasnodar,Stefan Strandberg,24,Centre-Back,Rosenborg BK,Free transfer,in,Summer,0,Premier Liga,2015,2015/2016
FK Krasnodar,Dmitri Torbinski,31,Central Midfield,Rostov,Free transfer,in,Summer,0,Premier Liga,2015,2015/2016
FK Krasnodar,Charles Kaboré,27,Defensive Midfield,Kuban Krasnodar,Loan,in,Summer,0,Premier Liga,2015,2015/2016
FK Krasnodar,Anton Kochenkov,28,Goalkeeper,Loko Moscow,Loan,in,Summer,0,Premier Liga,2015,2015/2016
FK Krasnodar,Aleksey Pomerko,25,Central Midfield,KS Samara,"End of loanJun 30, 2015",in,Summer,0,Premier Liga,2015,2015/2016
FK Krasnodar,Nikita Burmistrov,25,Right Winger,Tom Tomsk,"End of loanJun 30, 2015",in,Summer,0,Premier Liga,2015,2015/2016
FK Krasnodar,Nikolay Markov,30,Right-Back,Ural,"End of loanJun 30, 2015",in,Summer,0,Premier Liga,2015,2015/2016
FK Krasnodar,Evgeni Shipitsin,30,Central Midfield,Mordovia,Free transfer,out,Summer,0,Premier Liga,2015,2015/2016
FK Krasnodar,Aleksandr Martynovich,27,Centre-Back,Ural,Loan,out,Summer,0,Premier Liga,2015,2015/2016
FK Krasnodar,Nikita Burmistrov,25,Right Winger,Ural,Loan,out,Summer,0,Premier Liga,2015,2015/2016
FK Krasnodar,Aleksey Pomerko,25,Central Midfield,KS Samara,?,out,Summer,NA,Premier Liga,2015,2015/2016
FK Krasnodar,Ruslan Adzhindzhal,41,Central Midfield,Retired,-,out,Summer,0,Premier Liga,2015,2015/2016
FK Krasnodar,Marat Izmailov,32,Central Midfield,FC Porto,"End of loanJun 30, 2015",out,Summer,0,Premier Liga,2015,2015/2016
FK Krasnodar,Roman Shirokov,33,Central Midfield,Spartak Moscow,"End of loanJun 30, 2015",out,Summer,0,Premier Liga,2015,2015/2016
Dynamo Moscow,Anton Sosnin,25,Central Midfield,Kuban Krasnodar,Free transfer,in,Summer,0,Premier Liga,2015,2015/2016
Dynamo Moscow,Vitali Djakov,26,Centre-Back,Rostov,Free transfer,in,Summer,0,Premier Liga,2015,2015/2016
Dynamo Moscow,Pavel Pogrebnyak,31,Centre-Forward,Reading,?,in,Summer,NA,Premier Liga,2015,2015/2016
Dynamo Moscow,Grigori Morozov,21,Right-Back,Dynamo M II,-,in,Summer,0,Premier Liga,2015,2015/2016
Dynamo Moscow,Dmitri Zhivoglyadov,21,Right-Back,Dynamo M II,-,in,Summer,0,Premier Liga,2015,2015/2016
Dynamo Moscow,Anatoli Katrich,20,Right Midfield,Dynamo M II,-,in,Summer,0,Premier Liga,2015,2015/2016
Dynamo Moscow,Aleksandr Tashaev,21,Right Winger,Dynamo M II,-,in,Summer,0,Premier Liga,2015,2015/2016
Dynamo Moscow,Vladislav Levin,20,Central Midfield,Dynamo M II,-,in,Summer,0,Premier Liga,2015,2015/2016
Dynamo Moscow,Maksim Kuzmin,19,Attacking Midfield,Dynamo M II,-,in,Summer,0,Premier Liga,2015,2015/2016
Dynamo Moscow,Gordon Schildenfeld,30,Centre-Back,Panathinaikos,"End of loanJun 30, 2015",in,Summer,0,Premier Liga,2015,2015/2016
Dynamo Moscow,Pavel Solomatin,22,Centre-Forward,Amkar Perm,"End of loanJun 30, 2015",in,Summer,0,Premier Liga,2015,2015/2016
Dynamo Moscow,Fedor Smolov,25,Centre-Forward,Ural,"End of loanJun 30, 2015",in,Summer,0,Premier Liga,2015,2015/2016
Dynamo Moscow,Andrey Panyukov,20,Centre-Forward,Atlantas,"End of loanJun 30, 2015",in,Summer,0,Premier Liga,2015,2015/2016
Dynamo Moscow,Vladimir Granat,28,Centre-Back,Rostov,"End of loanJun 30, 2015",in,Summer,0,Premier Liga,2015,2015/2016
Dynamo Moscow,Evgeniy Frolov,27,Goalkeeper,Sakhalin,"End of loanJun 30, 2015",in,Summer,0,Premier Liga,2015,2015/2016
Dynamo Moscow,Mathieu Valbuena,30,Attacking Midfield,Olympique Lyon,£5.40m,out,Summer,5.4,Premier Liga,2015,2015/2016
Dynamo Moscow,Balázs Dzsudzsák,28,Left Winger,Bursaspor,£1.44m,out,Summer,1.44,Premier Liga,2015,2015/2016
Dynamo Moscow,Douglas,27,Centre-Back,Trabzonspor,£1.35m,out,Summer,1.35,Premier Liga,2015,2015/2016
Dynamo Moscow,William Vainqueur,26,Defensive Midfield,AS Roma,£521Th.,out,Summer,0.521,Premier Liga,2015,2015/2016
Dynamo Moscow,Vladimir Granat,28,Centre-Back,Spartak Moscow,Free transfer,out,Summer,0,Premier Liga,2015,2015/2016
Dynamo Moscow,Kevin Kuranyi,33,Centre-Forward,TSG Hoffenheim,Free transfer,out,Summer,0,Premier Liga,2015,2015/2016
Dynamo Moscow,Gordon Schildenfeld,30,Centre-Back,Dinamo Zagreb,Free transfer,out,Summer,0,Premier Liga,2015,2015/2016
Dynamo Moscow,Fedor Smolov,25,Centre-Forward,Krasnodar,Free transfer,out,Summer,0,Premier Liga,2015,2015/2016
Dynamo Moscow,Artur Yusupov,25,Central Midfield,Zenit S-Pb,Free transfer,out,Summer,0,Premier Liga,2015,2015/2016
Dynamo Moscow,Andrey Panyukov,20,Centre-Forward,Atlantas,Free transfer,out,Summer,0,Premier Liga,2015,2015/2016
Dynamo Moscow,Evgeniy Frolov,27,Goalkeeper,Kuban Krasnodar,Free transfer,out,Summer,0,Premier Liga,2015,2015/2016
Dynamo Moscow,Boris Rotenberg,29,Right-Back,Rostov,Loan,out,Summer,0,Premier Liga,2015,2015/2016
Dynamo Moscow,Roman Berezovskiy,40,Goalkeeper,Retired,-,out,Summer,0,Premier Liga,2015,2015/2016
Rubin Kazan,Guillermo Cotugno,20,Right-Back,Danubio FC,£900Th.,in,Summer,0.9,Premier Liga,2015,2015/2016
Rubin Kazan,Maksim Batov,23,Central Midfield,Amkar Perm,£297Th.,in,Summer,0.297,Premier Liga,2015,2015/2016
Rubin Kazan,Albert Sharipov,22,Central Midfield,Tom Tomsk,£180Th.,in,Summer,0.18,Premier Liga,2015,2015/2016
Rubin Kazan,Diniyar Bilyaletdinov,30,Attacking Midfield,Spartak Moscow,Free transfer,in,Summer,0,Premier Liga,2015,2015/2016
Rubin Kazan,Magomed Ozdoev,22,Central Midfield,Loko Moscow,?,in,Summer,NA,Premier Liga,2015,2015/2016
Rubin Kazan,Mauricio Lemos,19,Centre-Back,Defensor,Loan,in,Summer,0,Premier Liga,2015,2015/2016
Rubin Kazan,Ramil Sheydaev,19,Centre-Forward,Zenit 2 S-Pb,Loan,in,Summer,0,Premier Liga,2015,2015/2016
Rubin Kazan,Vitali Ustinov,24,Right-Back,Rubin 2,-,in,Summer,0,Premier Liga,2015,2015/2016
Rubin Kazan,Ruslan Abyshov,27,Centre-Back,FK Qabala,"End of loanJun 30, 2015",in,Summer,0,Premier Liga,2015,2015/2016
Rubin Kazan,Ruslan Mukhametshin,33,Centre-Forward,Mordovia,"End of loanJun 30, 2015",in,Summer,0,Premier Liga,2015,2015/2016
Rubin Kazan,Sergey Davydov,29,Centre-Forward,Torpedo Moscow,"End of loanJun 30, 2015",in,Summer,0,Premier Liga,2015,2015/2016
Rubin Kazan,Alireza Haghighi,27,Goalkeeper,Penafiel,"End of loanJun 30, 2015",in,Summer,0,Premier Liga,2015,2015/2016
Rubin Kazan,Mubarak Wakaso,24,Central Midfield,Celtic,"End of loanJun 30, 2015",in,Summer,0,Premier Liga,2015,2015/2016
Rubin Kazan,Chris Mavinga,24,Centre-Back,Stade Reims,"End of loanJun 30, 2015",in,Summer,0,Premier Liga,2015,2015/2016
Rubin Kazan,Marko Devic,31,Centre-Forward,Al-Rayyan SC,"End of loanJun 30, 2015",in,Summer,0,Premier Liga,2015,2015/2016
Rubin Kazan,Kamil Mullin,21,Centre-Forward,Sokol Saratov,"End of loanJun 30, 2015",in,Summer,0,Premier Liga,2015,2015/2016
Rubin Kazan,Sardar Azmoun,20,Centre-Forward,Rostov,"End of loanJun 30, 2015",in,Summer,0,Premier Liga,2015,2015/2016
Rubin Kazan,Marko Livaja,22,Centre-Forward,FC Empoli,Loan fee:£270Th.,out,Summer,0.27,Premier Liga,2015,2015/2016
Rubin Kazan,Carlos Eduardo,28,Attacking Midfield,Atlético-MG,Free transfer,out,Summer,0,Premier Liga,2015,2015/2016
Rubin Kazan,Ruslan Mukhametshin,33,Centre-Forward,Mordovia,Free transfer,out,Summer,0,Premier Liga,2015,2015/2016
Rubin Kazan,Ruslan Abyshov,27,Centre-Back,Xäzär Länkäran,Free transfer,out,Summer,0,Premier Liga,2015,2015/2016
Rubin Kazan,César Navas,35,Centre-Back,Rostov,Free transfer,out,Summer,0,Premier Liga,2015,2015/2016
Rubin Kazan,Sergey Davydov,29,Centre-Forward,KamAZ,Loan,out,Summer,0,Premier Liga,2015,2015/2016
Rubin Kazan,Sardar Azmoun,20,Centre-Forward,Rostov,Loan,out,Summer,0,Premier Liga,2015,2015/2016
Rubin Kazan,Chris Mavinga,24,Centre-Back,Troyes,Loan,out,Summer,0,Premier Liga,2015,2015/2016
Rubin Kazan,Mamuka Kobakhidze,22,Centre-Back,Mordovia,Loan,out,Summer,0,Premier Liga,2015,2015/2016
Rubin Kazan,Kamil Mullin,21,Centre-Forward,Sokol Saratov,Loan,out,Summer,0,Premier Liga,2015,2015/2016
Rubin Kazan,Mubarak Wakaso,25,Central Midfield,UD Las Palmas,Loan,out,Summer,0,Premier Liga,2015,2015/2016
Rubin Kazan,Yann M'Vila,25,Defensive Midfield,Sunderland,Loan,out,Summer,0,Premier Liga,2015,2015/2016
Rubin Kazan,Magomed Ozdoev,22,Central Midfield,Loko Moscow,"End of loanJun 30, 2015",out,Summer,0,Premier Liga,2015,2015/2016
Rubin Kazan,Guillermo Cotugno,20,Right-Back,Danubio FC,"End of loanJun 30, 2015",out,Summer,0,Premier Liga,2015,2015/2016
Spartak Moscow,Zé Luís,24,Centre-Forward,Braga,£5.85m,in,Summer,5.85,Premier Liga,2015,2015/2016
Spartak Moscow,Ivelin Popov,27,Attacking Midfield,Kuban Krasnodar,£5.40m,in,Summer,5.4,Premier Liga,2015,2015/2016
Spartak Moscow,Vladimir Granat,28,Centre-Back,Dynamo Moscow,Free transfer,in,Summer,0,Premier Liga,2015,2015/2016
Spartak Moscow,Anton Mitryushkin,19,Goalkeeper,Spartak II,-,in,Summer,0,Premier Liga,2015,2015/2016
Spartak Moscow,Rafael Carioca,26,Defensive Midfield,Atlético-MG,"End of loanJul 31, 2015",in,Summer,0,Premier Liga,2015,2015/2016
Spartak Moscow,Aleksandr Zotov,24,Central Midfield,Arsenal Tula,"End of loanJun 30, 2015",in,Summer,0,Premier Liga,2015,2015/2016
Spartak Moscow,Lucas Barrios,30,Centre-Forward,Montpellier,"End of loanJun 30, 2015",in,Summer,0,Premier Liga,2015,2015/2016
Spartak Moscow,Kirill Kombarov,28,Right-Back,Torpedo Moscow,"End of loanJun 30, 2015",in,Summer,0,Premier Liga,2015,2015/2016
Spartak Moscow,Diniyar Bilyaletdinov,30,Attacking Midfield,Torpedo Moscow,"End of loanJun 30, 2015",in,Summer,0,Premier Liga,2015,2015/2016
Spartak Moscow,Roman Shirokov,33,Central Midfield,Krasnodar,"End of loanJun 30, 2015",in,Summer,0,Premier Liga,2015,2015/2016
Spartak Moscow,Salvatore Bocchetti,28,Centre-Back,AC Milan,"End of loanJun 30, 2015",in,Summer,0,Premier Liga,2015,2015/2016
Spartak Moscow,Pavel Yakovlev,24,Left Winger,Mordovia,"End of loanJun 30, 2015",in,Summer,0,Premier Liga,2015,2015/2016
Spartak Moscow,Artem Dzyuba,26,Centre-Forward,Rostov,"End of loanJun 30, 2015",in,Summer,0,Premier Liga,2015,2015/2016
Spartak Moscow,José Manuel Jurado,29,Attacking Midfield,Watford,£7.74m,out,Summer,7.74,Premier Liga,2015,2015/2016
Spartak Moscow,Lucas Barrios,30,Centre-Forward,Palmeiras,£2.61m,out,Summer,2.61,Premier Liga,2015,2015/2016
Spartak Moscow,Vyacheslav Krotov,22,Centre-Forward,Ufa,£450Th.,out,Summer,0.45,Premier Liga,2015,2015/2016
Spartak Moscow,Artem Dzyuba,26,Centre-Forward,Zenit S-Pb,Free transfer,out,Summer,0,Premier Liga,2015,2015/2016
Spartak Moscow,João Carlos,33,Centre-Back,Vasco da Gama,Free transfer,out,Summer,0,Premier Liga,2015,2015/2016
Spartak Moscow,Patrick Ebert,28,Attacking Midfield,Rayo Vallecano,Free transfer,out,Summer,0,Premier Liga,2015,2015/2016
Spartak Moscow,Diniyar Bilyaletdinov,30,Attacking Midfield,Rubin Kazan,Free transfer,out,Summer,0,Premier Liga,2015,2015/2016
Spartak Moscow,Juan Insaurralde,30,Centre-Back,Chiapas FC,Free transfer,out,Summer,0,Premier Liga,2015,2015/2016
Spartak Moscow,Kim Källström,32,Central Midfield,Grasshoppers,Free transfer,out,Summer,0,Premier Liga,2015,2015/2016
Spartak Moscow,Rafael Carioca,26,Defensive Midfield,Atlético-MG,?,out,Summer,NA,Premier Liga,2015,2015/2016
Spartak Moscow,Sergey Pesjakov,26,Goalkeeper,Anzhi,Loan,out,Summer,0,Premier Liga,2015,2015/2016
Spartak Moscow,Pavel Yakovlev,24,Left Winger,KS Samara,Loan,out,Summer,0,Premier Liga,2015,2015/2016
Lokomotiv Moscow,Aleksandr Kolomeytsev,26,Central Midfield,Amkar Perm,Free transfer,in,Summer,0,Premier Liga,2015,2015/2016
Lokomotiv Moscow,Anton Kochenkov,28,Goalkeeper,Mordovia,Free transfer,in,Summer,0,Premier Liga,2015,2015/2016
Lokomotiv Moscow,Delvin N'Dinga,27,Defensive Midfield,Monaco,Loan,in,Summer,0,Premier Liga,2015,2015/2016
Lokomotiv Moscow,Magomed Ozdoev,22,Central Midfield,Rubin Kazan,"End of loanJun 30, 2015",in,Summer,0,Premier Liga,2015,2015/2016
Lokomotiv Moscow,Maksim Grigorjev,24,Right Winger,Rostov,"End of loanJun 30, 2015",in,Summer,0,Premier Liga,2015,2015/2016
Lokomotiv Moscow,Sergey Tkachev,26,Attacking Midfield,Kuban Krasnodar,"End of loanJun 30, 2015",in,Summer,0,Premier Liga,2015,2015/2016
Lokomotiv Moscow,Sergey Tkachev,26,Attacking Midfield,Kuban Krasnodar,£1.35m,out,Summer,1.35,Premier Liga,2015,2015/2016
Lokomotiv Moscow,Roman Pavlyuchenko,33,Centre-Forward,Kuban Krasnodar,Free transfer,out,Summer,0,Premier Liga,2015,2015/2016
Lokomotiv Moscow,Yan Tigorev,31,Defensive Midfield,Dinamo Minsk,Free transfer,out,Summer,0,Premier Liga,2015,2015/2016
Lokomotiv Moscow,Maksim Belyaev,23,Centre-Back,Shinnik,Free transfer,out,Summer,0,Premier Liga,2015,2015/2016
Lokomotiv Moscow,Magomed Ozdoev,22,Central Midfield,Rubin Kazan,?,out,Summer,NA,Premier Liga,2015,2015/2016
Lokomotiv Moscow,Miroslav Lobantsev,20,Goalkeeper,KS Samara,Loan,out,Summer,0,Premier Liga,2015,2015/2016
Lokomotiv Moscow,Anton Kochenkov,28,Goalkeeper,Krasnodar,Loan,out,Summer,0,Premier Liga,2015,2015/2016
Lokomotiv Moscow,Victor Obinna,28,Second Striker,Without Club,-,out,Summer,0,Premier Liga,2015,2015/2016
Mordovia Saransk,Vladimir Rykov,27,Centre-Back,Torpedo Moscow,Free transfer,in,Summer,0,Premier Liga,2015,2015/2016
Mordovia Saransk,Evgeni Shipitsin,30,Central Midfield,Krasnodar,Free transfer,in,Summer,0,Premier Liga,2015,2015/2016
Mordovia Saransk,Nukri Revishvili,28,Goalkeeper,Tosno,Free transfer,in,Summer,0,Premier Liga,2015,2015/2016
Mordovia Saransk,Dalibor Stevanovic,30,Central Midfield,Torpedo Moscow,Free transfer,in,Summer,0,Premier Liga,2015,2015/2016
Mordovia Saransk,Maksim Tishkin,25,Right-Back,Ufa,Free transfer,in,Summer,0,Premier Liga,2015,2015/2016
Mordovia Saransk,Ruslan Mukhametshin,33,Centre-Forward,Rubin Kazan,Free transfer,in,Summer,0,Premier Liga,2015,2015/2016
Mordovia Saransk,Yannick Djaló,29,Left Winger,Benfica,Loan,in,Summer,0,Premier Liga,2015,2015/2016
Mordovia Saransk,Mamuka Kobakhidze,22,Centre-Back,Rubin Kazan,Loan,in,Summer,0,Premier Liga,2015,2015/2016
Mordovia Saransk,Emin Makhmudov,23,Central Midfield,KS Samara,Loan,in,Summer,0,Premier Liga,2015,2015/2016
Mordovia Saransk,Thomas Phibel,29,Centre-Back,Without Club,-,in,Summer,0,Premier Liga,2015,2015/2016
Mordovia Saransk,Aleksandr Strokov,24,Right-Back,Tambov,"End of loanJun 30, 2015",in,Summer,0,Premier Liga,2015,2015/2016
Mordovia Saransk,Maksim Rogov,29,Left Winger,Dinamo S-Pb,"End of loanJun 30, 2015",in,Summer,0,Premier Liga,2015,2015/2016
Mordovia Saransk,Mikhail Markin,21,Centre-Forward,Khimki,"End of loanJun 30, 2015",in,Summer,0,Premier Liga,2015,2015/2016
Mordovia Saransk,Anton Kochenkov,28,Goalkeeper,Loko Moscow,Free transfer,out,Summer,0,Premier Liga,2015,2015/2016
Mordovia Saransk,Rustem Mukhametshin,31,Defensive Midfield,Tosno,Free transfer,out,Summer,0,Premier Liga,2015,2015/2016
Mordovia Saransk,Maksim Rogov,29,Left Winger,Dinamo S-Pb,Free transfer,out,Summer,0,Premier Liga,2015,2015/2016
Mordovia Saransk,Aleksandr Strokov,24,Right-Back,Unknown,Free transfer,out,Summer,0,Premier Liga,2015,2015/2016
Mordovia Saransk,Vladimir Bozovic,33,Left-Back,Sušica,Free transfer,out,Summer,0,Premier Liga,2015,2015/2016
Mordovia Saransk,Mikhail Markin,21,Centre-Forward,Tyumen,Loan,out,Summer,0,Premier Liga,2015,2015/2016
Mordovia Saransk,Mitchell Donald,26,Central Midfield,Red Star,Loan,out,Summer,0,Premier Liga,2015,2015/2016
Mordovia Saransk,Ibrahima Niasse,27,Defensive Midfield,Without Club,-,out,Summer,0,Premier Liga,2015,2015/2016
Mordovia Saransk,Ruslan Mukhametshin,33,Centre-Forward,Rubin Kazan,"End of loanJun 30, 2015",out,Summer,0,Premier Liga,2015,2015/2016
Mordovia Saransk,Viktor Vasin,26,Centre-Back,CSKA Moscow,"End of loanJun 30, 2015",out,Summer,0,Premier Liga,2015,2015/2016
Mordovia Saransk,Lorenzo Ebecilio,23,Attacking Midfield,Metallurg D.,"End of loanJun 30, 2015",out,Summer,0,Premier Liga,2015,2015/2016
Mordovia Saransk,Yannick Djaló,29,Left Winger,Benfica,"End of loanJun 30, 2015",out,Summer,0,Premier Liga,2015,2015/2016
Mordovia Saransk,Pavel Yakovlev,24,Left Winger,Spartak Moscow,"End of loanJun 30, 2015",out,Summer,0,Premier Liga,2015,2015/2016
Mordovia Saransk,Danilo,25,Attacking Midfield,Metallurg D.,"End of loanJun 30, 2015",out,Summer,0,Premier Liga,2015,2015/2016
Terek Grozny,Tedore Grigalashvili,22,Centre-Back,FC Samtredia,Free transfer,in,Summer,0,Premier Liga,2015,2015/2016
Terek Grozny,Reziuan Mirzov,22,Left Winger,Torpedo Moscow,Free transfer,in,Summer,0,Premier Liga,2015,2015/2016
Terek Grozny,Magomed Mitrishev,22,Right Winger,Anzhi,"End of loanJun 30, 2015",in,Summer,0,Premier Liga,2015,2015/2016
Terek Grozny,Zaur Sadaev,25,Centre-Forward,Lech Poznan,"End of loanJun 30, 2015",in,Summer,0,Premier Liga,2015,2015/2016
Terek Grozny,Evgeni Kobozev,25,Goalkeeper,KS Samara,"End of loanJun 30, 2015",in,Summer,0,Premier Liga,2015,2015/2016
Terek Grozny,Gheorghe Grozav,24,Left Winger,Dinamo Bucarest,"End of loanJun 30, 2015",in,Summer,0,Premier Liga,2015,2015/2016
Terek Grozny,Jeremy Bokila,26,Centre-Forward,GZ R&F,£1.98m,out,Summer,1.98,Premier Liga,2015,2015/2016
Terek Grozny,Aílton,30,Centre-Forward,Hilal,Free transfer,out,Summer,0,Premier Liga,2015,2015/2016
Terek Grozny,Evgeni Kobozev,25,Goalkeeper,Tosno,Free transfer,out,Summer,0,Premier Liga,2015,2015/2016
Terek Grozny,Juhani Ojala,26,Centre-Back,HJK Helsinki,Loan,out,Summer,0,Premier Liga,2015,2015/2016
Terek Grozny,Adolphe Teikeu,24,Centre-Back,Chornomorets,"End of loanJun 1, 2015",out,Summer,0,Premier Liga,2015,2015/2016
Terek Grozny,Marko Scepovic,24,Centre-Forward,Olympiacos,"End of loanJun 30, 2015",out,Summer,0,Premier Liga,2015,2015/2016
Kuban Krasnodar,Sergey Tkachev,26,Attacking Midfield,Loko Moscow,£1.35m,in,Summer,1.35,Premier Liga,2015,2015/2016
Kuban Krasnodar,Roman Pavlyuchenko,33,Centre-Forward,Loko Moscow,Free transfer,in,Summer,0,Premier Liga,2015,2015/2016
Kuban Krasnodar,Andrey Arshavin,34,Second Striker,Zenit S-Pb,Free transfer,in,Summer,0,Premier Liga,2015,2015/2016
Kuban Krasnodar,Svyatoslav Georgievski,19,Right Winger,CSKA Moscow II,Free transfer,in,Summer,0,Premier Liga,2015,2015/2016
Kuban Krasnodar,Evgeniy Frolov,27,Goalkeeper,Dynamo Moscow,Free transfer,in,Summer,0,Premier Liga,2015,2015/2016
Kuban Krasnodar,Denis Yakuba,19,Defensive Midfield,Kuban II,-,in,Summer,0,Premier Liga,2015,2015/2016
Kuban Krasnodar,Aleksandr Kleshchenko,19,Centre-Back,Kuban II,-,in,Summer,0,Premier Liga,2015,2015/2016
Kuban Krasnodar,Vladimir Lobkarev,21,Right Midfield,Kuban II,-,in,Summer,0,Premier Liga,2015,2015/2016
Kuban Krasnodar,Igor Konovalov,19,Central Midfield,Kuban II,-,in,Summer,0,Premier Liga,2015,2015/2016
Kuban Krasnodar,Gonzalo Bueno,22,Left Winger,Nacional,"End of loanJun 30, 2015",in,Summer,0,Premier Liga,2015,2015/2016
Kuban Krasnodar,Ivelin Popov,27,Attacking Midfield,Spartak Moscow,£5.40m,out,Summer,5.4,Premier Liga,2015,2015/2016
Kuban Krasnodar,Toni Sunjic,26,Centre-Back,VfB Stuttgart,£2.70m,out,Summer,2.7,Premier Liga,2015,2015/2016
Kuban Krasnodar,Anton Sosnin,25,Central Midfield,Dynamo Moscow,Free transfer,out,Summer,0,Premier Liga,2015,2015/2016
Kuban Krasnodar,Hugo Almeida,31,Centre-Forward,Anzhi,Free transfer,out,Summer,0,Premier Liga,2015,2015/2016
Kuban Krasnodar,Charles Kaboré,27,Defensive Midfield,Krasnodar,Loan,out,Summer,0,Premier Liga,2015,2015/2016
Kuban Krasnodar,Gonzalo Bueno,22,Left Winger,União Madeira,Loan,out,Summer,0,Premier Liga,2015,2015/2016
Kuban Krasnodar,Evgeniy Pomazan,26,Goalkeeper,Anzhi,"End of loanJun 30, 2015",out,Summer,0,Premier Liga,2015,2015/2016
Kuban Krasnodar,Andrey Eshchenko,31,Right-Back,Anzhi,"End of loanJun 30, 2015",out,Summer,0,Premier Liga,2015,2015/2016
Kuban Krasnodar,Sergey Tkachev,26,Attacking Midfield,Loko Moscow,"End of loanJun 30, 2015",out,Summer,0,Premier Liga,2015,2015/2016
Amkar Perm,Izunna Uzochukwu,25,Defensive Midfield,FC Midtjylland,Free transfer,in,Summer,0,Premier Liga,2015,2015/2016
Amkar Perm,Branko Jovicic,22,Defensive Midfield,LASK,Free transfer,in,Summer,0,Premier Liga,2015,2015/2016
Amkar Perm,Georgiy Dzhikiya,21,Centre-Back,Khimik,Free transfer,in,Summer,0,Premier Liga,2015,2015/2016
Amkar Perm,Pavel Komolov,26,Central Midfield,Zalgiris,Free transfer,in,Summer,0,Premier Liga,2015,2015/2016
Amkar Perm,Aleksandr Salugin,26,Centre-Forward,Torpedo Moscow,Free transfer,in,Summer,0,Premier Liga,2015,2015/2016
Amkar Perm,Chuma Anene,22,Centre-Forward,Rabotnicki,Free transfer,in,Summer,0,Premier Liga,2015,2015/2016
Amkar Perm,Nikolay Zaytsev,26,Centre-Back,Tosno,?,in,Summer,NA,Premier Liga,2015,2015/2016
Amkar Perm,Damian Zbozien,26,Right-Back,GKS Belchatow,"End of loanJun 30, 2015",in,Summer,0,Premier Liga,2015,2015/2016
Amkar Perm,Maksim Batov,23,Central Midfield,Rubin Kazan,£297Th.,out,Summer,0.297,Premier Liga,2015,2015/2016
Amkar Perm,Evgeniy Tyukalov,23,Attacking Midfield,Leiria,Free transfer,out,Summer,0,Premier Liga,2015,2015/2016
Amkar Perm,Damian Zbozien,26,Right-Back,Zaglebie Lubin,Free transfer,out,Summer,0,Premier Liga,2015,2015/2016
Amkar Perm,Aleksey Nikitin,23,Centre-Back,Ufa,Free transfer,out,Summer,0,Premier Liga,2015,2015/2016
Amkar Perm,Aleksandr Kolomeytsev,26,Central Midfield,Loko Moscow,Free transfer,out,Summer,0,Premier Liga,2015,2015/2016
Amkar Perm,Martin Jakubko,35,Centre-Forward,Ruzomberok,Free transfer,out,Summer,0,Premier Liga,2015,2015/2016
Amkar Perm,Marko Simonovski,23,Centre-Forward,RNK Split,Free transfer,out,Summer,0,Premier Liga,2015,2015/2016
Amkar Perm,Igor Picusceac,32,Centre-Forward,Sheriff,Free transfer,out,Summer,0,Premier Liga,2015,2015/2016
Amkar Perm,Soslan Takazov,22,Centre-Back,Tyumen,Loan,out,Summer,0,Premier Liga,2015,2015/2016
Amkar Perm,Zahari Sirakov,37,Right-Back,Retired,-,out,Summer,0,Premier Liga,2015,2015/2016
Amkar Perm,David Dzakhov,26,Central Midfield,Without Club,-,out,Summer,0,Premier Liga,2015,2015/2016
Amkar Perm,Georgi Peev,37,Right Midfield,Retired,-,out,Summer,0,Premier Liga,2015,2015/2016
Amkar Perm,Pavel Solomatin,22,Centre-Forward,Dynamo Moscow,"End of loanJun 30, 2015",out,Summer,0,Premier Liga,2015,2015/2016
Amkar Perm,Igor Kireev,23,Right Midfield,Rostov II,"End of loanJun 30, 2015",out,Summer,0,Premier Liga,2015,2015/2016
Amkar Perm,Branko Jovicic,22,Defensive Midfield,LASK,"End of loanJun 30, 2015",out,Summer,0,Premier Liga,2015,2015/2016
FK Ufa,Sly,24,Centre-Forward,FC Midtjylland,£630Th.,in,Summer,0.63,Premier Liga,2015,2015/2016
FK Ufa,Vyacheslav Krotov,22,Centre-Forward,Spartak Moscow,£450Th.,in,Summer,0.45,Premier Liga,2015,2015/2016
FK Ufa,Evgeniy Osipov,28,Centre-Back,Arsenal Tula,Free transfer,in,Summer,0,Premier Liga,2015,2015/2016
FK Ufa,Denis Tumasyan,30,Centre-Back,Ural,Free transfer,in,Summer,0,Premier Liga,2015,2015/2016
FK Ufa,Aleksandr Katsalapov,29,Left-Back,Torpedo Moscow,Free transfer,in,Summer,0,Premier Liga,2015,2015/2016
FK Ufa,Semen Fomin,26,Central Midfield,Torpedo Moscow,Free transfer,in,Summer,0,Premier Liga,2015,2015/2016
FK Ufa,Aleksey Nikitin,23,Centre-Back,Amkar Perm,Free transfer,in,Summer,0,Premier Liga,2015,2015/2016
FK Ufa,Andrey Lunev,23,Goalkeeper,Saturn,Free transfer,in,Summer,0,Premier Liga,2015,2015/2016
FK Ufa,Sergey Narubin,33,Goalkeeper,Tosno,?,in,Summer,NA,Premier Liga,2015,2015/2016
FK Ufa,Marvin Pourié,24,Centre-Forward,FC Copenhagen,Loan,in,Summer,0,Premier Liga,2015,2015/2016
FK Ufa,Aleksandr Vasiljev,23,Right Winger,Tyumen,"End of loanJun 30, 2015",in,Summer,0,Premier Liga,2015,2015/2016
FK Ufa,Nikita Bezlikhotnov,24,Right Winger,Baltika,"End of loanJun 30, 2015",in,Summer,0,Premier Liga,2015,2015/2016
FK Ufa,Takafumi Akahoshi,29,Central Midfield,Pogon Szczecin,"End of loanJun 30, 2015",in,Summer,0,Premier Liga,2015,2015/2016
FK Ufa,Takafumi Akahoshi,29,Central Midfield,Pogon Szczecin,Free transfer,out,Summer,0,Premier Liga,2015,2015/2016
FK Ufa,Pavel Stepanets,28,Centre-Back,Fakel Voronezh,Free transfer,out,Summer,0,Premier Liga,2015,2015/2016
FK Ufa,Maksim Tishkin,25,Right-Back,Mordovia,Free transfer,out,Summer,0,Premier Liga,2015,2015/2016
FK Ufa,Felicio Brown Forbes,24,Centre-Forward,Rostov,Free transfer,out,Summer,0,Premier Liga,2015,2015/2016
FK Ufa,Kyriakos Panagiotou,19,Goalkeeper,Omon. Aradippou,Free transfer,out,Summer,0,Premier Liga,2015,2015/2016
FK Ufa,Nikita Bezlikhotnov,25,Right Winger,SKA-Energia,Loan,out,Summer,0,Premier Liga,2015,2015/2016
FK Ufa,Anton Kilin,24,Right Winger,KamAZ,Loan,out,Summer,0,Premier Liga,2015,2015/2016
FK Ufa,Aleksandr Vasiljev,23,Right Winger,Torpedo Armavir,Loan,out,Summer,0,Premier Liga,2015,2015/2016
FK Ufa,Dmitri Golubov,30,Centre-Forward,Tom Tomsk,Loan,out,Summer,0,Premier Liga,2015,2015/2016
FK Ufa,Emmanuel Frimpong,24,Defensive Midfield,Without Club,-,out,Summer,0,Premier Liga,2015,2015/2016
FK Ufa,Denis Tumasyan,30,Centre-Back,Ural,"End of loanJun 30, 2015",out,Summer,0,Premier Liga,2015,2015/2016
FK Ufa,Sergey Veremko,32,Goalkeeper,KS Samara,"End of loanJun 30, 2015",out,Summer,0,Premier Liga,2015,2015/2016
Ural Yekaterinburg,Yuri Zhevnov,34,Goalkeeper,Torpedo Moscow,Free transfer,in,Summer,0,Premier Liga,2015,2015/2016
Ural Yekaterinburg,Ivan Knyazev,22,Centre-Back,Torpedo Moscow,Free transfer,in,Summer,0,Premier Liga,2015,2015/2016
Ural Yekaterinburg,Denys Kulakov,29,Right-Back,Metalist,Free transfer,in,Summer,0,Premier Liga,2015,2015/2016
Ural Yekaterinburg,Dmytro Bilonog,20,Right Winger,Shakhtar II,Free transfer,in,Summer,0,Premier Liga,2015,2015/2016
Ural Yekaterinburg,Aleksandr Martynovich,27,Centre-Back,Krasnodar,Loan,in,Summer,0,Premier Liga,2015,2015/2016
Ural Yekaterinburg,Nikita Burmistrov,25,Right Winger,Krasnodar,Loan,in,Summer,0,Premier Liga,2015,2015/2016
Ural Yekaterinburg,Mikhail Merkulov,21,Left-Back,MITOS,?,in,Summer,NA,Premier Liga,2015,2015/2016
Ural Yekaterinburg,Carlos Strandberg,19,Centre-Forward,CSKA Moscow,Loan,in,Summer,0,Premier Liga,2015,2015/2016
Ural Yekaterinburg,Dominik Dinga,18,Centre-Back,Without Club,-,in,Summer,0,Premier Liga,2015,2015/2016
Ural Yekaterinburg,Adessoye Oyewole,32,Centre-Back,Gazovik Orenburg,"End of loanJun 30, 2015",in,Summer,0,Premier Liga,2015,2015/2016
Ural Yekaterinburg,Denis Tumasyan,30,Centre-Back,Ufa,"End of loanJun 30, 2015",in,Summer,0,Premier Liga,2015,2015/2016
Ural Yekaterinburg,Andrey Bochkov,33,Central Midfield,Tosno,"End of loanJun 30, 2015",in,Summer,0,Premier Liga,2015,2015/2016
Ural Yekaterinburg,Ivan Melnik,23,Defensive Midfield,Khimik,"End of loanJun 30, 2015",in,Summer,0,Premier Liga,2015,2015/2016
Ural Yekaterinburg,Andrey Gorbanets,29,Left Midfield,Tom Tomsk,"End of loanJun 30, 2015",in,Summer,0,Premier Liga,2015,2015/2016
Ural Yekaterinburg,Arsen Goshokov,24,Centre-Forward,Spartak Nalchik,"End of loanJun 30, 2015",in,Summer,0,Premier Liga,2015,2015/2016
Ural Yekaterinburg,Georgi Nurov,23,Right Winger,Baltika,"End of loanJun 30, 2015",in,Summer,0,Premier Liga,2015,2015/2016
Ural Yekaterinburg,Igor Lambarskiy,22,Attacking Midfield,Tyumen,"End of loanJun 30, 2015",in,Summer,0,Premier Liga,2015,2015/2016
Ural Yekaterinburg,Gerson Acevedo,28,Central Midfield,Kairat Almaty,Free transfer,out,Summer,0,Premier Liga,2015,2015/2016
Ural Yekaterinburg,Andrey Bochkov,33,Central Midfield,Tosno,Free transfer,out,Summer,0,Premier Liga,2015,2015/2016
Ural Yekaterinburg,Denis Tumasyan,30,Centre-Back,Ufa,Free transfer,out,Summer,0,Premier Liga,2015,2015/2016
Ural Yekaterinburg,Igor Kot,35,Goalkeeper,Arsenal Tula,Free transfer,out,Summer,0,Premier Liga,2015,2015/2016
Ural Yekaterinburg,Adessoye Oyewole,32,Centre-Back,Gazovik Orenburg,Free transfer,out,Summer,0,Premier Liga,2015,2015/2016
Ural Yekaterinburg,Arsen Goshokov,24,Centre-Forward,KamAZ,Free transfer,out,Summer,0,Premier Liga,2015,2015/2016
Ural Yekaterinburg,Georgi Nurov,23,Right Winger,Tom Tomsk,Loan,out,Summer,0,Premier Liga,2015,2015/2016
Ural Yekaterinburg,Ivan Chudin,25,Defensive Midfield,Tyumen,Loan,out,Summer,0,Premier Liga,2015,2015/2016
Ural Yekaterinburg,Mikhail Merkulov,21,Left-Back,Baikal,Loan,out,Summer,0,Premier Liga,2015,2015/2016
Ural Yekaterinburg,Ivan Melnik,23,Defensive Midfield,Retired,-,out,Summer,0,Premier Liga,2015,2015/2016
Ural Yekaterinburg,Semen Pomogaev,21,Central Midfield,Career break,-,out,Summer,0,Premier Liga,2015,2015/2016
Ural Yekaterinburg,Fedor Smolov,25,Centre-Forward,Dynamo Moscow,"End of loanJun 30, 2015",out,Summer,0,Premier Liga,2015,2015/2016
Ural Yekaterinburg,Nikolay Markov,30,Right-Back,Krasnodar,"End of loanJun 30, 2015",out,Summer,0,Premier Liga,2015,2015/2016
FK Rostov,Christian Noboa,30,Central Midfield,PAOK Salonika,£1.35m,in,Summer,1.35,Premier Liga,2015,2015/2016
FK Rostov,Denis Terentjev,22,Right-Back,Zenit 2 S-Pb,Free transfer,in,Summer,0,Premier Liga,2015,2015/2016
FK Rostov,César Navas,35,Centre-Back,Rubin Kazan,Free transfer,in,Summer,0,Premier Liga,2015,2015/2016
FK Rostov,Felicio Brown Forbes,24,Centre-Forward,Ufa,Free transfer,in,Summer,0,Premier Liga,2015,2015/2016
FK Rostov,Saeid Ezatolahi,18,Defensive Midfield,Atl. Madrid U19,Free transfer,in,Summer,0,Premier Liga,2015,2015/2016
FK Rostov,Sardar Azmoun,20,Centre-Forward,Rubin Kazan,Loan,in,Summer,0,Premier Liga,2015,2015/2016
FK Rostov,Boris Rotenberg,29,Right-Back,Dynamo Moscow,Loan,in,Summer,0,Premier Liga,2015,2015/2016
FK Rostov,Ruslan Abazov,22,Centre-Back,Fakel Voronezh,"End of loanAug 26, 2015",in,Summer,0,Premier Liga,2015,2015/2016
FK Rostov,Pavel Mogilevets,22,Central Midfield,Zenit S-Pb,Loan,in,Summer,0,Premier Liga,2015,2015/2016
FK Rostov,Igor Kireev,23,Right Midfield,Rostov II,-,in,Summer,0,Premier Liga,2015,2015/2016
FK Rostov,Andrey Vasiljev,23,Right-Back,Arsenal Tula,"End of loanJun 30, 2015",in,Summer,0,Premier Liga,2015,2015/2016
FK Rostov,Khoren Bayramyan,23,Left Midfield,Volgar,"End of loanJun 30, 2015",in,Summer,0,Premier Liga,2015,2015/2016
FK Rostov,Sergey Belousov,25,Attacking Midfield,Sokol Saratov,"End of loanJun 30, 2015",in,Summer,0,Premier Liga,2015,2015/2016
FK Rostov,Timofey Margasov,23,Right-Back,Sibir,"End of loanJun 30, 2015",in,Summer,0,Premier Liga,2015,2015/2016
FK Rostov,Ruslan Abazov,22,Centre-Back,Tyumen,"End of loanJun 30, 2015",in,Summer,0,Premier Liga,2015,2015/2016
FK Rostov,Nika Chkhapelia,21,Left Winger,Zenit Penza,"End of loanJun 30, 2015",in,Summer,0,Premier Liga,2015,2015/2016
FK Rostov,Azim Fatullaev,29,Defensive Midfield,Tosno,"End of loanJun 30, 2015",in,Summer,0,Premier Liga,2015,2015/2016
FK Rostov,Nika Chkhapelia,21,Left Winger,Baltika,Free transfer,out,Summer,0,Premier Liga,2015,2015/2016
FK Rostov,Vakhyt Orazsakhedov,23,Centre-Forward,FC Asgabat,Free transfer,out,Summer,0,Premier Liga,2015,2015/2016
FK Rostov,Sergey Belousov,25,Attacking Midfield,M. Lipetsk,Free transfer,out,Summer,0,Premier Liga,2015,2015/2016
FK Rostov,Siyanda Xulu,23,Centre-Back,Kaizer Chiefs,Free transfer,out,Summer,0,Premier Liga,2015,2015/2016
FK Rostov,Hrvoje Milic,26,Left-Back,Hajduk Split,Free transfer,out,Summer,0,Premier Liga,2015,2015/2016
FK Rostov,Vitali Djakov,26,Centre-Back,Dynamo Moscow,Free transfer,out,Summer,0,Premier Liga,2015,2015/2016
FK Rostov,Dmitri Torbinski,31,Central Midfield,Krasnodar,Free transfer,out,Summer,0,Premier Liga,2015,2015/2016
FK Rostov,Anton Amelchenko,30,Goalkeeper,Fakel Voronezh,Free transfer,out,Summer,0,Premier Liga,2015,2015/2016
FK Rostov,Aleksey Rebko,29,Central Midfield,Nika Moskau,Free transfer,out,Summer,0,Premier Liga,2015,2015/2016
FK Rostov,Andrey Vasiljev,23,Right-Back,Zenit 2 S-Pb,?,out,Summer,NA,Premier Liga,2015,2015/2016
FK Rostov,Ruslan Abazov,22,Centre-Back,Tyumen,Loan,out,Summer,0,Premier Liga,2015,2015/2016
FK Rostov,Mihail Platica,25,Defensive Midfield,Shinnik,?,out,Summer,NA,Premier Liga,2015,2015/2016
FK Rostov,Azim Fatullaev,29,Defensive Midfield,Enisey,?,out,Summer,NA,Premier Liga,2015,2015/2016
FK Rostov,Ruslan Abazov,22,Centre-Back,Fakel Voronezh,Loan,out,Summer,0,Premier Liga,2015,2015/2016
FK Rostov,Igor Lolo,32,Right-Back,Without Club,-,out,Summer,0,Premier Liga,2015,2015/2016
FK Rostov,Stipe Pletikosa,36,Goalkeeper,Without Club,-,out,Summer,0,Premier Liga,2015,2015/2016
FK Rostov,Edgaras Cesnauskis,31,Left Winger,Retired,-,out,Summer,0,Premier Liga,2015,2015/2016
FK Rostov,Maksim Bordachev,29,Left-Back,Tom Tomsk,"End of loanJun 30, 2015",out,Summer,0,Premier Liga,2015,2015/2016
FK Rostov,Maksim Grigorjev,24,Right Winger,Loko Moscow,"End of loanJun 30, 2015",out,Summer,0,Premier Liga,2015,2015/2016
FK Rostov,Artem Dzyuba,26,Centre-Forward,Spartak Moscow,"End of loanJun 30, 2015",out,Summer,0,Premier Liga,2015,2015/2016
FK Rostov,Vladimir Granat,28,Centre-Back,Dynamo Moscow,"End of loanJun 30, 2015",out,Summer,0,Premier Liga,2015,2015/2016
FK Rostov,Sardar Azmoun,20,Centre-Forward,Rubin Kazan,"End of loanJun 30, 2015",out,Summer,0,Premier Liga,2015,2015/2016
Krylya Sovetov Samara,Yohan Mollo,26,Left Winger,Saint-Étienne,Loan,in,Summer,0,Premier Liga,2015,2015/2016
Krylya Sovetov Samara,Berat Sadik,28,Centre-Forward,FC Thun,Free transfer,in,Summer,0,Premier Liga,2015,2015/2016
Krylya Sovetov Samara,Giorgi Loria,29,Goalkeeper,Olympiacos,Free transfer,in,Summer,0,Premier Liga,2015,2015/2016
Krylya Sovetov Samara,Milan Rodic,24,Left-Back,Zenit S-Pb,Free transfer,in,Summer,0,Premier Liga,2015,2015/2016
Krylya Sovetov Samara,Pavel Yakovlev,24,Left Winger,Spartak Moscow,Loan,in,Summer,0,Premier Liga,2015,2015/2016
Krylya Sovetov Samara,Sheldon Bateau,24,Centre-Back,KV Mechelen,Loan,in,Summer,0,Premier Liga,2015,2015/2016
Krylya Sovetov Samara,Aleksey Pomerko,25,Central Midfield,Krasnodar,?,in,Summer,NA,Premier Liga,2015,2015/2016
Krylya Sovetov Samara,Junior Ahissan,18,Right Winger,Ivoire Academie,?,in,Summer,NA,Premier Liga,2015,2015/2016
Krylya Sovetov Samara,Miroslav Lobantsev,20,Goalkeeper,Loko Moscow,Loan,in,Summer,0,Premier Liga,2015,2015/2016
Krylya Sovetov Samara,Nicolás Canales,30,Centre-Forward,Without Club,-,in,Summer,0,Premier Liga,2015,2015/2016
Krylya Sovetov Samara,Sergey Veremko,32,Goalkeeper,Ufa,"End of loanJun 30, 2015",in,Summer,0,Premier Liga,2015,2015/2016
Krylya Sovetov Samara,Jan Mucha,32,Goalkeeper,Arsenal Tula,"End of loanJun 30, 2015",in,Summer,0,Premier Liga,2015,2015/2016
Krylya Sovetov Samara,Artem Deljkin,24,Centre-Forward,Tyumen,"End of loanJun 30, 2015",in,Summer,0,Premier Liga,2015,2015/2016
Krylya Sovetov Samara,Sergey Sipatov,22,Centre-Forward,Sp. Dzhankoy,Free transfer,out,Summer,0,Premier Liga,2015,2015/2016
Krylya Sovetov Samara,Denis Tkachuk,25,Left Midfield,Zenit S-Pb,Free transfer,out,Summer,0,Premier Liga,2015,2015/2016
Krylya Sovetov Samara,Artem Deljkin,24,Centre-Forward,Gazovik Orenburg,Free transfer,out,Summer,0,Premier Liga,2015,2015/2016
Krylya Sovetov Samara,Denis Vavilin,33,Goalkeeper,Volga NN,Free transfer,out,Summer,0,Premier Liga,2015,2015/2016
Krylya Sovetov Samara,Jan Mucha,32,Goalkeeper,Slo. Bratislava,Free transfer,out,Summer,0,Premier Liga,2015,2015/2016
Krylya Sovetov Samara,Sergey Veremko,32,Goalkeeper,APO Levadiakos,Free transfer,out,Summer,0,Premier Liga,2015,2015/2016
Krylya Sovetov Samara,Bruno Teles,29,Left-Back,Vasco da Gama,Free transfer,out,Summer,0,Premier Liga,2015,2015/2016
Krylya Sovetov Samara,Aleksandr Eliseev,23,Right Midfield,Volgar,Loan,out,Summer,0,Premier Liga,2015,2015/2016
Krylya Sovetov Samara,Sergey Obivalin,20,Centre-Back,Lada Togliatti,Loan,out,Summer,0,Premier Liga,2015,2015/2016
Krylya Sovetov Samara,Maksim Palienko,20,Attacking Midfield,Zenit 2 S-Pb,Loan,out,Summer,0,Premier Liga,2015,2015/2016
Krylya Sovetov Samara,Emin Makhmudov,23,Central Midfield,Mordovia,Loan,out,Summer,0,Premier Liga,2015,2015/2016
Krylya Sovetov Samara,Vitali Shilnikov,17,Goalkeeper,KS Samara II,-,out,Summer,0,Premier Liga,2015,2015/2016
Krylya Sovetov Samara,Aleksey Pomerko,25,Central Midfield,Krasnodar,"End of loanJun 30, 2015",out,Summer,0,Premier Liga,2015,2015/2016
Krylya Sovetov Samara,Evgeni Kobozev,25,Goalkeeper,Terek Grozny,"End of loanJun 30, 2015",out,Summer,0,Premier Liga,2015,2015/2016
Anzhi Makhachkala,Ivan Maevskiy,27,Defensive Midfield,Zawisza,£225Th.,in,Summer,0.225,Premier Liga,2015,2015/2016
Anzhi Makhachkala,Darko Lazic,20,Centre-Back,Red Star,£135Th.,in,Summer,0.135,Premier Liga,2015,2015/2016
Anzhi Makhachkala,Karlen Mkrtchyan,26,Defensive Midfield,Tobol Kostanay,Free transfer,in,Summer,0,Premier Liga,2015,2015/2016
Anzhi Makhachkala,Aleksandr Zhirov,24,Centre-Back,Volgar,Free transfer,in,Summer,0,Premier Liga,2015,2015/2016
Anzhi Makhachkala,Hugo Almeida,31,Centre-Forward,Kuban Krasnodar,Free transfer,in,Summer,0,Premier Liga,2015,2015/2016
Anzhi Makhachkala,Lorenzo Ebecilio,23,Attacking Midfield,Metallurg D.,Free transfer,in,Summer,0,Premier Liga,2015,2015/2016
Anzhi Makhachkala,Batraz Khadartsev,22,Left Midfield,Tosno,Free transfer,in,Summer,0,Premier Liga,2015,2015/2016
Anzhi Makhachkala,Georgi Tigiev,20,Left-Back,Torpedo Moscow,Free transfer,in,Summer,0,Premier Liga,2015,2015/2016
Anzhi Makhachkala,Lukman Haruna,24,Central Midfield,Dynamo Kyiv,Loan,in,Summer,0,Premier Liga,2015,2015/2016
Anzhi Makhachkala,Sergey Pesjakov,26,Goalkeeper,Spartak Moscow,Loan,in,Summer,0,Premier Liga,2015,2015/2016
Anzhi Makhachkala,Shamil Gasanov,21,Centre-Back,Anzhi 2,-,in,Summer,0,Premier Liga,2015,2015/2016
Anzhi Makhachkala,Magomed Musalov,21,Right-Back,Anzhi 2,-,in,Summer,0,Premier Liga,2015,2015/2016
Anzhi Makhachkala,Mekhti Dzhenetov,23,Goalkeeper,Anzhi 2,-,in,Summer,0,Premier Liga,2015,2015/2016
Anzhi Makhachkala,Evgeniy Pomazan,26,Goalkeeper,Kuban Krasnodar,"End of loanJun 30, 2015",in,Summer,0,Premier Liga,2015,2015/2016
Anzhi Makhachkala,Andrey Eshchenko,31,Right-Back,Kuban Krasnodar,"End of loanJun 30, 2015",in,Summer,0,Premier Liga,2015,2015/2016
Anzhi Makhachkala,Valeri Kichin,22,Left-Back,Tyumen,"End of loanJun 30, 2015",in,Summer,0,Premier Liga,2015,2015/2016
Anzhi Makhachkala,Ewerton,26,Centre-Back,Sporting CP,"End of loanJun 30, 2015",in,Summer,0,Premier Liga,2015,2015/2016
Anzhi Makhachkala,Ewerton,26,Centre-Back,Sporting CP,£1.35m,out,Summer,1.35,Premier Liga,2015,2015/2016
Anzhi Makhachkala,Sergey Miroshnichenko,32,Centre-Back,Torpedo Armavir,Free transfer,out,Summer,0,Premier Liga,2015,2015/2016
Anzhi Makhachkala,Maksim Andreev,27,Attacking Midfield,Sokol Saratov,Free transfer,out,Summer,0,Premier Liga,2015,2015/2016
Anzhi Makhachkala,Mikhail Kerzhakov,28,Goalkeeper,Zenit S-Pb,Free transfer,out,Summer,0,Premier Liga,2015,2015/2016
Anzhi Makhachkala,Dmitri Aydov,33,Centre-Back,Arsenal Tula,Free transfer,out,Summer,0,Premier Liga,2015,2015/2016
Anzhi Makhachkala,Valeri Kichin,22,Left-Back,Tyumen,Free transfer,out,Summer,0,Premier Liga,2015,2015/2016
Anzhi Makhachkala,Roman Kontsedalov,29,Central Midfield,Energomash,Free transfer,out,Summer,0,Premier Liga,2015,2015/2016
Anzhi Makhachkala,Aleksey Aravin,28,Right-Back,Tosno,?,out,Summer,NA,Premier Liga,2015,2015/2016
Anzhi Makhachkala,Mikhail Komkov,30,Right Midfield,Tosno,?,out,Summer,NA,Premier Liga,2015,2015/2016
Anzhi Makhachkala,Grigori Chirkin,29,Defensive Midfield,Tosno,?,out,Summer,NA,Premier Liga,2015,2015/2016
Anzhi Makhachkala,Murad Qurbanov,23,Right-Back,Khimik,Loan,out,Summer,0,Premier Liga,2015,2015/2016
Anzhi Makhachkala,Valeri Chuperka,23,Central Midfield,Tom Tomsk,Loan,out,Summer,0,Premier Liga,2015,2015/2016
Anzhi Makhachkala,Aleksandr Krivoruchko,30,Goalkeeper,Tom Tomsk,Loan,out,Summer,0,Premier Liga,2015,2015/2016
Anzhi Makhachkala,Shamil Asildarov,32,Centre-Forward,Without Club,-,out,Summer,0,Premier Liga,2015,2015/2016
Anzhi Makhachkala,Sharif Mukhammad,25,Centre-Back,Career break,-,out,Summer,0,Premier Liga,2015,2015/2016
Anzhi Makhachkala,Magomed Mitrishev,22,Right Winger,Terek Grozny,"End of loanJun 30, 2015",out,Summer,0,Premier Liga,2015,2015/2016
Anzhi Makhachkala,Petr Ten,22,Left-Back,CSKA Moscow II,"End of loanJun 30, 2015",out,Summer,0,Premier Liga,2015,2015/2016
Zenit St. Petersburg,Aleksandr Kokorin,24,Centre-Forward,Dynamo Moscow,£1.80m,in,Winter,1.8,Premier Liga,2015,2015/2016
Zenit St. Petersburg,Vukasin Jovanovic,19,Centre-Back,Red Star,£1.80m,in,Winter,1.8,Premier Liga,2015,2015/2016
Zenit St. Petersburg,Yuri Zhirkov,32,Left-Back,Dynamo Moscow,£576Th.,in,Winter,0.576,Premier Liga,2015,2015/2016
Zenit St. Petersburg,Maurício,27,Defensive Midfield,Terek Grozny,Free transfer,in,Winter,0,Premier Liga,2015,2015/2016
Zenit St. Petersburg,Aleksandr Kerzhakov,33,Centre-Forward,FC Zürich,Loan,out,Winter,0,Premier Liga,2015,2015/2016
Zenit St. Petersburg,Denis Tkachuk,26,Left Midfield,Rubin Kazan,?,out,Winter,NA,Premier Liga,2015,2015/2016
Zenit St. Petersburg,Aleksandr Ryazantsev,29,Central Midfield,Ural,Loan,out,Winter,0,Premier Liga,2015,2015/2016
CSKA Moscow,Sergey Tkachev,26,Attacking Midfield,Kuban Krasnodar,Free transfer,in,Winter,0,Premier Liga,2015,2015/2016
CSKA Moscow,Roman Shirokov,34,Central Midfield,Spartak Moscow,Free transfer,in,Winter,0,Premier Liga,2015,2015/2016
CSKA Moscow,Aaron Olanare,21,Centre-Forward,GZ R&F,Loan,in,Winter,0,Premier Liga,2015,2015/2016
CSKA Moscow,Carlos Strandberg,19,Centre-Forward,Ural,"End of loanDec 31, 2015",in,Winter,0,Premier Liga,2015,2015/2016
CSKA Moscow,Georgi Milanov,23,Attacking Midfield,Grasshoppers,Loan,out,Winter,0,Premier Liga,2015,2015/2016
CSKA Moscow,Carlos Strandberg,19,Centre-Forward,AIK,Loan,out,Winter,0,Premier Liga,2015,2015/2016
CSKA Moscow,Seydou Doumbia,28,Centre-Forward,AS Roma,"End of loanDec 31, 2015",out,Winter,0,Premier Liga,2015,2015/2016
FK Krasnodar,Vyacheslav Podberezkin,23,Attacking Midfield,Ural,Free transfer,in,Winter,0,Premier Liga,2015,2015/2016
FK Krasnodar,Stanislav Kritsyuk,25,Goalkeeper,Braga,Loan,in,Winter,0,Premier Liga,2015,2015/2016
FK Krasnodar,Anton Kochenkov,28,Goalkeeper,Loko Moscow,Loan,in,Winter,0,Premier Liga,2015,2015/2016
FK Krasnodar,Artur Jedrzejczyk,28,Centre-Back,Legia Warszawa,Loan,out,Winter,0,Premier Liga,2015,2015/2016
FK Krasnodar,Anton Kochenkov,28,Goalkeeper,Loko Moscow,"End of loanDec 31, 2015",out,Winter,0,Premier Liga,2015,2015/2016
Dynamo Moscow,Fatos Beqiraj,27,Centre-Forward,Dinamo Minsk,£450Th.,in,Winter,0.45,Premier Liga,2015,2015/2016
Dynamo Moscow,Sebastian Holmén,23,Centre-Back,Elfsborg,£450Th.,in,Winter,0.45,Premier Liga,2015,2015/2016
Dynamo Moscow,Stanislav Dragun,27,Central Midfield,KS Samara,Free transfer,in,Winter,0,Premier Liga,2015,2015/2016
Dynamo Moscow,Andrey Eshchenko,31,Right-Back,Anzhi,Loan,in,Winter,0,Premier Liga,2015,2015/2016
Dynamo Moscow,Aleksandr Kokorin,24,Centre-Forward,Zenit S-Pb,£1.80m,out,Winter,1.8,Premier Liga,2015,2015/2016
Dynamo Moscow,Yuri Zhirkov,32,Left-Back,Zenit S-Pb,£576Th.,out,Winter,0.576,Premier Liga,2015,2015/2016
Dynamo Moscow,Alexander Büttner,26,Left-Back,RSC Anderlecht,Loan fee:£450Th.,out,Winter,0.45,Premier Liga,2015,2015/2016
Rubin Kazan,Emil Bergström,22,Centre-Back,Djurgarden,£990Th.,in,Winter,0.99,Premier Liga,2015,2015/2016
Rubin Kazan,Mijo Caktas,23,Attacking Midfield,Hajduk Split,£900Th.,in,Winter,0.9,Premier Liga,2015,2015/2016
Rubin Kazan,Mauricio Lemos,20,Centre-Back,Defensor,£360Th.,in,Winter,0.36,Premier Liga,2015,2015/2016
Rubin Kazan,Denis Tkachuk,26,Left Midfield,Zenit S-Pb,?,in,Winter,NA,Premier Liga,2015,2015/2016
Rubin Kazan,Andriy Pylyavskyi,27,Centre-Back,Zorya Lugansk,?,in,Winter,NA,Premier Liga,2015,2015/2016
Rubin Kazan,Alireza Haghighi,27,Goalkeeper,Marítimo,Free transfer,out,Winter,0,Premier Liga,2015,2015/2016
Rubin Kazan,Albert Sharipov,22,Central Midfield,Tom Tomsk,Loan,out,Winter,0,Premier Liga,2015,2015/2016
Rubin Kazan,Mauricio Lemos,20,Centre-Back,UD Las Palmas,Loan,out,Winter,0,Premier Liga,2015,2015/2016
Rubin Kazan,Inal Getigezhev,28,Left-Back,Gazovik Orenburg,Loan,out,Winter,0,Premier Liga,2015,2015/2016
Rubin Kazan,Aleksandr Filtsov,25,Goalkeeper,Arsenal Tula,Loan,out,Winter,0,Premier Liga,2015,2015/2016
Rubin Kazan,Mauricio Lemos,20,Centre-Back,Defensor,"End of loanDec 31, 2015",out,Winter,0,Premier Liga,2015,2015/2016
Rubin Kazan,Ramil Sheydaev,19,Centre-Forward,Zenit 2 S-Pb,"End of loanDec 31, 2015",out,Winter,0,Premier Liga,2015,2015/2016
Spartak Moscow,Lorenzo Melgarejo,25,Left Winger,Kuban Krasnodar,£4.05m,in,Winter,4.05,Premier Liga,2015,2015/2016
Spartak Moscow,Tino Costa,31,Central Midfield,Genoa,"End of loanJan 20, 2016",in,Winter,0,Premier Liga,2015,2015/2016
Spartak Moscow,Ilya Kutepov,22,Centre-Back,Spartak 2,-,in,Winter,0,Premier Liga,2015,2015/2016
Spartak Moscow,Aleksandr Zuev,19,Left Winger,Spartak 2,-,in,Winter,0,Premier Liga,2015,2015/2016
Spartak Moscow,Sergey Pesjakov,27,Goalkeeper,Anzhi,"End of loanDec 31, 2015",in,Winter,0,Premier Liga,2015,2015/2016
Spartak Moscow,Serdar Tasci,28,Centre-Back,Bayern Munich,Loan fee:£2.25m,out,Winter,2.25,Premier Liga,2015,2015/2016
Spartak Moscow,Aras Özbiliz,25,Right Winger,Besiktas,£1.17m,out,Winter,1.17,Premier Liga,2015,2015/2016
Spartak Moscow,Tino Costa,31,Central Midfield,Fiorentina,Loan fee:£450Th.,out,Winter,0.45,Premier Liga,2015,2015/2016
Spartak Moscow,Anton Mitryushkin,19,Goalkeeper,FC Sion,£342Th.,out,Winter,0.342,Premier Liga,2015,2015/2016
Spartak Moscow,Roman Shirokov,34,Central Midfield,CSKA Moscow,Free transfer,out,Winter,0,Premier Liga,2015,2015/2016
Spartak Moscow,Yura Movsisyan,28,Centre-Forward,Salt Lake,Loan,out,Winter,0,Premier Liga,2015,2015/2016
Spartak Moscow,Denis Davydov,20,Centre-Forward,Mladá Boleslav,Loan,out,Winter,0,Premier Liga,2015,2015/2016
Lokomotiv Moscow,Ezekiel Henty,22,Centre-Forward,NK Olimpija,£4.50m,in,Winter,4.5,Premier Liga,2015,2015/2016
Lokomotiv Moscow,Vladislav Ignatjev,28,Right-Back,Kuban Krasnodar,Free transfer,in,Winter,0,Premier Liga,2015,2015/2016
Lokomotiv Moscow,Dmitri Sychev,32,Centre-Forward,Okzhetpes,"End of loanDec 31, 2015",in,Winter,0,Premier Liga,2015,2015/2016
Lokomotiv Moscow,Anton Kochenkov,28,Goalkeeper,Krasnodar,"End of loanDec 31, 2015",in,Winter,0,Premier Liga,2015,2015/2016
Lokomotiv Moscow,Oumar Niasse,25,Centre-Forward,Everton,£16.11m,out,Winter,16.11,Premier Liga,2015,2015/2016
Lokomotiv Moscow,Moubarak Boussoufa,31,Attacking Midfield,KAA Gent,Loan,out,Winter,0,Premier Liga,2015,2015/2016
Lokomotiv Moscow,Anton Kochenkov,28,Goalkeeper,Krasnodar,Loan,out,Winter,0,Premier Liga,2015,2015/2016
Lokomotiv Moscow,Dmitri Sychev,32,Centre-Forward,Career break,-,out,Winter,0,Premier Liga,2015,2015/2016
Mordovia Saransk,Mitchell Donald,27,Central Midfield,Red Star,"End of loanJan 27, 2016",in,Winter,0,Premier Liga,2015,2015/2016
Mordovia Saransk,Mikhail Markin,22,Centre-Forward,Tyumen,"End of loanDec 31, 2015",in,Winter,0,Premier Liga,2015,2015/2016
Mordovia Saransk,Damien Le Tallec,25,Defensive Midfield,Red Star,£225Th.,out,Winter,0.225,Premier Liga,2015,2015/2016
Mordovia Saransk,Mitchell Donald,27,Central Midfield,Red Star,£180Th.,out,Winter,0.18,Premier Liga,2015,2015/2016
Mordovia Saransk,Dmitri Sysuev,28,Left Winger,Ufa,?,out,Winter,NA,Premier Liga,2015,2015/2016
Mordovia Saransk,Yannick Djaló,29,Left Winger,Benfica,"End of loanDec 31, 2015",out,Winter,0,Premier Liga,2015,2015/2016
Terek Grozny,Zaurbek Pliev,24,Left-Back,Kairat Almaty,£342Th.,in,Winter,0.342,Premier Liga,2015,2015/2016
Terek Grozny,Milad Mohammadi,22,Left-Back,Rah Ahan,£270Th.,in,Winter,0.27,Premier Liga,2015,2015/2016
Terek Grozny,Pedro Ken,28,Defensive Midfield,Cruzeiro,Free transfer,in,Winter,0,Premier Liga,2015,2015/2016
Terek Grozny,Luke Wilkshire,34,Right-Back,Without Club,-,in,Winter,0,Premier Liga,2015,2015/2016
Terek Grozny,Juhani Ojala,26,Centre-Back,HJK Helsinki,"End of loanDec 31, 2015",in,Winter,0,Premier Liga,2015,2015/2016
Terek Grozny,Fedor Kudryashov,28,Left-Back,Rostov,£1.80m,out,Winter,1.8,Premier Liga,2015,2015/2016
Terek Grozny,Maurício,27,Defensive Midfield,Zenit S-Pb,Free transfer,out,Winter,0,Premier Liga,2015,2015/2016
Terek Grozny,Adlan Katsaev,27,Attacking Midfield,SKA-Energia,Loan,out,Winter,0,Premier Liga,2015,2015/2016
Kuban Krasnodar,Igor Zhurakhovskyi,21,Defensive Midfield,Metalurg Z.,Free transfer,in,Winter,0,Premier Liga,2015,2015/2016
Kuban Krasnodar,Felipe Santana,29,Centre-Back,FC Schalke 04,Free transfer,in,Winter,0,Premier Liga,2015,2015/2016
Kuban Krasnodar,Roman Kontsedalov,29,Central Midfield,Energomash,Free transfer,in,Winter,0,Premier Liga,2015,2015/2016
Kuban Krasnodar,Dimitri Stajila,24,Goalkeeper,Sheriff,Free transfer,in,Winter,0,Premier Liga,2015,2015/2016
Kuban Krasnodar,Georgi Zotov,26,Right-Back,Anzhi,Free transfer,in,Winter,0,Premier Liga,2015,2015/2016
Kuban Krasnodar,Yevgen Seleznyov,30,Centre-Forward,Dnipro,Free transfer,in,Winter,0,Premier Liga,2015,2015/2016
Kuban Krasnodar,Apodi,29,Right-Back,Chapecoense,?,in,Winter,NA,Premier Liga,2015,2015/2016
Kuban Krasnodar,Maksim Mayrovich,19,Centre-Forward,Kuban II,-,in,Winter,0,Premier Liga,2015,2015/2016
Kuban Krasnodar,Gonzalo Bueno,22,Left Winger,União Madeira,"End of loanDec 10, 2015",in,Winter,0,Premier Liga,2015,2015/2016
Kuban Krasnodar,Lorenzo Melgarejo,25,Left Winger,Spartak Moscow,£4.05m,out,Winter,4.05,Premier Liga,2015,2015/2016
Kuban Krasnodar,Sergey Tkachev,26,Attacking Midfield,CSKA Moscow,Free transfer,out,Winter,0,Premier Liga,2015,2015/2016
Kuban Krasnodar,Vladislav Ignatjev,28,Right-Back,Loko Moscow,Free transfer,out,Winter,0,Premier Liga,2015,2015/2016
Kuban Krasnodar,Andrey Arshavin,34,Second Striker,Kairat Almaty,Free transfer,out,Winter,0,Premier Liga,2015,2015/2016
Kuban Krasnodar,Gonzalo Bueno,22,Left Winger,Patriotas,?,out,Winter,NA,Premier Liga,2015,2015/2016
Kuban Krasnodar,Artur Tlisov,33,Central Midfield,Retired,-,out,Winter,0,Premier Liga,2015,2015/2016
Amkar Perm,Roland Gigolaev,25,Left Midfield,Ruch Chorzow,Free transfer,in,Winter,0,Premier Liga,2015,2015/2016
Amkar Perm,Oleg Mishchenko,26,Right Winger,Vorskla,Free transfer,in,Winter,0,Premier Liga,2015,2015/2016
Amkar Perm,David Dzakhov,27,Central Midfield,Without Club,-,in,Winter,0,Premier Liga,2015,2015/2016
Amkar Perm,Bright Dike,29,Centre-Forward,Without Club,-,in,Winter,0,Premier Liga,2015,2015/2016
Amkar Perm,Izunna Uzochukwu,25,Defensive Midfield,Odense BK,£630Th.,out,Winter,0.63,Premier Liga,2015,2015/2016
Amkar Perm,Robert Arzumanyan,30,Centre-Back,Shakhter K.,Loan,out,Winter,0,Premier Liga,2015,2015/2016
FK Ufa,Giorgi Shelia,27,Goalkeeper,Enisey,£54Th.,in,Winter,0.054,Premier Liga,2015,2015/2016
FK Ufa,Vladimir Zubarev,22,Defensive Midfield,Spartak 2,Free transfer,in,Winter,0,Premier Liga,2015,2015/2016
FK Ufa,Dmitri Sysuev,28,Left Winger,Mordovia,?,in,Winter,NA,Premier Liga,2015,2015/2016
FK Ufa,Aleksandr Filin,19,Centre-Back,Shakhtar 3,-,in,Winter,0,Premier Liga,2015,2015/2016
FK Ufa,Igor Bezdenezhnykh,19,Central Midfield,Ufa II,-,in,Winter,0,Premier Liga,2015,2015/2016
FK Ufa,Dmitri Golubov,30,Centre-Forward,Tom Tomsk,"End of loanFeb 25, 2016",in,Winter,0,Premier Liga,2015,2015/2016
FK Ufa,Dmitri Verkhovtsov,29,Centre-Back,Korona Kielce,Free transfer,out,Winter,0,Premier Liga,2015,2015/2016
FK Ufa,Vagiz Galiulin,28,Right Midfield,Tosno,Free transfer,out,Winter,0,Premier Liga,2015,2015/2016
FK Ufa,Igor Shevchenko,30,Right Winger,Arsenal Tula,Free transfer,out,Winter,0,Premier Liga,2015,2015/2016
FK Ufa,David Yurchenko,29,Goalkeeper,Anzhi,Loan,out,Winter,0,Premier Liga,2015,2015/2016
FK Ufa,Maksim Semakin,32,Central Midfield,Luch Vladivostok,Loan,out,Winter,0,Premier Liga,2015,2015/2016
FK Ufa,Dmitri Golubov,30,Centre-Forward,Without Club,-,out,Winter,0,Premier Liga,2015,2015/2016
Ural Yekaterinburg,Dmitri Korobov,21,Attacking Midfield,Fakel Voronezh,?,in,Winter,NA,Premier Liga,2015,2015/2016
Ural Yekaterinburg,Aleksandr Ryazantsev,29,Central Midfield,Zenit S-Pb,Loan,in,Winter,0,Premier Liga,2015,2015/2016
Ural Yekaterinburg,Sergey Serchenkov,19,Right Winger,Ural II,-,in,Winter,0,Premier Liga,2015,2015/2016
Ural Yekaterinburg,Mikhail Merkulov,21,Left-Back,Baikal,"End of loanDec 31, 2015",in,Winter,0,Premier Liga,2015,2015/2016
Ural Yekaterinburg,Vyacheslav Podberezkin,23,Attacking Midfield,Krasnodar,Free transfer,out,Winter,0,Premier Liga,2015,2015/2016
Ural Yekaterinburg,Aleksandr Belozerov,34,Centre-Back,Lada Togliatti,Free transfer,out,Winter,0,Premier Liga,2015,2015/2016
Ural Yekaterinburg,Andrey Gorbanets,30,Left Midfield,Arsenal Tula,Free transfer,out,Winter,0,Premier Liga,2015,2015/2016
Ural Yekaterinburg,Aleksandr Erokhin,26,Attacking Midfield,Rostov,Free transfer,out,Winter,0,Premier Liga,2015,2015/2016
Ural Yekaterinburg,Igor Lambarskiy,23,Attacking Midfield,Volga-Olimpiets,Free transfer,out,Winter,0,Premier Liga,2015,2015/2016
Ural Yekaterinburg,Denis Fomin,19,Centre-Back,Tekstilshchik,Loan,out,Winter,0,Premier Liga,2015,2015/2016
Ural Yekaterinburg,Ivan Knyazev,23,Centre-Back,Riga,Loan,out,Winter,0,Premier Liga,2015,2015/2016
Ural Yekaterinburg,Carlos Strandberg,19,Centre-Forward,CSKA Moscow,"End of loanDec 31, 2015",out,Winter,0,Premier Liga,2015,2015/2016
FK Rostov,Fedor Kudryashov,28,Left-Back,Terek Grozny,£1.80m,in,Winter,1.8,Premier Liga,2015,2015/2016
FK Rostov,Nika Kacharava,21,Centre-Forward,Tskhinvali,£270Th.,in,Winter,0.27,Premier Liga,2015,2015/2016
FK Rostov,Aleksandr Erokhin,26,Attacking Midfield,Ural,Free transfer,in,Winter,0,Premier Liga,2015,2015/2016
FK Rostov,Nikita Medvedev,21,Goalkeeper,Zenit Izhevsk,Free transfer,in,Winter,0,Premier Liga,2015,2015/2016
FK Rostov,Stas Pokatilov,23,Goalkeeper,Aktobe,?,in,Winter,NA,Premier Liga,2015,2015/2016
FK Rostov,Felicio Brown Forbes,24,Centre-Forward,Arsenal Tula,Free transfer,out,Winter,0,Premier Liga,2015,2015/2016
Krylya Sovetov Samara,Gianni Bruno,24,Centre-Forward,Évian,Loan,in,Winter,0,Premier Liga,2015,2015/2016
Krylya Sovetov Samara,Vitali Kalenkovich,22,Right Midfield,Baltika,Free transfer,in,Winter,0,Premier Liga,2015,2015/2016
Krylya Sovetov Samara,Stanislav Dragun,27,Central Midfield,Dynamo Moscow,Free transfer,out,Winter,0,Premier Liga,2015,2015/2016
Krylya Sovetov Samara,Nicolás Canales,30,Centre-Forward,Neftchi Baku,Free transfer,out,Winter,0,Premier Liga,2015,2015/2016
Krylya Sovetov Samara,Igor Gorbatenko,26,Attacking Midfield,Arsenal Tula,Loan,out,Winter,0,Premier Liga,2015,2015/2016
Anzhi Makhachkala,Bernard Berisha,24,Left Winger,KF Skënderbeu,£225Th.,in,Winter,0.225,Premier Liga,2015,2015/2016
Anzhi Makhachkala,Jonathan Mensah,25,Centre-Back,Évian,£180Th.,in,Winter,0.18,Premier Liga,2015,2015/2016
Anzhi Makhachkala,David Yurchenko,29,Goalkeeper,Ufa,Loan,in,Winter,0,Premier Liga,2015,2015/2016
Anzhi Makhachkala,Hugo Almeida,31,Centre-Forward,Hannover 96,Free transfer,out,Winter,0,Premier Liga,2015,2015/2016
Anzhi Makhachkala,Serder Serderov,21,Left Winger,Slavia Sofia,Free transfer,out,Winter,0,Premier Liga,2015,2015/2016
Anzhi Makhachkala,Georgi Zotov,26,Right-Back,Kuban Krasnodar,Free transfer,out,Winter,0,Premier Liga,2015,2015/2016
Anzhi Makhachkala,Andrey Eshchenko,31,Right-Back,Dynamo Moscow,Loan,out,Winter,0,Premier Liga,2015,2015/2016
Anzhi Makhachkala,Leonardo,23,Left Winger,Without Club,-,out,Winter,0,Premier Liga,2015,2015/2016
Anzhi Makhachkala,Rasim Tagirbekov,31,Centre-Back,Retired,-,out,Winter,0,Premier Liga,2015,2015/2016
Anzhi Makhachkala,Kamil Agalarov,27,Defensive Midfield,Career break,-,out,Winter,0,Premier Liga,2015,2015/2016
Anzhi Makhachkala,Lukman Haruna,25,Central Midfield,Dynamo Kyiv,"End of loanDec 31, 2015",out,Winter,0,Premier Liga,2015,2015/2016
Anzhi Makhachkala,Sergey Pesjakov,27,Goalkeeper,Spartak Moscow,"End of loanDec 31, 2015",out,Winter,0,Premier Liga,2015,2015/2016
