club_name,player_name,age,position,club_involved_name,fee,transfer_movement,transfer_period,fee_cleaned,league_name,year,season
1. FC Köln,Ion Vladoiu,27,Right Winger,Steaua Bukarest,£675Th.,in,Summer,0.675,1 Bundesliga,1996,1996/1997
1. FC Köln,Bodo Schmidt,28,Centre-Back,Bor. Dortmund,£360Th.,in,Summer,0.36,1 Bundesliga,1996,1996/1997
1. FC Köln,Michael Kostner,27,Sweeper,FC 08 Homburg,£225Th.,in,Summer,0.225,1 Bundesliga,1996,1996/1997
1. FC Köln,Dieter Schönberger,23,Defensive Midfield,SV Lohhof,Free transfer,in,Summer,0,1 Bundesliga,1996,1996/1997
1. FC Köln,Antonio Ananiev,31,Goalkeeper,Energie Cottbus,?,in,Summer,NA,1 Bundesliga,1996,1996/1997
1. FC Köln,Uwe Scherr,29,Right Midfield,FC Schalke 04,?,in,Summer,NA,1 Bundesliga,1996,1996/1997
1. FC Köln,Daniel Eschbach,22,Goalkeeper,1.FC Köln II,-,in,Summer,0,1 Bundesliga,1996,1996/1997
1. FC Köln,Bodo Illgner,29,Goalkeeper,Real Madrid,£1.80m,out,Summer,1.8,1 Bundesliga,1996,1996/1997
1. FC Köln,Dietmar Beiersdorfer,32,Centre-Back,Reggiana,£315Th.,out,Summer,0.315,1 Bundesliga,1996,1996/1997
1. FC Köln,Bjarne Goldbaek,27,Central Midfield,FC Copenhagen,£225Th.,out,Summer,0.225,1 Bundesliga,1996,1996/1997
1. FC Köln,Reinhold Breu,25,Second Striker,Austria Vienna,Free transfer,out,Summer,0,1 Bundesliga,1996,1996/1997
1. FC Köln,Guido Jörres,22,Sweeper,F. Düsseldorf,?,out,Summer,NA,1 Bundesliga,1996,1996/1997
1. FC Köln,Christian Wolski,23,Midfielder,Bonner SC,?,out,Summer,NA,1 Bundesliga,1996,1996/1997
1. FC Köln,Reinhard Stumpf,34,Centre-Back,Vegalta Sendai,?,out,Summer,NA,1 Bundesliga,1996,1996/1997
1. FC Köln,Christian Dollberg,24,Centre-Back,Boca Juniors,?,out,Summer,NA,1 Bundesliga,1996,1996/1997
VfL Bochum,Georgi Donkov,26,Centre-Forward,CSKA Sofia,£1.35m,in,Summer,1.35,1 Bundesliga,1996,1996/1997
VfL Bochum,Zoran Mamic,24,Centre-Back,Croatia Zagreb,£113Th.,in,Summer,0.113,1 Bundesliga,1996,1996/1997
VfL Bochum,Olaf Schreiber,26,Left Midfield,FSV Zwickau,Free transfer,in,Summer,0,1 Bundesliga,1996,1996/1997
VfL Bochum,Karsten Hutwelker,24,Left Midfield,Carl Zeiss Jena,Free transfer,in,Summer,0,1 Bundesliga,1996,1996/1997
VfL Bochum,Daniel Winkler,22,Centre-Forward,Pfeddersheim,£45Th.,in,Summer,0.045,1 Bundesliga,1996,1996/1997
VfL Bochum,Engibar Engibarov,24,Centre-Back,CSKA Sofia,?,in,Summer,NA,1 Bundesliga,1996,1996/1997
VfL Bochum,Nesat Gülünoglu,17,Attacking Midfield,VfL Bochum U19,-,in,Summer,0,1 Bundesliga,1996,1996/1997
VfL Bochum,Frank Fahrenhorst,18,Centre-Back,VfL Bochum U19,-,in,Summer,0,1 Bundesliga,1996,1996/1997
VfL Bochum,Jörg Schwanke,27,Defensive Midfield,LR Ahlen,Free transfer,out,Summer,0,1 Bundesliga,1996,1996/1997
VfL Bochum,Robert Matiebel,22,Attacking Midfield,Hamburger SV II,Free transfer,out,Summer,0,1 Bundesliga,1996,1996/1997
VfL Bochum,Thorsten Schmugge,24,Right Midfield,Hibernian FC,?,out,Summer,NA,1 Bundesliga,1996,1996/1997
VfL Bochum,Yves Gaugler,27,Forward,Eintracht Trier,?,out,Summer,NA,1 Bundesliga,1996,1996/1997
VfL Bochum,Andreas Wieczorek,22,Midfielder,Spfr. Siegen,?,out,Summer,NA,1 Bundesliga,1996,1996/1997
VfL Bochum,Frank Heinemann,31,Defensive Midfield,Career break,-,out,Summer,0,1 Bundesliga,1996,1996/1997
VfL Bochum,Holger Aden,30,Forward,Retired,-,out,Summer,0,1 Bundesliga,1996,1996/1997
VfB Stuttgart,Zvonimir Soldo,28,Defensive Midfield,Croatia Zagreb,£900Th.,in,Summer,0.9,1 Bundesliga,1996,1996/1997
VfB Stuttgart,Sébastien Fournier,25,Defensive Midfield,FC Sion,£900Th.,in,Summer,0.9,1 Bundesliga,1996,1996/1997
VfB Stuttgart,Franz Wohlfahrt,32,Goalkeeper,Austria Vienna,£900Th.,in,Summer,0.9,1 Bundesliga,1996,1996/1997
VfB Stuttgart,Matthias Hagner,21,Right Midfield,E. Frankfurt,£405Th.,in,Summer,0.405,1 Bundesliga,1996,1996/1997
VfB Stuttgart,Thorsten Legat,27,Left Midfield,E. Frankfurt,£405Th.,in,Summer,0.405,1 Bundesliga,1996,1996/1997
VfB Stuttgart,Kristijan Djordjevic,20,Right Midfield,SSV Reutlingen,£113Th.,in,Summer,0.113,1 Bundesliga,1996,1996/1997
VfB Stuttgart,Marijo Maric,19,Centre-Forward,TSF Ditzingen,£68Th.,in,Summer,0.068,1 Bundesliga,1996,1996/1997
VfB Stuttgart,Sreto Ristic,20,Centre-Forward,SSV Reutlingen,Free transfer,in,Summer,0,1 Bundesliga,1996,1996/1997
VfB Stuttgart,Radoslaw Gilewicz,25,Centre-Forward,FC St. Gallen,?,in,Summer,NA,1 Bundesliga,1996,1996/1997
VfB Stuttgart,Marcus Ziegler,22,Forward,Strømsgodset,"End of loanJun 30, 1996",in,Summer,0,1 Bundesliga,1996,1996/1997
VfB Stuttgart,Axel Kruse,28,Centre-Forward,Hertha BSC,£540Th.,out,Summer,0.54,1 Bundesliga,1996,1996/1997
VfB Stuttgart,Helgi Sigurdsson,21,Centre-Forward,TeBe Berlin,£90Th.,out,Summer,0.09,1 Bundesliga,1996,1996/1997
VfB Stuttgart,Sascha Maier,22,Forward,SSV Reutlingen,Free transfer,out,Summer,0,1 Bundesliga,1996,1996/1997
VfB Stuttgart,Michael Bochtler,20,Left-Back,FC St. Pauli,Loan,out,Summer,0,1 Bundesliga,1996,1996/1997
VfB Stuttgart,Günther Schäfer,34,Centre-Back,Arm. Bielefeld,?,out,Summer,NA,1 Bundesliga,1996,1996/1997
VfB Stuttgart,Slobodan Dubajic,33,Sweeper,Zeytinburnuspor,?,out,Summer,NA,1 Bundesliga,1996,1996/1997
VfB Stuttgart,Joseph Addo,24,Centre-Back,Sparta R.,?,out,Summer,NA,1 Bundesliga,1996,1996/1997
VfB Stuttgart,Marcus Ziegler,22,Forward,SSV Ulm 1846,?,out,Summer,NA,1 Bundesliga,1996,1996/1997
VfB Stuttgart,Radoslaw Gilewicz,25,Centre-Forward,FC St. Gallen,"End of loanJun 30, 1996",out,Summer,0,1 Bundesliga,1996,1996/1997
VfB Stuttgart,Thorsten Legat,27,Left Midfield,E. Frankfurt,"End of loanJun 30, 1996",out,Summer,0,1 Bundesliga,1996,1996/1997
TSV 1860 Munich,Manfred Bender,30,Attacking Midfield,Karlsruher SC,£675Th.,in,Summer,0.675,1 Bundesliga,1996,1996/1997
TSV 1860 Munich,Ronny Ernst,20,Right-Back,Dynamo Dresden,£360Th.,in,Summer,0.36,1 Bundesliga,1996,1996/1997
TSV 1860 Munich,Marco Walker,26,Centre-Back,FC Basel,£270Th.,in,Summer,0.27,1 Bundesliga,1996,1996/1997
TSV 1860 Munich,Rayk Schröder,21,Right-Back,Union Berlin,£113Th.,in,Summer,0.113,1 Bundesliga,1996,1996/1997
TSV 1860 Munich,Jörg Böhme,22,Left Midfield,E. Frankfurt,£90Th.,in,Summer,0.09,1 Bundesliga,1996,1996/1997
TSV 1860 Munich,Michael Hofmann,23,Goalkeeper,SpVgg Bayreuth,Free transfer,in,Summer,0,1 Bundesliga,1996,1996/1997
TSV 1860 Munich,Abédi Pelé,31,Attacking Midfield,Torino,Free transfer,in,Summer,0,1 Bundesliga,1996,1996/1997
TSV 1860 Munich,Jens Dowe,28,Left Midfield,Hamburger SV,£945Th.,out,Summer,0.945,1 Bundesliga,1996,1996/1997
TSV 1860 Munich,Elvis Brajkovic,27,Centre-Back,Chievo Verona,?,out,Summer,NA,1 Bundesliga,1996,1996/1997
TSV 1860 Munich,Uwe Wolf,28,Centre-Back,Necaxa,?,out,Summer,NA,1 Bundesliga,1996,1996/1997
TSV 1860 Munich,Lutz Braun,30,Centre-Back,Dynamo Dresden,?,out,Summer,NA,1 Bundesliga,1996,1996/1997
TSV 1860 Munich,Uwe Igler,31,Centre-Forward,VfL Kirchheim,?,out,Summer,NA,1 Bundesliga,1996,1996/1997
TSV 1860 Munich,Thomas Schmidt,30,Sweeper,Retired,-,out,Summer,0,1 Bundesliga,1996,1996/1997
TSV 1860 Munich,René Rydlewicz,22,Right Midfield,Bay. Leverkusen,"End of loanJun 30, 1996",out,Summer,0,1 Bundesliga,1996,1996/1997
SC Freiburg,Dieter Frey,23,Defensive Midfield,Bayern Munich,£675Th.,in,Summer,0.675,1 Bundesliga,1996,1996/1997
SC Freiburg,Stephan Marasek,26,Midfielder,Rapid Vienna,Free transfer,in,Summer,0,1 Bundesliga,1996,1996/1997
SC Freiburg,Michael Wagner,20,Central Midfield,Austria Vienna,Free transfer,in,Summer,0,1 Bundesliga,1996,1996/1997
SC Freiburg,Marouene Guezmir,22,Midfielder,Esperance,Free transfer,in,Summer,0,1 Bundesliga,1996,1996/1997
SC Freiburg,Jens Todt,26,Defensive Midfield,Werder Bremen,£900Th.,out,Summer,0.9,1 Bundesliga,1996,1996/1997
MSV Duisburg,Horst Steffen,27,Central Midfield,KFC Uerdingen,£270Th.,in,Summer,0.27,1 Bundesliga,1996,1996/1997
MSV Duisburg,Michael Zeyer,28,Central Midfield,Waldh. Mannheim,£180Th.,in,Summer,0.18,1 Bundesliga,1996,1996/1997
MSV Duisburg,Miroslav Bicanic,26,Midfielder,NK Osijek,£90Th.,in,Summer,0.09,1 Bundesliga,1996,1996/1997
MSV Duisburg,Tomislav Erceg,24,Centre-Forward,Grasshoppers,Free transfer,in,Summer,0,1 Bundesliga,1996,1996/1997
MSV Duisburg,Niklas Skoog,22,Centre-Forward,Västra Frölunda,?,in,Summer,NA,1 Bundesliga,1996,1996/1997
MSV Duisburg,Thomas Gill,31,Goalkeeper,Sturm Graz,?,in,Summer,NA,1 Bundesliga,1996,1996/1997
MSV Duisburg,Marino Sabbadini,26,Midfielder,RWD Molenbeek,?,in,Summer,NA,1 Bundesliga,1996,1996/1997
MSV Duisburg,Martin Pieckenhagen,24,Goalkeeper,Hansa Rostock,£68Th.,out,Summer,0.068,1 Bundesliga,1996,1996/1997
MSV Duisburg,Rainer Schütterle,30,Attacking Midfield,SV Ried,Free transfer,out,Summer,0,1 Bundesliga,1996,1996/1997
MSV Duisburg,Javier López,21,Defender,DSV 04,?,out,Summer,NA,1 Bundesliga,1996,1996/1997
MSV Duisburg,Ferenc Schmidt,32,Forward,Retired,-,out,Summer,0,1 Bundesliga,1996,1996/1997
Karlsruher SC,Thomas Hengen,21,Sweeper,1.FC K'lautern,£1.13m,in,Summer,1.13,1 Bundesliga,1996,1996/1997
Karlsruher SC,Timur Eroglu,19,Forward,Waldh. Mannheim,£90Th.,in,Summer,0.09,1 Bundesliga,1996,1996/1997
Karlsruher SC,Igli Tare,22,Centre-Forward,SV Südwest,Free transfer,in,Summer,0,1 Bundesliga,1996,1996/1997
Karlsruher SC,Oliver Tuzyna,27,Goalkeeper,Stuttg. Kickers,Free transfer,in,Summer,0,1 Bundesliga,1996,1996/1997
Karlsruher SC,Thomas Ollhoff,21,Attacking Midfield,Birkenfeld,Free transfer,in,Summer,0,1 Bundesliga,1996,1996/1997
Karlsruher SC,Timo Haas,22,Midfielder,Unknown,?,in,Summer,NA,1 Bundesliga,1996,1996/1997
Karlsruher SC,Marc Keller,28,Right Midfield,R. Strasbourg,?,in,Summer,NA,1 Bundesliga,1996,1996/1997
Karlsruher SC,Martin Jung,24,Defender,Unknown,?,in,Summer,NA,1 Bundesliga,1996,1996/1997
Karlsruher SC,Peter Jung,27,Midfielder,Karlsruhe II,-,in,Summer,0,1 Bundesliga,1996,1996/1997
Karlsruher SC,Jens Nowotny,22,Sweeper,Bay. Leverkusen,£720Th.,out,Summer,0.72,1 Bundesliga,1996,1996/1997
Karlsruher SC,Manfred Bender,30,Attacking Midfield,1860 Munich,£675Th.,out,Summer,0.675,1 Bundesliga,1996,1996/1997
Karlsruher SC,Adrian Knup,27,Centre-Forward,Galatasaray,£450Th.,out,Summer,0.45,1 Bundesliga,1996,1996/1997
Hamburger SV,Jens Dowe,28,Left Midfield,1860 Munich,£945Th.,in,Summer,0.945,1 Bundesliga,1996,1996/1997
Hamburger SV,Markus Schopp,22,Right Midfield,Sturm Graz,£900Th.,in,Summer,0.9,1 Bundesliga,1996,1996/1997
Hamburger SV,Rodolfo Cardoso,27,Attacking Midfield,Werder Bremen,Loan fee:£315Th.,in,Summer,0.315,1 Bundesliga,1996,1996/1997
Hamburger SV,Markus Schupp,30,Attacking Midfield,E. Frankfurt,£225Th.,in,Summer,0.225,1 Bundesliga,1996,1996/1997
Hamburger SV,Jochen Seitz,19,Left Winger,Aschaffenburg,£135Th.,in,Summer,0.135,1 Bundesliga,1996,1996/1997
Hamburger SV,Jakob Friis-Hansen,29,Centre-Back,G. Bordeaux,?,in,Summer,NA,1 Bundesliga,1996,1996/1997
Hamburger SV,Tibor Nadj,22,Attacking Midfield,Hamburger SV II,-,in,Summer,0,1 Bundesliga,1996,1996/1997
Hamburger SV,Jörg Albertz,25,Left Midfield,Rangers,£3.78m,out,Summer,3.78,1 Bundesliga,1996,1996/1997
Hamburger SV,Yordan Letchkov,28,Central Midfield,Marseille,£900Th.,out,Summer,0.9,1 Bundesliga,1996,1996/1997
Hamburger SV,Carsten Kober,28,Centre-Back,Hertha BSC,Free transfer,out,Summer,0,1 Bundesliga,1996,1996/1997
Hamburger SV,Stefan Siedschlag,19,Defensive Midfield,VfB Lübeck,Free transfer,out,Summer,0,1 Bundesliga,1996,1996/1997
Hamburger SV,Dirk Wojewski,24,Defender,Lüneburger SK,Free transfer,out,Summer,0,1 Bundesliga,1996,1996/1997
Hamburger SV,Elard Ostermann,27,Attacking Midfield,Hannover 96,£14Th.,out,Summer,0.014,1 Bundesliga,1996,1996/1997
Hamburger SV,Jens Dowe,28,Left Midfield,Wolves,?,out,Summer,NA,1 Bundesliga,1996,1996/1997
Fortuna Düsseldorf,Robert Kocis,22,Centre-Forward,Tatran Presov,£540Th.,in,Summer,0.54,1 Bundesliga,1996,1996/1997
Fortuna Düsseldorf,Vladimir Pasic,25,Centre-Back,Rad,£360Th.,in,Summer,0.36,1 Bundesliga,1996,1996/1997
Fortuna Düsseldorf,Andreas Golombek,27,Centre-Back,Wattenscheid 09,£135Th.,in,Summer,0.135,1 Bundesliga,1996,1996/1997
Fortuna Düsseldorf,Holger Fach,33,Sweeper,Bay. Leverkusen,£68Th.,in,Summer,0.068,1 Bundesliga,1996,1996/1997
Fortuna Düsseldorf,Oliver Kröner,22,Left Midfield,Schweinfurt 05,£68Th.,in,Summer,0.068,1 Bundesliga,1996,1996/1997
Fortuna Düsseldorf,Rudi Zedi,21,Defensive Midfield,SW Essen,Free transfer,in,Summer,0,1 Bundesliga,1996,1996/1997
Fortuna Düsseldorf,David Nielsen,19,Centre-Forward,Odense BK,Free transfer,in,Summer,0,1 Bundesliga,1996,1996/1997
Fortuna Düsseldorf,Macchambes Younga-Mouhani,21,Defensive Midfield,Bor. M'gladbach,£18Th.,in,Summer,0.018,1 Bundesliga,1996,1996/1997
Fortuna Düsseldorf,Sven Schuchardt,23,Centre-Forward,FC Remscheid,?,in,Summer,NA,1 Bundesliga,1996,1996/1997
Fortuna Düsseldorf,Oliver Schmitt,22,Midfielder,Unknown,?,in,Summer,NA,1 Bundesliga,1996,1996/1997
Fortuna Düsseldorf,Stefan Trienekens,25,Centre-Forward,FC Remscheid,?,in,Summer,NA,1 Bundesliga,1996,1996/1997
Fortuna Düsseldorf,Sergey Yuran,27,Centre-Forward,Millwall,?,in,Summer,NA,1 Bundesliga,1996,1996/1997
Fortuna Düsseldorf,Guido Jörres,22,Sweeper,1. FC Köln,?,in,Summer,NA,1 Bundesliga,1996,1996/1997
Fortuna Düsseldorf,Kristian Zedi,21,Centre-Back,RW Essen,?,in,Summer,NA,1 Bundesliga,1996,1996/1997
Fortuna Düsseldorf,Igor Dobrovolski,28,Attacking Midfield,Without Club,-,in,Summer,0,1 Bundesliga,1996,1996/1997
Fortuna Düsseldorf,Abiodun Obafemi,22,Centre-Back,Toulouse,"End of loanJun 30, 1996",in,Summer,0,1 Bundesliga,1996,1996/1997
Fortuna Düsseldorf,Lars Brögger,26,Attacking Midfield,Dordrecht'90,"End of loanJun 30, 1996",in,Summer,0,1 Bundesliga,1996,1996/1997
Fortuna Düsseldorf,Kujtim Shala,31,Attacking Midfield,VfB Leipzig,£225Th.,out,Summer,0.225,1 Bundesliga,1996,1996/1997
Fortuna Düsseldorf,Darko Pancev,30,Centre-Forward,FC Sion,£135Th.,out,Summer,0.135,1 Bundesliga,1996,1996/1997
Fortuna Düsseldorf,Stefan Minkwitz,28,Defensive Midfield,Stuttg. Kickers,£90Th.,out,Summer,0.09,1 Bundesliga,1996,1996/1997
Fortuna Düsseldorf,Zvezdan Pejovic,29,Centre-Back,E. Frankfurt,£68Th.,out,Summer,0.068,1 Bundesliga,1996,1996/1997
Fortuna Düsseldorf,Thomas Brdaric,21,Centre-Forward,SC Fortuna Köln,Free transfer,out,Summer,0,1 Bundesliga,1996,1996/1997
Fortuna Düsseldorf,Rasim Suksur,20,Centre-Back,Galatasaray,Free transfer,out,Summer,0,1 Bundesliga,1996,1996/1997
Fortuna Düsseldorf,Thomas Bahr,25,Defender,Rheydter SV,Free transfer,out,Summer,0,1 Bundesliga,1996,1996/1997
Fortuna Düsseldorf,Lars Brögger,26,Attacking Midfield,Ikast FS,?,out,Summer,NA,1 Bundesliga,1996,1996/1997
Fortuna Düsseldorf,Christian Radlmaier,29,Forward,SpVgg Landshut,?,out,Summer,NA,1 Bundesliga,1996,1996/1997
Fortuna Düsseldorf,Ben Manga,22,Left-Back,Wuppertaler SV,?,out,Summer,NA,1 Bundesliga,1996,1996/1997
Fortuna Düsseldorf,Jörn Schwinkendorf,25,Centre-Back,VfB Lübeck,?,out,Summer,NA,1 Bundesliga,1996,1996/1997
Fortuna Düsseldorf,Roberto Marquez,18,Attacking Midfield,Baesweiler 09,?,out,Summer,NA,1 Bundesliga,1996,1996/1997
Fortuna Düsseldorf,Frank Mill,37,Centre-Forward,Retired,-,out,Summer,0,1 Bundesliga,1996,1996/1997
FC St. Pauli,Kai Dittmer,21,Forward,Harburger TB,Free transfer,in,Summer,0,1 Bundesliga,1996,1996/1997
FC St. Pauli,Emerson,22,Centre-Forward,Dnipro,Free transfer,in,Summer,0,1 Bundesliga,1996,1996/1997
FC St. Pauli,Michael Bochtler,20,Left-Back,VfB Stuttgart,Loan,in,Summer,0,1 Bundesliga,1996,1996/1997
FC St. Pauli,Demir Duric,19,Attacking Midfield,FSV Frankfurt,£25Th.,in,Summer,0.025,1 Bundesliga,1996,1996/1997
FC St. Pauli,Bernd Eigner,24,Centre-Back,VfL Frohnlach,£11Th.,in,Summer,0.011,1 Bundesliga,1996,1996/1997
FC St. Pauli,Jacques Goumai,24,Centre-Forward,FC 08 Homburg,?,in,Summer,NA,1 Bundesliga,1996,1996/1997
FC St. Pauli,Nikolay Pisarev,27,Centre-Forward,CP Mérida,?,in,Summer,NA,1 Bundesliga,1996,1996/1997
FC St. Pauli,Sven Tholen,23,Midfielder,Unknown,?,in,Summer,NA,1 Bundesliga,1996,1996/1997
FC St. Pauli,Markus Ahlf,18,Right-Back,St. Pauli U19,-,in,Summer,0,1 Bundesliga,1996,1996/1997
FC St. Pauli,Matthias Scherz,24,Centre-Forward,FC St. Pauli II,-,in,Summer,0,1 Bundesliga,1996,1996/1997
FC St. Pauli,Mike Göbel,25,Midfielder,FC St. Pauli II,-,in,Summer,0,1 Bundesliga,1996,1996/1997
FC St. Pauli,Michél Dinzey,23,Left Midfield,Hertha BSC,Free transfer,out,Summer,0,1 Bundesliga,1996,1996/1997
FC St. Pauli,Dariusz Szubert,25,Attacking Midfield,VfB Oldenburg,Free transfer,out,Summer,0,1 Bundesliga,1996,1996/1997
FC St. Pauli,Leo Manzi,27,Centre-Back,Hannover 96,£36Th.,out,Summer,0.036,1 Bundesliga,1996,1996/1997
FC St. Pauli,Kay Stisi,25,Forward,VfB Lübeck,?,out,Summer,NA,1 Bundesliga,1996,1996/1997
FC St. Pauli,Dieter Schlindwein,35,Centre-Back,Retired,-,out,Summer,0,1 Bundesliga,1996,1996/1997
FC St. Pauli,Hysen Zmijani,33,Right-Back,Retired,-,out,Summer,0,1 Bundesliga,1996,1996/1997
FC St. Pauli,Paul Caligiuri,32,Defensive Midfield,Hansa Rostock,"End of loanMay 5, 1996",out,Summer,0,1 Bundesliga,1996,1996/1997
FC Schalke 04,Johan de Kock,31,Centre-Back,Roda JC,£1.58m,in,Summer,1.58,1 Bundesliga,1996,1996/1997
FC Schalke 04,Marc Wilmots,27,Attacking Midfield,Standard Liège,£540Th.,in,Summer,0.54,1 Bundesliga,1996,1996/1997
FC Schalke 04,Marco Kurz,27,Centre-Back,Bor. Dortmund,£180Th.,in,Summer,0.18,1 Bundesliga,1996,1996/1997
FC Schalke 04,Mark Schierenberg,23,Defensive Midfield,Wattenscheid 09,?,in,Summer,NA,1 Bundesliga,1996,1996/1997
FC Schalke 04,Mike Möllensiep,20,Centre-Forward,Schalke 04 II,-,in,Summer,0,1 Bundesliga,1996,1996/1997
FC Schalke 04,Miguel Pereira,20,Centre-Forward,Preußen Münster,"End of loanJun 30, 1996",in,Summer,0,1 Bundesliga,1996,1996/1997
FC Schalke 04,Serhii Dikhtiar,20,Attacking Midfield,Wattenscheid 09,Free transfer,out,Summer,0,1 Bundesliga,1996,1996/1997
FC Schalke 04,Michael Prus,28,Centre-Back,SV Meppen,?,out,Summer,NA,1 Bundesliga,1996,1996/1997
FC Schalke 04,Uwe Scherr,29,Right Midfield,1. FC Köln,?,out,Summer,NA,1 Bundesliga,1996,1996/1997
FC Schalke 04,Jörg Albracht,32,Goalkeeper,Retired,-,out,Summer,0,1 Bundesliga,1996,1996/1997
FC Schalke 04,Marco Kurz,27,Centre-Back,Bor. Dortmund,"End of loanJun 30, 1996",out,Summer,0,1 Bundesliga,1996,1996/1997
FC Hansa Rostock,Thomas Ziemer,26,Attacking Midfield,1.FSV Mainz 05,£338Th.,in,Summer,0.338,1 Bundesliga,1996,1996/1997
FC Hansa Rostock,Sergej Barbarez,24,Second Striker,Union Berlin,£270Th.,in,Summer,0.27,1 Bundesliga,1996,1996/1997
FC Hansa Rostock,Yasser Radwan,24,Defensive Midfield,Baladeya,£225Th.,in,Summer,0.225,1 Bundesliga,1996,1996/1997
FC Hansa Rostock,Martin Pieckenhagen,24,Goalkeeper,MSV Duisburg,£68Th.,in,Summer,0.068,1 Bundesliga,1996,1996/1997
FC Hansa Rostock,Steffen Benthin,26,Centre-Forward,Hannover 96,Free transfer,in,Summer,0,1 Bundesliga,1996,1996/1997
FC Hansa Rostock,Thomas Gansauge,26,Centre-Back,PSV Rostock,£23Th.,in,Summer,0.023,1 Bundesliga,1996,1996/1997
FC Hansa Rostock,Daniel Klewer,19,Goalkeeper,H. Rostock U19,-,in,Summer,0,1 Bundesliga,1996,1996/1997
FC Hansa Rostock,Paul Caligiuri,32,Defensive Midfield,FC St. Pauli,"End of loanMay 5, 1996",in,Summer,0,1 Bundesliga,1996,1996/1997
FC Hansa Rostock,René Schneider,23,Centre-Back,Bor. Dortmund,£2.07m,out,Summer,2.07,1 Bundesliga,1996,1996/1997
FC Hansa Rostock,Carsten Klee,25,Centre-Forward,FSV Zwickau,Free transfer,out,Summer,0,1 Bundesliga,1996,1996/1997
FC Hansa Rostock,Marko Tredup,22,Right-Back,TeBe Berlin,Free transfer,out,Summer,0,1 Bundesliga,1996,1996/1997
FC Hansa Rostock,Daniel Hoffmann,24,Goalkeeper,VfB Leipzig,Free transfer,out,Summer,0,1 Bundesliga,1996,1996/1997
FC Hansa Rostock,Mike Werner,25,Centre-Back,TSV Graal-Mür.,?,out,Summer,NA,1 Bundesliga,1996,1996/1997
FC Hansa Rostock,Rocco Milde,27,Centre-Forward,Dynamo Dresden,?,out,Summer,NA,1 Bundesliga,1996,1996/1997
Bayern Munich,Mario Basler,27,Right Midfield,Werder Bremen,£3.69m,in,Summer,3.69,1 Bundesliga,1996,1996/1997
Bayern Munich,Markus Münch,23,Left-Back,Bay. Leverkusen,£1.17m,in,Summer,1.17,1 Bundesliga,1996,1996/1997
Bayern Munich,Carsten Jancker,21,Centre-Forward,Rapid Vienna,£693Th.,in,Summer,0.693,1 Bundesliga,1996,1996/1997
Bayern Munich,Markus Oberleitner,22,Attacking Midfield,Unterhaching,£225Th.,in,Summer,0.225,1 Bundesliga,1996,1996/1997
Bayern Munich,Bernd Dreher,29,Goalkeeper,KFC Uerdingen,£225Th.,in,Summer,0.225,1 Bundesliga,1996,1996/1997
Bayern Munich,Ruggiero Rizzitelli,28,Centre-Forward,Torino,Free transfer,in,Summer,0,1 Bundesliga,1996,1996/1997
Bayern Munich,Frank Gerster,20,Central Midfield,FC Bayern II,-,in,Summer,0,1 Bundesliga,1996,1996/1997
Bayern Munich,Stefan Leitl,18,Attacking Midfield,FC Bayern U19,-,in,Summer,0,1 Bundesliga,1996,1996/1997
Bayern Munich,Samuel Kuffour,19,Centre-Back,1.FC Nuremberg,"End of loanJun 30, 1996",in,Summer,0,1 Bundesliga,1996,1996/1997
Bayern Munich,Ciriaco Sforza,26,Central Midfield,Inter,£2.79m,out,Summer,2.79,1 Bundesliga,1996,1996/1997
Bayern Munich,Andreas Herzog,27,Attacking Midfield,Werder Bremen,£2.25m,out,Summer,2.25,1 Bundesliga,1996,1996/1997
Bayern Munich,Dieter Frey,23,Defensive Midfield,SC Freiburg,£675Th.,out,Summer,0.675,1 Bundesliga,1996,1996/1997
Bayern Munich,Emil Kostadinov,28,Centre-Forward,Fenerbahce,?,out,Summer,NA,1 Bundesliga,1996,1996/1997
Bayern Munich,Jean-Pierre Papin,32,Centre-Forward,G. Bordeaux,?,out,Summer,NA,1 Bundesliga,1996,1996/1997
Borussia Mönchengladbach,Andrzej Juskowiak,25,Centre-Forward,Olympiacos,£675Th.,in,Summer,0.675,1 Bundesliga,1996,1996/1997
Borussia Mönchengladbach,Ioan Lupescu,27,Central Midfield,Bay. Leverkusen,£585Th.,in,Summer,0.585,1 Bundesliga,1996,1996/1997
Borussia Mönchengladbach,Stephan Paßlack,25,Centre-Back,KFC Uerdingen,£405Th.,in,Summer,0.405,1 Bundesliga,1996,1996/1997
Borussia Mönchengladbach,Robert Enke,18,Goalkeeper,Carl Zeiss Jena,£135Th.,in,Summer,0.135,1 Bundesliga,1996,1996/1997
Borussia Mönchengladbach,Damian Mori,25,Centre-Forward,Melbourne Knights,Free transfer,in,Summer,0,1 Bundesliga,1996,1996/1997
Borussia Mönchengladbach,Hubert Fournier,28,Centre-Back,Guingamp,?,in,Summer,NA,1 Bundesliga,1996,1996/1997
Borussia Mönchengladbach,Martin Dahlin,28,Centre-Forward,AS Roma,£2.25m,out,Summer,2.25,1 Bundesliga,1996,1996/1997
Borussia Mönchengladbach,Patrick Bauer,22,Goalkeeper,Viktoria Köln,Free transfer,out,Summer,0,1 Bundesliga,1996,1996/1997
Borussia Mönchengladbach,Macchambes Younga-Mouhani,21,Defensive Midfield,F. Düsseldorf,£18Th.,out,Summer,0.018,1 Bundesliga,1996,1996/1997
Borussia Mönchengladbach,Thomas Eichin,29,Centre-Back,M'gladbach II,-,out,Summer,0,1 Bundesliga,1996,1996/1997
Borussia Mönchengladbach,Davor Krznaric,20,Attacking Midfield,M'gladbach II,-,out,Summer,0,1 Bundesliga,1996,1996/1997
Borussia Dortmund,Paulo Sousa,25,Central Midfield,Juventus,£3.24m,in,Summer,3.24,1 Bundesliga,1996,1996/1997
Borussia Dortmund,René Schneider,23,Centre-Back,Hansa Rostock,£2.07m,in,Summer,2.07,1 Bundesliga,1996,1996/1997
Borussia Dortmund,Wolfgang Feiersinger,31,Sweeper,Casino Salzburg,£585Th.,in,Summer,0.585,1 Bundesliga,1996,1996/1997
Borussia Dortmund,Scott Booth,25,Centre-Forward,Aberdeen FC,Free transfer,in,Summer,0,1 Bundesliga,1996,1996/1997
Borussia Dortmund,Jovan Kirovski,20,Right Winger,Man Utd,Free transfer,in,Summer,0,1 Bundesliga,1996,1996/1997
Borussia Dortmund,Paul Lambert,26,Defensive Midfield,Motherwell FC,Free transfer,in,Summer,0,1 Bundesliga,1996,1996/1997
Borussia Dortmund,Steinar Pedersen,21,Right-Back,Start,?,in,Summer,NA,1 Bundesliga,1996,1996/1997
Borussia Dortmund,Christian Timm,17,Right Winger,B. Dortmund U19,-,in,Summer,0,1 Bundesliga,1996,1996/1997
Borussia Dortmund,Frank Riethmann,20,Midfielder,B. Dortmund II,-,in,Summer,0,1 Bundesliga,1996,1996/1997
Borussia Dortmund,Marco Kurz,27,Centre-Back,FC Schalke 04,"End of loanJun 30, 1996",in,Summer,0,1 Bundesliga,1996,1996/1997
Borussia Dortmund,Patrik Berger,22,Attacking Midfield,Liverpool,£3.15m,out,Summer,3.15,1 Bundesliga,1996,1996/1997
Borussia Dortmund,Bodo Schmidt,28,Centre-Back,1. FC Köln,£360Th.,out,Summer,0.36,1 Bundesliga,1996,1996/1997
Borussia Dortmund,Thomas Franck,25,Defensive Midfield,1.FC K'lautern,£225Th.,out,Summer,0.225,1 Bundesliga,1996,1996/1997
Borussia Dortmund,Marco Kurz,27,Centre-Back,FC Schalke 04,£180Th.,out,Summer,0.18,1 Bundesliga,1996,1996/1997
Borussia Dortmund,Rubén Sosa,30,Centre-Forward,CD Logroñés,Free transfer,out,Summer,0,1 Bundesliga,1996,1996/1997
Borussia Dortmund,Günter Kutowski,30,Centre-Back,Paderborn,Free transfer,out,Summer,0,1 Bundesliga,1996,1996/1997
Borussia Dortmund,Toni Schumacher,42,Goalkeeper,Retired,-,out,Summer,0,1 Bundesliga,1996,1996/1997
Bayer 04 Leverkusen,Zé Elias,19,Central Midfield,Corinthians,£2.70m,in,Summer,2.7,1 Bundesliga,1996,1996/1997
Bayer 04 Leverkusen,Jens Nowotny,22,Sweeper,Karlsruher SC,£720Th.,in,Summer,0.72,1 Bundesliga,1996,1996/1997
Bayer 04 Leverkusen,Niko Kovac,24,Defensive Midfield,Hertha BSC,£495Th.,in,Summer,0.495,1 Bundesliga,1996,1996/1997
Bayer 04 Leverkusen,Jan Heintze,32,Left-Back,KFC Uerdingen,£450Th.,in,Summer,0.45,1 Bundesliga,1996,1996/1997
Bayer 04 Leverkusen,Robert Kovac,22,Centre-Back,1.FC Nuremberg,£387Th.,in,Summer,0.387,1 Bundesliga,1996,1996/1997
Bayer 04 Leverkusen,Erik Meijer,26,Centre-Forward,KFC Uerdingen,Free transfer,in,Summer,0,1 Bundesliga,1996,1996/1997
Bayer 04 Leverkusen,Lars Leese,26,Goalkeeper,Viktoria Köln,Free transfer,in,Summer,0,1 Bundesliga,1996,1996/1997
Bayer 04 Leverkusen,Manuel Cardoni,23,Attacking Midfield,Jeunesse Esch,Free transfer,in,Summer,0,1 Bundesliga,1996,1996/1997
Bayer 04 Leverkusen,René Rydlewicz,22,Right Midfield,1860 Munich,"End of loanJun 30, 1996",in,Summer,0,1 Bundesliga,1996,1996/1997
Bayer 04 Leverkusen,Markus Münch,23,Left-Back,Bayern Munich,£1.17m,out,Summer,1.17,1 Bundesliga,1996,1996/1997
Bayer 04 Leverkusen,Ioan Lupescu,27,Central Midfield,Bor. M'gladbach,£585Th.,out,Summer,0.585,1 Bundesliga,1996,1996/1997
Bayer 04 Leverkusen,Holger Fach,33,Sweeper,F. Düsseldorf,£68Th.,out,Summer,0.068,1 Bundesliga,1996,1996/1997
Bayer 04 Leverkusen,Daniel Ischdonat,20,Goalkeeper,Eintracht Trier,Free transfer,out,Summer,0,1 Bundesliga,1996,1996/1997
Bayer 04 Leverkusen,Sebastian Barnes,19,Forward,Orlando Sundogs,Free transfer,out,Summer,0,1 Bundesliga,1996,1996/1997
Bayer 04 Leverkusen,Ramon Menezes,24,Attacking Midfield,Vasco da Gama,?,out,Summer,NA,1 Bundesliga,1996,1996/1997
Bayer 04 Leverkusen,Rodrigo,23,Defender,Corinthians,?,out,Summer,NA,1 Bundesliga,1996,1996/1997
Bayer 04 Leverkusen,Rudi Völler,36,Centre-Forward,Retired,-,out,Summer,0,1 Bundesliga,1996,1996/1997
Bayer 04 Leverkusen,Josef Nehl,35,Midfielder,Retired,-,out,Summer,0,1 Bundesliga,1996,1996/1997
Arminia Bielefeld,Stefan Kuntz,33,Centre-Forward,Besiktas,£1.13m,in,Summer,1.13,1 Bundesliga,1996,1996/1997
Arminia Bielefeld,Giuseppe Reina,24,Right Winger,Wattenscheid 09,£338Th.,in,Summer,0.338,1 Bundesliga,1996,1996/1997
Arminia Bielefeld,Markos Rainer Rauffmann,29,Centre-Forward,E. Frankfurt,£225Th.,in,Summer,0.225,1 Bundesliga,1996,1996/1997
Arminia Bielefeld,Silvio Meißner,23,Defensive Midfield,Chemnitzer FC,£203Th.,in,Summer,0.203,1 Bundesliga,1996,1996/1997
Arminia Bielefeld,Heiko Gerber,23,Left-Back,Chemnitzer FC,£203Th.,in,Summer,0.203,1 Bundesliga,1996,1996/1997
Arminia Bielefeld,Rob Maas,26,Defensive Midfield,Feyenoord,Free transfer,in,Summer,0,1 Bundesliga,1996,1996/1997
Arminia Bielefeld,Josef Ivanovic,22,Centre-Forward,TuS Quelle,Free transfer,in,Summer,0,1 Bundesliga,1996,1996/1997
Arminia Bielefeld,Uwe Fuchs,29,Centre-Forward,Millwall,Free transfer,in,Summer,0,1 Bundesliga,1996,1996/1997
Arminia Bielefeld,Johann Stenzel,21,Midfielder,FC St. Pauli II,£32Th.,in,Summer,0.032,1 Bundesliga,1996,1996/1997
Arminia Bielefeld,Günther Schäfer,34,Centre-Back,VfB Stuttgart,?,in,Summer,NA,1 Bundesliga,1996,1996/1997
Arminia Bielefeld,Sonny Silooy,32,Centre-Back,Ajax,?,in,Summer,NA,1 Bundesliga,1996,1996/1997
Arminia Bielefeld,Hayden Foxe,19,Centre-Back,Ajax,?,in,Summer,NA,1 Bundesliga,1996,1996/1997
Arminia Bielefeld,Frederik Gößling,18,Goalkeeper,Bielefeld U19,-,in,Summer,0,1 Bundesliga,1996,1996/1997
Arminia Bielefeld,Vjekoslav Kovac,20,Centre-Back,A. Bielefeld II,-,in,Summer,0,1 Bundesliga,1996,1996/1997
Arminia Bielefeld,Ayhan Tumani,24,Centre-Forward,FC Volendam,Free transfer,out,Summer,0,1 Bundesliga,1996,1996/1997
Arminia Bielefeld,Ivaylo Andonov,28,Forward,CSKA Sofia,Free transfer,out,Summer,0,1 Bundesliga,1996,1996/1997
Arminia Bielefeld,Mike Schürmann,23,Midfielder,RW Essen,Free transfer,out,Summer,0,1 Bundesliga,1996,1996/1997
Arminia Bielefeld,Bodo Sievers,35,Sweeper,SV Holzwickede,Free transfer,out,Summer,0,1 Bundesliga,1996,1996/1997
Arminia Bielefeld,Angelo Vier,24,Centre-Forward,RW Essen,?,out,Summer,NA,1 Bundesliga,1996,1996/1997
Arminia Bielefeld,Markos Rainer Rauffmann,29,Centre-Forward,LASK,Loan,out,Summer,0,1 Bundesliga,1996,1996/1997
Arminia Bielefeld,Ulrich Stein,41,Goalkeeper,Career break,-,out,Summer,0,1 Bundesliga,1996,1996/1997
Arminia Bielefeld,Roland Kopp,31,Midfielder,Retired,-,out,Summer,0,1 Bundesliga,1996,1996/1997
Arminia Bielefeld,Frank Geideck,29,Midfielder,Retired,-,out,Summer,0,1 Bundesliga,1996,1996/1997
SV Werder Bremen,Andreas Herzog,27,Attacking Midfield,Bayern Munich,£2.25m,in,Summer,2.25,1 Bundesliga,1996,1996/1997
SV Werder Bremen,Jens Todt,26,Defensive Midfield,SC Freiburg,£900Th.,in,Summer,0.9,1 Bundesliga,1996,1996/1997
SV Werder Bremen,Viktor Skripnik,26,Left-Back,Dnipro,£810Th.,in,Summer,0.81,1 Bundesliga,1996,1996/1997
SV Werder Bremen,Heimo Pfeifenberger,29,Right Winger,Casino Salzburg,£675Th.,in,Summer,0.675,1 Bundesliga,1996,1996/1997
SV Werder Bremen,Christian Brand,24,Attacking Midfield,W. Bremen II,-,in,Summer,0,1 Bundesliga,1996,1996/1997
SV Werder Bremen,Thomas Penshorn,18,Centre-Back,W. Bremen U19,-,in,Summer,0,1 Bundesliga,1996,1996/1997
SV Werder Bremen,Hendrik Völzke,21,Defensive Midfield,W. Bremen II,-,in,Summer,0,1 Bundesliga,1996,1996/1997
SV Werder Bremen,Mario Basler,27,Right Midfield,Bayern Munich,£3.69m,out,Summer,3.69,1 Bundesliga,1996,1996/1997
SV Werder Bremen,Vladimir Beschastnykh,22,Centre-Forward,Racing,£1.80m,out,Summer,1.8,1 Bundesliga,1996,1996/1997
SV Werder Bremen,Rodolfo Cardoso,27,Attacking Midfield,Hamburger SV,Loan fee:£315Th.,out,Summer,0.315,1 Bundesliga,1996,1996/1997
SV Werder Bremen,Gunnar Sauer,32,Sweeper,Hertha BSC,£68Th.,out,Summer,0.068,1 Bundesliga,1996,1996/1997
SV Werder Bremen,Erhan Albayrak,19,Left Midfield,Kocaelispor,Free transfer,out,Summer,0,1 Bundesliga,1996,1996/1997
SV Werder Bremen,Ersan Dogu,24,Centre-Forward,Galatasaray,Free transfer,out,Summer,0,1 Bundesliga,1996,1996/1997
SV Werder Bremen,Frank Neubarth,33,Centre-Forward,Retired,-,out,Summer,0,1 Bundesliga,1996,1996/1997
1. FC Köln,Tuncay Nadaroglu,22,Centre-Back,FV Bad Honnef,£45Th.,in,Winter,0.045,1 Bundesliga,1996,1996/1997
1. FC Köln,Christer Fursth,26,Midfielder,Helsingborg,?,in,Winter,NA,1 Bundesliga,1996,1996/1997
1. FC Köln,Olaf Janßen,30,Defensive Midfield,E. Frankfurt,?,out,Winter,NA,1 Bundesliga,1996,1996/1997
VfL Bochum,Andrzej Rudy,31,Attacking Midfield,Lierse SK,Free transfer,out,Winter,0,1 Bundesliga,1996,1996/1997
VfL Bochum,Engibar Engibarov,25,Centre-Back,Slavia Sofia,?,out,Winter,NA,1 Bundesliga,1996,1996/1997
VfB Stuttgart,Krisztián Lisztes,20,Attacking Midfield,Ferencváros,£243Th.,in,Winter,0.243,1 Bundesliga,1996,1996/1997
VfB Stuttgart,Thorsten Walther,24,Goalkeeper,F. Düsseldorf,£54Th.,out,Winter,0.054,1 Bundesliga,1996,1996/1997
VfB Stuttgart,Franco Foda,30,Sweeper,FC Basel,Free transfer,out,Winter,0,1 Bundesliga,1996,1996/1997
VfB Stuttgart,Michael Oelkuch,23,Attacking Midfield,Greuther Fürth,Free transfer,out,Winter,0,1 Bundesliga,1996,1996/1997
TSV 1860 Munich,Matthew Okoh,24,Centre-Forward,SSV Reutlingen,Free transfer,in,Winter,0,1 Bundesliga,1996,1996/1997
TSV 1860 Munich,Alexander Kutschera,28,Centre-Back,E. Frankfurt,?,out,Winter,NA,1 Bundesliga,1996,1996/1997
SC Freiburg,Michael Sternkopf,26,Right Midfield,Bor. M'gladbach,£270Th.,in,Winter,0.27,1 Bundesliga,1996,1996/1997
SC Freiburg,Michael Frontzeck,32,Left-Back,Man City,£113Th.,in,Winter,0.113,1 Bundesliga,1996,1996/1997
MSV Duisburg,Carsten Wolters,27,Right-Back,Bor. Dortmund,Free transfer,in,Winter,0,1 Bundesliga,1996,1996/1997
MSV Duisburg,Tomislav Erceg,25,Centre-Forward,Hajduk Split,Free transfer,out,Winter,0,1 Bundesliga,1996,1996/1997
MSV Duisburg,Alexander Löbe,23,Centre-Forward,VfB Lübeck,Free transfer,out,Winter,0,1 Bundesliga,1996,1996/1997
MSV Duisburg,Marino Sabbadini,27,Midfielder,Athinaikos,?,out,Winter,NA,1 Bundesliga,1996,1996/1997
Karlsruher SC,Edgar Schmitt,33,Centre-Forward,SC Fortuna Köln,?,out,Winter,NA,1 Bundesliga,1996,1996/1997
Hamburger SV,Pawel Wojtala,24,Centre-Back,Widzew Lodz,£900Th.,in,Winter,0.9,1 Bundesliga,1996,1996/1997
Hamburger SV,Marek Saganowski,18,Centre-Forward,LKS Lodz,Loan fee:£338Th.,in,Winter,0.338,1 Bundesliga,1996,1996/1997
Hamburger SV,Rodolfo Cardoso,27,Attacking Midfield,Werder Bremen,Loan fee:£315Th.,in,Winter,0.315,1 Bundesliga,1996,1996/1997
Hamburger SV,Petar Hubchev,32,Sweeper,E. Frankfurt,Free transfer,out,Winter,0,1 Bundesliga,1996,1996/1997
Hamburger SV,Markus Schupp,30,Attacking Midfield,FC Basel,Free transfer,out,Winter,0,1 Bundesliga,1996,1996/1997
Hamburger SV,Niclas Kindvall,29,Forward,Malmö FF,?,out,Winter,NA,1 Bundesliga,1996,1996/1997
Hamburger SV,Jens Dowe,28,Left Midfield,Wolves,?,out,Winter,NA,1 Bundesliga,1996,1996/1997
Fortuna Düsseldorf,Mario Tolkmitt,26,Left Midfield,Bay. Leverkusen,£180Th.,in,Winter,0.18,1 Bundesliga,1996,1996/1997
Fortuna Düsseldorf,Markus Oberleitner,23,Attacking Midfield,Bayern Munich,Loan fee:£79Th.,in,Winter,0.079,1 Bundesliga,1996,1996/1997
Fortuna Düsseldorf,Thorsten Walther,24,Goalkeeper,VfB Stuttgart,£54Th.,in,Winter,0.054,1 Bundesliga,1996,1996/1997
Fortuna Düsseldorf,Andreas Golombek,28,Centre-Back,KFC Uerdingen,Free transfer,out,Winter,0,1 Bundesliga,1996,1996/1997
Fortuna Düsseldorf,Robert Kocis,23,Centre-Forward,Austria Vienna,Loan,out,Winter,0,1 Bundesliga,1996,1996/1997
Fortuna Düsseldorf,Pierre Esser,26,Goalkeeper,Galatasaray,?,out,Winter,NA,1 Bundesliga,1996,1996/1997
Fortuna Düsseldorf,Oliver Kröner,23,Left Midfield,SC Weismain,?,out,Winter,NA,1 Bundesliga,1996,1996/1997
FC St. Pauli,Ralf Becker,26,Attacking Midfield,Stuttg. Kickers,Free transfer,out,Winter,0,1 Bundesliga,1996,1996/1997
FC St. Pauli,Kay Stisi,25,Forward,VfB Lübeck,?,out,Winter,NA,1 Bundesliga,1996,1996/1997
FC Schalke 04,Marco van Hoogdalem,24,Centre-Back,Roda JC,£225Th.,in,Winter,0.225,1 Bundesliga,1996,1996/1997
FC Schalke 04,Frank Schön,25,Centre-Back,Waldh. Mannheim,Free transfer,out,Winter,0,1 Bundesliga,1996,1996/1997
FC Schalke 04,Uwe Weidemann,33,Attacking Midfield,Hertha BSC,?,out,Winter,NA,1 Bundesliga,1996,1996/1997
FC Schalke 04,Waldemar Ksienzyk,33,Right-Back,Waldh. Mannheim,?,out,Winter,NA,1 Bundesliga,1996,1996/1997
FC Hansa Rostock,Marko Rehmer,24,Right-Back,Union Berlin,£180Th.,in,Winter,0.18,1 Bundesliga,1996,1996/1997
FC Hansa Rostock,Steffen Benthin,26,Centre-Forward,1.FSV Schwerin,Free transfer,out,Winter,0,1 Bundesliga,1996,1996/1997
FC Hansa Rostock,Matthias Breitkreutz,25,Attacking Midfield,Arm. Bielefeld,Loan,out,Winter,0,1 Bundesliga,1996,1996/1997
Bayern Munich,Markus Oberleitner,23,Attacking Midfield,F. Düsseldorf,Loan fee:£79Th.,out,Winter,0.079,1 Bundesliga,1996,1996/1997
Borussia Mönchengladbach,Martin Dahlin,28,Centre-Forward,AS Roma,Loan fee:£675Th.,in,Winter,0.675,1 Bundesliga,1996,1996/1997
Borussia Mönchengladbach,Michael Sternkopf,26,Right Midfield,SC Freiburg,£270Th.,out,Winter,0.27,1 Bundesliga,1996,1996/1997
Borussia Mönchengladbach,Max Huiberts,26,Left Winger,AZ Alkmaar,Free transfer,out,Winter,0,1 Bundesliga,1996,1996/1997
Borussia Dortmund,Carsten Wolters,27,Right-Back,MSV Duisburg,Free transfer,out,Winter,0,1 Bundesliga,1996,1996/1997
Borussia Dortmund,Yahaya Mallam,22,Attacking Midfield,Waldh. Mannheim,Free transfer,out,Winter,0,1 Bundesliga,1996,1996/1997
Borussia Dortmund,Lars Müller,20,Left-Back,KFC Uerdingen,£20Th.,out,Winter,0.02,1 Bundesliga,1996,1996/1997
Borussia Dortmund,Steinar Pedersen,21,Right-Back,Lillestrøm SK,Loan,out,Winter,0,1 Bundesliga,1996,1996/1997
Bayer 04 Leverkusen,Mario Tolkmitt,26,Left Midfield,F. Düsseldorf,£180Th.,out,Winter,0.18,1 Bundesliga,1996,1996/1997
Bayer 04 Leverkusen,Bernd Schuster,37,Attacking Midfield,UNAM Pumas,Free transfer,out,Winter,0,1 Bundesliga,1996,1996/1997
Arminia Bielefeld,Matthias Breitkreutz,25,Attacking Midfield,Hansa Rostock,Loan,in,Winter,0,1 Bundesliga,1996,1996/1997
Arminia Bielefeld,Peter Quallo,25,Centre-Back,Hessen Kassel,Free transfer,out,Winter,0,1 Bundesliga,1996,1996/1997
Arminia Bielefeld,René Dörfel,27,Right-Back,Hessen Kassel,Loan,out,Winter,0,1 Bundesliga,1996,1996/1997
Arminia Bielefeld,Armin Eck,32,Left Midfield,Hessen Kassel,Loan,out,Winter,0,1 Bundesliga,1996,1996/1997
Arminia Bielefeld,Peter Hobday,35,Defensive Midfield,RW Essen,Free transfer,out,Winter,0,1 Bundesliga,1996,1996/1997
Arminia Bielefeld,Stefan Studtrucker,30,Centre-Forward,Hessen Kassel,?,out,Winter,NA,1 Bundesliga,1996,1996/1997
SV Werder Bremen,Torsten Frings,20,Defensive Midfield,Alem. Aachen,£90Th.,in,Winter,0.09,1 Bundesliga,1996,1996/1997
SV Werder Bremen,Havard Flo,26,Centre-Forward,Aarhus GF,?,in,Winter,NA,1 Bundesliga,1996,1996/1997
SV Werder Bremen,Björn Schierenbeck,22,Centre-Back,W. Bremen II,-,in,Winter,0,1 Bundesliga,1996,1996/1997
SV Werder Bremen,Rodolfo Cardoso,27,Attacking Midfield,Hamburger SV,Loan fee:£315Th.,out,Winter,0.315,1 Bundesliga,1996,1996/1997
SV Werder Bremen,Mirko Votava,40,Defensive Midfield,VfB Oldenburg,Free transfer,out,Winter,0,1 Bundesliga,1996,1996/1997
SV Werder Bremen,Júnior Baiano,26,Centre-Back,Flamengo,?,out,Winter,NA,1 Bundesliga,1996,1996/1997
