club_name,player_name,age,position,club_involved_name,fee,transfer_movement,transfer_period,fee_cleaned,league_name,year,season
NAC Breda,Peter Bosz,34,Right-Back,Hansa Rostock,Free transfer,in,Summer,0,Eredivisie,1998,1998/1999
NAC Breda,Peter Zoïs,20,Goalkeeper,South Melbourne,Free transfer,in,Summer,0,Eredivisie,1998,1998/1999
NAC Breda,Rick Versteeg,21,Central Midfield,VVGZ,?,in,Summer,NA,Eredivisie,1998,1998/1999
NAC Breda,Zé Filho,22,Forward,Standard Liège,?,in,Summer,NA,Eredivisie,1998,1998/1999
NAC Breda,Marc Frijters,20,Midfielder,RBC,?,in,Summer,NA,Eredivisie,1998,1998/1999
NAC Breda,Paulo Da Costa Tavares,19,Midfielder,Unknown,?,in,Summer,NA,Eredivisie,1998,1998/1999
NAC Breda,Peter Thomson,21,Forward,Lancaster City,?,in,Summer,NA,Eredivisie,1998,1998/1999
NAC Breda,Ahmed Kasmi,19,Midfielder,NAC Breda U19,-,in,Summer,0,Eredivisie,1998,1998/1999
NAC Breda,John Karelse,29,Goalkeeper,Newcastle,£1.08m,out,Summer,1.08,Eredivisie,1998,1998/1999
NAC Breda,Geert Brusselers,28,Central Midfield,Al-Nasr,£164Th.,out,Summer,0.164,Eredivisie,1998,1998/1999
NAC Breda,Michel van Zundert,20,Defender,RKC Waalwijk,Free transfer,out,Summer,0,Eredivisie,1998,1998/1999
NAC Breda,Kevin Van Dessel,19,Left Midfield,Genoa,?,out,Summer,NA,Eredivisie,1998,1998/1999
NAC Breda,Richard Roelofsen,28,Centre-Forward,De Graafschap,?,out,Summer,NA,Eredivisie,1998,1998/1999
NAC Breda,Ruud Brood,35,Midfielder,Retired,-,out,Summer,0,Eredivisie,1998,1998/1999
NAC Breda,Twan Scheepers,26,Centre-Forward,Cambuur L.,,out,Summer,NA,Eredivisie,1998,1998/1999
NAC Breda,Rade Bogdanovic,28,Centre-Forward,Atlético Madrid,"End of loanJun 30, 1998",out,Summer,0,Eredivisie,1998,1998/1999
De Graafschap Doetinchem,Purrel Fränkel,21,Left-Back,Telstar,Free transfer,in,Summer,0,Eredivisie,1998,1998/1999
De Graafschap Doetinchem,Sonny Silooy,34,Centre-Back,Arm. Bielefeld,Free transfer,in,Summer,0,Eredivisie,1998,1998/1999
De Graafschap Doetinchem,Marcel Keizer,29,Midfielder,Cambuur L.,Free transfer,in,Summer,0,Eredivisie,1998,1998/1999
De Graafschap Doetinchem,Jasper Ketting,21,Forward,Ajax Amateurs,Free transfer,in,Summer,0,Eredivisie,1998,1998/1999
De Graafschap Doetinchem,Maikel Haggeman,21,Forward,Unknown,?,in,Summer,NA,Eredivisie,1998,1998/1999
De Graafschap Doetinchem,Richard Roelofsen,28,Centre-Forward,NAC Breda,?,in,Summer,NA,Eredivisie,1998,1998/1999
De Graafschap Doetinchem,Jeroen Drenth,19,Defender,DZC '68,?,in,Summer,NA,Eredivisie,1998,1998/1999
De Graafschap Doetinchem,Ilker Zivali,18,Defender,Graafschap U19,-,in,Summer,0,Eredivisie,1998,1998/1999
De Graafschap Doetinchem,Willem Hupkes,18,Right Midfield,Graafschap U19,-,in,Summer,0,Eredivisie,1998,1998/1999
De Graafschap Doetinchem,Martijn Meerdink,21,Right Winger,De Graafs. U21,-,in,Summer,0,Eredivisie,1998,1998/1999
De Graafschap Doetinchem,Koen Baakman,18,Forward,Graafschap U19,-,in,Summer,0,Eredivisie,1998,1998/1999
De Graafschap Doetinchem,René Rabelink,18,Central Midfield,Graafschap U19,-,in,Summer,0,Eredivisie,1998,1998/1999
De Graafschap Doetinchem,Hans van de Haar,23,Centre-Forward,KFC Uerdingen,Loan,out,Summer,0,Eredivisie,1998,1998/1999
De Graafschap Doetinchem,Héctor Almandoz,30,Midfielder,Santa Cruz,?,out,Summer,NA,Eredivisie,1998,1998/1999
De Graafschap Doetinchem,Tom Kaak,20,Second Striker,Heracles Almelo,?,out,Summer,NA,Eredivisie,1998,1998/1999
De Graafschap Doetinchem,Maarten Kerkhof,23,Defender,Unknown,?,out,Summer,NA,Eredivisie,1998,1998/1999
De Graafschap Doetinchem,Virgil Breetveld,30,Centre-Forward,Excelsior,?,out,Summer,NA,Eredivisie,1998,1998/1999
De Graafschap Doetinchem,Reinder Hendriks,25,Centre-Back,Willem II,?,out,Summer,NA,Eredivisie,1998,1998/1999
De Graafschap Doetinchem,Ali Ibrahim,28,Centre-Forward,KRC Harelbeke,?,out,Summer,NA,Eredivisie,1998,1998/1999
De Graafschap Doetinchem,Ville Väisänen,21,Centre-Forward,Reipas Lahti,Loan,out,Summer,0,Eredivisie,1998,1998/1999
De Graafschap Doetinchem,Raymond Victoria,25,Central Midfield,Willem II,?,out,Summer,NA,Eredivisie,1998,1998/1999
De Graafschap Doetinchem,Robert Fuchs,23,Central Midfield,PSV Eindhoven,?,out,Summer,NA,Eredivisie,1998,1998/1999
Ajax Amsterdam,Giorgi Kinkladze,24,Attacking Midfield,Man City,£7.20m,in,Summer,7.2,Eredivisie,1998,1998/1999
Ajax Amsterdam,Wamberto,23,Right Winger,Standard Liège,?,in,Summer,NA,Eredivisie,1998,1998/1999
Ajax Amsterdam,Jesper Grönkjaer,20,Left Winger,Aalborg BK,?,in,Summer,NA,Eredivisie,1998,1998/1999
Ajax Amsterdam,Serge van den Ban,18,Goalkeeper,Ajax U19,-,in,Summer,0,Eredivisie,1998,1998/1999
Ajax Amsterdam,Kevin Bobson,17,Left Winger,Ajax U19,-,in,Summer,0,Eredivisie,1998,1998/1999
Ajax Amsterdam,Mariano Juan,22,Centre-Back,Racing Club,Loan,out,Summer,0,Eredivisie,1998,1998/1999
Ajax Amsterdam,Michael Laudrup,34,Attacking Midfield,Retired,-,out,Summer,0,Eredivisie,1998,1998/1999
Ajax Amsterdam,Froylán Ledezma,20,Centre-Forward,Ajax U21,-,out,Summer,0,Eredivisie,1998,1998/1999
Vitesse Arnhem,Kader Camara,16,Defensive Midfield,Atletico de Conakry,Free transfer,in,Summer,0,Eredivisie,1998,1998/1999
Vitesse Arnhem,Konstantinos Chaniotakis,29,Goalkeeper,OFI Crete,Free transfer,in,Summer,0,Eredivisie,1998,1998/1999
Vitesse Arnhem,Matthew Amoah,17,Centre-Forward,Ambassadors FC,?,in,Summer,NA,Eredivisie,1998,1998/1999
Vitesse Arnhem,Patrick Ax,18,Forward,FC Groningen,?,in,Summer,NA,Eredivisie,1998,1998/1999
Vitesse Arnhem,Darko Butorovic,28,Right-Back,FC Porto,Loan,in,Summer,0,Eredivisie,1998,1998/1999
Vitesse Arnhem,Theo Janssen,16,Central Midfield,Vitesse U19,-,in,Summer,0,Eredivisie,1998,1998/1999
Vitesse Arnhem,Riga Mustapha,16,Right Winger,Vitesse U19,-,in,Summer,0,Eredivisie,1998,1998/1999
Vitesse Arnhem,Martijn Kuiper,19,Centre-Back,RKC Waalwijk,"End of loanJun 30, 1998",in,Summer,0,Eredivisie,1998,1998/1999
Vitesse Arnhem,Yevgen Levchenko,20,Central Midfield,Helmond Sport,"End of loanJun 30, 1998",in,Summer,0,Eredivisie,1998,1998/1999
Vitesse Arnhem,Marko Perović,26,Attacking Midfield,Sporting Gijón,£540Th.,out,Summer,0.54,Eredivisie,1998,1998/1999
Vitesse Arnhem,Leo Koswal,22,Right Winger,TOP Oss,Free transfer,out,Summer,0,Eredivisie,1998,1998/1999
Vitesse Arnhem,Yevgen Levchenko,20,Central Midfield,Cambuur L.,Loan,out,Summer,0,Eredivisie,1998,1998/1999
Vitesse Arnhem,Edward Sturing,35,Right-Back,Retired,-,out,Summer,0,Eredivisie,1998,1998/1999
Vitesse Arnhem,Theo Bos,32,Centre-Back,Retired,-,out,Summer,0,Eredivisie,1998,1998/1999
Vitesse Arnhem,Abe Knoop,34,Goalkeeper,Retired,-,out,Summer,0,Eredivisie,1998,1998/1999
Sparta Rotterdam,Erik Tammer,29,Centre-Forward,Go Ahead Eagles,?,in,Summer,NA,Eredivisie,1998,1998/1999
Sparta Rotterdam,Anders Nielsen,25,Centre-Forward,PSV Eindhoven,?,in,Summer,NA,Eredivisie,1998,1998/1999
Sparta Rotterdam,Romeo Wouden,27,Left Winger,Tiburones Rojos,?,in,Summer,NA,Eredivisie,1998,1998/1999
Sparta Rotterdam,Dave Kastelein,22,Defender,Feyenoord U21,?,in,Summer,NA,Eredivisie,1998,1998/1999
Sparta Rotterdam,Nourdin Boukhari,18,Attacking Midfield,Sparta U19,-,in,Summer,0,Eredivisie,1998,1998/1999
Sparta Rotterdam,Arnoud Toet,20,Goalkeeper,Sparta U21,-,in,Summer,0,Eredivisie,1998,1998/1999
Sparta Rotterdam,Alex van Duijvenbode,23,Defender,RV & AV Sparta,-,in,Summer,0,Eredivisie,1998,1998/1999
Sparta Rotterdam,Dennis de Nooijer,29,Centre-Forward,Heerenveen,£961Th.,out,Summer,0.961,Eredivisie,1998,1998/1999
Sparta Rotterdam,Gérard de Nooijer,29,Centre-Back,Heerenveen,£961Th.,out,Summer,0.961,Eredivisie,1998,1998/1999
Sparta Rotterdam,Maikel Renfurm,21,Right Winger,NEC Nijmegen,Free transfer,out,Summer,0,Eredivisie,1998,1998/1999
Sparta Rotterdam,Gregg Berhalter,24,Centre-Back,Cambuur L.,Free transfer,out,Summer,0,Eredivisie,1998,1998/1999
Sparta Rotterdam,Jimmy Simons,28,Centre-Forward,FC Lisse,Free transfer,out,Summer,0,Eredivisie,1998,1998/1999
Sparta Rotterdam,Alfons Groenendijk,34,Defensive Midfield,FC Utrecht,?,out,Summer,NA,Eredivisie,1998,1998/1999
Sparta Rotterdam,Jerry Smith,25,Defender,Unknown,?,out,Summer,NA,Eredivisie,1998,1998/1999
Sparta Rotterdam,Darren Ferguson,27,Central Midfield,Wolves,"End of loanMay 1, 1999",out,Summer,0,Eredivisie,1998,1998/1999
NEC Nijmegen,Jack de Gier,29,Centre-Forward,Lierse SK,£135Th.,in,Summer,0.135,Eredivisie,1998,1998/1999
NEC Nijmegen,Maikel Renfurm,21,Right Winger,Sparta R.,Free transfer,in,Summer,0,Eredivisie,1998,1998/1999
NEC Nijmegen,Peter van Putten,18,Midfielder,VVV/Hel U19,?,in,Summer,NA,Eredivisie,1998,1998/1999
NEC Nijmegen,Hennie de Romijn,30,Left-Back,Dordrecht'90,?,in,Summer,NA,Eredivisie,1998,1998/1999
NEC Nijmegen,Mark Oosterhof,26,Right-Back,Cambuur L.,?,in,Summer,NA,Eredivisie,1998,1998/1999
NEC Nijmegen,Benito Kemble,29,Centre-Back,VVV-Venlo,?,in,Summer,NA,Eredivisie,1998,1998/1999
NEC Nijmegen,Jeffrey Leiwakabessy,17,Left-Back,NEC U19,-,in,Summer,0,Eredivisie,1998,1998/1999
NEC Nijmegen,Michael Hendriks,18,Midfielder,NECOss U21,-,in,Summer,0,Eredivisie,1998,1998/1999
NEC Nijmegen,Peter Hendriks,18,Centre-Back,NECOss U21,-,in,Summer,0,Eredivisie,1998,1998/1999
NEC Nijmegen,Jörg Sobiech,29,Left-Back,Stoke City,"End of loanJun 30, 1998",in,Summer,0,Eredivisie,1998,1998/1999
NEC Nijmegen,Jörg Sobiech,29,Left-Back,Twente FC,Free transfer,out,Summer,0,Eredivisie,1998,1998/1999
NEC Nijmegen,Daniel Nijhof,25,Centre-Back,Unknown,?,out,Summer,NA,Eredivisie,1998,1998/1999
NEC Nijmegen,Gert-Jan Wels,19,Midfielder,Unknown,?,out,Summer,NA,Eredivisie,1998,1998/1999
NEC Nijmegen,Marcel Lebbink,23,Centre-Back,Achilles '29,?,out,Summer,NA,Eredivisie,1998,1998/1999
NEC Nijmegen,Bob Pellen,21,Forward,Quick 1888,?,out,Summer,NA,Eredivisie,1998,1998/1999
NEC Nijmegen,Emiel van Eijkeren,30,Forward,FC Utrecht,?,out,Summer,NA,Eredivisie,1998,1998/1999
NEC Nijmegen,Oleg Putilo,24,Second Striker,Royal Cappellen,?,out,Summer,NA,Eredivisie,1998,1998/1999
NEC Nijmegen,Cees Lok,31,Centre-Back,Retired,-,out,Summer,0,Eredivisie,1998,1998/1999
NEC Nijmegen,Yassine Abdellaoui,23,Left Midfield,Willem II,,out,Summer,NA,Eredivisie,1998,1998/1999
Willem II Tilburg,Delano Hill,23,Centre-Back,RKC Waalwijk,£405Th.,in,Summer,0.405,Eredivisie,1998,1998/1999
Willem II Tilburg,Dennis Schulp,20,Central Midfield,FC Volendam,Free transfer,in,Summer,0,Eredivisie,1998,1998/1999
Willem II Tilburg,Erwin Hermes,28,Left Winger,Rijnsburgse B.,?,in,Summer,NA,Eredivisie,1998,1998/1999
Willem II Tilburg,Raymond Victoria,25,Central Midfield,De Graafschap,?,in,Summer,NA,Eredivisie,1998,1998/1999
Willem II Tilburg,Mariano Bombarda,25,Centre-Forward,FC Groningen,?,in,Summer,NA,Eredivisie,1998,1998/1999
Willem II Tilburg,Reinder Hendriks,25,Centre-Back,De Graafschap,?,in,Summer,NA,Eredivisie,1998,1998/1999
Willem II Tilburg,Frank van Kouwen,17,Centre-Back,Willem II U19,-,in,Summer,0,Eredivisie,1998,1998/1999
Willem II Tilburg,Jos van Nieuwstadt,18,Centre-Back,Willem II U19,-,in,Summer,0,Eredivisie,1998,1998/1999
Willem II Tilburg,Joris Mathijsen,18,Centre-Back,Willem II U19,-,in,Summer,0,Eredivisie,1998,1998/1999
Willem II Tilburg,Yassine Abdellaoui,23,Left Midfield,NEC Nijmegen,,in,Summer,NA,Eredivisie,1998,1998/1999
Willem II Tilburg,Clyde Wijnhard,24,Centre-Forward,Leeds,£1.89m,out,Summer,1.89,Eredivisie,1998,1998/1999
Willem II Tilburg,Joonas Kolkka,23,Right Winger,PSV Eindhoven,Free transfer,out,Summer,0,Eredivisie,1998,1998/1999
Willem II Tilburg,Fernando Derveld,21,Left-Back,Haarlem,Free transfer,out,Summer,0,Eredivisie,1998,1998/1999
Willem II Tilburg,Henry van der Vegt,26,Midfielder,Udinese,?,out,Summer,NA,Eredivisie,1998,1998/1999
Willem II Tilburg,Rudy Aerts,20,Defender,Telstar,?,out,Summer,NA,Eredivisie,1998,1998/1999
Willem II Tilburg,Ronald Rombouts,23,Midfielder,Eindhoven,?,out,Summer,NA,Eredivisie,1998,1998/1999
Willem II Tilburg,Taoufik Ameziane,20,Right-Back,AZ Alkmaar,?,out,Summer,NA,Eredivisie,1998,1998/1999
Fortuna Sittard,Wilfred Bouma,20,Left-Back,PSV Eindhoven,Loan,in,Summer,0,Eredivisie,1998,1998/1999
Fortuna Sittard,Jaromír Paciorek,18,Midfielder,Excelsior,Free transfer,in,Summer,0,Eredivisie,1998,1998/1999
Fortuna Sittard,Georges Tychon,17,Centre-Forward,Fortuna U19,-,in,Summer,0,Eredivisie,1998,1998/1999
Fortuna Sittard,Patrick Paauwe,22,Centre-Back,Feyenoord,?,out,Summer,NA,Eredivisie,1998,1998/1999
Fortuna Sittard,Roberto Lanckohr,28,Attacking Midfield,RKC Waalwijk,?,out,Summer,NA,Eredivisie,1998,1998/1999
Fortuna Sittard,Bart Meulenberg,22,Defensive Midfield,Alem. Aachen,?,out,Summer,NA,Eredivisie,1998,1998/1999
Fortuna Sittard,Fuat Usta,25,Central Midfield,Cambuur L.,?,out,Summer,NA,Eredivisie,1998,1998/1999
MVV Maastricht,Erik Korchagin,19,Centre-Forward,Saint-Étienne B,?,in,Summer,NA,Eredivisie,1998,1998/1999
MVV Maastricht,Michel Vonk,29,Centre-Back,Sheffield Utd.,?,in,Summer,NA,Eredivisie,1998,1998/1999
MVV Maastricht,Jerry Taihuttu,28,Centre-Forward,TOP Oss,?,in,Summer,NA,Eredivisie,1998,1998/1999
MVV Maastricht,Pim Moonen,21,Defender,Unknown,?,in,Summer,NA,Eredivisie,1998,1998/1999
MVV Maastricht,Huseyin Karapinar,20,Centre-Forward,Unknown,?,in,Summer,NA,Eredivisie,1998,1998/1999
MVV Maastricht,Joey Kruyntjens,18,Defender,Maastricht U19,-,in,Summer,0,Eredivisie,1998,1998/1999
MVV Maastricht,Quincy Elvira,19,Forward,MVV U21,-,in,Summer,0,Eredivisie,1998,1998/1999
MVV Maastricht,Marc Nygaard,21,Centre-Forward,Roda JC,£342Th.,out,Summer,0.342,Eredivisie,1998,1998/1999
MVV Maastricht,Bob Mulder,24,Midfielder,Veendam,Free transfer,out,Summer,0,Eredivisie,1998,1998/1999
MVV Maastricht,Wim Dusseldorp,37,Goalkeeper,Retired,-,out,Summer,0,Eredivisie,1998,1998/1999
MVV Maastricht,Mark Luijpers,27,Left-Back,Roda JC,"End of loanJun 30, 1998",out,Summer,0,Eredivisie,1998,1998/1999
MVV Maastricht,Wilfred Bouma,20,Left-Back,PSV Eindhoven,"End of loanJun 30, 1998",out,Summer,0,Eredivisie,1998,1998/1999
PSV Eindhoven,Ruud van Nistelrooy,22,Centre-Forward,Heerenveen,£6.30m,in,Summer,6.3,Eredivisie,1998,1998/1999
PSV Eindhoven,Jorginho Paulista,18,Left-Back,Palmeiras,£4.50m,in,Summer,4.5,Eredivisie,1998,1998/1999
PSV Eindhoven,Yuri Nikiforov,27,Centre-Back,Sporting Gijón,£2.43m,in,Summer,2.43,Eredivisie,1998,1998/1999
PSV Eindhoven,Davy Oyen,22,Left-Back,KRC Genk,£2.25m,in,Summer,2.25,Eredivisie,1998,1998/1999
PSV Eindhoven,Patrick Lodewijks,31,Goalkeeper,FC Groningen,£405Th.,in,Summer,0.405,Eredivisie,1998,1998/1999
PSV Eindhoven,Joonas Kolkka,23,Right Winger,Willem II,Free transfer,in,Summer,0,Eredivisie,1998,1998/1999
PSV Eindhoven,Abel Xavier,25,Right-Back,Real Oviedo,?,in,Summer,NA,Eredivisie,1998,1998/1999
PSV Eindhoven,Giorgi Gakhokidze,22,Left Winger,Spartak V-kavkaz,?,in,Summer,NA,Eredivisie,1998,1998/1999
PSV Eindhoven,Manoel,20,Centre-Forward,Internacional,?,in,Summer,NA,Eredivisie,1998,1998/1999
PSV Eindhoven,Theo Lucius,21,Defensive Midfield,FC Den Bosch,?,in,Summer,NA,Eredivisie,1998,1998/1999
PSV Eindhoven,Robert Fuchs,23,Central Midfield,De Graafschap,?,in,Summer,NA,Eredivisie,1998,1998/1999
PSV Eindhoven,Eidur Gudjohnsen,19,Centre-Forward,KR Reykjavík,"End of loanJul 20, 1998",in,Summer,0,Eredivisie,1998,1998/1999
PSV Eindhoven,Dennis Rommedahl,19,Right Winger,RKC Waalwijk,"End of loanJun 30, 1998",in,Summer,0,Eredivisie,1998,1998/1999
PSV Eindhoven,Wilfred Bouma,20,Left-Back,MVV Maastricht,"End of loanJun 30, 1998",in,Summer,0,Eredivisie,1998,1998/1999
PSV Eindhoven,Anders Nielsen,25,Centre-Forward,RKC Waalwijk,"End of loanJun 30, 1998",in,Summer,0,Eredivisie,1998,1998/1999
PSV Eindhoven,Björn van der Doelen,21,Central Midfield,Standard Liège,"End of loanJun 1, 1998",in,Summer,0,Eredivisie,1998,1998/1999
PSV Eindhoven,Jaap Stam,25,Centre-Back,Man Utd,£15.30m,out,Summer,15.3,Eredivisie,1998,1998/1999
PSV Eindhoven,Boudewijn Zenden,21,Left Winger,FC Barcelona,£10.80m,out,Summer,10.8,Eredivisie,1998,1998/1999
PSV Eindhoven,Arthur Numan,28,Left-Back,Rangers,£6.93m,out,Summer,6.93,Eredivisie,1998,1998/1999
PSV Eindhoven,Wim Jonk,31,Defensive Midfield,Sheff Wed,£2.52m,out,Summer,2.52,Eredivisie,1998,1998/1999
PSV Eindhoven,Phillip Cocu,27,Defensive Midfield,FC Barcelona,Free transfer,out,Summer,0,Eredivisie,1998,1998/1999
PSV Eindhoven,Niclas Jensen,23,Left-Back,FC Copenhagen,Free transfer,out,Summer,0,Eredivisie,1998,1998/1999
PSV Eindhoven,Peter Möller,26,Centre-Forward,Real Oviedo,Free transfer,out,Summer,0,Eredivisie,1998,1998/1999
PSV Eindhoven,Wilfred Bouma,20,Left-Back,Fortuna Sittard,Loan,out,Summer,0,Eredivisie,1998,1998/1999
PSV Eindhoven,Eidur Gudjohnsen,19,Centre-Forward,Bolton,Free transfer,out,Summer,0,Eredivisie,1998,1998/1999
PSV Eindhoven,Zeljko Petrovic,32,Right-Back,Urawa Reds,?,out,Summer,NA,Eredivisie,1998,1998/1999
PSV Eindhoven,Marc Degryse,32,Centre-Forward,KAA Gent,?,out,Summer,NA,Eredivisie,1998,1998/1999
PSV Eindhoven,Vampeta,24,Central Midfield,Corinthians,?,out,Summer,NA,Eredivisie,1998,1998/1999
PSV Eindhoven,Jan Willem van Ede,35,Goalkeeper,Haarlem,?,out,Summer,NA,Eredivisie,1998,1998/1999
PSV Eindhoven,Anders Nielsen,25,Centre-Forward,Sparta R.,?,out,Summer,NA,Eredivisie,1998,1998/1999
PSV Eindhoven,Rob Peijnenburg,21,Defender,PSV U21,-,out,Summer,0,Eredivisie,1998,1998/1999
Twente Enschede FC,Kurt Van De Paar,20,Attacking Midfield,RSC Anderlecht,£324Th.,in,Summer,0.324,Eredivisie,1998,1998/1999
Twente Enschede FC,Jörg Sobiech,29,Left-Back,NEC Nijmegen,Free transfer,in,Summer,0,Eredivisie,1998,1998/1999
Twente Enschede FC,Kenneth Veldhuis,18,Goalkeeper,Unknown,?,in,Summer,NA,Eredivisie,1998,1998/1999
Twente Enschede FC,Rahim Ouédraogo,17,Defender,FC Twente U19,-,in,Summer,0,Eredivisie,1998,1998/1999
Twente Enschede FC,Rik Platvoet,22,Centre-Forward,Emmen,"End of loanJun 1, 1998",in,Summer,0,Eredivisie,1998,1998/1999
Twente Enschede FC,Yuri Petrov,23,Centre-Forward,RKC Waalwijk,"End of loanJun 30, 1998",in,Summer,0,Eredivisie,1998,1998/1999
Twente Enschede FC,Nico-Jan Hoogma,29,Centre-Back,Hamburger SV,£900Th.,out,Summer,0.9,Eredivisie,1998,1998/1999
Twente Enschede FC,Yuri Petrov,24,Centre-Forward,RKC Waalwijk,Free transfer,out,Summer,0,Eredivisie,1998,1998/1999
Twente Enschede FC,Rab McKinnon,31,Left-Back,Heart of Midl.,?,out,Summer,NA,Eredivisie,1998,1998/1999
Twente Enschede FC,Arno Knapen,22,Right-Back,Heracles Almelo,?,out,Summer,NA,Eredivisie,1998,1998/1999
Twente Enschede FC,Ahmed Kandhai,20,Forward,Heracles Almelo,?,out,Summer,NA,Eredivisie,1998,1998/1999
Twente Enschede FC,Martijn Abbenhuës,24,Forward,FC Zwolle,?,out,Summer,NA,Eredivisie,1998,1998/1999
SC Heerenveen,Dennis de Nooijer,29,Centre-Forward,Sparta R.,£961Th.,in,Summer,0.961,Eredivisie,1998,1998/1999
SC Heerenveen,Gérard de Nooijer,29,Centre-Back,Sparta R.,£961Th.,in,Summer,0.961,Eredivisie,1998,1998/1999
SC Heerenveen,Daniel Jensen,19,Central Midfield,B.93,Free transfer,in,Summer,0,Eredivisie,1998,1998/1999
SC Heerenveen,Mile Krstev,19,Central Midfield,Athinaikos,?,in,Summer,NA,Eredivisie,1998,1998/1999
SC Heerenveen,Panu Toivonen,25,Goalkeeper,FC Haka,?,in,Summer,NA,Eredivisie,1998,1998/1999
SC Heerenveen,Godfrey Nwankpa,19,Centre-Back,Jasper United,?,in,Summer,NA,Eredivisie,1998,1998/1999
SC Heerenveen,Dionysius Sebwe,29,Defender,FC Utrecht,?,in,Summer,NA,Eredivisie,1998,1998/1999
SC Heerenveen,Marc van Eijk,16,Right Winger,Heerenveen U19,-,in,Summer,0,Eredivisie,1998,1998/1999
SC Heerenveen,Romano Denneboom,17,Right Winger,Heerenveen U19,-,in,Summer,0,Eredivisie,1998,1998/1999
SC Heerenveen,Jacob de Vries,18,Goalkeeper,Heerenveen U19,-,in,Summer,0,Eredivisie,1998,1998/1999
SC Heerenveen,Ruud van Nistelrooy,22,Centre-Forward,PSV Eindhoven,£6.30m,out,Summer,6.3,Eredivisie,1998,1998/1999
SC Heerenveen,Roberto Straal,31,Defender,Arm. Bielefeld,?,out,Summer,NA,Eredivisie,1998,1998/1999
SC Heerenveen,David Damman,21,Defender,KSK Beveren,Loan,out,Summer,0,Eredivisie,1998,1998/1999
SC Heerenveen,Ardon de Waard,21,Midfielder,Telstar,?,out,Summer,NA,Eredivisie,1998,1998/1999
SC Heerenveen,Brian Meyninger,19,Centre-Forward,Veendam,Loan,out,Summer,0,Eredivisie,1998,1998/1999
SC Heerenveen,Börre Meinseth,31,Right-Back,Retired,-,out,Summer,0,Eredivisie,1998,1998/1999
RKC Waalwijk,Virgilio Teixeira,24,Centre-Back,ADO Den Haag,Free transfer,in,Summer,0,Eredivisie,1998,1998/1999
RKC Waalwijk,Michel van Zundert,20,Defender,NAC Breda,Free transfer,in,Summer,0,Eredivisie,1998,1998/1999
RKC Waalwijk,Yuri Petrov,24,Centre-Forward,Twente FC,Free transfer,in,Summer,0,Eredivisie,1998,1998/1999
RKC Waalwijk,Garry De Graef,23,Left-Back,TOP Oss,Free transfer,in,Summer,0,Eredivisie,1998,1998/1999
RKC Waalwijk,Leeroy Echteld,30,Attacking Midfield,AZ Alkmaar,?,in,Summer,NA,Eredivisie,1998,1998/1999
RKC Waalwijk,Tim Cornelisse,20,Right-Back,RSC Anderlecht,Loan,in,Summer,0,Eredivisie,1998,1998/1999
RKC Waalwijk,Santinho Lopes Monteiro,19,Right Winger,Unknown,?,in,Summer,NA,Eredivisie,1998,1998/1999
RKC Waalwijk,Maarten Schops,22,Defensive Midfield,Roda JC,?,in,Summer,NA,Eredivisie,1998,1998/1999
RKC Waalwijk,Leon van Nieuwkerk,23,Forward,FC Utrecht,?,in,Summer,NA,Eredivisie,1998,1998/1999
RKC Waalwijk,Ruud van der Velden,21,Defender,Unknown,?,in,Summer,NA,Eredivisie,1998,1998/1999
RKC Waalwijk,Richard Beekink,26,Midfielder,FC Utrecht,?,in,Summer,NA,Eredivisie,1998,1998/1999
RKC Waalwijk,Roberto Lanckohr,28,Attacking Midfield,Fortuna Sittard,?,in,Summer,NA,Eredivisie,1998,1998/1999
RKC Waalwijk,Ron Heesakkers,19,Centre-Forward,RKC U19,-,in,Summer,0,Eredivisie,1998,1998/1999
RKC Waalwijk,Wout van Steenveldt,18,Attacking Midfield,Vitesse U19,,in,Summer,NA,Eredivisie,1998,1998/1999
RKC Waalwijk,Delano Hill,23,Centre-Back,Willem II,£405Th.,out,Summer,0.405,Eredivisie,1998,1998/1999
RKC Waalwijk,Patrick Van Diemen,26,Defensive Midfield,RSC Anderlecht,Free transfer,out,Summer,0,Eredivisie,1998,1998/1999
RKC Waalwijk,Johan Garrelfs,33,Goalkeeper,Unknown,?,out,Summer,NA,Eredivisie,1998,1998/1999
RKC Waalwijk,John Lammers,34,Centre-Forward,RBC,?,out,Summer,NA,Eredivisie,1998,1998/1999
RKC Waalwijk,Miodrag Bozovic,30,Defender,Avispa Fukuoka,?,out,Summer,NA,Eredivisie,1998,1998/1999
RKC Waalwijk,Chidi Nwanu,31,Centre-Back,Retired,-,out,Summer,0,Eredivisie,1998,1998/1999
RKC Waalwijk,Leon Hutten,35,Right-Back,Retired,-,out,Summer,0,Eredivisie,1998,1998/1999
RKC Waalwijk,Dennis Rommedahl,19,Right Winger,PSV Eindhoven,"End of loanJun 30, 1998",out,Summer,0,Eredivisie,1998,1998/1999
RKC Waalwijk,Martijn Kuiper,19,Centre-Back,Vitesse,"End of loanJun 30, 1998",out,Summer,0,Eredivisie,1998,1998/1999
RKC Waalwijk,Yuri Petrov,23,Centre-Forward,Twente FC,"End of loanJun 30, 1998",out,Summer,0,Eredivisie,1998,1998/1999
RKC Waalwijk,Anders Nielsen,25,Centre-Forward,PSV Eindhoven,"End of loanJun 30, 1998",out,Summer,0,Eredivisie,1998,1998/1999
RKC Waalwijk,Maarten Schops,22,Defensive Midfield,Roda JC,"End of loanJun 30, 1998",out,Summer,0,Eredivisie,1998,1998/1999
Feyenoord Rotterdam,Jon Dahl Tomasson,21,Centre-Forward,Newcastle,£2.88m,in,Summer,2.88,Eredivisie,1998,1998/1999
Feyenoord Rotterdam,Brian Pinas,19,Left Winger,Newcastle,Free transfer,in,Summer,0,Eredivisie,1998,1998/1999
Feyenoord Rotterdam,Patrick Paauwe,22,Centre-Back,Fortuna Sittard,?,in,Summer,NA,Eredivisie,1998,1998/1999
Feyenoord Rotterdam,Tininho,20,Left Midfield,Unknown,?,in,Summer,NA,Eredivisie,1998,1998/1999
Feyenoord Rotterdam,Peter van Vossen,30,Left Winger,Rangers,?,in,Summer,NA,Eredivisie,1998,1998/1999
Feyenoord Rotterdam,David Connolly,21,Centre-Forward,Wolves,"End of loanMay 1, 1999",in,Summer,0,Eredivisie,1998,1998/1999
Feyenoord Rotterdam,René van Dieren,17,Defensive Midfield,Feyenoord U19,-,in,Summer,0,Eredivisie,1998,1998/1999
Feyenoord Rotterdam,Ronald Graafland,19,Goalkeeper,Feyenoord U19,-,in,Summer,0,Eredivisie,1998,1998/1999
Feyenoord Rotterdam,Christian Gyan,19,Right-Back,Excelsior,"End of loanJun 30, 1998",in,Summer,0,Eredivisie,1998,1998/1999
Feyenoord Rotterdam,Giovanni van Bronckhorst,23,Left-Back,Rangers,£6.75m,out,Summer,6.75,Eredivisie,1998,1998/1999
Feyenoord Rotterdam,Ellery Cairo,19,Right Winger,Excelsior,Loan,out,Summer,0,Eredivisie,1998,1998/1999
Feyenoord Rotterdam,Zsolt Petry,31,Goalkeeper,E. Frankfurt,Loan,out,Summer,0,Eredivisie,1998,1998/1999
Feyenoord Rotterdam,David Connolly,21,Centre-Forward,Wolves,Loan,out,Summer,0,Eredivisie,1998,1998/1999
Feyenoord Rotterdam,Geoffrey Claeys,23,Centre-Back,RSC Anderlecht,?,out,Summer,NA,Eredivisie,1998,1998/1999
FC Utrecht,Patrick Zwaanswijk,23,Centre-Back,Ajax U21,Free transfer,in,Summer,0,Eredivisie,1998,1998/1999
FC Utrecht,Jamie Forrester,24,Left Winger,Scunthorpe Utd.,Free transfer,in,Summer,0,Eredivisie,1998,1998/1999
FC Utrecht,Leon Kantelberg,19,Left Winger,Helmond Sport,Free transfer,in,Summer,0,Eredivisie,1998,1998/1999
FC Utrecht,Henny van Schoonhoven,27,Centre-Back,Elinkwijk,Free transfer,in,Summer,0,Eredivisie,1998,1998/1999
FC Utrecht,Dirk Kuyt,17,Right Winger,Quick Boys U19,Free transfer,in,Summer,0,Eredivisie,1998,1998/1999
FC Utrecht,Etienne Shew-Atjon,23,Left-Back,Rozenburg,Free transfer,in,Summer,0,Eredivisie,1998,1998/1999
FC Utrecht,John O'Brien,20,Defensive Midfield,Ajax U21,Loan,in,Summer,0,Eredivisie,1998,1998/1999
FC Utrecht,Frank Kooiman,28,Goalkeeper,VVV-Venlo,?,in,Summer,NA,Eredivisie,1998,1998/1999
FC Utrecht,Ruud Berger,18,Attacking Midfield,Houten,?,in,Summer,NA,Eredivisie,1998,1998/1999
FC Utrecht,Alfons Groenendijk,34,Defensive Midfield,Sparta R.,?,in,Summer,NA,Eredivisie,1998,1998/1999
FC Utrecht,Emiel van Eijkeren,30,Forward,NEC Nijmegen,?,in,Summer,NA,Eredivisie,1998,1998/1999
FC Utrecht,Hendrik van Beelen,18,Attacking Midfield,Quick Boys,?,in,Summer,NA,Eredivisie,1998,1998/1999
FC Utrecht,Jordy Zuidam,17,Defensive Midfield,FC Utrecht U19,-,in,Summer,0,Eredivisie,1998,1998/1999
FC Utrecht,Rudy Jansen,19,Centre-Back,FC Utrecht U19,-,in,Summer,0,Eredivisie,1998,1998/1999
FC Utrecht,Dennis van der Steen,22,Right Midfield,Elinkwijk,Free transfer,out,Summer,0,Eredivisie,1998,1998/1999
FC Utrecht,Errol Refos,28,Centre-Back,Telstar,Free transfer,out,Summer,0,Eredivisie,1998,1998/1999
FC Utrecht,Rudy Jansen,19,Centre-Back,Heracles Almelo,Loan,out,Summer,0,Eredivisie,1998,1998/1999
FC Utrecht,Dionysius Sebwe,29,Defender,Heerenveen,?,out,Summer,NA,Eredivisie,1998,1998/1999
FC Utrecht,Leon van Nieuwkerk,23,Forward,RKC Waalwijk,?,out,Summer,NA,Eredivisie,1998,1998/1999
FC Utrecht,Harald Wapenaar,28,Goalkeeper,Udinese,?,out,Summer,NA,Eredivisie,1998,1998/1999
FC Utrecht,Richard Beekink,26,Midfielder,RKC Waalwijk,?,out,Summer,NA,Eredivisie,1998,1998/1999
FC Utrecht,John van Loen,33,Centre-Forward,APOEL Nicosia,?,out,Summer,NA,Eredivisie,1998,1998/1999
FC Utrecht,Ferdino Hernández,27,Left Winger,AZ Alkmaar,?,out,Summer,NA,Eredivisie,1998,1998/1999
FC Utrecht,Dries Boussatta,25,Right Winger,AZ Alkmaar,?,out,Summer,NA,Eredivisie,1998,1998/1999
FC Utrecht,Elroy Asmus,24,Right-Back,Heracles Almelo,?,out,Summer,NA,Eredivisie,1998,1998/1999
FC Utrecht,René van den Brink,32,Forward,Retired,-,out,Summer,0,Eredivisie,1998,1998/1999
FC Utrecht,René Stam,33,Goalkeeper,Retired,-,out,Summer,0,Eredivisie,1998,1998/1999
FC Utrecht,Rob Witschge,31,Left Midfield,Without Club,-,out,Summer,0,Eredivisie,1998,1998/1999
FC Utrecht,Scott Booth,26,Centre-Forward,Bor. Dortmund,"End of loanJun 30, 1998",out,Summer,0,Eredivisie,1998,1998/1999
Roda JC Kerkrade,Marc Nygaard,21,Centre-Forward,MVV Maastricht,£342Th.,in,Summer,0.342,Eredivisie,1998,1998/1999
Roda JC Kerkrade,Gunnar Einarsson,22,Defender,VVV-Venlo,?,in,Summer,NA,Eredivisie,1998,1998/1999
Roda JC Kerkrade,Zeljko Kalac,25,Goalkeeper,Sydney United,?,in,Summer,NA,Eredivisie,1998,1998/1999
Roda JC Kerkrade,Stephan Van Der Heyden,28,Left Midfield,LOSC Lille,?,in,Summer,NA,Eredivisie,1998,1998/1999
Roda JC Kerkrade,Fatih Sonkaya,17,Right-Back,Roda JC U19,-,in,Summer,0,Eredivisie,1998,1998/1999
Roda JC Kerkrade,Mark Luijpers,27,Left-Back,MVV Maastricht,"End of loanJun 30, 1998",in,Summer,0,Eredivisie,1998,1998/1999
Roda JC Kerkrade,Maarten Schops,22,Defensive Midfield,RKC Waalwijk,"End of loanJun 30, 1998",in,Summer,0,Eredivisie,1998,1998/1999
Roda JC Kerkrade,Jörg Kässmann,29,Goalkeeper,VfB Gießen,Free transfer,out,Summer,0,Eredivisie,1998,1998/1999
Roda JC Kerkrade,Nikola Damjanac,26,Goalkeeper,Partizan,?,out,Summer,NA,Eredivisie,1998,1998/1999
Roda JC Kerkrade,Arie Obdam,25,Forward,FC Volendam,?,out,Summer,NA,Eredivisie,1998,1998/1999
Roda JC Kerkrade,Rastislav Mores,22,Midfielder,Petrzalka,?,out,Summer,NA,Eredivisie,1998,1998/1999
Roda JC Kerkrade,Maarten Schops,22,Defensive Midfield,RKC Waalwijk,?,out,Summer,NA,Eredivisie,1998,1998/1999
Roda JC Kerkrade,René Trost,33,Left-Back,Retired,-,out,Summer,0,Eredivisie,1998,1998/1999
Cambuur-Leeuwarden bvo,Gregg Berhalter,24,Centre-Back,Sparta R.,Free transfer,in,Summer,0,Eredivisie,1998,1998/1999
Cambuur-Leeuwarden bvo,Danny Muller,28,Attacking Midfield,Royal Antwerp,?,in,Summer,NA,Eredivisie,1998,1998/1999
Cambuur-Leeuwarden bvo,Dominik Vergoossen,26,Centre-Back,Helmond Sport,?,in,Summer,NA,Eredivisie,1998,1998/1999
Cambuur-Leeuwarden bvo,Kenan Durmusoglu,25,Defensive Midfield,AZ Alkmaar,Loan,in,Summer,0,Eredivisie,1998,1998/1999
Cambuur-Leeuwarden bvo,Fuat Usta,25,Central Midfield,Fortuna Sittard,?,in,Summer,NA,Eredivisie,1998,1998/1999
Cambuur-Leeuwarden bvo,René Jansen,26,Goalkeeper,Unknown,?,in,Summer,NA,Eredivisie,1998,1998/1999
Cambuur-Leeuwarden bvo,Maickel Ferrier,22,Centre-Back,Salernitana,?,in,Summer,NA,Eredivisie,1998,1998/1999
Cambuur-Leeuwarden bvo,Yevgen Levchenko,20,Central Midfield,Vitesse,Loan,in,Summer,0,Eredivisie,1998,1998/1999
Cambuur-Leeuwarden bvo,Twan Scheepers,26,Centre-Forward,NAC Breda,,in,Summer,NA,Eredivisie,1998,1998/1999
Cambuur-Leeuwarden bvo,Harvey Esajas,24,Defender,Dordrecht'90,Free transfer,out,Summer,0,Eredivisie,1998,1998/1999
Cambuur-Leeuwarden bvo,Marcel Keizer,29,Midfielder,De Graafschap,Free transfer,out,Summer,0,Eredivisie,1998,1998/1999
Cambuur-Leeuwarden bvo,Walter Smak,30,Defender,Unknown,?,out,Summer,NA,Eredivisie,1998,1998/1999
Cambuur-Leeuwarden bvo,Mark Oosterhof,26,Right-Back,NEC Nijmegen,?,out,Summer,NA,Eredivisie,1998,1998/1999
Cambuur-Leeuwarden bvo,Harry van der Laan,34,Centre-Forward,FC Den Bosch,?,out,Summer,NA,Eredivisie,1998,1998/1999
Cambuur-Leeuwarden bvo,Gregory Playfair,24,Midfielder,Retired,-,out,Summer,0,Eredivisie,1998,1998/1999
AZ Alkmaar,Rick Hooijboer,23,Centre-Back,Hollandia,Free transfer,in,Summer,0,Eredivisie,1998,1998/1999
AZ Alkmaar,Okey Achonu,20,Goalkeeper,Go Ahead Eagles,Free transfer,in,Summer,0,Eredivisie,1998,1998/1999
AZ Alkmaar,Abdelkrim El Hadrioui,26,Left-Back,Benfica,Loan,in,Summer,0,Eredivisie,1998,1998/1999
AZ Alkmaar,Taoufik Ameziane,20,Right-Back,Willem II,?,in,Summer,NA,Eredivisie,1998,1998/1999
AZ Alkmaar,Youssef Fertout,27,Centre-Forward,Belenenses SAD,?,in,Summer,NA,Eredivisie,1998,1998/1999
AZ Alkmaar,Fahad Al Ghesheyan,24,Forward,Hilal,Loan,in,Summer,0,Eredivisie,1998,1998/1999
AZ Alkmaar,Elbekay Bouchiba,19,Attacking Midfield,Willem II U21,?,in,Summer,NA,Eredivisie,1998,1998/1999
AZ Alkmaar,Ferdino Hernández,27,Left Winger,FC Utrecht,?,in,Summer,NA,Eredivisie,1998,1998/1999
AZ Alkmaar,Canigia,19,Left Winger,Desportiva-ES,?,in,Summer,NA,Eredivisie,1998,1998/1999
AZ Alkmaar,Dries Boussatta,25,Right Winger,FC Utrecht,?,in,Summer,NA,Eredivisie,1998,1998/1999
AZ Alkmaar,Ariel Rosada,20,Defensive Midfield,Boca Juniors,Loan,in,Summer,0,Eredivisie,1998,1998/1999
AZ Alkmaar,Hans van der Woude,18,Attacking Midfield,AZ Alkmaar U19,-,in,Summer,0,Eredivisie,1998,1998/1999
AZ Alkmaar,Kenan Durmusoglu,25,Defensive Midfield,Heracles,"End of loanJun 1, 1998",in,Summer,0,Eredivisie,1998,1998/1999
AZ Alkmaar,Rivallino Sleur,22,Defender,Austria/VSV,Free transfer,out,Summer,0,Eredivisie,1998,1998/1999
AZ Alkmaar,Hans Gillhaus,34,Centre-Forward,FF Jaro,Free transfer,out,Summer,0,Eredivisie,1998,1998/1999
AZ Alkmaar,Melvin Donleben,22,Midfielder,Heracles Almelo,?,out,Summer,NA,Eredivisie,1998,1998/1999
AZ Alkmaar,Victor Konwlo,23,Forward,Paços Ferreira,?,out,Summer,NA,Eredivisie,1998,1998/1999
AZ Alkmaar,Kenan Durmusoglu,25,Defensive Midfield,Cambuur L.,Loan,out,Summer,0,Eredivisie,1998,1998/1999
AZ Alkmaar,Leeroy Echteld,30,Attacking Midfield,RKC Waalwijk,?,out,Summer,NA,Eredivisie,1998,1998/1999
AZ Alkmaar,Michael Obiku,30,Centre-Forward,Without Club,-,out,Summer,0,Eredivisie,1998,1998/1999
AZ Alkmaar,Jan Nederburgh,40,Goalkeeper,Retired,,out,Summer,NA,Eredivisie,1998,1998/1999
NAC Breda,Michael Hansen,27,Central Midfield,Odense BK,?,in,Winter,NA,Eredivisie,1998,1998/1999
NAC Breda,Dmitri Shukov,23,Left Midfield,Vitesse,Loan,in,Winter,0,Eredivisie,1998,1998/1999
NAC Breda,Robert van der Weert,28,Centre-Forward,AZ Alkmaar,Loan,in,Winter,0,Eredivisie,1998,1998/1999
NAC Breda,Clemens Zwijnenberg,28,Right-Back,Twente FC,Loan,in,Winter,0,Eredivisie,1998,1998/1999
NAC Breda,Jeong-yun No,27,Centre-Forward,Cerezo Osaka,?,out,Winter,NA,Eredivisie,1998,1998/1999
NAC Breda,Mustafa Aksit,21,Defensive Midfield,Denizlispor,?,out,Winter,NA,Eredivisie,1998,1998/1999
NAC Breda,Glenn Helder,30,Left Winger,DL Wanda Shide,?,out,Winter,NA,Eredivisie,1998,1998/1999
De Graafschap Doetinchem,Hazem Emam,23,Attacking Midfield,Udinese,Loan,in,Winter,0,Eredivisie,1998,1998/1999
De Graafschap Doetinchem,Dennis den Turk,29,Right Midfield,AZ Alkmaar,?,in,Winter,NA,Eredivisie,1998,1998/1999
De Graafschap Doetinchem,Héctor Almandoz,29,Midfielder,Maccabi Haifa,?,in,Winter,NA,Eredivisie,1998,1998/1999
De Graafschap Doetinchem,René Bot,20,Right-Back,Feyenoord,Loan,in,Winter,0,Eredivisie,1998,1998/1999
De Graafschap Doetinchem,Rody Turpijn,20,Left Midfield,Ajax,?,in,Winter,NA,Eredivisie,1998,1998/1999
De Graafschap Doetinchem,Elijah Louhenapessy,22,Defensive Midfield,Udinese,Loan,in,Winter,0,Eredivisie,1998,1998/1999
De Graafschap Doetinchem,Ville Väisänen,21,Centre-Forward,Reipas Lahti,"End of loanDec 31, 1998",in,Winter,0,Eredivisie,1998,1998/1999
De Graafschap Doetinchem,Fabian Wilnis,28,Right-Back,Ipswich,£270Th.,out,Winter,0.27,Eredivisie,1998,1998/1999
De Graafschap Doetinchem,Hans van de Haar,23,Centre-Forward,KFC Uerdingen,Loan,out,Winter,0,Eredivisie,1998,1998/1999
De Graafschap Doetinchem,Ville Väisänen,21,Centre-Forward,Tampere United,Loan,out,Winter,0,Eredivisie,1998,1998/1999
De Graafschap Doetinchem,Frank Lukassen,31,Defensive Midfield,Heracles Almelo,?,out,Winter,NA,Eredivisie,1998,1998/1999
De Graafschap Doetinchem,Robert Fuchs,23,Central Midfield,PSV Eindhoven,?,out,Winter,NA,Eredivisie,1998,1998/1999
Ajax Amsterdam,Ferdi Vierklau,25,Right-Back,CD Tenerife,?,in,Winter,NA,Eredivisie,1998,1998/1999
Ajax Amsterdam,Ronald de Boer,28,Right Winger,FC Barcelona,£6.75m,out,Winter,6.75,Eredivisie,1998,1998/1999
Ajax Amsterdam,Frank de Boer,28,Centre-Back,FC Barcelona,£6.75m,out,Winter,6.75,Eredivisie,1998,1998/1999
Ajax Amsterdam,Rody Turpijn,20,Left Midfield,De Graafschap,?,out,Winter,NA,Eredivisie,1998,1998/1999
Vitesse Arnhem,Scott Booth,26,Centre-Forward,Bor. Dortmund,?,in,Winter,NA,Eredivisie,1998,1998/1999
Vitesse Arnhem,Dmitri Shukov,23,Left Midfield,NAC Breda,Loan,out,Winter,0,Eredivisie,1998,1998/1999
Vitesse Arnhem,Willem Korsten,23,Left Winger,Leeds,Loan,out,Winter,0,Eredivisie,1998,1998/1999
Vitesse Arnhem,Yevgen Levchenko,20,Central Midfield,Cambuur L.,Loan,out,Winter,0,Eredivisie,1998,1998/1999
Vitesse Arnhem,Jochem van der Hoeven,23,Centre-Back,Sparta R.,?,out,Winter,NA,Eredivisie,1998,1998/1999
Sparta Rotterdam,Darren Ferguson,26,Central Midfield,Wolves,Loan,in,Winter,0,Eredivisie,1998,1998/1999
Sparta Rotterdam,Ali Elkhattabi,22,Centre-Forward,Heerenveen,£10Th.,in,Winter,0.01,Eredivisie,1998,1998/1999
Sparta Rotterdam,Jochem van der Hoeven,23,Centre-Back,Vitesse,?,in,Winter,NA,Eredivisie,1998,1998/1999
Sparta Rotterdam,Mourad Mghizrat,24,Midfielder,FC Utrecht,Loan,out,Winter,0,Eredivisie,1998,1998/1999
Sparta Rotterdam,Gert Aandewiel,29,Defensive Midfield,Dordrecht'90,Loan,out,Winter,0,Eredivisie,1998,1998/1999
NEC Nijmegen,Oleg Putilo,24,Second Striker,Royal Cappellen,?,out,Winter,NA,Eredivisie,1998,1998/1999
NEC Nijmegen,Benito Kemble,30,Centre-Back,Eindhoven,Loan,out,Winter,0,Eredivisie,1998,1998/1999
Willem II Tilburg,Jukka Koskinen,26,Left-Back,Anyang LG Cheeta,£990Th.,out,Winter,0.99,Eredivisie,1998,1998/1999
Willem II Tilburg,István Szekér,28,Centre-Back,MTK Hungária,?,out,Winter,NA,Eredivisie,1998,1998/1999
Willem II Tilburg,Marco Heering,28,Right Winger,Fortuna Sittard,,out,Winter,NA,Eredivisie,1998,1998/1999
Fortuna Sittard,Wim Kiekens,30,Right-Back,Royal Antwerp,?,in,Winter,NA,Eredivisie,1998,1998/1999
Fortuna Sittard,Marco Heering,28,Right Winger,Willem II,,in,Winter,NA,Eredivisie,1998,1998/1999
Fortuna Sittard,Ronald Dassen,23,Defender,Helmond Sport,Loan,out,Winter,0,Eredivisie,1998,1998/1999
Fortuna Sittard,Mark Burke,29,Midfielder,Omiya Ardija,?,out,Winter,NA,Eredivisie,1998,1998/1999
Fortuna Sittard,Jürgen Dirkx,23,Centre-Back,PSV Eindhoven,?,out,Winter,NA,Eredivisie,1998,1998/1999
MVV Maastricht,Jerry Taihuttu,28,Centre-Forward,Helmond Sport,?,out,Winter,NA,Eredivisie,1998,1998/1999
MVV Maastricht,Gunnar Einarsson,22,Defender,VVV-Venlo,?,out,Winter,NA,Eredivisie,1998,1998/1999
MVV Maastricht,Alami Ahannach,29,Central Midfield,Telstar,Loan,out,Winter,0,Eredivisie,1998,1998/1999
PSV Eindhoven,Marcos,23,Centre-Back,Rio Ave FC,?,in,Winter,NA,Eredivisie,1998,1998/1999
PSV Eindhoven,Robert Fuchs,23,Central Midfield,De Graafschap,?,in,Winter,NA,Eredivisie,1998,1998/1999
PSV Eindhoven,Jürgen Dirkx,23,Centre-Back,Fortuna Sittard,?,in,Winter,NA,Eredivisie,1998,1998/1999
PSV Eindhoven,Sergey Temryukov,20,Centre-Back,Dynamo Moscow,Loan,out,Winter,0,Eredivisie,1998,1998/1999
PSV Eindhoven,Cláudio,19,Centre-Forward,EC Vitória,Loan,out,Winter,0,Eredivisie,1998,1998/1999
Twente Enschede FC,Spira Grujic,27,Sweeper,RSC Anderlecht,£324Th.,in,Winter,0.324,Eredivisie,1998,1998/1999
Twente Enschede FC,Andreas Augustsson,22,Centre-Back,Vålerenga,Free transfer,out,Winter,0,Eredivisie,1998,1998/1999
Twente Enschede FC,Ansar Ayupov,26,Central Midfield,Dynamo Moscow,?,out,Winter,NA,Eredivisie,1998,1998/1999
Twente Enschede FC,Clemens Zwijnenberg,28,Right-Back,NAC Breda,Loan,out,Winter,0,Eredivisie,1998,1998/1999
SC Heerenveen,Ali Elkhattabi,22,Centre-Forward,Sparta R.,£10Th.,out,Winter,0.01,Eredivisie,1998,1998/1999
SC Heerenveen,Meindert Postma,21,Midfielder,Veendam,Loan,out,Winter,0,Eredivisie,1998,1998/1999
SC Heerenveen,Khalid Sinouh,23,Goalkeeper,RKC Waalwijk,?,out,Winter,NA,Eredivisie,1998,1998/1999
RKC Waalwijk,Rick Hoogendorp,23,Centre-Forward,Dordrecht'90,£409Th.,in,Winter,0.409,Eredivisie,1998,1998/1999
RKC Waalwijk,Dejan Govedarica,29,Central Midfield,Lecce,Free transfer,in,Winter,0,Eredivisie,1998,1998/1999
RKC Waalwijk,David Nascimento,32,Centre-Back,FC Utrecht,Free transfer,in,Winter,0,Eredivisie,1998,1998/1999
RKC Waalwijk,Bas Dreef,19,Midfielder,Ajax U21,Free transfer,in,Winter,0,Eredivisie,1998,1998/1999
RKC Waalwijk,Khalid Sinouh,23,Goalkeeper,Heerenveen,?,in,Winter,NA,Eredivisie,1998,1998/1999
RKC Waalwijk,Richard Beekink,27,Midfielder,Cambuur L.,Loan,out,Winter,0,Eredivisie,1998,1998/1999
RKC Waalwijk,Santinho Lopes Monteiro,19,Right Winger,RBC,Loan,out,Winter,0,Eredivisie,1998,1998/1999
RKC Waalwijk,Michel van Zundert,20,Defender,RBC,Loan,out,Winter,0,Eredivisie,1998,1998/1999
Feyenoord Rotterdam,Ellery Cairo,20,Right Winger,Excelsior,"End of loanFeb 25, 1999",in,Winter,0,Eredivisie,1998,1998/1999
Feyenoord Rotterdam,Giorgi Demetradze,22,Centre-Forward,Spartak V-kavkaz,£1.08m,out,Winter,1.08,Eredivisie,1998,1998/1999
Feyenoord Rotterdam,Bernard Schuiteman,25,Centre-Back,FC Utrecht,Loan fee:£135Th.,out,Winter,0.135,Eredivisie,1998,1998/1999
Feyenoord Rotterdam,Pablo Sánchez,26,Attacking Midfield,Alavés,Loan,out,Winter,0,Eredivisie,1998,1998/1999
Feyenoord Rotterdam,René Bot,20,Right-Back,De Graafschap,Loan,out,Winter,0,Eredivisie,1998,1998/1999
Feyenoord Rotterdam,Fernando Picún,26,Centre-Back,Defensor,Loan,out,Winter,0,Eredivisie,1998,1998/1999
FC Utrecht,Bernard Schuiteman,25,Centre-Back,Feyenoord,Loan fee:£135Th.,in,Winter,0.135,Eredivisie,1998,1998/1999
FC Utrecht,Kostas Kosta,29,Defender,APOEL Nicosia,Free transfer,in,Winter,0,Eredivisie,1998,1998/1999
FC Utrecht,Mourad Mghizrat,24,Midfielder,Sparta R.,Loan,in,Winter,0,Eredivisie,1998,1998/1999
FC Utrecht,Didier Martel,27,Forward,Paris SG,Free transfer,in,Winter,0,Eredivisie,1998,1998/1999
FC Utrecht,Costas Costa,29,Defensive Midfield,APOEL Nicosia,?,in,Winter,NA,Eredivisie,1998,1998/1999
FC Utrecht,David Nascimento,32,Centre-Back,RKC Waalwijk,Free transfer,out,Winter,0,Eredivisie,1998,1998/1999
FC Utrecht,Leon Kantelberg,20,Left Winger,FC Groningen,Loan,out,Winter,0,Eredivisie,1998,1998/1999
Roda JC Kerkrade,Mariusz Kukielka,22,Centre-Back,Amica Wronki,Free transfer,out,Winter,0,Eredivisie,1998,1998/1999
Roda JC Kerkrade,Edwin Grünholz,29,Forward,ADO Den Haag,?,out,Winter,NA,Eredivisie,1998,1998/1999
Roda JC Kerkrade,Melvin Plet,24,Defender,TOP Oss,?,out,Winter,NA,Eredivisie,1998,1998/1999
Cambuur-Leeuwarden bvo,Richard Beekink,27,Midfielder,RKC Waalwijk,Loan,in,Winter,0,Eredivisie,1998,1998/1999
Cambuur-Leeuwarden bvo,Maickel Ferrier,22,Centre-Back,Salernitana,?,in,Winter,NA,Eredivisie,1998,1998/1999
Cambuur-Leeuwarden bvo,Yevgen Levchenko,20,Central Midfield,Vitesse,Loan,in,Winter,0,Eredivisie,1998,1998/1999
AZ Alkmaar,Ariel Rosada,20,Defensive Midfield,Boca Juniors,Loan,in,Winter,0,Eredivisie,1998,1998/1999
AZ Alkmaar,Michael Obiku,30,Centre-Forward,Without Club,-,in,Winter,0,Eredivisie,1998,1998/1999
AZ Alkmaar,Abdelkrim El Hadrioui,26,Left-Back,Benfica,"End of loanJan 5, 1999",in,Winter,0,Eredivisie,1998,1998/1999
AZ Alkmaar,Fahad Al Ghesheyan,25,Forward,Hilal,"End of loanDec 31, 1998",out,Winter,0,Eredivisie,1998,1998/1999
AZ Alkmaar,Hamisi Amani-Dove,24,Forward,Bad Bleiberg,Free transfer,out,Winter,0,Eredivisie,1998,1998/1999
AZ Alkmaar,Dennis den Turk,29,Right Midfield,De Graafschap,?,out,Winter,NA,Eredivisie,1998,1998/1999
AZ Alkmaar,Michel Doesburg,30,Right-Back,Motherwell FC,?,out,Winter,NA,Eredivisie,1998,1998/1999
AZ Alkmaar,Robert van der Weert,28,Centre-Forward,NAC Breda,Loan,out,Winter,0,Eredivisie,1998,1998/1999
AZ Alkmaar,Ariel Rosada,20,Defensive Midfield,Boca Juniors,"End of loanNov 25, 1998",out,Winter,0,Eredivisie,1998,1998/1999
